Стоимость,Модель,Город,Пробег,Объём двигателя,Тип топлива,Возраст мотоцикла,Коробка (код),Тактность (код),Подача топлива (код),Город_Другое,Город_Ленинградская область,Город_Москва,Город_Московская область,Город_Прочие города миллионники,Город_Санкт-Петербург,Бренд_Benelli,Бренд_CFMoto,Бренд_Ducati,Бренд_Harley-Davidson,Бренд_Honda,Бренд_Indian,Бренд_Kawasaki,Бренд_MV Agusta,Бренд_Royal Enfield,Бренд_Suzuki,Бренд_Triumph,Бренд_Yamaha,Бренд_Другое
12000.0,Иж 5,Курья,19000.0,350,бензин,27,0,0,0,1,0,0,0,0,0,0,0,0,0,0,0,0,0,0,0,0,0,1
12500.0,Kayo Basic YX125,Набережные Челны,500.0,125,бензин,0,1,1,0,1,0,0,0,0,0,0,0,0,0,0,0,0,0,0,0,0,0,1
15000.0,Иж Планета 4,Зерноград,999.0,350,бензин,26,0,1,0,1,0,0,0,0,0,0,0,0,0,0,0,0,0,0,0,0,0,1
15000.0,Урал 5557,Глазов,20000.0,620,бензин,38,0,1,0,1,0,0,0,0,0,0,0,0,0,0,0,0,0,0,0,0,0,1
15000.0,Восход 2М,Магнитогорск,10000.0,175,бензин,47,0,1,0,1,0,0,0,0,0,0,0,0,0,0,0,0,0,0,0,0,0,1
19000.0,Иж Планета 5,Гурьевск,10000.0,350,бензин,30,0,0,0,1,0,0,0,0,0,0,0,0,0,0,0,0,0,0,0,0,0,1
20000.0,Иж Планета 5,Выкса,5000.0,350,бензин,30,0,0,0,1,0,0,0,0,0,0,0,0,0,0,0,0,0,0,0,0,0,1
20000.0,Irbis Virago,Ермолино,4000.0,110,бензин,13,0,1,0,1,0,0,0,0,0,0,0,0,0,0,0,0,0,0,0,0,0,1
20000.0,Днепр МТ-9,Евпатория,300000.0,649,бензин,52,0,1,0,1,0,0,0,0,0,0,0,0,0,0,0,0,0,0,0,0,0,1
20000.0,Kayo Basic YX125 KRZ,Перелюб,215.0,125,бензин,5,0,1,0,1,0,0,0,0,0,0,0,0,0,0,0,0,0,0,0,0,0,1
20000.0,Минск ММВЗ-3.112,Пучеж,8000.0,125,бензин,43,0,0,0,1,0,0,0,0,0,0,0,0,0,0,0,0,0,0,0,0,0,1
20000.0,Восход 2М,Тавда,5000.0,175,бензин,41,0,0,0,1,0,0,0,0,0,0,0,0,0,0,0,0,0,0,0,0,0,1
20000.0,Восход 3М,Вязники,3000.0,190,бензин,17,0,0,0,1,0,0,0,0,0,0,0,0,0,0,0,0,0,0,0,0,0,1
23000.0,Минск C 125,Ижевск,8382.0,125,бензин,25,0,0,0,1,0,0,0,0,0,0,0,0,0,0,0,0,0,0,0,0,0,1
24000.0,Минск М 106,Северск,4006.0,125,бензин,46,0,0,0,1,0,0,0,0,0,0,0,0,0,0,0,0,0,0,0,0,0,1
24000.0,Racer Alpha,Залари,700.0,125,бензин,5,0,1,0,1,0,0,0,0,0,0,0,0,0,0,0,0,0,0,0,0,0,1
25000.0,Иж Планета 3,Норильск,50000.0,350,бензин,38,0,0,0,1,0,0,0,0,0,0,0,0,0,0,0,0,0,0,0,0,0,1
25000.0,Урал ИМЗ 8.103-10,Коряжма,6950.0,650,бензин,29,0,1,0,1,0,0,0,0,0,0,0,0,0,0,0,0,0,0,0,0,0,1
25000.0,Урал М-67 36,Краснокаменск,20000.0,650,бензин,45,0,1,0,1,0,0,0,0,0,0,0,0,0,0,0,0,0,0,0,0,0,1
25000.0,Днепр 11,Сальск,25000.0,450,бензин,30,0,1,0,1,0,0,0,0,0,0,0,0,0,0,0,0,0,0,0,0,0,1
25000.0,Иж Юпитер 2,Ленинск-Кузнецкий,200.0,400,бензин,46,0,0,0,1,0,0,0,0,0,0,0,0,0,0,0,0,0,0,0,0,0,1
25000.0,Минск C 125,Тара,30000.0,125,бензин,45,0,0,0,1,0,0,0,0,0,0,0,0,0,0,0,0,0,0,0,0,0,1
26000.0,Восход 3,Саранск,10.0,175,бензин,34,0,0,0,1,0,0,0,0,0,0,0,0,0,0,0,0,0,0,0,0,0,1
27000.0,ТМЗ Муравей 2,Спасск-Дальний,1100.0,200,бензин,31,0,1,0,1,0,0,0,0,0,0,0,0,0,0,0,0,0,0,0,0,0,1
28000.0,Alpha 110,Гусиноозёрск,160.0,110,бензин,13,0,1,0,1,0,0,0,0,0,0,0,0,0,0,0,0,0,0,0,0,0,1
30000.0,Irbis TTR 125,Кимовск,500.0,125,бензин,13,0,1,0,1,0,0,0,0,0,0,0,0,0,0,0,0,0,0,0,0,0,1
30000.0,Урал Ретро,Крыловская,20000.0,170,бензин,35,0,1,0,1,0,0,0,0,0,0,0,0,0,0,0,0,0,0,0,0,0,1
30000.0,Урал М-61,Лобаново,75698.0,650,бензин,42,0,1,0,1,0,0,0,0,0,0,0,0,0,0,0,0,0,0,0,0,0,1
30000.0,ЗиД Ковровец,Нижний Ломов,10000.0,175,бензин,33,0,0,0,1,0,0,0,0,0,0,0,0,0,0,0,0,0,0,0,0,0,1
30000.0,Иж Планета 5,Поспелиха,50000.0,350,бензин,23,0,0,0,1,0,0,0,0,0,0,0,0,0,0,0,0,0,0,0,0,0,1
30000.0,Irbis GS 110,Бор,2000.0,110,бензин,11,0,1,0,1,0,0,0,0,0,0,0,0,0,0,0,0,0,0,0,0,0,1
30000.0,Иж Юпитер 3,Новоалтайск,28185.0,350,бензин,51,0,0,0,1,0,0,0,0,0,0,0,0,0,0,0,0,0,0,0,0,0,1
30000.0,Иж 49,Чита,20000.0,350,бензин,54,0,0,0,1,0,0,0,0,0,0,0,0,0,0,0,0,0,0,0,0,0,1
30000.0,Минск M 125,Тобольск,5000.0,125,бензин,30,0,0,0,1,0,0,0,0,0,0,0,0,0,0,0,0,0,0,0,0,0,1
30000.0,Альфамото Korsar YM250-A2,Чита,8000.0,110,бензин,5,1,1,0,1,0,0,0,0,0,0,0,0,0,0,0,0,0,0,0,0,0,1
30000.0,Иж Юпитер 3,Москва,11000.0,350,бензин,49,0,0,0,0,0,1,0,0,0,0,0,0,0,0,0,0,0,0,0,0,0,1
30000.0,Урал ИМЗ 8.103-40,Ключи,34856.0,650,бензин,42,0,1,0,1,0,0,0,0,0,0,0,0,0,0,0,0,0,0,0,0,0,1
30000.0,Урал ИМЗ 8.103-10,Красноярск,55555.0,650,бензин,53,0,1,0,0,0,0,0,1,0,0,0,0,0,0,0,0,0,0,0,0,0,1
30000.0,Иж 3,Ребриха,49000.0,350,бензин,49,0,0,0,1,0,0,0,0,0,0,0,0,0,0,0,0,0,0,0,0,0,1
30000.0,ЗиД Ковровец,Залари,31800.0,175,бензин,36,0,0,0,1,0,0,0,0,0,0,0,0,0,0,0,0,0,0,0,0,0,1
30000.0,Иж Юпитер 2,Тюмень,1000.0,350,бензин,64,0,0,0,1,0,0,0,0,0,0,0,0,0,0,0,0,0,0,0,0,0,1
30000.0,Иж Юпитер 5,Таврическое,12863.0,350,бензин,37,0,0,0,1,0,0,0,0,0,0,0,0,0,0,0,0,0,0,0,0,0,1
30000.0,Минск C 125,Пенза,2000.0,125,бензин,36,0,0,0,1,0,0,0,0,0,0,0,0,0,0,0,0,0,0,0,0,0,1
30000.0,Иж Юпитер 4,Заокский,68494.0,350,бензин,42,0,0,0,1,0,0,0,0,0,0,0,0,0,0,0,0,0,0,0,0,0,1
32000.0,Восход 3М,Каменск-Уральский,16000.0,175,бензин,32,0,0,0,1,0,0,0,0,0,0,0,0,0,0,0,0,0,0,0,0,0,1
33000.0,Иж Планета 2,Ачинск,35000.0,350,бензин,49,0,0,0,1,0,0,0,0,0,0,0,0,0,0,0,0,0,0,0,0,0,1
34000.0,Урал М-67,Буинск,28000.0,649,бензин,40,0,0,0,1,0,0,0,0,0,0,0,0,0,0,0,0,0,0,0,0,0,1
35000.0,Минск ММВЗ-3.112,Подосиновец,9000.0,125,бензин,46,0,0,0,1,0,0,0,0,0,0,0,0,0,0,0,0,0,0,0,0,0,1
35000.0,Минск M 125,Усть-Карск,1.0,125,бензин,49,0,0,0,1,0,0,0,0,0,0,0,0,0,0,0,0,0,0,0,0,0,1
35000.0,Kayo Basic TT125,Шепси,1000.0,160,бензин,2,0,1,0,1,0,0,0,0,0,0,0,0,0,0,0,0,0,0,0,0,0,1
35000.0,Восход 3М,Анжеро-Судженск,100.0,175,бензин,35,0,0,0,1,0,0,0,0,0,0,0,0,0,0,0,0,0,0,0,0,0,1
35000.0,Урал М-61,Новочеркасск,50.0,50,бензин,39,0,1,0,1,0,0,0,0,0,0,0,0,0,0,0,0,0,0,0,0,0,1
35000.0,ТМЗ ТМЗ-5.971,Находка,1179.0,200,бензин,44,0,0,0,1,0,0,0,0,0,0,0,0,0,0,0,0,0,0,0,0,0,1
35000.0,Восход 3М-01,Иркутск,8000.0,200,бензин,32,0,0,0,1,0,0,0,0,0,0,0,0,0,0,0,0,0,0,0,0,0,1
35000.0,Racer Pitbike RC125-PE,Ноглики,500.0,160,бензин,4,0,1,0,1,0,0,0,0,0,0,0,0,0,0,0,0,0,0,0,0,0,1
35000.0,Иж Юпитер 2,Новосибирск,12222.0,350,бензин,45,0,0,0,0,0,0,0,1,0,0,0,0,0,0,0,0,0,0,0,0,0,1
35000.0,Musstang MT150-6,Нижнегорский,4869.0,72,бензин,17,0,1,0,1,0,0,0,0,0,0,0,0,0,0,0,0,0,0,0,0,0,1
35000.0,Минск ММВЗ-3.112,Анапа,4868.0,125,бензин,40,0,0,0,1,0,0,0,0,0,0,0,0,0,0,0,0,0,0,0,0,0,1
35000.0,Урал ИМЗ 8.103-30,Бийск,100.0,649,бензин,38,0,1,0,1,0,0,0,0,0,0,0,0,0,0,0,0,0,0,0,0,0,1
35000.0,Irbis Irokez,Еманжелинск,5000.0,125,бензин,15,1,1,0,1,0,0,0,0,0,0,0,0,0,0,0,0,0,0,0,0,0,1
35000.0,Иж Планета 5,Боград,1000.0,350,бензин,39,0,0,0,1,0,0,0,0,0,0,0,0,0,0,0,0,0,0,0,0,0,1
35000.0,Иж 5,Уфа,111111.0,350,бензин,38,0,0,0,0,0,0,0,1,0,0,0,0,0,0,0,0,0,0,0,0,0,1
36500.0,STELS SB200,Уфа,13000.0,200,бензин,12,0,1,0,0,0,0,0,1,0,0,0,0,0,0,0,0,0,0,0,0,0,1
37000.0,Motoland XT 50,Зыково,1000.0,50,бензин,4,1,0,0,1,0,0,0,0,0,0,0,0,0,0,0,0,0,0,0,0,0,1
38000.0,ТМЗ 802,Абакан,10655.0,200,бензин,46,0,0,0,1,0,0,0,0,0,0,0,0,0,0,0,0,0,0,0,0,0,1
40000.0,Восход 3М,Заводоуковск,999.0,175,бензин,0,0,0,0,1,0,0,0,0,0,0,0,0,0,0,0,0,0,0,0,0,0,1
40000.0,Иж Планета 2,Курагино,100000.0,349,бензин,59,0,0,0,1,0,0,0,0,0,0,0,0,0,0,0,0,0,0,0,0,0,1
40000.0,Иж Планета 5,Фоки,30000.0,346,бензин,38,0,0,0,1,0,0,0,0,0,0,0,0,0,0,0,0,0,0,0,0,0,1
40000.0,Иж Планета 5,Белгород,100000.0,350,бензин,33,0,0,0,1,0,0,0,0,0,0,0,0,0,0,0,0,0,0,0,0,0,1
40000.0,Урал М-62,Бийск,33333.0,200,бензин,37,0,1,0,1,0,0,0,0,0,0,0,0,0,0,0,0,0,0,0,0,0,1
40000.0,Днепр МТ-10-36,Бабынино,20000.0,650,бензин,35,0,1,0,1,0,0,0,0,0,0,0,0,0,0,0,0,0,0,0,0,0,1
40000.0,Урал ИМЗ 8.103,Нема,30000.0,649,бензин,37,0,1,0,1,0,0,0,0,0,0,0,0,0,0,0,0,0,0,0,0,0,1
40000.0,Днепр 11,Симферополь,25968.0,650,бензин,39,0,1,0,1,0,0,0,0,0,0,0,0,0,0,0,0,0,0,0,0,0,1
40000.0,Урал М-62,Вязники,5555.0,650,бензин,47,0,1,0,1,0,0,0,0,0,0,0,0,0,0,0,0,0,0,0,0,0,1
40000.0,Suzuki GS 250,Находка,25000.0,250,бензин,40,0,1,0,1,0,0,0,0,0,0,0,0,0,0,0,0,0,0,1,0,0,0
40000.0,Иж 350,Лукоянов,2000.0,346,бензин,27,0,0,0,1,0,0,0,0,0,0,0,0,0,0,0,0,0,0,0,0,0,1
40000.0,Минск C 125,Крымск,2000.0,125,бензин,36,0,0,0,1,0,0,0,0,0,0,0,0,0,0,0,0,0,0,0,0,0,1
40000.0,Минск М 105,Новосибирск,17000.0,125,бензин,57,0,0,0,0,0,0,0,1,0,0,0,0,0,0,0,0,0,0,0,0,0,1
40000.0,Иж 5,Уфа,999.0,350,бензин,30,0,0,0,0,0,0,0,1,0,0,0,0,0,0,0,0,0,0,0,0,0,1
40000.0,Минск C 125,Батайск,13012.0,125,бензин,34,0,0,0,1,0,0,0,0,0,0,0,0,0,0,0,0,0,0,0,0,0,1
40000.0,Racer Magnum RC250-C5B,Могзон,5000.0,250,бензин,5,0,1,0,1,0,0,0,0,0,0,0,0,0,0,0,0,0,0,0,0,0,1
40000.0,Иж Планета 3,Угловское,4217.0,350,бензин,83,0,0,0,1,0,0,0,0,0,0,0,0,0,0,0,0,0,0,0,0,0,1
40000.0,Минск ММВЗ-3.112,Чистополь,2000.0,125,бензин,34,0,0,0,1,0,0,0,0,0,0,0,0,0,0,0,0,0,0,0,0,0,1
40000.0,Alpha 110,Абакан,5000.0,110,бензин,5,0,1,0,1,0,0,0,0,0,0,0,0,0,0,0,0,0,0,0,0,0,1
40000.0,Урал М-67,Улеты,140000.0,672,бензин,50,0,1,0,1,0,0,0,0,0,0,0,0,0,0,0,0,0,0,0,0,0,1
40000.0,ТМЗ Муравей,Минусинск,10000.0,199,бензин,33,0,0,0,1,0,0,0,0,0,0,0,0,0,0,0,0,0,0,0,0,0,1
40000.0,Урал М-67,Кирсанов,53000.0,750,бензин,47,0,1,0,1,0,0,0,0,0,0,0,0,0,0,0,0,0,0,0,0,0,1
40000.0,Иж Юпитер 5,Павловск,80000.0,350,бензин,36,0,0,1,1,0,0,0,0,0,0,0,0,0,0,0,0,0,0,0,0,0,1
40000.0,Regulmoto Seven 125E,Уссурийск,1000.0,125,бензин,5,0,1,0,1,0,0,0,0,0,0,0,0,0,0,0,0,0,0,0,0,0,1
40000.0,Suzuki RG 125,Троицкое,35000.0,125,бензин,39,0,0,0,0,0,0,1,0,0,0,0,0,0,0,0,0,0,0,1,0,0,0
40000.0,Иж Планета 5,Михайловское,7700.0,350,бензин,37,0,0,0,1,0,0,0,0,0,0,0,0,0,0,0,0,0,0,0,0,0,1
40000.0,Wels CRF 125,Просвет,34250.0,125,бензин,3,0,1,0,1,0,0,0,0,0,0,0,0,0,0,0,0,0,0,0,0,0,1
40000.0,Минск ММВЗ-3.115,Ухта,8000.0,125,бензин,48,0,0,0,1,0,0,0,0,0,0,0,0,0,0,0,0,0,0,0,0,0,1
40000.0,Мотоальфа A-1,Горные Ключи,1000.0,79,бензин,22,0,0,0,1,0,0,0,0,0,0,0,0,0,0,0,0,0,0,0,0,0,1
40000.0,Alpha Sport 125,Нязепетровск,50.0,125,бензин,11,0,1,0,1,0,0,0,0,0,0,0,0,0,0,0,0,0,0,0,0,0,1
40000.0,Racer Nitro RC200-CK,Пласт,6200.0,200,бензин,14,0,1,0,1,0,0,0,0,0,0,0,0,0,0,0,0,0,0,0,0,0,1
40000.0,Racer Fighter RC300CK-N,Заиграево,3000.0,270,бензин,5,0,1,0,1,0,0,0,0,0,0,0,0,0,0,0,0,0,0,0,0,0,1
40000.0,Иж Планета 5,Новокручининский,67000.0,346,бензин,32,0,0,0,1,0,0,0,0,0,0,0,0,0,0,0,0,0,0,0,0,0,1
40000.0,Урал ИМЗ 8.103-10,Арсеньев,18.0,650,бензин,34,0,1,0,1,0,0,0,0,0,0,0,0,0,0,0,0,0,0,0,0,0,1
41000.0,Урал ИМЗ 8.1036,Сальск,25000.0,650,бензин,40,0,1,0,1,0,0,0,0,0,0,0,0,0,0,0,0,0,0,0,0,0,1
42000.0,Иж Юпитер 3,Шаховская,20000.0,350,бензин,32,0,0,0,0,0,0,1,0,0,0,0,0,0,0,0,0,0,0,0,0,0,1
43000.0,Alpha 110,Холм-Жирковский,9000.0,110,бензин,3,0,1,0,1,0,0,0,0,0,0,0,0,0,0,0,0,0,0,0,0,0,1
43000.0,Kayo Mini YX125EM,Феодосия,700.0,125,бензин,4,0,1,0,1,0,0,0,0,0,0,0,0,0,0,0,0,0,0,0,0,0,1
45000.0,Урал ИМЗ 8.103-10,Купино,1000.0,700,бензин,38,0,0,0,1,0,0,0,0,0,0,0,0,0,0,0,0,0,0,0,0,0,1
45000.0,Vento Riva II,Тара,7000.0,125,бензин,13,0,1,0,1,0,0,0,0,0,0,0,0,0,0,0,0,0,0,0,0,0,1
45000.0,Irbis Irokez,Мучкапский,4300.0,125,бензин,14,1,1,0,1,0,0,0,0,0,0,0,0,0,0,0,0,0,0,0,0,0,1
45000.0,Днепр К-750,Чита,50000.0,750,бензин,56,0,1,0,1,0,0,0,0,0,0,0,0,0,0,0,0,0,0,0,0,0,1
45000.0,Иж Юпитер 5,Тяжинский,5888.0,400,бензин,57,0,0,0,1,0,0,0,0,0,0,0,0,0,0,0,0,0,0,0,0,0,1
45000.0,Kayo Sport YX150,Керчь,5000.0,125,бензин,5,0,0,0,1,0,0,0,0,0,0,0,0,0,0,0,0,0,0,0,0,0,1
45000.0,Восход 3М,Ачинск,5.0,175,бензин,31,0,0,0,1,0,0,0,0,0,0,0,0,0,0,0,0,0,0,0,0,0,1
45000.0,ТМЗ Муравей 2,Синегорский,20000.0,200,бензин,38,0,0,0,1,0,0,0,0,0,0,0,0,0,0,0,0,0,0,0,0,0,1
45000.0,Motoland XR125,Сеченово,5000.0,125,бензин,6,0,1,0,1,0,0,0,0,0,0,0,0,0,0,0,0,0,0,0,0,0,1
45000.0,Днепр МТ-11,Прокопьевск,264856.0,700,бензин,45,0,1,0,1,0,0,0,0,0,0,0,0,0,0,0,0,0,0,0,0,0,1
45000.0,Racer Alpha 110,Усть-Большерецк,5000.0,110,бензин,10,0,1,0,1,0,0,0,0,0,0,0,0,0,0,0,0,0,0,0,0,0,1
45000.0,Днепр МТ-11,Чита,300000.0,600,бензин,29,0,0,0,1,0,0,0,0,0,0,0,0,0,0,0,0,0,0,0,0,0,1
45000.0,Иж Планета 3,Нижний Новгород,11111.0,350,бензин,49,0,0,0,0,0,0,0,1,0,0,0,0,0,0,0,0,0,0,0,0,0,1
45000.0,Урал М-62,Чита,60000.0,450,бензин,29,0,1,0,1,0,0,0,0,0,0,0,0,0,0,0,0,0,0,0,0,0,1
45000.0,Alpha 110,Давлеканово,3387.0,110,бензин,11,0,1,0,1,0,0,0,0,0,0,0,0,0,0,0,0,0,0,0,0,0,1
45000.0,Иж Планета 5,Партизанск,1000.0,350,бензин,33,0,1,0,1,0,0,0,0,0,0,0,0,0,0,0,0,0,0,0,0,0,1
45000.0,Irbis TTR 110,Даниловка,5000.0,110,бензин,13,0,1,0,1,0,0,0,0,0,0,0,0,0,0,0,0,0,0,0,0,0,1
46000.0,Irbis TTR 125,Красноярск,4000.0,125,бензин,11,0,1,0,0,0,0,0,1,0,0,0,0,0,0,0,0,0,0,0,0,0,1
46000.0,Иж Планета 2,Чита,12000.0,346,бензин,56,0,0,0,1,0,0,0,0,0,0,0,0,0,0,0,0,0,0,0,0,0,1
47000.0,Motoland Apex 14,Петушки,40.0,140,бензин,7,0,1,0,1,0,0,0,0,0,0,0,0,0,0,0,0,0,0,0,0,0,1
48000.0,Иж Планета 4,Партизанск,12300.0,350,бензин,38,0,0,0,1,0,0,0,0,0,0,0,0,0,0,0,0,0,0,0,0,0,1
49000.0,Irbis Irokez S,Омск,6000.0,125,бензин,11,0,1,0,0,0,0,0,1,0,0,0,0,0,0,0,0,0,0,0,0,0,1
49000.0,Иж Юпитер 4,Великие Луки,12963.0,350,бензин,41,0,0,0,1,0,0,0,0,0,0,0,0,0,0,0,0,0,0,0,0,0,1
49999.0,Irbis TTR 125R,Лихославль,1000.0,125,бензин,11,0,1,0,1,0,0,0,0,0,0,0,0,0,0,0,0,0,0,0,0,0,1
50000.0,Иж Юпитер 5,Прокопьевск,1.0,350,бензин,33,0,0,0,1,0,0,0,0,0,0,0,0,0,0,0,0,0,0,0,0,0,1
50000.0,Урал М-67 36,Краснозёрское,10000.0,650,бензин,44,0,1,0,1,0,0,0,0,0,0,0,0,0,0,0,0,0,0,0,0,0,1
50000.0,ЗиД 50 Пилот,Новосибирск,9999.0,125,бензин,26,0,1,0,0,0,0,0,1,0,0,0,0,0,0,0,0,0,0,0,0,0,1
50000.0,Иж 3,Верх-Суетка,5846.0,349,бензин,52,0,0,0,1,0,0,0,0,0,0,0,0,0,0,0,0,0,0,0,0,0,1
50000.0,Иж 56,Болотное,16000.0,350,бензин,63,0,0,0,1,0,0,0,0,0,0,0,0,0,0,0,0,0,0,0,0,0,1
50000.0,Иж Юпитер 5,Яшкино,8000.0,347,бензин,33,0,0,0,1,0,0,0,0,0,0,0,0,0,0,0,0,0,0,0,0,0,1
50000.0,Минск D4 125,Кемерово,4000.0,125,бензин,11,0,1,0,1,0,0,0,0,0,0,0,0,0,0,0,0,0,0,0,0,0,1
50000.0,Regulmoto Athlete Pro,Владивосток,1124.0,250,бензин,12,0,1,0,1,0,0,0,0,0,0,0,0,0,0,0,0,0,0,0,0,0,1
50000.0,Apollo RFZ Open 125,Тальменка,10000.0,110,бензин,7,0,1,0,1,0,0,0,0,0,0,0,0,0,0,0,0,0,0,0,0,0,1
50000.0,Lifan LF150-13,Ишимбай,8000.0,150,бензин,5,0,0,0,1,0,0,0,0,0,0,0,0,0,0,0,0,0,0,0,0,0,1
50000.0,ABM Alpha,Благодарный,700.0,250,бензин,2,0,1,0,1,0,0,0,0,0,0,0,0,0,0,0,0,0,0,0,0,0,1
50000.0,Alpha 50,Горняк,2000.0,110,бензин,3,0,1,0,1,0,0,0,0,0,0,0,0,0,0,0,0,0,0,0,0,0,1
50000.0,Regulmoto Seven Medalist Pro,Маслянино,20.0,110,бензин,3,0,1,0,1,0,0,0,0,0,0,0,0,0,0,0,0,0,0,0,0,0,1
50000.0,Урал ИМЗ 8.103-30,Новокузнецк,10000.0,649,бензин,32,0,1,0,1,0,0,0,0,0,0,0,0,0,0,0,0,0,0,0,0,0,1
50000.0,Racer Tourist RC150-23A,Толмачево,8762.0,150,бензин,5,0,1,0,1,0,0,0,0,0,0,0,0,0,0,0,0,0,0,0,0,0,1
50000.0,Kawasaki Eliminator EL250 LX,Славянка,28555.0,250,бензин,35,0,1,0,1,0,0,0,0,0,0,0,0,0,0,0,1,0,0,0,0,0,0
50000.0,Иж 350,Копейск,10000.0,350,бензин,33,0,0,0,1,0,0,0,0,0,0,0,0,0,0,0,0,0,0,0,0,0,1
50000.0,Wels CRF 140,Барнаул,1.0,140,бензин,5,0,1,0,1,0,0,0,0,0,0,0,0,0,0,0,0,0,0,0,0,0,1
50000.0,Иж Юпитер 4,Воткинск,20000.0,350,бензин,18,0,0,0,1,0,0,0,0,0,0,0,0,0,0,0,0,0,0,0,0,0,1
50000.0,Иж Планета 3,Мамонтово,28213.0,346,бензин,49,0,0,0,1,0,0,0,0,0,0,0,0,0,0,0,0,0,0,0,0,0,1
50000.0,Иж Юпитер 5,Новосибирск,14049.0,350,бензин,42,0,0,0,0,0,0,0,1,0,0,0,0,0,0,0,0,0,0,0,0,0,1
50000.0,Минск ММВЗ-3.112.11,Залари,5000.0,125,бензин,33,0,0,0,1,0,0,0,0,0,0,0,0,0,0,0,0,0,0,0,0,0,1
50000.0,Ява 634,Новосибирск,21037.0,350,бензин,46,0,0,0,0,0,0,0,1,0,0,0,0,0,0,0,0,0,0,0,0,0,1
50000.0,Иж Планета 5,Крымск,5000.0,350,бензин,34,0,0,0,1,0,0,0,0,0,0,0,0,0,0,0,0,0,0,0,0,0,1
50000.0,Урал М-62,Брюховецкая,28.0,750,бензин,30,0,1,0,1,0,0,0,0,0,0,0,0,0,0,0,0,0,0,0,0,0,1
50000.0,BSE EVO 110,Аткарск,5000.0,110,бензин,5,0,1,0,1,0,0,0,0,0,0,0,0,0,0,0,0,0,0,0,0,0,1
50000.0,Racer Viper RC130CF,Новокузнецк,39000.0,130,бензин,17,0,1,0,1,0,0,0,0,0,0,0,0,0,0,0,0,0,0,0,0,0,1
50000.0,Alpha 50,Новосибирск,1500.0,140,бензин,11,0,1,0,0,0,0,0,1,0,0,0,0,0,0,0,0,0,0,0,0,0,1
50000.0,Alpha Sport 125,Благодарный,1000.0,125,бензин,2,0,1,0,1,0,0,0,0,0,0,0,0,0,0,0,0,0,0,0,0,0,1
50000.0,Alpha 110,Стерлитамак,1500.0,125,бензин,3,0,1,0,1,0,0,0,0,0,0,0,0,0,0,0,0,0,0,0,0,0,1
50000.0,Vento KXD,Карасук,1200.0,125,бензин,11,0,1,0,1,0,0,0,0,0,0,0,0,0,0,0,0,0,0,0,0,0,1
50000.0,Irbis TTR 110,Толмачево,3000.0,110,бензин,13,1,1,0,1,0,0,0,0,0,0,0,0,0,0,0,0,0,0,0,0,0,1
50000.0,Racer Alpha 110,Томск,13000.0,125,бензин,12,0,1,0,1,0,0,0,0,0,0,0,0,0,0,0,0,0,0,0,0,0,1
50000.0,STELS SB200,Новосибирск,100.0,250,бензин,14,0,1,0,0,0,0,0,1,0,0,0,0,0,0,0,0,0,0,0,0,0,1
50000.0,ТМЗ Муравей,Белая Глина,4500.0,200,бензин,39,0,0,0,1,0,0,0,0,0,0,0,0,0,0,0,0,0,0,0,0,0,1
50000.0,Alpha 110,Тербуны,7000.0,110,бензин,6,0,1,0,1,0,0,0,0,0,0,0,0,0,0,0,0,0,0,0,0,0,1
50000.0,Минск ММВЗ-3.112.1,Артём,25000.0,125,бензин,40,0,0,0,1,0,0,0,0,0,0,0,0,0,0,0,0,0,0,0,0,0,1
50000.0,Irbis GR 250,Новокузнецк,6000.0,250,бензин,11,0,1,0,1,0,0,0,0,0,0,0,0,0,0,0,0,0,0,0,0,0,1
51000.0,Racer RC150,Пенза,900.0,107,бензин,7,0,1,0,1,0,0,0,0,0,0,0,0,0,0,0,0,0,0,0,0,0,1
52000.0,Восход 3М-01,Томск,2800.0,200,бензин,28,0,0,0,1,0,0,0,0,0,0,0,0,0,0,0,0,0,0,0,0,0,1
52000.0,Alpha Sport 125,Камешково,200.0,125,бензин,13,0,1,0,1,0,0,0,0,0,0,0,0,0,0,0,0,0,0,0,0,0,1
52000.0,Racer Enduro RC150-GY,Смоленское,1000.0,150,бензин,11,0,1,0,1,0,0,0,0,0,0,0,0,0,0,0,0,0,0,0,0,0,1
53000.0,Regulmoto Seven 125E,Бердск,300.0,125,бензин,3,0,1,0,1,0,0,0,0,0,0,0,0,0,0,0,0,0,0,0,0,0,1
53000.0,Racer Enduro,Октябрьский,2000.0,125,бензин,7,0,1,0,0,0,0,1,0,0,0,0,0,0,0,0,0,0,0,0,0,0,1
55000.0,Урал М-67 36,Таврическое,67000.0,500,бензин,40,0,1,0,1,0,0,0,0,0,0,0,0,0,0,0,0,0,0,0,0,0,1
55000.0,Racer Magnum RC200-C5B,Иркутск,13679.0,200,бензин,12,0,1,0,1,0,0,0,0,0,0,0,0,0,0,0,0,0,0,0,0,0,1
55000.0,Racer Viper RC130CF,Белово,10400.0,127,бензин,13,0,1,0,1,0,0,0,0,0,0,0,0,0,0,0,0,0,0,0,0,0,1
55000.0,Alpha 110,Братск,2181.0,110,бензин,4,0,1,0,1,0,0,0,0,0,0,0,0,0,0,0,0,0,0,0,0,0,1
55000.0,Rizee 125,Воркута,1500.0,125,бензин,4,0,1,0,1,0,0,0,0,0,0,0,0,0,0,0,0,0,0,0,0,0,1
56000.0,Урал М-62,Улеты,140000.0,672,бензин,50,0,1,0,1,0,0,0,0,0,0,0,0,0,0,0,0,0,0,0,0,0,1
57000.0,Motoland Apex 125,Саранск,9999.0,125,бензин,3,0,1,0,1,0,0,0,0,0,0,0,0,0,0,0,0,0,0,0,0,0,1
58000.0,С.МОТО KXD 607,Кармаскалы,3000.0,110,бензин,1,1,1,0,1,0,0,0,0,0,0,0,0,0,0,0,0,0,0,0,0,0,1
59000.0,Kayo Classic YX140,Усть-Джегута,50.0,140,бензин,2,0,1,0,1,0,0,0,0,0,0,0,0,0,0,0,0,0,0,0,0,0,1
59000.0,Wels RT125,Березовка,500.0,125,бензин,2,0,1,0,1,0,0,0,0,0,0,0,0,0,0,0,0,0,0,0,0,0,1
59000.0,Motoland XR250,Вологда,1000.0,150,бензин,11,0,1,0,1,0,0,0,0,0,0,0,0,0,0,0,0,0,0,0,0,0,1
59000.0,Racer Alpha 110,Сибирский,7500.0,107,бензин,3,0,1,0,1,0,0,0,0,0,0,0,0,0,0,0,0,0,0,0,0,0,1
59999.0,Урал ИМЗ 8.103-10,Черногорск,5000.0,600,бензин,35,0,1,0,1,0,0,0,0,0,0,0,0,0,0,0,0,0,0,0,0,0,1
60000.0,ABM SX 250,Аликово,8000.0,225,бензин,11,0,1,0,1,0,0,0,0,0,0,0,0,0,0,0,0,0,0,0,0,0,1
60000.0,BSE 125,Лахденпохья,1000.0,125,бензин,8,0,0,0,1,0,0,0,0,0,0,0,0,0,0,0,0,0,0,0,0,0,1
60000.0,Irbis TTR 125,Благовещенск,30000.0,120,бензин,15,0,1,0,1,0,0,0,0,0,0,0,0,0,0,0,0,0,0,0,0,0,1
60000.0,Racer Pitbike RC-CRF125 Start,Реж,10000.0,125,бензин,5,0,1,0,1,0,0,0,0,0,0,0,0,0,0,0,0,0,0,0,0,0,1
60000.0,Racer Pitbike RC-CRF125E,Владимир,100.0,125,бензин,11,0,1,0,1,0,0,0,0,0,0,0,0,0,0,0,0,0,0,0,0,0,1
60000.0,Иж Планета 5,Новосибирск,2186.0,350,бензин,37,0,0,0,0,0,0,0,1,0,0,0,0,0,0,0,0,0,0,0,0,0,1
60000.0,Irbis TTR 250,Апшеронск,9999.0,250,бензин,11,0,1,0,1,0,0,0,0,0,0,0,0,0,0,0,0,0,0,0,0,0,1
60000.0,Иж Планета 5,Уяр,19524.0,350,бензин,34,0,0,0,1,0,0,0,0,0,0,0,0,0,0,0,0,0,0,0,0,0,1
60000.0,JMC 1052,Краснообск,37.0,72,бензин,2,1,1,0,1,0,0,0,0,0,0,0,0,0,0,0,0,0,0,0,0,0,1
60000.0,ABT DB-125,Курагино,55555.0,125,бензин,1,0,1,0,1,0,0,0,0,0,0,0,0,0,0,0,0,0,0,0,0,0,1
60000.0,Regulmoto Pilot 110EA,Чита,100.0,110,бензин,2,1,1,0,1,0,0,0,0,0,0,0,0,0,0,0,0,0,0,0,0,0,1
60000.0,Racer Pitbike RC-CRF125E,Игра,10.0,125,бензин,5,0,1,0,1,0,0,0,0,0,0,0,0,0,0,0,0,0,0,0,0,0,1
60000.0,Kayo Basic TT125,Шарыпово,10000.0,125,бензин,1,0,1,0,1,0,0,0,0,0,0,0,0,0,0,0,0,0,0,0,0,0,1
60000.0,ТМЗ Муравей 2,Усть-Илимск,11000.0,199,бензин,32,0,0,0,1,0,0,0,0,0,0,0,0,0,0,0,0,0,0,0,0,0,1
60000.0,Racer Magnum RC250-C5B,Щучье,6000.0,250,бензин,4,0,1,0,1,0,0,0,0,0,0,0,0,0,0,0,0,0,0,0,0,0,1
60000.0,Alpha 110,Котельниково,3778.0,110,бензин,0,0,1,0,1,0,0,0,0,0,0,0,0,0,0,0,0,0,0,0,0,0,1
60000.0,Racer Tiger RC150-23,Барнаул,8000.0,150,бензин,12,0,1,0,1,0,0,0,0,0,0,0,0,0,0,0,0,0,0,0,0,0,1
60000.0,Irbis TTR 125,Агинское,2000.0,125,бензин,5,0,1,0,1,0,0,0,0,0,0,0,0,0,0,0,0,0,0,0,0,0,1
60000.0,Минск ММВЗ-3.112.11,Киренск,16.0,125,бензин,29,0,0,0,1,0,0,0,0,0,0,0,0,0,0,0,0,0,0,0,0,0,1
60000.0,Regulmoto Five 125,Хабаровск,10000.0,125,бензин,2,0,1,0,1,0,0,0,0,0,0,0,0,0,0,0,0,0,0,0,0,0,1
60000.0,Иж Планета 2,Берёзовский,60321.0,350,бензин,56,0,0,0,1,0,0,0,0,0,0,0,0,0,0,0,0,0,0,0,0,0,1
60000.0,Apollo RXF Freeride 140,Иланский,5000.0,140,бензин,7,0,1,0,1,0,0,0,0,0,0,0,0,0,0,0,0,0,0,0,0,0,1
60000.0,BSE EVO 110,Москва,1.0,110,бензин,3,0,1,0,0,0,1,0,0,0,0,0,0,0,0,0,0,0,0,0,0,0,1
60000.0,Минск ММВЗ-3.112.12,Уфа,12000.0,125,бензин,31,0,0,0,0,0,0,0,1,0,0,0,0,0,0,0,0,0,0,0,0,0,1
60000.0,Roliz Cross-125,Кемерово,1000.0,125,бензин,3,0,1,0,1,0,0,0,0,0,0,0,0,0,0,0,0,0,0,0,0,0,1
60000.0,Racer Pitbike RC-CRF125E,Краснотуранск,1000.0,125,бензин,3,0,1,0,1,0,0,0,0,0,0,0,0,0,0,0,0,0,0,0,0,0,1
60000.0,BSE PH-150,Нижние Серги,1835.0,150,бензин,4,0,1,0,1,0,0,0,0,0,0,0,0,0,0,0,0,0,0,0,0,0,1
60000.0,ЗиД К55,Москва,1000.0,125,бензин,70,0,0,0,0,0,1,0,0,0,0,0,0,0,0,0,0,0,0,0,0,0,1
60000.0,Днепр К-750,Большой Камень,13000.0,750,бензин,57,0,1,0,1,0,0,0,0,0,0,0,0,0,0,0,0,0,0,0,0,0,1
60000.0,Irbis Virago,Комсомольск-на-Амуре,2000.0,110,бензин,11,0,1,0,1,0,0,0,0,0,0,0,0,0,0,0,0,0,0,0,0,0,1
60000.0,Восход 3М,Барнаул,5000.0,175,бензин,32,0,0,0,1,0,0,0,0,0,0,0,0,0,0,0,0,0,0,0,0,0,1
60000.0,SSSR Atom 125,Новокузнецк,1000.0,125,бензин,4,0,1,0,1,0,0,0,0,0,0,0,0,0,0,0,0,0,0,0,0,0,1
60000.0,Днепр 11,Славянск-На-Кубани,5000.0,650,бензин,29,0,1,0,1,0,0,0,0,0,0,0,0,0,0,0,0,0,0,0,0,0,1
60000.0,Восход 3М,Улан-Удэ,5000.0,175,бензин,32,0,0,0,1,0,0,0,0,0,0,0,0,0,0,0,0,0,0,0,0,0,1
60000.0,Racer Tiger RC150-23,Петровск-Забайкальский,10000.0,150,бензин,12,0,1,0,1,0,0,0,0,0,0,0,0,0,0,0,0,0,0,0,0,0,1
60000.0,Иж Юпитер 5,Черёмушки,300.0,62,бензин,35,0,0,0,1,0,0,0,0,0,0,0,0,0,0,0,0,0,0,0,0,0,1
60000.0,ЗиД 200 Курьер,Светлый,20000.0,200,бензин,30,0,0,0,1,0,0,0,0,0,0,0,0,0,0,0,0,0,0,0,0,0,1
60000.0,Irbis TTR 125,Набережные Челны,180.0,125,бензин,10,0,1,0,1,0,0,0,0,0,0,0,0,0,0,0,0,0,0,0,0,0,1
62000.0,Vento Enduro,Болотное,999.0,125,бензин,5,0,1,0,1,0,0,0,0,0,0,0,0,0,0,0,0,0,0,0,0,0,1
62000.0,Alpha Sport 125,Знаменск,6000.0,150,бензин,7,0,1,0,1,0,0,0,0,0,0,0,0,0,0,0,0,0,0,0,0,0,1
62500.0,BSE 125,Москва,666.0,125,бензин,6,0,1,0,0,0,1,0,0,0,0,0,0,0,0,0,0,0,0,0,0,0,1
62500.0,Ataki Start YX125,Ворсма,51.0,140,бензин,6,0,1,0,1,0,0,0,0,0,0,0,0,0,0,0,0,0,0,0,0,0,1
62980.0,Wels RT125,Москва,1500.0,125,бензин,4,0,1,0,0,0,1,0,0,0,0,0,0,0,0,0,0,0,0,0,0,0,1
63000.0,Racer Tourist RC200GY-C2A,Троицкое,3000.0,200,бензин,2,0,1,0,0,0,0,1,0,0,0,0,0,0,0,0,0,0,0,0,0,0,1
63000.0,Rizee 125,Барабинск,6000.0,125,бензин,7,0,1,0,1,0,0,0,0,0,0,0,0,0,0,0,0,0,0,0,0,0,1
63000.0,Мотоальфа A-1,Шахты,30000.0,125,бензин,2,1,1,0,1,0,0,0,0,0,0,0,0,0,0,0,0,0,0,0,0,0,1
63000.0,BSE MX 125,Таштагол,2000.0,125,бензин,6,0,1,0,1,0,0,0,0,0,0,0,0,0,0,0,0,0,0,0,0,0,1
63000.0,Wels RT125,Кореновск,240.0,125,бензин,5,0,1,0,1,0,0,0,0,0,0,0,0,0,0,0,0,0,0,0,0,0,1
63000.0,Racer Trophy RC110N,Шелехов,5200.0,107,бензин,4,0,1,0,1,0,0,0,0,0,0,0,0,0,0,0,0,0,0,0,0,0,1
63000.0,Kayo Basic YX125EM,Первомайское,335.0,125,бензин,7,0,1,0,1,0,0,0,0,0,0,0,0,0,0,0,0,0,0,0,0,0,1
64999.0,Motoland MX 125,Екатеринбург,8.0,125,бензин,1,0,1,0,0,0,0,0,1,0,0,0,0,0,0,0,0,0,0,0,0,0,1
64999.0,Motoland WRX 150,Волгоград,10000.0,150,бензин,7,0,1,0,0,0,0,0,1,0,0,0,0,0,0,0,0,0,0,0,0,0,1
64999.0,Kayo CRF801 Classic 140 MX,Ревда,100000.0,140,бензин,11,0,1,0,1,0,0,0,0,0,0,0,0,0,0,0,0,0,0,0,0,0,1
65000.0,BSE DX 125,Красноярск,550.0,125,бензин,4,0,1,0,0,0,0,0,1,0,0,0,0,0,0,0,0,0,0,0,0,0,1
65000.0,Kayo Basic TT125,Александров,100.0,125,бензин,2,0,1,0,1,0,0,0,0,0,0,0,0,0,0,0,0,0,0,0,0,0,1
65000.0,Irbis GR 250,Балахта,10000.0,223,бензин,12,0,1,0,1,0,0,0,0,0,0,0,0,0,0,0,0,0,0,0,0,0,1
65000.0,Irbis TTR 250,Киселёвск,3000.0,250,бензин,10,0,1,0,1,0,0,0,0,0,0,0,0,0,0,0,0,0,0,0,0,0,1
65000.0,Racer Trophy RC110N,Тайтурка,7679.0,110,бензин,1,0,1,0,1,0,0,0,0,0,0,0,0,0,0,0,0,0,0,0,0,0,1
65000.0,Progasi Smart 150,Набережные Челны,4627.0,137,бензин,2,0,1,0,1,0,0,0,0,0,0,0,0,0,0,0,0,0,0,0,0,0,1
65000.0,Kayo Basic YX140,Холмская,50.0,160,бензин,14,0,1,0,1,0,0,0,0,0,0,0,0,0,0,0,0,0,0,0,0,0,1
65000.0,VMC 140,Ленинск-Кузнецкий,15.0,125,бензин,2,0,1,0,1,0,0,0,0,0,0,0,0,0,0,0,0,0,0,0,0,0,1
65000.0,Vento KXD,Прокопьевск,1000.0,125,бензин,2,0,1,0,1,0,0,0,0,0,0,0,0,0,0,0,0,0,0,0,0,0,1
65000.0,Иж 56,Асино,10000.0,350,бензин,59,0,0,0,1,0,0,0,0,0,0,0,0,0,0,0,0,0,0,0,0,0,1
65000.0,Regulmoto Seven Medalist,Черепаново,114.0,150,бензин,3,0,1,0,1,0,0,0,0,0,0,0,0,0,0,0,0,0,0,0,0,0,1
65000.0,Иж 5,Ахты,11111.0,350,бензин,35,0,0,0,1,0,0,0,0,0,0,0,0,0,0,0,0,0,0,0,0,0,1
65000.0,PitonMoto PX3,Мошково,2100.0,110,бензин,4,0,1,0,1,0,0,0,0,0,0,0,0,0,0,0,0,0,0,0,0,0,1
65000.0,Kayo Classic YX125 KRZ,Краснотуранск,1000.0,125,бензин,3,0,1,0,1,0,0,0,0,0,0,0,0,0,0,0,0,0,0,0,0,0,1
65000.0,Alpha 110,Усолье-Сибирское,5800.0,110,бензин,0,0,1,0,1,0,0,0,0,0,0,0,0,0,0,0,0,0,0,0,0,0,1
65000.0,Урал ИМЗ 8.103-10,Болотное,10000.0,50,бензин,37,0,1,0,1,0,0,0,0,0,0,0,0,0,0,0,0,0,0,0,0,0,1
65000.0,Kayo Mini YX125EM,Екатеринбург,154.0,125,бензин,7,0,1,0,0,0,0,0,1,0,0,0,0,0,0,0,0,0,0,0,0,0,1
65000.0,Racer Alpha,Улеты,4000.0,97,бензин,6,0,1,0,1,0,0,0,0,0,0,0,0,0,0,0,0,0,0,0,0,0,1
65000.0,BSE 125,Новосибирск,300.0,125,бензин,3,1,1,0,0,0,0,0,1,0,0,0,0,0,0,0,0,0,0,0,0,0,1
65000.0,Racer Pitbike RC160-PM,Кемерово,1000.0,160,бензин,7,0,1,0,1,0,0,0,0,0,0,0,0,0,0,0,0,0,0,0,0,0,1
65000.0,Motoland Apex 10,Кемерово,500.0,110,бензин,4,1,1,0,1,0,0,0,0,0,0,0,0,0,0,0,0,0,0,0,0,0,1
65000.0,Motoland Apex 125,Иваново,1000.0,125,бензин,4,0,1,0,1,0,0,0,0,0,0,0,0,0,0,0,0,0,0,0,0,0,1
65000.0,Kayo Basic YX125,Москва,1.0,140,бензин,4,0,1,0,0,0,1,0,0,0,0,0,0,0,0,0,0,0,0,0,0,0,1
65000.0,Kayo Basic K125 KRZ,Батайск,2700.0,125,бензин,8,0,1,0,1,0,0,0,0,0,0,0,0,0,0,0,0,0,0,0,0,0,1
65000.0,BSE 125,Иркутск,444.0,125,бензин,3,1,1,0,1,0,0,0,0,0,0,0,0,0,0,0,0,0,0,0,0,0,1
65000.0,Kayo Classic YX125 KRZ,Пермь,250.0,125,бензин,6,0,1,0,0,0,0,0,1,0,0,0,0,0,0,0,0,0,0,0,0,0,1
65000.0,Motoland Apex 125E,Белорецк,500.0,125,бензин,4,0,1,0,1,0,0,0,0,0,0,0,0,0,0,0,0,0,0,0,0,0,1
65000.0,Урал ИМЗ 8.103,Усть-Донецкий,56600.0,649,бензин,34,0,1,0,1,0,0,0,0,0,0,0,0,0,0,0,0,0,0,0,0,0,1
65000.0,Rockot Motors Legend 150,Чистополь,1000.0,125,бензин,2,0,1,0,1,0,0,0,0,0,0,0,0,0,0,0,0,0,0,0,0,0,1
65000.0,Kayo Mini YX125EM,Белореченск,50.0,125,бензин,3,0,1,0,1,0,0,0,0,0,0,0,0,0,0,0,0,0,0,0,0,0,1
65000.0,Apollo RFZ Open 125,Козьмодемьянск,1.0,125,бензин,4,0,1,0,1,0,0,0,0,0,0,0,0,0,0,0,0,0,0,0,0,0,1
65000.0,SPR SAW 250,Новопокровка,100.0,125,бензин,4,0,1,0,1,0,0,0,0,0,0,0,0,0,0,0,0,0,0,0,0,0,1
65000.0,Минск 1,Ужур,20000.0,125,бензин,39,0,0,0,1,0,0,0,0,0,0,0,0,0,0,0,0,0,0,0,0,0,1
65000.0,JMC 125-MX,Владивосток,17.0,125,бензин,4,0,1,0,1,0,0,0,0,0,0,0,0,0,0,0,0,0,0,0,0,0,1
65000.0,Motoland TCX 125,Новокузнецк,10.0,125,бензин,5,0,1,0,1,0,0,0,0,0,0,0,0,0,0,0,0,0,0,0,0,0,1
65000.0,STELS Delta 200,Липецк,65808.0,197,бензин,13,0,1,0,1,0,0,0,0,0,0,0,0,0,0,0,0,0,0,0,0,0,1
65000.0,Иж 3,Тюмень,7800.0,350,бензин,46,0,0,0,1,0,0,0,0,0,0,0,0,0,0,0,0,0,0,0,0,0,1
65000.0,Минск ММВЗ-3.113,Родники,1.0,125,бензин,25,0,0,0,0,0,0,1,0,0,0,0,0,0,0,0,0,0,0,0,0,0,1
65000.0,Урал ИМЗ 8.103-10,Барнаул,35000.0,649,бензин,33,0,1,0,1,0,0,0,0,0,0,0,0,0,0,0,0,0,0,0,0,0,1
65000.0,Motoland CBR 150,Ардатов,6000.0,150,бензин,12,0,1,0,1,0,0,0,0,0,0,0,0,0,0,0,0,0,0,0,0,0,1
65000.0,Урал ИМЗ 8.1036,Джанкой,9666.0,650,бензин,35,0,1,0,1,0,0,0,0,0,0,0,0,0,0,0,0,0,0,0,0,0,1
66000.0,Apollo RFZ Start 125LE,Новотитаровская,90.0,125,бензин,4,0,1,0,1,0,0,0,0,0,0,0,0,0,0,0,0,0,0,0,0,0,1
66000.0,Racer Alpha 110,Первомайский,3400.0,110,бензин,5,0,1,0,1,0,0,0,0,0,0,0,0,0,0,0,0,0,0,0,0,0,1
67000.0,Ataki Prime 125,Новомышастовская,1000.0,125,бензин,2,0,1,0,1,0,0,0,0,0,0,0,0,0,0,0,0,0,0,0,0,0,1
67000.0,Alpha 110,Белоярский,1500.0,110,бензин,2,0,1,0,1,0,0,0,0,0,0,0,0,0,0,0,0,0,0,0,0,0,1
67000.0,Racer Pitbike RC125-PM,Волгодонск,500.0,125,бензин,8,0,1,0,1,0,0,0,0,0,0,0,0,0,0,0,0,0,0,0,0,0,1
67000.0,ЗиД 125,Елань,8500.0,125,бензин,3,0,1,0,1,0,0,0,0,0,0,0,0,0,0,0,0,0,0,0,0,0,1
67000.0,Honda CBR 400,Партизанск,271000.0,399,бензин,37,0,1,0,1,0,0,0,0,0,0,0,0,0,1,0,0,0,0,0,0,0,0
67500.0,Honda Ascot,Астрахань,250.0,125,бензин,10,0,1,0,1,0,0,0,0,0,0,0,0,0,1,0,0,0,0,0,0,0,0
68000.0,SSSR Atom 125,Прокопьевск,80.0,125,бензин,3,0,1,0,1,0,0,0,0,0,0,0,0,0,0,0,0,0,0,0,0,0,1
68000.0,Motoland NX 125,Перевоз,325.0,125,бензин,2,0,1,0,1,0,0,0,0,0,0,0,0,0,0,0,0,0,0,0,0,0,1
68000.0,Kayo CRF801 Urban 125 ST,Юрьев-Польский,1000.0,125,бензин,5,0,1,0,1,0,0,0,0,0,0,0,0,0,0,0,0,0,0,0,0,0,1
68000.0,Apollo RFZ Start 125L,Новосибирск,3000.0,125,бензин,7,0,1,0,0,0,0,0,1,0,0,0,0,0,0,0,0,0,0,0,0,0,1
68000.0,X-Motos Cross,Сердобск,230.0,140,бензин,7,0,1,0,1,0,0,0,0,0,0,0,0,0,0,0,0,0,0,0,0,0,1
68999.0,Kayo Basic YX125,Октябрьский,700.0,125,бензин,4,0,1,0,0,0,0,1,0,0,0,0,0,0,0,0,0,0,0,0,0,0,1
69000.0,Wels RT140,Лобаново,360.0,140,бензин,2,0,1,0,1,0,0,0,0,0,0,0,0,0,0,0,0,0,0,0,0,0,1
69000.0,Motoland Apex 125,Благовещенск,250.0,125,бензин,3,0,1,0,1,0,0,0,0,0,0,0,0,0,0,0,0,0,0,0,0,0,1
69000.0,Motoland XR250 Enduro,Москва,757.0,250,бензин,12,0,1,0,0,0,1,0,0,0,0,0,0,0,0,0,0,0,0,0,0,0,1
69000.0,Днепр МТ-10-36,Иркутск,6807.0,650,бензин,44,0,1,0,1,0,0,0,0,0,0,0,0,0,0,0,0,0,0,0,0,0,1
69900.0,Racer Alpha 110,Киселёвск,1.0,110,бензин,0,0,1,0,1,0,0,0,0,0,0,0,0,0,0,0,0,0,0,0,0,0,1
69990.0,Kayo Basic YX125,Красноярск,46.0,125,бензин,2,0,1,0,0,0,0,0,1,0,0,0,0,0,0,0,0,0,0,0,0,0,1
70000.0,KXD DB 607,Сергиев Посад,900.0,125,бензин,3,0,1,0,0,0,0,1,0,0,0,0,0,0,0,0,0,0,0,0,0,0,1
70000.0,Racer Pitbike RC-CRF125E,Мамонтово,1000.0,125,бензин,4,0,1,0,1,0,0,0,0,0,0,0,0,0,0,0,0,0,0,0,0,0,1
70000.0,Regulmoto Pilot 110EA,Севастополь,50.0,110,бензин,2,1,1,0,1,0,0,0,0,0,0,0,0,0,0,0,0,0,0,0,0,0,1
70000.0,Racer Pitbike RC-CRF140E,Хасавюрт,1.0,140,бензин,2,0,1,0,1,0,0,0,0,0,0,0,0,0,0,0,0,0,0,0,0,0,1
70000.0,Stinger 250,Красногвардейское,12222.0,250,бензин,17,0,1,0,1,0,0,0,0,0,0,0,0,0,0,0,0,0,0,0,0,0,1
70000.0,Racer Tourist RC150-23A,Сретенск,2800.0,150,бензин,6,0,0,0,1,0,0,0,0,0,0,0,0,0,0,0,0,0,0,0,0,0,1
70000.0,Kayo Basic TT125,Владивосток,50.0,125,бензин,2,0,1,0,1,0,0,0,0,0,0,0,0,0,0,0,0,0,0,0,0,0,1
70000.0,Ява 350,Кемерово,4000.0,350,бензин,56,0,0,0,1,0,0,0,0,0,0,0,0,0,0,0,0,0,0,0,0,0,1
70000.0,Racer Pitbike RC-CRF125 Start,Барнаул,1000.0,125,бензин,7,0,1,0,1,0,0,0,0,0,0,0,0,0,0,0,0,0,0,0,0,0,1
70000.0,Apollo RFZ Start 125LE,Екатеринбург,1000.0,125,бензин,2,0,1,0,0,0,0,0,1,0,0,0,0,0,0,0,0,0,0,0,0,0,1
70000.0,BSE J1 LE,Ермаковское,10000.0,250,бензин,17,0,1,0,1,0,0,0,0,0,0,0,0,0,0,0,0,0,0,0,0,0,1
70000.0,Минск ММВЗ-3.112,Дятьково,11000.0,125,бензин,33,0,0,0,1,0,0,0,0,0,0,0,0,0,0,0,0,0,0,0,0,0,1
70000.0,Motoland Apex 125,Болотное,1600.0,125,бензин,2,0,1,0,1,0,0,0,0,0,0,0,0,0,0,0,0,0,0,0,0,0,1
70000.0,Lifan LF150-13,Джанкой,20000.0,150,бензин,13,0,1,0,1,0,0,0,0,0,0,0,0,0,0,0,0,0,0,0,0,0,1
70000.0,Kayo Basic TT140,Ижевск,1.0,140,бензин,5,0,1,0,1,0,0,0,0,0,0,0,0,0,0,0,0,0,0,0,0,0,1
70000.0,BSE MX 125,Тула,33333.0,125,бензин,5,0,1,0,1,0,0,0,0,0,0,0,0,0,0,0,0,0,0,0,0,0,1
70000.0,Иж Планета 3,Волгодонск,1500.0,350,бензин,45,0,0,0,1,0,0,0,0,0,0,0,0,0,0,0,0,0,0,0,0,0,1
70000.0,Kayo Basic TT125,Горно-Алтайск,1500.0,125,бензин,2,0,1,0,1,0,0,0,0,0,0,0,0,0,0,0,0,0,0,0,0,0,1
70000.0,Урал ИМЗ 8.103-10,Заводоуковск,16900.0,495,бензин,32,0,1,0,1,0,0,0,0,0,0,0,0,0,0,0,0,0,0,0,0,0,1
70000.0,Patron Junior 125,Абакан,5000.0,125,бензин,3,0,1,0,1,0,0,0,0,0,0,0,0,0,0,0,0,0,0,0,0,0,1
70000.0,Irbis Z1,Красногвардейское,21000.0,250,бензин,11,0,1,0,1,0,0,0,0,0,0,0,0,0,0,0,0,0,0,0,0,0,1
70000.0,Wels CRF 125,Новосибирск,1.0,125,бензин,2,0,1,0,0,0,0,0,1,0,0,0,0,0,0,0,0,0,0,0,0,0,1
70000.0,Иж Планета Спорт,Ульяновск,1000.0,350,бензин,30,0,0,0,1,0,0,0,0,0,0,0,0,0,0,0,0,0,0,0,0,0,1
70000.0,Jinan Qingqi QM125GY,Анжеро-Судженск,6000.0,127,бензин,12,0,1,0,1,0,0,0,0,0,0,0,0,0,0,0,0,0,0,0,0,0,1
70000.0,Иж 56,Краснодар,60000.0,350,бензин,65,0,0,0,0,0,0,0,1,0,0,0,0,0,0,0,0,0,0,0,0,0,1
70000.0,Eurotex Dakota 150,Томск,7500.0,150,бензин,14,0,1,0,1,0,0,0,0,0,0,0,0,0,0,0,0,0,0,0,0,0,1
70000.0,Alpha 110,Старомышастовская,11800.0,110,бензин,17,0,1,0,1,0,0,0,0,0,0,0,0,0,0,0,0,0,0,0,0,0,1
70000.0,Kayo Basic TT140,Курганинск,30.0,140,бензин,5,0,1,0,1,0,0,0,0,0,0,0,0,0,0,0,0,0,0,0,0,0,1
70000.0,ТМЗ ТМЗ-5.952,Комсомольск-на-Амуре,20000.0,200,бензин,33,0,0,0,1,0,0,0,0,0,0,0,0,0,0,0,0,0,0,0,0,0,1
70000.0,Regulmoto Alpha RM-3,Хабаровск,1735.0,110,бензин,3,0,1,0,1,0,0,0,0,0,0,0,0,0,0,0,0,0,0,0,0,0,1
70000.0,Racer Enduro RC200GY-C2,Курагино,10000.0,200,бензин,5,0,1,0,1,0,0,0,0,0,0,0,0,0,0,0,0,0,0,0,0,0,1
70000.0,Regulmoto Five 125,Новосибирск,30.0,125,бензин,4,0,1,0,0,0,0,0,1,0,0,0,0,0,0,0,0,0,0,0,0,0,1
70000.0,Kayo Basic TT125,Сочи,1000.0,125,бензин,8,0,1,0,1,0,0,0,0,0,0,0,0,0,0,0,0,0,0,0,0,0,1
70000.0,Минск M 125,Чита,1500.0,125,бензин,42,0,0,0,1,0,0,0,0,0,0,0,0,0,0,0,0,0,0,0,0,0,1
70000.0,Kayo Basic TT125EM,Новобирилюссы,2500.0,125,бензин,3,0,1,0,1,0,0,0,0,0,0,0,0,0,0,0,0,0,0,0,0,0,1
70000.0,Kayo Basic TT125EM,Михайлов,258.0,125,бензин,1,0,1,0,1,0,0,0,0,0,0,0,0,0,0,0,0,0,0,0,0,0,1
70000.0,Kawasaki KX 80,Большеречье,1500.0,80,бензин,30,0,0,0,1,0,0,0,0,0,0,0,0,0,0,0,1,0,0,0,0,0,0
70000.0,Kayo Basic TT125EM,Москва,111.0,125,бензин,1,0,1,0,0,0,1,0,0,0,0,0,0,0,0,0,0,0,0,0,0,0,1
70000.0,Alpha Sport 125,Белгород,2500.0,125,бензин,8,0,1,0,1,0,0,0,0,0,0,0,0,0,0,0,0,0,0,0,0,0,1
70000.0,Motoland Apex 125,Починок,1000.0,125,бензин,3,0,1,0,1,0,0,0,0,0,0,0,0,0,0,0,0,0,0,0,0,0,1
70000.0,Regulmoto 17-14 125,Феодосия,1234.0,125,бензин,3,0,1,0,1,0,0,0,0,0,0,0,0,0,0,0,0,0,0,0,0,0,1
70000.0,Regulmoto Pilot,Новокузнецк,1000.0,110,бензин,2,1,0,0,1,0,0,0,0,0,0,0,0,0,0,0,0,0,0,0,0,0,1
70000.0,Alpha Tourist,Кемерово,7000.0,150,бензин,4,0,1,0,1,0,0,0,0,0,0,0,0,0,0,0,0,0,0,0,0,0,1
70000.0,Motoland TCX 140,Череповец,57.0,140,бензин,3,0,1,0,1,0,0,0,0,0,0,0,0,0,0,0,0,0,0,0,0,0,1
70000.0,Regulmoto 17-14 125,Сергиев Посад,5000.0,125,бензин,8,0,1,0,0,0,0,1,0,0,0,0,0,0,0,0,0,0,0,0,0,0,1
70000.0,Kayo Mini YX125EM,Оренбург,1500.0,125,бензин,2,0,1,0,1,0,0,0,0,0,0,0,0,0,0,0,0,0,0,0,0,0,1
70000.0,Apollo DT 125,Марфино,142.0,125,бензин,1,0,1,0,1,0,0,0,0,0,0,0,0,0,0,0,0,0,0,0,0,0,1
70000.0,Урал М-61,Кемерово,4000.0,650,бензин,35,0,1,0,1,0,0,0,0,0,0,0,0,0,0,0,0,0,0,0,0,0,1
70000.0,Vertigo Vertical R,Чита,302.0,75,бензин,2,0,1,0,1,0,0,0,0,0,0,0,0,0,0,0,0,0,0,0,0,0,1
70000.0,Motoland Voyage 200,Нововоронеж,3000.0,120,бензин,13,0,1,0,1,0,0,0,0,0,0,0,0,0,0,0,0,0,0,0,0,0,1
70000.0,Motoland MX 125 E,Валуйки,1000.0,125,бензин,3,0,1,0,1,0,0,0,0,0,0,0,0,0,0,0,0,0,0,0,0,0,1
70000.0,Днепр МТ-10,Феодосия,22222.0,650,бензин,46,0,1,0,1,0,0,0,0,0,0,0,0,0,0,0,0,0,0,0,0,0,1
70000.0,Baltmotors ATV,Москва,5555.0,125,бензин,10,0,1,0,0,0,1,0,0,0,0,0,0,0,0,0,0,0,0,0,0,0,1
70000.0,Sharmax Sport 145,Дорохово,2000.0,124,бензин,2,0,1,0,1,0,0,0,0,0,0,0,0,0,0,0,0,0,0,0,0,0,1
70000.0,Regulmoto Seven Medalist Pro,Новосибирск,10000.0,140,бензин,3,0,1,0,0,0,0,0,1,0,0,0,0,0,0,0,0,0,0,0,0,0,1
70000.0,Минск М 106,Санкт-Петербург,9000.0,125,бензин,53,0,0,0,0,0,0,0,0,1,0,0,0,0,0,0,0,0,0,0,0,0,1
70000.0,Alpha 110,Тобольск,6749.0,110,бензин,3,0,1,0,1,0,0,0,0,0,0,0,0,0,0,0,0,0,0,0,0,0,1
70000.0,Motoland Alpha 125,Ульяновск,3500.0,125,бензин,1,0,1,0,1,0,0,0,0,0,0,0,0,0,0,0,0,0,0,0,0,0,1
70000.0,Kayo Basic YX125EM,Большое Мурашкино,170.0,125,бензин,4,0,1,0,1,0,0,0,0,0,0,0,0,0,0,0,0,0,0,0,0,0,1
70000.0,Ataki Start YX125,Прокопьевск,2000.0,125,бензин,3,0,1,0,1,0,0,0,0,0,0,0,0,0,0,0,0,0,0,0,0,0,1
70000.0,BSE J1 LE,Ермаковское,10000.0,250,бензин,18,0,1,0,1,0,0,0,0,0,0,0,0,0,0,0,0,0,0,0,0,0,1
70000.0,SSSR Atom 125,Парабель,200.0,125,бензин,2,0,1,0,1,0,0,0,0,0,0,0,0,0,0,0,0,0,0,0,0,0,1
70000.0,Ataki Start YX125,Козьмодемьянск,1500.0,125,бензин,5,0,1,0,1,0,0,0,0,0,0,0,0,0,0,0,0,0,0,0,0,0,1
70000.0,Alpha 110,Усолье-Сибирское,6100.0,125,бензин,2,0,1,0,1,0,0,0,0,0,0,0,0,0,0,0,0,0,0,0,0,0,1
70000.0,Kayo Basic TT140,Москва,10000.0,140,бензин,5,0,1,0,0,0,1,0,0,0,0,0,0,0,0,0,0,0,0,0,0,0,1
70000.0,Иж Планета 4,Новосибирск,20000.0,350,бензин,38,0,0,0,0,0,0,0,1,0,0,0,0,0,0,0,0,0,0,0,0,0,1
70000.0,Wels CRF 125,Татарск,150.0,125,бензин,3,0,1,0,1,0,0,0,0,0,0,0,0,0,0,0,0,0,0,0,0,0,1
70000.0,Kayo Mini KMB,Ковров,200.0,60,бензин,2,1,1,0,1,0,0,0,0,0,0,0,0,0,0,0,0,0,0,0,0,0,1
70000.0,BSE 125,Саратовская,20.0,125,бензин,5,0,1,0,1,0,0,0,0,0,0,0,0,0,0,0,0,0,0,0,0,0,1
70000.0,BSE PH-125E,Петушки,3000.0,125,бензин,3,0,1,0,1,0,0,0,0,0,0,0,0,0,0,0,0,0,0,0,0,0,1
71000.0,Progasi Smart 150,Новосибирск,8000.0,140,бензин,4,0,1,0,0,0,0,0,1,0,0,0,0,0,0,0,0,0,0,0,0,0,1
72000.0,Racer Magnum RC200-C5B,Лиски,10230.0,220,бензин,11,0,1,0,1,0,0,0,0,0,0,0,0,0,0,0,0,0,0,0,0,0,1
72000.0,Racer Tourist RC200GY-C2A,Барнаул,1030.0,200,бензин,2,0,1,0,1,0,0,0,0,0,0,0,0,0,0,0,0,0,0,0,0,0,1
72000.0,Kayo Basic YX125EM,Горячий Ключ,5000.0,125,бензин,3,0,1,0,1,0,0,0,0,0,0,0,0,0,0,0,0,0,0,0,0,0,1
72000.0,Kayo Basic TT125,Лукино,152.0,125,бензин,3,0,1,0,1,0,0,0,0,0,0,0,0,0,0,0,0,0,0,0,0,0,1
72500.0,Colt International,Куйбышев,5000.0,125,бензин,2,0,1,0,1,0,0,0,0,0,0,0,0,0,0,0,0,0,0,0,0,0,1
73000.0,Kayo Classic YX125 KRZ,Сычёвка,1000.0,125,бензин,5,0,1,0,1,0,0,0,0,0,0,0,0,0,0,0,0,0,0,0,0,0,1
73000.0,Kayo Classic YX125 KRZ,Красноярск,1000.0,125,бензин,8,0,1,0,0,0,0,0,1,0,0,0,0,0,0,0,0,0,0,0,0,0,1
73000.0,Racer TRX 125,Кызыл,1510.0,125,бензин,2,0,1,0,1,0,0,0,0,0,0,0,0,0,0,0,0,0,0,0,0,0,1
74000.0,Kayo Evolution YX125EM,Тольятти,1000.0,125,бензин,3,0,1,1,1,0,0,0,0,0,0,0,0,0,0,0,0,0,0,0,0,0,1
74000.0,Progasi Smart 125,Исетское,3890.0,125,бензин,6,0,1,0,1,0,0,0,0,0,0,0,0,0,0,0,0,0,0,0,0,0,1
74000.0,Racer Tourist RC150-23A,Новосибирск,5985.0,150,бензин,5,0,1,0,0,0,0,0,1,0,0,0,0,0,0,0,0,0,0,0,0,0,1
74999.0,Минск M 125,Улан-Удэ,34000.0,125,бензин,33,0,0,0,1,0,0,0,0,0,0,0,0,0,0,0,0,0,0,0,0,0,1
75000.0,Patron Aero 125,Суровикино,25000.0,125,бензин,13,0,1,0,1,0,0,0,0,0,0,0,0,0,0,0,0,0,0,0,0,0,1
75000.0,Kayo Basic TT140,Москва,100.0,140,бензин,2,0,1,0,0,0,1,0,0,0,0,0,0,0,0,0,0,0,0,0,0,0,1
75000.0,CFMoto 150 Leader,Ковылкино,20000.0,150,бензин,12,0,1,0,1,0,0,0,0,0,0,1,0,0,0,0,0,0,0,0,0,0,0
75000.0,Irbis TTR 125R,Киселёвск,333.0,125,бензин,4,0,1,0,1,0,0,0,0,0,0,0,0,0,0,0,0,0,0,0,0,0,1
75000.0,SPR SAW 250,Дальнереченск,100.0,125,бензин,3,0,1,0,1,0,0,0,0,0,0,0,0,0,0,0,0,0,0,0,0,0,1
75000.0,Kayo Basic YX140,Даниловка,1000.0,140,бензин,4,0,1,0,1,0,0,0,0,0,0,0,0,0,0,0,0,0,0,0,0,0,1
75000.0,Rizee 125,Дивногорск,500.0,125,бензин,5,0,1,0,1,0,0,0,0,0,0,0,0,0,0,0,0,0,0,0,0,0,1
75000.0,Vento Enduro,Уфа,2000.0,125,бензин,2,0,1,0,0,0,0,0,1,0,0,0,0,0,0,0,0,0,0,0,0,0,1
75000.0,Regulmoto Pilot 110EA,Ангарск,500.0,110,бензин,2,0,1,0,1,0,0,0,0,0,0,0,0,0,0,0,0,0,0,0,0,0,1
75000.0,Roliz Sport-001,Кабанск,5000.0,150,бензин,5,0,1,0,1,0,0,0,0,0,0,0,0,0,0,0,0,0,0,0,0,0,1
75000.0,Kayo Basic YX125,Зима,1000.0,125,бензин,5,0,1,0,1,0,0,0,0,0,0,0,0,0,0,0,0,0,0,0,0,0,1
75000.0,BSE EX 125E,Екатериновка,1000.0,125,бензин,1,0,1,0,1,0,0,0,0,0,0,0,0,0,0,0,0,0,0,0,0,0,1
75000.0,Kayo Basic TT140,Новосибирск,5000.0,140,бензин,2,0,1,0,0,0,0,0,1,0,0,0,0,0,0,0,0,0,0,0,0,0,1
75000.0,Wels CRF 140,Каменногорск,150.0,140,бензин,6,0,1,0,0,1,0,0,0,0,0,0,0,0,0,0,0,0,0,0,0,0,1
75000.0,ABM FX 200,Павловка,10000.0,200,бензин,11,0,1,0,1,0,0,0,0,0,0,0,0,0,0,0,0,0,0,0,0,0,1
75000.0,BSE 125,Москва,10.0,125,бензин,7,0,1,0,0,0,1,0,0,0,0,0,0,0,0,0,0,0,0,0,0,0,1
75000.0,Regulmoto Five 125,Тальменка,200.0,125,бензин,2,0,1,0,1,0,0,0,0,0,0,0,0,0,0,0,0,0,0,0,0,0,1
75000.0,Motoland Apex 125E,Тольятти,150.0,125,бензин,2,0,1,0,1,0,0,0,0,0,0,0,0,0,0,0,0,0,0,0,0,0,1
75000.0,STELS Delta 200,Любим,10000.0,200,бензин,10,0,1,0,1,0,0,0,0,0,0,0,0,0,0,0,0,0,0,0,0,0,1
75000.0,Racer Enduro,Ярославль,160.0,160,бензин,9,0,1,0,1,0,0,0,0,0,0,0,0,0,0,0,0,0,0,0,0,0,1
75000.0,Wels CRF 140E,Староюрьево,2004.0,140,бензин,3,0,1,0,1,0,0,0,0,0,0,0,0,0,0,0,0,0,0,0,0,0,1
75000.0,BSE MX 125,Новокузнецк,777.0,125,бензин,3,0,1,0,1,0,0,0,0,0,0,0,0,0,0,0,0,0,0,0,0,0,1
75000.0,BSE PH-125E,Иркутск,107.0,125,бензин,6,0,0,0,1,0,0,0,0,0,0,0,0,0,0,0,0,0,0,0,0,0,1
75000.0,BSE PH-125E,Родники,63.0,125,бензин,6,0,1,0,0,0,0,1,0,0,0,0,0,0,0,0,0,0,0,0,0,0,1
75000.0,Kayo Evolution YX125EM,Ишимбай,150.0,125,бензин,3,0,1,0,1,0,0,0,0,0,0,0,0,0,0,0,0,0,0,0,0,0,1
75000.0,Днепр МТ-10,Тельма,55555.0,650,бензин,49,0,1,0,1,0,0,0,0,0,0,0,0,0,0,0,0,0,0,0,0,0,1
75000.0,Kayo Basic TT140,Уфа,104.0,140,бензин,2,0,1,0,0,0,0,0,1,0,0,0,0,0,0,0,0,0,0,0,0,0,1
75000.0,Иж 5,Пласт,15000.0,250,бензин,33,0,0,0,1,0,0,0,0,0,0,0,0,0,0,0,0,0,0,0,0,0,1
75000.0,Wels CRF 125,Новокузнецк,100.0,125,бензин,7,0,1,0,1,0,0,0,0,0,0,0,0,0,0,0,0,0,0,0,0,0,1
75000.0,Иж Планета 7,Боготол,10000.0,365,бензин,32,0,0,0,1,0,0,0,0,0,0,0,0,0,0,0,0,0,0,0,0,0,1
75000.0,Apollo Thunder 125,Владивосток,200.0,125,бензин,1,0,1,0,1,0,0,0,0,0,0,0,0,0,0,0,0,0,0,0,0,0,1
75000.0,Vento Enduro,Каменск-Уральский,300.0,125,бензин,5,0,1,0,1,0,0,0,0,0,0,0,0,0,0,0,0,0,0,0,0,0,1
75000.0,Иж Юпитер 5,Новосибирск,10000.0,350,бензин,38,0,0,0,0,0,0,0,1,0,0,0,0,0,0,0,0,0,0,0,0,0,1
75000.0,BSE Z1,Санкт-Петербург,222.0,150,бензин,3,0,1,0,0,0,0,0,0,1,0,0,0,0,0,0,0,0,0,0,0,0,1
75000.0,Kayo Basic TT140,Камень-на-Оби,1000.0,140,бензин,3,0,1,0,1,0,0,0,0,0,0,0,0,0,0,0,0,0,0,0,0,0,1
75000.0,Racer Pitbike RC-CRF125E,Улан-Удэ,2250.0,125,бензин,3,0,1,0,1,0,0,0,0,0,0,0,0,0,0,0,0,0,0,0,0,0,1
75000.0,Racer Pitbike RC-CRF125E,Майна,100.0,125,бензин,4,0,1,0,1,0,0,0,0,0,0,0,0,0,0,0,0,0,0,0,0,0,1
75000.0,Wels RT125,Белорецк,2000.0,125,бензин,4,0,1,0,1,0,0,0,0,0,0,0,0,0,0,0,0,0,0,0,0,0,1
75000.0,Kayo Evolution YX140EM,Самара,226.0,140,бензин,1,0,1,0,0,0,0,0,1,0,0,0,0,0,0,0,0,0,0,0,0,0,1
75000.0,Lifan LF200GY-3B (Off Road),Спасск-Рязанский,11000.0,200,бензин,9,0,1,0,1,0,0,0,0,0,0,0,0,0,0,0,0,0,0,0,0,0,1
75000.0,Kayo Basic YX125,Чернышковский,2000.0,125,бензин,4,0,1,0,1,0,0,0,0,0,0,0,0,0,0,0,0,0,0,0,0,0,1
75000.0,Avantis Lux 150 17-14,Рязань,39.0,150,бензин,1,0,1,0,1,0,0,0,0,0,0,0,0,0,0,0,0,0,0,0,0,0,1
75000.0,Regulmoto Five 125,Шемордан,180.0,125,бензин,5,0,1,0,1,0,0,0,0,0,0,0,0,0,0,0,0,0,0,0,0,0,1
75000.0,Racer Enduro RC200GY-C2,Междуреченск,2274.0,200,бензин,6,0,1,0,1,0,0,0,0,0,0,0,0,0,0,0,0,0,0,0,0,0,1
75000.0,BSE PH-125,Новосибирск,1000.0,125,бензин,3,0,0,0,0,0,0,0,1,0,0,0,0,0,0,0,0,0,0,0,0,0,1
75000.0,Regulmoto Pilot 110EA,Новосибирск,7.0,110,бензин,1,0,1,0,0,0,0,0,1,0,0,0,0,0,0,0,0,0,0,0,0,0,1
75000.0,Regulmoto Five EM,Новосибирск,96.0,125,бензин,3,0,1,0,0,0,0,0,1,0,0,0,0,0,0,0,0,0,0,0,0,0,1
75000.0,Motoland Enduro 250 ST,Новокузнецк,500.0,250,бензин,1,0,1,0,1,0,0,0,0,0,0,0,0,0,0,0,0,0,0,0,0,0,1
75000.0,Racer Tiger RC150-23,Чудово,7400.0,150,бензин,5,0,1,0,1,0,0,0,0,0,0,0,0,0,0,0,0,0,0,0,0,0,1
75000.0,Irbis TTR 250,Дубна,3000.0,250,бензин,10,0,1,0,0,0,0,1,0,0,0,0,0,0,0,0,0,0,0,0,0,0,1
75000.0,Урал ИМЗ 8.103-10,Новосибирск,20000.0,645,бензин,36,0,1,0,0,0,0,0,1,0,0,0,0,0,0,0,0,0,0,0,0,0,1
75000.0,Восход 3М,Барнаул,23000.0,175,бензин,32,0,0,0,1,0,0,0,0,0,0,0,0,0,0,0,0,0,0,0,0,0,1
75999.0,YCF Start F125,Верея,120.0,125,бензин,5,0,1,0,0,0,0,1,0,0,0,0,0,0,0,0,0,0,0,0,0,0,1
76000.0,Motoland MX 125,Котовск,40.0,125,бензин,2,0,1,0,1,0,0,0,0,0,0,0,0,0,0,0,0,0,0,0,0,0,1
76000.0,Урал Геркулес,Улан-Удэ,7000.0,650,бензин,6,0,1,0,1,0,0,0,0,0,0,0,0,0,0,0,0,0,0,0,0,0,1
76000.0,Racer TRX 140E,Бачатский,3000.0,140,бензин,3,0,1,0,1,0,0,0,0,0,0,0,0,0,0,0,0,0,0,0,0,0,1
77000.0,Regulmoto Spitfire Pro,Кущевская,20.0,140,бензин,1,0,1,0,1,0,0,0,0,0,0,0,0,0,0,0,0,0,0,0,0,0,1
77000.0,Kayo Basic K125 KRZ,Владивосток,5.0,125,бензин,1,0,1,0,1,0,0,0,0,0,0,0,0,0,0,0,0,0,0,0,0,0,1
77000.0,Motoland TCX 125,Благовещенск,75.0,125,бензин,1,1,1,0,1,0,0,0,0,0,0,0,0,0,0,0,0,0,0,0,0,0,1
77000.0,Kayo Basic TT125,Дрезна,140.0,125,бензин,1,0,1,0,0,0,0,1,0,0,0,0,0,0,0,0,0,0,0,0,0,0,1
78000.0,Regulmoto Five EA,Майма,500.0,125,бензин,3,1,1,0,1,0,0,0,0,0,0,0,0,0,0,0,0,0,0,0,0,0,1
78000.0,Motoland CRF 10,Красноярск,250.0,70,бензин,2,1,1,0,0,0,0,0,1,0,0,0,0,0,0,0,0,0,0,0,0,0,1
78000.0,Irbis Intruder,Уссурийск,150.0,250,бензин,10,0,1,0,1,0,0,0,0,0,0,0,0,0,0,0,0,0,0,0,0,0,1
78000.0,Racer Enduro L150 RC150-23X,Прокопьевск,2000.0,150,бензин,5,0,1,0,1,0,0,0,0,0,0,0,0,0,0,0,0,0,0,0,0,0,1
78000.0,Wels CRF 125,Саратов,60.0,125,бензин,6,0,1,0,1,0,0,0,0,0,0,0,0,0,0,0,0,0,0,0,0,0,1
78500.0,Alpha Tourist,Улан-Удэ,2999.0,125,бензин,2,0,1,0,1,0,0,0,0,0,0,0,0,0,0,0,0,0,0,0,0,0,1
79000.0,Racer TRX 125,Абакан,9999.0,124,бензин,3,0,1,0,1,0,0,0,0,0,0,0,0,0,0,0,0,0,0,0,0,0,1
79000.0,Roliz Rolize,Иркутск,2300.0,125,бензин,1,0,1,0,1,0,0,0,0,0,0,0,0,0,0,0,0,0,0,0,0,0,1
79000.0,Kayo Basic YX125EM,Новосибирск,200.0,125,бензин,3,0,1,0,0,0,0,0,1,0,0,0,0,0,0,0,0,0,0,0,0,0,1
79250.0,Kayo Basic TT125,Уфа,200.0,125,бензин,1,0,1,0,0,0,0,0,1,0,0,0,0,0,0,0,0,0,0,0,0,0,1
79999.0,Motoland Apex 14,Москва,2010.0,140,бензин,6,0,1,0,0,0,1,0,0,0,0,0,0,0,0,0,0,0,0,0,0,0,1
80000.0,Irbis XR 250 R,Рыбинск,16500.0,250,бензин,12,0,1,0,1,0,0,0,0,0,0,0,0,0,0,0,0,0,0,0,0,0,1
80000.0,Regulmoto Seven,Колывань,6000.0,125,бензин,4,0,1,0,1,0,0,0,0,0,0,0,0,0,0,0,0,0,0,0,0,0,1
80000.0,Racer Pitbike RC125-PM,Кировское,1500.0,125,бензин,9,0,1,0,1,0,0,0,0,0,0,0,0,0,0,0,0,0,0,0,0,0,1
80000.0,Apollo Thunder,Саратов,120.0,125,бензин,1,0,1,0,1,0,0,0,0,0,0,0,0,0,0,0,0,0,0,0,0,0,1
80000.0,Kayo Basic YX125EM,Москва,72.0,125,бензин,5,0,1,0,0,0,1,0,0,0,0,0,0,0,0,0,0,0,0,0,0,0,1
80000.0,Racer Panther RC200GY-C2,Ребриха,2000.0,197,бензин,12,0,1,0,1,0,0,0,0,0,0,0,0,0,0,0,0,0,0,0,0,0,1
80000.0,Racer RC200,Каргасок,5000.0,200,бензин,12,0,1,0,1,0,0,0,0,0,0,0,0,0,0,0,0,0,0,0,0,0,1
80000.0,SYM XS 125,Сочи,80000.0,150,бензин,12,0,1,0,1,0,0,0,0,0,0,0,0,0,0,0,0,0,0,0,0,0,1
80000.0,Racer Panther RC200GY-C2,Гурьевск,13893.0,200,бензин,13,0,1,0,1,0,0,0,0,0,0,0,0,0,0,0,0,0,0,0,0,0,1
80000.0,BSE 125,Новосибирск,1000.0,125,бензин,5,0,1,0,0,0,0,0,1,0,0,0,0,0,0,0,0,0,0,0,0,0,1
80000.0,Racer Nitro RC200-CK,Светлоград,7000.0,250,бензин,12,0,1,0,1,0,0,0,0,0,0,0,0,0,0,0,0,0,0,0,0,0,1
80000.0,Motoland Voyage 200,Белоомут,11500.0,200,бензин,5,0,1,0,0,0,0,1,0,0,0,0,0,0,0,0,0,0,0,0,0,0,1
80000.0,Wels RT125,Елань,7000.0,125,бензин,3,0,1,0,1,0,0,0,0,0,0,0,0,0,0,0,0,0,0,0,0,0,1
80000.0,GR GR-X YX125EM,Краснодар,110.0,125,бензин,3,0,1,0,0,0,0,0,1,0,0,0,0,0,0,0,0,0,0,0,0,0,1
80000.0,BSE EVO 110,Томск,50.0,107,бензин,1,1,1,0,1,0,0,0,0,0,0,0,0,0,0,0,0,0,0,0,0,0,1
80000.0,Apollo Thunder 125,Артём,34.0,125,бензин,1,0,1,0,1,0,0,0,0,0,0,0,0,0,0,0,0,0,0,0,0,0,1
80000.0,Motoland NX 125,Владимир,1000.0,125,бензин,2,0,1,0,1,0,0,0,0,0,0,0,0,0,0,0,0,0,0,0,0,0,1
80000.0,Apollo RFZ Start 125LE,Ангарск,60.0,125,бензин,1,0,1,0,1,0,0,0,0,0,0,0,0,0,0,0,0,0,0,0,0,0,1
80000.0,Regulmoto Seven 125E,Абакан,100.0,125,бензин,4,0,1,0,1,0,0,0,0,0,0,0,0,0,0,0,0,0,0,0,0,0,1
80000.0,CFMoto 150,Грибановский,4500.0,125,бензин,14,0,1,0,1,0,0,0,0,0,0,1,0,0,0,0,0,0,0,0,0,0,0
80000.0,PWR Racing FRZ 125 17-14,Ульяновск,1.0,125,бензин,2,0,1,0,1,0,0,0,0,0,0,0,0,0,0,0,0,0,0,0,0,0,1
80000.0,Kayo Basic TT125,Москва,999.0,125,бензин,2,0,1,0,0,0,1,0,0,0,0,0,0,0,0,0,0,0,0,0,0,0,1
80000.0,Минск C 125,Первомайское,60000.0,125,бензин,34,0,0,0,1,0,0,0,0,0,0,0,0,0,0,0,0,0,0,0,0,0,1
80000.0,ABM Raptor 250,Кимры,20.0,250,бензин,12,0,0,0,1,0,0,0,0,0,0,0,0,0,0,0,0,0,0,0,0,0,1
80000.0,Progasi Smart 125,Владивосток,381.0,125,бензин,2,0,1,0,1,0,0,0,0,0,0,0,0,0,0,0,0,0,0,0,0,0,1
80000.0,Иж Юпитер 5,Кызыл,27687.0,350,бензин,37,0,0,0,1,0,0,0,0,0,0,0,0,0,0,0,0,0,0,0,0,0,1
80000.0,Минск D4 125,Улан-Удэ,7500.0,125,бензин,5,0,1,0,1,0,0,0,0,0,0,0,0,0,0,0,0,0,0,0,0,0,1
80000.0,Racer Enduro 300 RC300-GY8A,Липецк,3000.0,300,бензин,6,0,1,0,1,0,0,0,0,0,0,0,0,0,0,0,0,0,0,0,0,0,1
80000.0,Kayo Evolution K125EM,Лесосибирск,80.0,125,бензин,2,0,1,0,1,0,0,0,0,0,0,0,0,0,0,0,0,0,0,0,0,0,1
80000.0,Racer Magnum RC200-C5B,Томск,35000.0,200,бензин,11,0,1,0,1,0,0,0,0,0,0,0,0,0,0,0,0,0,0,0,0,0,1
80000.0,Wels RT125,Ангарск,6000.0,125,бензин,4,0,1,0,1,0,0,0,0,0,0,0,0,0,0,0,0,0,0,0,0,0,1
80000.0,Apollo RFZ Open 140,Кингисепп,1.0,140,бензин,9,0,1,0,0,1,0,0,0,0,0,0,0,0,0,0,0,0,0,0,0,0,1
80000.0,Regulmoto Five 125,Хабаровск,680.0,125,бензин,1,0,1,0,1,0,0,0,0,0,0,0,0,0,0,0,0,0,0,0,0,0,1
80000.0,Irbis Intruder,Салаир,3200.0,150,бензин,14,0,1,0,1,0,0,0,0,0,0,0,0,0,0,0,0,0,0,0,0,0,1
80000.0,Wels RT125,Находка,160.0,125,бензин,4,0,1,0,1,0,0,0,0,0,0,0,0,0,0,0,0,0,0,0,0,0,1
80000.0,Racer TRX 140E,Улан-Удэ,2225.0,140,бензин,2,0,1,0,1,0,0,0,0,0,0,0,0,0,0,0,0,0,0,0,0,0,1
80000.0,BSE EX MAX13 125E,Большая Соснова,70.0,140,бензин,3,0,1,0,1,0,0,0,0,0,0,0,0,0,0,0,0,0,0,0,0,0,1
80000.0,Alpha 110,Новосибирск,1355.0,110,бензин,1,0,1,0,0,0,0,0,1,0,0,0,0,0,0,0,0,0,0,0,0,0,1
80000.0,Apollo Thunder 125,Кизильское,2500.0,125,бензин,3,0,1,0,1,0,0,0,0,0,0,0,0,0,0,0,0,0,0,0,0,0,1
80000.0,Racer Enduro RC200XZT,Москва,2000.0,200,бензин,14,0,1,0,0,0,1,0,0,0,0,0,0,0,0,0,0,0,0,0,0,0,1
80000.0,ЗиД 250,Дедовичи,721.0,250,бензин,5,0,1,0,1,0,0,0,0,0,0,0,0,0,0,0,0,0,0,0,0,0,1
80000.0,Иж Юпитер 5,Здвинск,1500.0,350,бензин,34,0,0,0,1,0,0,0,0,0,0,0,0,0,0,0,0,0,0,0,0,0,1
80000.0,Racer Magnum RC200-C5B,Оловянная,21000.0,200,бензин,12,0,1,0,1,0,0,0,0,0,0,0,0,0,0,0,0,0,0,0,0,0,1
80000.0,Racer Tourist RC200GY-C2A,Верхнее Дуброво,1150.0,200,бензин,1,0,1,0,1,0,0,0,0,0,0,0,0,0,0,0,0,0,0,0,0,0,1
80000.0,Regulmoto Seven Medalist Pro,Лесозаводск,1000.0,150,бензин,3,0,1,0,1,0,0,0,0,0,0,0,0,0,0,0,0,0,0,0,0,0,1
80000.0,Suzuki Street Magic,Екатеринбург,500.0,50,бензин,22,1,0,0,0,0,0,0,1,0,0,0,0,0,0,0,0,0,0,1,0,0,0
80000.0,Apollo RFZ Start 125LE,Ангарск,128.0,124,бензин,2,0,1,0,1,0,0,0,0,0,0,0,0,0,0,0,0,0,0,0,0,0,1
80000.0,BSE EX MAX13 125E,Староалейское,108.0,125,бензин,4,0,1,0,1,0,0,0,0,0,0,0,0,0,0,0,0,0,0,0,0,0,1
80000.0,Racer Tourist RC150-23A,Урульга,9700.0,150,бензин,6,0,1,0,1,0,0,0,0,0,0,0,0,0,0,0,0,0,0,0,0,0,1
80000.0,Regulmoto Five 125,Хабаровск,600.0,125,бензин,3,0,1,0,1,0,0,0,0,0,0,0,0,0,0,0,0,0,0,0,0,0,1
80000.0,Regulmoto 17-14 125,Полысаево,2000.0,125,бензин,3,0,1,0,1,0,0,0,0,0,0,0,0,0,0,0,0,0,0,0,0,0,1
80000.0,Минск C4 125,Улан-Удэ,4956.0,124,бензин,7,0,1,0,1,0,0,0,0,0,0,0,0,0,0,0,0,0,0,0,0,0,1
80000.0,Rizee 125,Тайшет,1.0,125,бензин,1,0,1,0,1,0,0,0,0,0,0,0,0,0,0,0,0,0,0,0,0,0,1
80000.0,Wels Gold Sport 200,Троицкое,6000.0,200,бензин,11,0,1,0,0,0,0,1,0,0,0,0,0,0,0,0,0,0,0,0,0,0,1
80000.0,Wels CRF 125,Тюмень,100.0,125,бензин,1,0,1,0,1,0,0,0,0,0,0,0,0,0,0,0,0,0,0,0,0,0,1
80000.0,Regulmoto Five 125,Новокузнецк,1000.0,125,бензин,2,0,1,0,1,0,0,0,0,0,0,0,0,0,0,0,0,0,0,0,0,0,1
80000.0,Kayo Evolution YX140EM,Энгельс,116.0,140,бензин,2,0,1,0,1,0,0,0,0,0,0,0,0,0,0,0,0,0,0,0,0,0,1
80000.0,Regulmoto Pilot,Чита,250.0,110,бензин,2,0,1,0,1,0,0,0,0,0,0,0,0,0,0,0,0,0,0,0,0,0,1
80000.0,Иж Планета 5,Новосибирск,14000.0,350,бензин,37,0,0,0,0,0,0,0,1,0,0,0,0,0,0,0,0,0,0,0,0,0,1
80000.0,Regulmoto Five 125,Благовещенск,2100.0,125,бензин,2,0,1,0,1,0,0,0,0,0,0,0,0,0,0,0,0,0,0,0,0,0,1
80000.0,Regulmoto Senke SK200-9,Набережные Челны,9000.0,200,бензин,2,0,1,0,1,0,0,0,0,0,0,0,0,0,0,0,0,0,0,0,0,0,1
80000.0,Regulmoto Senke RM125,Красный Яр,7202.0,125,бензин,1,0,1,0,1,0,0,0,0,0,0,0,0,0,0,0,0,0,0,0,0,0,1
80000.0,Alpha 110,Уссурийск,35.0,110,бензин,3,0,1,0,1,0,0,0,0,0,0,0,0,0,0,0,0,0,0,0,0,0,1
80000.0,STELS Delta 200,Умет,9557.0,197,бензин,12,0,1,0,1,0,0,0,0,0,0,0,0,0,0,0,0,0,0,0,0,0,1
80000.0,Минск C4 200,Первомайский,14000.0,200,бензин,11,0,1,0,1,0,0,0,0,0,0,0,0,0,0,0,0,0,0,0,0,0,1
80000.0,Sharmax PowerMax 145,Красногорск,70.0,125,бензин,1,0,1,0,0,0,0,1,0,0,0,0,0,0,0,0,0,0,0,0,0,0,1
80000.0,Motoland R6 250,Нарышкино,2300.0,249,бензин,11,0,1,0,1,0,0,0,0,0,0,0,0,0,0,0,0,0,0,0,0,0,1
80000.0,Honda VTZ 250,Комсомольск-на-Амуре,180000.0,249,бензин,37,0,1,0,1,0,0,0,0,0,0,0,0,0,1,0,0,0,0,0,0,0,0
80000.0,Roliz Cross-125 HL,Благовещенск,250.0,125,бензин,1,0,1,0,1,0,0,0,0,0,0,0,0,0,0,0,0,0,0,0,0,0,1
80000.0,Motoland JKS140,Челябинск,99.0,140,бензин,2,0,1,0,0,0,0,0,1,0,0,0,0,0,0,0,0,0,0,0,0,0,1
80000.0,Irbis TTR 250R,Неболчи,5601.0,250,бензин,11,0,1,0,1,0,0,0,0,0,0,0,0,0,0,0,0,0,0,0,0,0,1
80000.0,Kayo Basic TT125,Высокая Гора,13.0,125,бензин,1,0,1,0,1,0,0,0,0,0,0,0,0,0,0,0,0,0,0,0,0,0,1
80000.0,Motoland TCX 140,Касимов,5000.0,140,бензин,4,0,1,0,1,0,0,0,0,0,0,0,0,0,0,0,0,0,0,0,0,0,1
80000.0,Иж 4,Партизанск,9000.0,350,бензин,40,0,0,0,1,0,0,0,0,0,0,0,0,0,0,0,0,0,0,0,0,0,1
80000.0,Regulmoto Five 125,Братск,100.0,125,бензин,4,0,1,0,1,0,0,0,0,0,0,0,0,0,0,0,0,0,0,0,0,0,1
80000.0,Irbis TTR 125R,Новосибирск,52.0,125,бензин,12,0,1,0,0,0,0,0,1,0,0,0,0,0,0,0,0,0,0,0,0,0,1
80000.0,Motoland MX 125 KKE,Новокузнецк,500.0,125,бензин,2,0,1,0,1,0,0,0,0,0,0,0,0,0,0,0,0,0,0,0,0,0,1
80000.0,Regulmoto Five 125,Кемерово,1.0,125,бензин,3,0,1,0,1,0,0,0,0,0,0,0,0,0,0,0,0,0,0,0,0,0,1
80000.0,Урал ИМЗ 8.103-10,Санкт-Петербург,4555.0,649,бензин,31,0,1,0,0,0,0,0,0,1,0,0,0,0,0,0,0,0,0,0,0,0,1
80000.0,Kayo Basic TT140,Краснодар,150.0,140,бензин,4,0,1,0,0,0,0,0,1,0,0,0,0,0,0,0,0,0,0,0,0,0,1
80000.0,Иж Планета 5,Чита,293.0,110,бензин,30,0,1,0,1,0,0,0,0,0,0,0,0,0,0,0,0,0,0,0,0,0,1
81790.0,Kayo Basic TT125,Самара,1206.0,125,бензин,1,0,1,0,0,0,0,0,1,0,0,0,0,0,0,0,0,0,0,0,0,0,1
82000.0,Иж Юпитер 4,Новосибирск,999.0,350,бензин,44,0,0,0,0,0,0,0,1,0,0,0,0,0,0,0,0,0,0,0,0,0,1
82000.0,Patron Gipsy 200,Муслюмово,13000.0,200,бензин,11,0,1,0,1,0,0,0,0,0,0,0,0,0,0,0,0,0,0,0,0,0,1
82000.0,Regulmoto Seven Medalist,Хомутово,111.0,140,бензин,2,0,1,0,1,0,0,0,0,0,0,0,0,0,0,0,0,0,0,0,0,0,1
83000.0,Motoland Apex 125E,Бакалы,1800.0,125,бензин,1,0,1,0,1,0,0,0,0,0,0,0,0,0,0,0,0,0,0,0,0,0,1
83000.0,Wels CRF 250,Красноярск,2000.0,250,бензин,7,0,1,0,0,0,0,0,1,0,0,0,0,0,0,0,0,0,0,0,0,0,1
83990.0,Regulmoto Seven 125E,Иркутск,87.0,125,бензин,1,0,1,0,1,0,0,0,0,0,0,0,0,0,0,0,0,0,0,0,0,0,1
84000.0,Kayo Basic TT125,Можга,500.0,124,бензин,2,0,1,0,1,0,0,0,0,0,0,0,0,0,0,0,0,0,0,0,0,0,1
84000.0,Zuumav S3 Tactic,Красноярск,20.0,50,бензин,2,1,0,0,0,0,0,0,1,0,0,0,0,0,0,0,0,0,0,0,0,0,1
84999.0,Kayo Basic TT125EM,Арамиль,500.0,125,бензин,2,1,1,0,1,0,0,0,0,0,0,0,0,0,0,0,0,0,0,0,0,0,1
85000.0,Regulmoto Spitfire,Уфа,2500.0,125,бензин,1,0,1,0,0,0,0,0,1,0,0,0,0,0,0,0,0,0,0,0,0,0,1
85000.0,Cronus Enduro 200-1,Артём,1000.0,225,бензин,3,0,1,0,1,0,0,0,0,0,0,0,0,0,0,0,0,0,0,0,0,0,1
85000.0,PWR Racing FRZ 125 17-14,Кемерово,1000.0,125,бензин,4,0,1,0,1,0,0,0,0,0,0,0,0,0,0,0,0,0,0,0,0,0,1
85000.0,Racer TRX 140E,Каратузское,1140.0,140,бензин,1,0,1,0,1,0,0,0,0,0,0,0,0,0,0,0,0,0,0,0,0,0,1
85000.0,BSE MX 125,Петропавловск-Камчатский,90.0,125,бензин,3,0,1,0,1,0,0,0,0,0,0,0,0,0,0,0,0,0,0,0,0,0,1
85000.0,BSE PH-150E,Вятские Поляны,1000.0,160,бензин,9,0,1,0,1,0,0,0,0,0,0,0,0,0,0,0,0,0,0,0,0,0,1
85000.0,Kayo Pro ZS190EM KRZ,Исса,1000.0,190,бензин,7,0,1,0,1,0,0,0,0,0,0,0,0,0,0,0,0,0,0,0,0,0,1
85000.0,Kayo Basic TT140EM,Майкоп,800.0,140,бензин,3,0,1,0,1,0,0,0,0,0,0,0,0,0,0,0,0,0,0,0,0,0,1
85000.0,Apollo RXF Freeride 150,Туапсе,110.0,150,бензин,3,0,1,0,1,0,0,0,0,0,0,0,0,0,0,0,0,0,0,0,0,0,1
85000.0,Regulmoto Seven Medalist Pro,Томск,140.0,140,бензин,3,0,1,0,1,0,0,0,0,0,0,0,0,0,0,0,0,0,0,0,0,0,1
85000.0,Kayo Basic YX125 KRZ,Мельниково,900.0,125,бензин,3,0,1,0,1,0,0,0,0,0,0,0,0,0,0,0,0,0,0,0,0,0,1
85000.0,Racer Nitro,Междуреченск,8000.0,200,бензин,12,0,1,0,1,0,0,0,0,0,0,0,0,0,0,0,0,0,0,0,0,0,1
85000.0,STELS 250 Enduro,Россошь,500.0,250,бензин,1,0,1,0,1,0,0,0,0,0,0,0,0,0,0,0,0,0,0,0,0,0,1
85000.0,Motoland Forester 200,Лакинск,4000.0,200,бензин,4,0,1,0,1,0,0,0,0,0,0,0,0,0,0,0,0,0,0,0,0,0,1
85000.0,Racer Magnum RC250-C5B,Краснобродский,13000.0,250,бензин,13,0,0,0,1,0,0,0,0,0,0,0,0,0,0,0,0,0,0,0,0,0,1
85000.0,Regulmoto 150QT-15M / EK-3,Владимиро-Александровское,3000.0,150,бензин,2,0,1,0,1,0,0,0,0,0,0,0,0,0,0,0,0,0,0,0,0,0,1
85000.0,Racer TRX 140E,Усолье-Сибирское,2500.0,140,бензин,2,0,1,0,1,0,0,0,0,0,0,0,0,0,0,0,0,0,0,0,0,0,1
85000.0,Irbis TTR 250R,Уссурийск,99000.0,250,бензин,11,0,1,0,1,0,0,0,0,0,0,0,0,0,0,0,0,0,0,0,0,0,1
85000.0,Racer Enduro RC200GY-C2,Кызыл-Озек,12000.0,200,бензин,5,0,1,0,1,0,0,0,0,0,0,0,0,0,0,0,0,0,0,0,0,0,1
85000.0,Kayo Basic YX140,Хрящевка,600.0,140,бензин,4,0,1,0,1,0,0,0,0,0,0,0,0,0,0,0,0,0,0,0,0,0,1
85000.0,Irbis VR-1,Ковров,154000.0,200,бензин,11,0,1,0,1,0,0,0,0,0,0,0,0,0,0,0,0,0,0,0,0,0,1
85000.0,ABM MSX125,Улан-Удэ,8500.0,127,бензин,10,0,1,0,1,0,0,0,0,0,0,0,0,0,0,0,0,0,0,0,0,0,1
85000.0,Racer TRX 125,Волгоград,2350.0,125,бензин,1,0,1,0,0,0,0,0,1,0,0,0,0,0,0,0,0,0,0,0,0,0,1
85000.0,Иж Юпитер 5,Чита,16194.0,347,бензин,32,0,0,0,1,0,0,0,0,0,0,0,0,0,0,0,0,0,0,0,0,0,1
85000.0,Motoland Bandit 250,Белово,11000.0,250,бензин,4,0,1,0,1,0,0,0,0,0,0,0,0,0,0,0,0,0,0,0,0,0,1
85000.0,Kayo Basic YX125,Заозёрный,1000.0,125,бензин,3,0,1,0,1,0,0,0,0,0,0,0,0,0,0,0,0,0,0,0,0,0,1
85000.0,Wels CRF 140,Лакинск,670.0,140,бензин,8,0,1,0,1,0,0,0,0,0,0,0,0,0,0,0,0,0,0,0,0,0,1
85000.0,Aprilia RC 250,Северное,1500.0,250,бензин,4,0,1,0,1,0,0,0,0,0,0,0,0,0,0,0,0,0,0,0,0,0,1
85000.0,Racer TRX 125,Бийск,1500.0,124,бензин,2,0,1,0,1,0,0,0,0,0,0,0,0,0,0,0,0,0,0,0,0,0,1
85000.0,Racer Magnum RC200-C5B,Барнаул,12000.0,200,бензин,13,0,1,0,1,0,0,0,0,0,0,0,0,0,0,0,0,0,0,0,0,0,1
85000.0,Motoland Voyage 200,Казанская,7350.0,200,бензин,4,0,1,0,1,0,0,0,0,0,0,0,0,0,0,0,0,0,0,0,0,0,1
85000.0,Минск D4 125,Улан-Удэ,2488.0,125,бензин,8,0,1,0,1,0,0,0,0,0,0,0,0,0,0,0,0,0,0,0,0,0,1
85000.0,Kayo Basic K125EM KRZ,Тугулым,110.0,125,бензин,8,0,0,0,1,0,0,0,0,0,0,0,0,0,0,0,0,0,0,0,0,0,1
85000.0,Kayo Basic K125 KRZ,Дубки,1.0,125,бензин,4,0,1,0,1,0,0,0,0,0,0,0,0,0,0,0,0,0,0,0,0,0,1
85000.0,Иж Планета 4,Черногорск,76000.0,350,бензин,38,0,0,0,1,0,0,0,0,0,0,0,0,0,0,0,0,0,0,0,0,0,1
85000.0,Ural-Motors Discovery Classic,Ирбит,36326.0,235,бензин,34,0,1,0,1,0,0,0,0,0,0,0,0,0,0,0,0,0,0,0,0,0,1
87500.0,ЗиД Лифан,Североонежск,30000.0,150,бензин,8,0,1,0,1,0,0,0,0,0,0,0,0,0,0,0,0,0,0,0,0,0,1
85000.0,Kayo Evolution YX125EM,Челябинск,2500.0,125,бензин,2,0,1,0,0,0,0,0,1,0,0,0,0,0,0,0,0,0,0,0,0,0,1
85000.0,Kayo Basic TT125,Москва,1500.0,125,бензин,3,0,1,0,0,0,1,0,0,0,0,0,0,0,0,0,0,0,0,0,0,0,1
85000.0,Apollo Thunder,Тара,84.0,125,бензин,1,0,1,0,1,0,0,0,0,0,0,0,0,0,0,0,0,0,0,0,0,0,1
85000.0,Иж Юпитер 5,Усть-Качка,7200.0,140,бензин,4,1,1,0,1,0,0,0,0,0,0,0,0,0,0,0,0,0,0,0,0,0,1
85000.0,Lifan X9,Уссурийск,200.0,125,бензин,2,0,1,0,1,0,0,0,0,0,0,0,0,0,0,0,0,0,0,0,0,0,1
85000.0,GR GR-X,Москва,17.0,125,бензин,2,0,1,0,0,0,1,0,0,0,0,0,0,0,0,0,0,0,0,0,0,0,1
85000.0,Racer Tourist RC150-23A,Купино,8000.0,149,бензин,6,0,1,0,1,0,0,0,0,0,0,0,0,0,0,0,0,0,0,0,0,0,1
85000.0,Regulmoto Seven Pro,Новосибирск,106.0,125,бензин,3,0,1,0,0,0,0,0,1,0,0,0,0,0,0,0,0,0,0,0,0,0,1
85000.0,Иж 7,Комсомольск-на-Амуре,9661.0,350,бензин,37,0,0,0,1,0,0,0,0,0,0,0,0,0,0,0,0,0,0,0,0,0,1
85000.0,Regulmoto Seven,Новосибирск,131.0,125,бензин,2,0,1,0,0,0,0,0,1,0,0,0,0,0,0,0,0,0,0,0,0,0,1
85000.0,Regulmoto Seven Pro,Канск,52.0,125,бензин,3,0,1,0,1,0,0,0,0,0,0,0,0,0,0,0,0,0,0,0,0,0,1
85000.0,Урал ИМЗ 8.103-10,Прокопьевск,13500.0,649,бензин,35,0,0,0,1,0,0,0,0,0,0,0,0,0,0,0,0,0,0,0,0,0,1
85000.0,Vento Verso,Шадринск,850.0,197,бензин,1,0,1,0,1,0,0,0,0,0,0,0,0,0,0,0,0,0,0,0,0,0,1
85000.0,BSE PH-125,Иркутск,300.0,125,бензин,7,0,1,0,1,0,0,0,0,0,0,0,0,0,0,0,0,0,0,0,0,0,1
85000.0,Wels CRF 140,Бузулук,296.0,140,бензин,4,0,1,0,1,0,0,0,0,0,0,0,0,0,0,0,0,0,0,0,0,0,1
85000.0,BSE EX 125E,Калуга,1.0,125,бензин,3,0,1,0,1,0,0,0,0,0,0,0,0,0,0,0,0,0,0,0,0,0,1
85000.0,Kayo Basic TT140,Санкт-Петербург,55555.0,140,бензин,12,0,1,0,0,0,0,0,0,1,0,0,0,0,0,0,0,0,0,0,0,0,1
85000.0,Apollo RFZ Open 125,Томск,1.0,125,бензин,4,0,1,0,1,0,0,0,0,0,0,0,0,0,0,0,0,0,0,0,0,0,1
85000.0,Motoland TCX 125,Прокопьевск,35.0,125,бензин,3,0,1,0,1,0,0,0,0,0,0,0,0,0,0,0,0,0,0,0,0,0,1
85000.0,BSE EX 125E,Кемерово,999.0,125,бензин,2,0,1,0,1,0,0,0,0,0,0,0,0,0,0,0,0,0,0,0,0,0,1
85000.0,Racer Tiger RC150-23,Белая Калитва,5500.0,150,бензин,5,0,1,0,1,0,0,0,0,0,0,0,0,0,0,0,0,0,0,0,0,0,1
85000.0,Motoland XT300 HS,Тпиг,200.0,300,бензин,3,0,1,0,1,0,0,0,0,0,0,0,0,0,0,0,0,0,0,0,0,0,1
85000.0,Regulmoto Seven Medalist,Краснодар,265.0,140,бензин,3,0,1,0,0,0,0,0,1,0,0,0,0,0,0,0,0,0,0,0,0,0,1
85000.0,Racer Nitro RC250-CK,Минусинск,18000.0,250,бензин,11,0,1,0,1,0,0,0,0,0,0,0,0,0,0,0,0,0,0,0,0,0,1
85000.0,Motoland CRF 250,Камышлов,5000.0,223,бензин,4,0,1,0,1,0,0,0,0,0,0,0,0,0,0,0,0,0,0,0,0,0,1
85000.0,Kayo Basic YX125,Аткарск,96.0,125,бензин,5,0,1,0,1,0,0,0,0,0,0,0,0,0,0,0,0,0,0,0,0,0,1
85000.0,Kayo Basic TT125EM,Новобелокатай,1000.0,125,бензин,2,0,1,0,1,0,0,0,0,0,0,0,0,0,0,0,0,0,0,0,0,0,1
85000.0,Урал М-62,Искитим,6678.0,83,бензин,29,0,1,0,1,0,0,0,0,0,0,0,0,0,0,0,0,0,0,0,0,0,1
85000.0,Wels RT140,Мамадыш,1200.0,140,бензин,8,0,1,0,1,0,0,0,0,0,0,0,0,0,0,0,0,0,0,0,0,0,1
85000.0,Motoland MX 140,Ставрополь,500.0,150,бензин,1,0,1,0,1,0,0,0,0,0,0,0,0,0,0,0,0,0,0,0,0,0,1
85000.0,Kayo Basic TT125,Богданович,1300.0,125,бензин,2,0,1,0,1,0,0,0,0,0,0,0,0,0,0,0,0,0,0,0,0,0,1
85000.0,Regulmoto Seven 125E,Новосибирск,5200.0,125,бензин,5,0,1,0,0,0,0,0,1,0,0,0,0,0,0,0,0,0,0,0,0,0,1
85000.0,Kayo Basic TT125,Октябрьский,3000.0,125,бензин,2,0,1,0,0,0,0,1,0,0,0,0,0,0,0,0,0,0,0,0,0,0,1
85990.0,Racer Enduro RC150-GY,Целинное,5000.0,149,бензин,11,0,1,0,1,0,0,0,0,0,0,0,0,0,0,0,0,0,0,0,0,0,1
86000.0,Regulmoto Senke RM125,Прогресс,13756.0,125,бензин,2,0,1,0,1,0,0,0,0,0,0,0,0,0,0,0,0,0,0,0,0,0,1
86500.0,Regulmoto Seven 125E,Новосибирск,450.0,125,бензин,3,0,1,0,0,0,0,0,1,0,0,0,0,0,0,0,0,0,0,0,0,0,1
87000.0,Irbis TTR 250,Иркутск,2000.0,250,бензин,10,0,1,0,1,0,0,0,0,0,0,0,0,0,0,0,0,0,0,0,0,0,1
87000.0,Kayo Mini YX125EM,Петропавловск-Камчатский,120.0,125,бензин,1,0,1,0,1,0,0,0,0,0,0,0,0,0,0,0,0,0,0,0,0,0,1
87000.0,Wels CRF 125,Мочище,100.0,125,бензин,2,0,1,0,1,0,0,0,0,0,0,0,0,0,0,0,0,0,0,0,0,0,1
87000.0,Baltmotors Motard 200 DD,Новосибирск,10000.0,200,бензин,11,0,1,0,0,0,0,0,1,0,0,0,0,0,0,0,0,0,0,0,0,0,1
87000.0,Kayo Evolution YX125EM,Брянск,444.0,125,бензин,1,0,1,0,1,0,0,0,0,0,0,0,0,0,0,0,0,0,0,0,0,0,1
87000.0,Kayo Basic TT125EM,Красноярск,136.0,125,бензин,2,0,1,0,0,0,0,0,1,0,0,0,0,0,0,0,0,0,0,0,0,0,1
88000.0,Irbis TTR 125R,Коченёво,1700.0,125,бензин,3,0,1,0,1,0,0,0,0,0,0,0,0,0,0,0,0,0,0,0,0,0,1
88250.0,Kayo Evolution K125EM,Брянск,200.0,125,бензин,3,0,1,0,1,0,0,0,0,0,0,0,0,0,0,0,0,0,0,0,0,0,1
89000.0,Roliz Cross-125,Тулун,100.0,125,бензин,1,0,1,0,1,0,0,0,0,0,0,0,0,0,0,0,0,0,0,0,0,0,1
89000.0,Apollo RFZ Start,Тюмень,1950.0,125,бензин,2,0,1,0,1,0,0,0,0,0,0,0,0,0,0,0,0,0,0,0,0,0,1
89000.0,Wels CrossRoad,Челябинск,1.0,150,бензин,1,0,1,0,0,0,0,0,1,0,0,0,0,0,0,0,0,0,0,0,0,0,1
89550.0,Kayo Basic TT140EM,Воронеж,200.0,125,бензин,1,0,1,0,0,0,0,0,1,0,0,0,0,0,0,0,0,0,0,0,0,0,1
89990.0,Kayo Basic TT125EM,Уфа,6.0,125,бензин,3,0,1,0,0,0,0,0,1,0,0,0,0,0,0,0,0,0,0,0,0,0,1
89999.0,Irbis GR 250,Саранск,15000.0,250,бензин,6,0,1,0,1,0,0,0,0,0,0,0,0,0,0,0,0,0,0,0,0,0,1
89999.0,GR GR-X YX125EM,Аликово,3000.0,125,бензин,2,0,1,0,1,0,0,0,0,0,0,0,0,0,0,0,0,0,0,0,0,0,1
90000.0,BSE J2,Усть-Лабинск,63552.0,250,бензин,6,0,1,0,1,0,0,0,0,0,0,0,0,0,0,0,0,0,0,0,0,0,1
90000.0,Regulmoto Seven Medalist,Саянск,100.0,150,бензин,2,0,1,0,1,0,0,0,0,0,0,0,0,0,0,0,0,0,0,0,0,0,1
90000.0,STELS Flex 250,Волгоград,20000.0,258,бензин,7,0,1,0,0,0,0,0,1,0,0,0,0,0,0,0,0,0,0,0,0,0,1
90000.0,Motoland JKS125 E,Катав-Ивановск,150.0,125,бензин,3,0,1,0,1,0,0,0,0,0,0,0,0,0,0,0,0,0,0,0,0,0,1
90000.0,GS Motors S12,Новосибирск,111.0,125,бензин,0,0,1,0,0,0,0,0,1,0,0,0,0,0,0,0,0,0,0,0,0,0,1
90000.0,Regulmoto Seven Medalist Pro,Уссурийск,15000.0,150,бензин,1,0,1,0,1,0,0,0,0,0,0,0,0,0,0,0,0,0,0,0,0,0,1
90000.0,BSE EX 125E,Москва,1.0,125,бензин,2,0,1,0,0,0,1,0,0,0,0,0,0,0,0,0,0,0,0,0,0,0,1
90000.0,BSE PH-125,Тогучин,2.0,125,бензин,3,0,1,0,1,0,0,0,0,0,0,0,0,0,0,0,0,0,0,0,0,0,1
90000.0,Irbis TTR 250,Задонск,1000.0,250,бензин,12,0,1,0,1,0,0,0,0,0,0,0,0,0,0,0,0,0,0,0,0,0,1
90000.0,Motoland Apex 14,Талица,1000.0,140,бензин,4,0,1,0,1,0,0,0,0,0,0,0,0,0,0,0,0,0,0,0,0,0,1
90000.0,Kayo Basic TT125EM,Новобирюсинский,213.0,125,бензин,2,0,1,0,1,0,0,0,0,0,0,0,0,0,0,0,0,0,0,0,0,0,1
90000.0,Regulmoto Seven,Касторное,230.0,125,бензин,3,0,1,0,1,0,0,0,0,0,0,0,0,0,0,0,0,0,0,0,0,0,1
90000.0,Regulmoto Pilot,Абакан,400.0,125,бензин,1,1,1,0,1,0,0,0,0,0,0,0,0,0,0,0,0,0,0,0,0,0,1
90000.0,Kayo Basic TT140EM,Летняя Ставка,750.0,140,бензин,1,0,1,0,1,0,0,0,0,0,0,0,0,0,0,0,0,0,0,0,0,0,1
90000.0,Kawasaki KSR II,Артём,8398.0,80,бензин,29,0,0,0,1,0,0,0,0,0,0,0,0,0,0,0,1,0,0,0,0,0,0
90000.0,Kayo Evolution YX140EM,Таежный,170.0,140,бензин,2,0,1,0,1,0,0,0,0,0,0,0,0,0,0,0,0,0,0,0,0,0,1
90000.0,Kayo Basic K125EM KRZ,Бийск,42.0,125,бензин,1,0,1,0,1,0,0,0,0,0,0,0,0,0,0,0,0,0,0,0,0,0,1
90000.0,Kayo Basic TT140,Кормиловка,70.0,140,бензин,2,0,1,0,1,0,0,0,0,0,0,0,0,0,0,0,0,0,0,0,0,0,1
90000.0,GR GR-X YX125EM,Гаврилов-Ям,130.0,125,бензин,2,0,1,0,1,0,0,0,0,0,0,0,0,0,0,0,0,0,0,0,0,0,1
90000.0,Irbis TTR 250,Ачинск,300.0,250,бензин,11,0,1,0,1,0,0,0,0,0,0,0,0,0,0,0,0,0,0,0,0,0,1
90000.0,Motoland GF150 E,Мамадыш,750.0,150,бензин,1,0,1,0,1,0,0,0,0,0,0,0,0,0,0,0,0,0,0,0,0,0,1
90000.0,Wels RT140,Москва,120.0,150,бензин,3,0,1,0,0,0,1,0,0,0,0,0,0,0,0,0,0,0,0,0,0,0,1
90000.0,ABM FX 200,Ксеньевка,3500.0,200,бензин,11,0,1,0,1,0,0,0,0,0,0,0,0,0,0,0,0,0,0,0,0,0,1
90000.0,Regulmoto Seven Medalist Pro,Вольно-Надеждинское,100.0,150,бензин,2,0,1,0,1,0,0,0,0,0,0,0,0,0,0,0,0,0,0,0,0,0,1
90000.0,Racer Ranger RC200-GY8,Абакан,17700.0,200,бензин,12,0,1,0,1,0,0,0,0,0,0,0,0,0,0,0,0,0,0,0,0,0,1
90000.0,Wels RT140,Благодарный,90.0,140,бензин,2,0,1,0,1,0,0,0,0,0,0,0,0,0,0,0,0,0,0,0,0,0,1
90000.0,Kayo Basic TT140EM,Новосибирск,220.0,140,бензин,2,0,1,0,0,0,0,0,1,0,0,0,0,0,0,0,0,0,0,0,0,0,1
90000.0,Yamaha PW50,Находка,1000.0,50,бензин,20,1,0,0,1,0,0,0,0,0,0,0,0,0,0,0,0,0,0,0,0,1,0
90000.0,Иж Планета 5,Вершино-Дарасунский,70000.0,350,бензин,32,0,0,0,1,0,0,0,0,0,0,0,0,0,0,0,0,0,0,0,0,0,1
90000.0,Kayo K1 250 MX,Катайск,100.0,250,бензин,6,0,1,0,1,0,0,0,0,0,0,0,0,0,0,0,0,0,0,0,0,0,1
90000.0,Regulmoto Seven 125E,Находка,300.0,125,бензин,1,0,1,0,1,0,0,0,0,0,0,0,0,0,0,0,0,0,0,0,0,0,1
90000.0,Wels RT125,Иркутск,2000.0,125,бензин,4,0,1,0,1,0,0,0,0,0,0,0,0,0,0,0,0,0,0,0,0,0,1
90000.0,Wels CRF 125,Сызрань,4.0,125,бензин,1,0,1,0,1,0,0,0,0,0,0,0,0,0,0,0,0,0,0,0,0,0,1
90000.0,Regulmoto SK200-8,Чита,9000.0,200,бензин,3,0,1,0,1,0,0,0,0,0,0,0,0,0,0,0,0,0,0,0,0,0,1
90000.0,ABM GX 250,Тихорецк,500.0,250,бензин,7,0,1,0,1,0,0,0,0,0,0,0,0,0,0,0,0,0,0,0,0,0,1
90000.0,Kayo Basic TT140EM,Троицк,200.0,140,бензин,2,0,1,0,1,0,0,0,0,0,0,0,0,0,0,0,0,0,0,0,0,0,1
90000.0,Racer TRX 125E,Иркутск,3500.0,125,бензин,2,0,1,0,1,0,0,0,0,0,0,0,0,0,0,0,0,0,0,0,0,0,1
90000.0,Kayo Basic TT125,Можга,200.0,125,бензин,1,0,1,0,1,0,0,0,0,0,0,0,0,0,0,0,0,0,0,0,0,0,1
90000.0,Irbis TTR 250R,Майкоп,10000.0,250,бензин,12,0,1,0,1,0,0,0,0,0,0,0,0,0,0,0,0,0,0,0,0,0,1
90000.0,Racer Ranger RC200-GY8,Бачатский,13000.0,200,бензин,11,0,1,0,1,0,0,0,0,0,0,0,0,0,0,0,0,0,0,0,0,0,1
90000.0,Иж 5,Миллерово,1800.0,350,бензин,34,0,0,0,1,0,0,0,0,0,0,0,0,0,0,0,0,0,0,0,0,0,1
90000.0,Racer Enduro RC150-GY,Бийск,3000.0,150,бензин,11,0,1,0,1,0,0,0,0,0,0,0,0,0,0,0,0,0,0,0,0,0,1
90000.0,Kayo Evolution YX140EM,Ленинский,300.0,140,бензин,3,0,1,0,1,0,0,0,0,0,0,0,0,0,0,0,0,0,0,0,0,0,1
90000.0,Racer Forester RC200LT,Змеиногорск,8500.0,200,бензин,11,0,1,0,1,0,0,0,0,0,0,0,0,0,0,0,0,0,0,0,0,0,1
90000.0,Ataki DR250,Острогожск,2000.0,250,бензин,3,0,1,0,1,0,0,0,0,0,0,0,0,0,0,0,0,0,0,0,0,0,1
90000.0,Regulmoto Seven 125E,Полысаево,1000.0,125,бензин,3,0,1,0,1,0,0,0,0,0,0,0,0,0,0,0,0,0,0,0,0,0,1
90000.0,Motoland Tour 150,Владимир,10000.0,150,бензин,9,0,1,0,1,0,0,0,0,0,0,0,0,0,0,0,0,0,0,0,0,0,1
90000.0,Motoland XT125,Калачинск,6000.0,125,бензин,1,0,1,0,1,0,0,0,0,0,0,0,0,0,0,0,0,0,0,0,0,0,1
90000.0,Racer Tourist RC150-23A,Александровский Завод,7000.0,150,бензин,3,0,1,0,1,0,0,0,0,0,0,0,0,0,0,0,0,0,0,0,0,0,1
90000.0,Kayo Basic YX140,Белогорск,1500.0,140,бензин,3,0,1,0,1,0,0,0,0,0,0,0,0,0,0,0,0,0,0,0,0,0,1
90000.0,Regulmoto Seven Pro,Зональная Станция,1000.0,125,бензин,3,0,1,0,1,0,0,0,0,0,0,0,0,0,0,0,0,0,0,0,0,0,1
90000.0,Regulmoto Seven Medalist Pro,Якутск,200.0,150,бензин,3,0,1,0,1,0,0,0,0,0,0,0,0,0,0,0,0,0,0,0,0,0,1
90000.0,Иж К16,Новосибирск,5548.0,350,бензин,45,0,0,0,0,0,0,0,1,0,0,0,0,0,0,0,0,0,0,0,0,0,1
90000.0,Урал ИМЗ 8.103-10,Оренбург,36000.0,650,бензин,32,0,1,0,1,0,0,0,0,0,0,0,0,0,0,0,0,0,0,0,0,0,1
90000.0,Урал ИМЗ 8.103,Белово,11000.0,649,бензин,37,0,1,0,1,0,0,0,0,0,0,0,0,0,0,0,0,0,0,0,0,0,1
90000.0,Sharmax Power Max 140,Хвалынск,1000.0,140,бензин,2,0,1,0,1,0,0,0,0,0,0,0,0,0,0,0,0,0,0,0,0,0,1
90000.0,Sharmax Sport 190,Нижний Новгород,150.0,140,бензин,1,0,1,0,0,0,0,0,1,0,0,0,0,0,0,0,0,0,0,0,0,0,1
90000.0,Regulmoto Senke SK125,Серышево,5250.0,125,бензин,5,0,1,0,1,0,0,0,0,0,0,0,0,0,0,0,0,0,0,0,0,0,1
90000.0,Урал ИМЗ 8.103-10,Шилка,20000.0,650,бензин,31,0,1,0,1,0,0,0,0,0,0,0,0,0,0,0,0,0,0,0,0,0,1
90000.0,Bajaj Boxer BM 150 X,Лесной,3242.0,145,бензин,6,0,1,0,0,0,0,1,0,0,0,0,0,0,0,0,0,0,0,0,0,0,1
90000.0,Kayo Basic TT125,Новоселово,73.0,125,бензин,2,0,1,0,1,0,0,0,0,0,0,0,0,0,0,0,0,0,0,0,0,0,1
90000.0,Ekonika ZF250-3,Иркутск,5000.0,250,бензин,1,0,1,0,1,0,0,0,0,0,0,0,0,0,0,0,0,0,0,0,0,0,1
90000.0,GR GR-X YX125EM,Чистополь,1500.0,125,бензин,2,0,1,0,1,0,0,0,0,0,0,0,0,0,0,0,0,0,0,0,0,0,1
90000.0,Apollo RFZ Start 140L,Москва,350.0,140,бензин,5,0,1,0,0,0,1,0,0,0,0,0,0,0,0,0,0,0,0,0,0,0,1
90000.0,YCF Pilot F125,Тюмень,100.0,125,бензин,11,0,1,0,1,0,0,0,0,0,0,0,0,0,0,0,0,0,0,0,0,0,1
90000.0,Regulmoto Five 125,Братск,2400.0,125,бензин,3,0,1,0,1,0,0,0,0,0,0,0,0,0,0,0,0,0,0,0,0,0,1
90000.0,BSE MX 125,Шилка,150.0,125,бензин,3,0,1,0,1,0,0,0,0,0,0,0,0,0,0,0,0,0,0,0,0,0,1
90000.0,Иж К16,Ульяновск,1000.0,350,бензин,30,0,0,0,1,0,0,0,0,0,0,0,0,0,0,0,0,0,0,0,0,0,1
90000.0,STELS Flex 250,Щёкино,20000.0,250,бензин,12,0,1,0,1,0,0,0,0,0,0,0,0,0,0,0,0,0,0,0,0,0,1
90000.0,Минск ММВЗ-3.112,Талдом,37.0,125,бензин,40,0,0,0,0,0,0,1,0,0,0,0,0,0,0,0,0,0,0,0,0,0,1
90000.0,Kayo Evolution YX125EM,Нижнекамск,40.0,125,бензин,4,0,1,0,1,0,0,0,0,0,0,0,0,0,0,0,0,0,0,0,0,0,1
90000.0,Regulmoto Seven Pro,Чита,200.0,125,бензин,2,0,1,0,1,0,0,0,0,0,0,0,0,0,0,0,0,0,0,0,0,0,1
90000.0,Sharmax Sport 145,Рефтинский,1069.0,125,бензин,1,0,1,0,1,0,0,0,0,0,0,0,0,0,0,0,0,0,0,0,0,0,1
90000.0,Motoland XR250 Lite,Щёкино,1000.0,249,бензин,8,0,1,0,1,0,0,0,0,0,0,0,0,0,0,0,0,0,0,0,0,0,1
90000.0,Regulmoto Seven Medalist,Пермь,39.0,140,бензин,1,0,1,0,0,0,0,0,1,0,0,0,0,0,0,0,0,0,0,0,0,0,1
90000.0,ABM Raptor 200,Мегет,6109.0,200,бензин,12,0,1,0,1,0,0,0,0,0,0,0,0,0,0,0,0,0,0,0,0,0,1
90000.0,Regulmoto Seven Medalist,Маккавеево,116.0,150,бензин,3,0,1,0,1,0,0,0,0,0,0,0,0,0,0,0,0,0,0,0,0,0,1
90000.0,STELS 250 Enduro,Исетское,5000.0,250,бензин,11,0,1,0,1,0,0,0,0,0,0,0,0,0,0,0,0,0,0,0,0,0,1
90000.0,BSE 125,Междуреченск,70.0,125,бензин,4,0,1,0,1,0,0,0,0,0,0,0,0,0,0,0,0,0,0,0,0,0,1
90000.0,Racer Nitro RC200-CK,Петухово,2000.0,196,бензин,13,0,1,0,1,0,0,0,0,0,0,0,0,0,0,0,0,0,0,0,0,0,1
90000.0,Kayo Basic K125EM KRZ,Каргаполье,67.0,125,бензин,1,0,1,0,1,0,0,0,0,0,0,0,0,0,0,0,0,0,0,0,0,0,1
90000.0,Kayo TT160,Саратов,200.0,160,бензин,12,0,1,0,1,0,0,0,0,0,0,0,0,0,0,0,0,0,0,0,0,0,1
90000.0,Racer Magnum RC200-C5B,Новокузнецк,9400.0,200,бензин,12,0,1,0,1,0,0,0,0,0,0,0,0,0,0,0,0,0,0,0,0,0,1
90000.0,Иж Юпитер 5,Юрга,1000.0,350,бензин,33,0,0,0,1,0,0,0,0,0,0,0,0,0,0,0,0,0,0,0,0,0,1
90000.0,Motoland GF150 E,Симферополь,500.0,150,бензин,1,0,1,0,1,0,0,0,0,0,0,0,0,0,0,0,0,0,0,0,0,0,1
90000.0,Racer Tourist,Чернышевск,2396.0,150,бензин,5,0,1,0,1,0,0,0,0,0,0,0,0,0,0,0,0,0,0,0,0,0,1
90000.0,Motoland MX 140,Ижевск,1500.0,140,бензин,4,0,1,0,1,0,0,0,0,0,0,0,0,0,0,0,0,0,0,0,0,0,1
90000.0,Racer TRX 140E,Карасук,200.0,140,бензин,2,0,1,0,1,0,0,0,0,0,0,0,0,0,0,0,0,0,0,0,0,0,1
90000.0,Sharmax Sport 145,Партизанск,100.0,140,бензин,1,0,1,0,1,0,0,0,0,0,0,0,0,0,0,0,0,0,0,0,0,0,1
90000.0,GR GR-X,Наро-Фоминск,500.0,140,бензин,3,0,1,0,0,0,0,1,0,0,0,0,0,0,0,0,0,0,0,0,0,0,1
90000.0,Motoland XR250 Lite,Починок,1.0,250,бензин,4,0,1,0,1,0,0,0,0,0,0,0,0,0,0,0,0,0,0,0,0,0,1
90000.0,Motoland GS 250,Москва,4000.0,250,бензин,2,0,1,0,0,0,1,0,0,0,0,0,0,0,0,0,0,0,0,0,0,0,1
90000.0,Apollo RFZ Start 125L,Новосибирск,3500.0,125,бензин,2,0,1,0,0,0,0,0,1,0,0,0,0,0,0,0,0,0,0,0,0,0,1
90000.0,Минск D4 125,Воронеж,1707.0,125,бензин,11,0,1,0,0,0,0,0,1,0,0,0,0,0,0,0,0,0,0,0,0,0,1
90000.0,Regulmoto Spitfire,Симферополь,150.0,125,бензин,1,0,1,0,1,0,0,0,0,0,0,0,0,0,0,0,0,0,0,0,0,0,1
90000.0,ABM FX 200,Северобайкальск,2800.0,200,бензин,6,0,1,0,1,0,0,0,0,0,0,0,0,0,0,0,0,0,0,0,0,0,1
90000.0,Motoland Enduro 250 ST,Борисоглебск,13500.0,250,бензин,6,0,1,0,1,0,0,0,0,0,0,0,0,0,0,0,0,0,0,0,0,0,1
92500.0,BSE MX 125,Челябинск,200.0,125,бензин,1,0,1,0,0,0,0,0,1,0,0,0,0,0,0,0,0,0,0,0,0,0,1
93000.0,BSE 140,Смышляевка,47.0,140,бензин,1,0,1,0,1,0,0,0,0,0,0,0,0,0,0,0,0,0,0,0,0,0,1
93000.0,PWR Racing FRZ 140,Приволжье,31.0,140,бензин,1,0,1,0,1,0,0,0,0,0,0,0,0,0,0,0,0,0,0,0,0,0,1
93000.0,Motoland Forester 200,Новосибирск,2700.0,197,бензин,4,0,1,0,0,0,0,0,1,0,0,0,0,0,0,0,0,0,0,0,0,0,1
93950.0,Regulmoto Seven Medalist,Новосибирск,218.0,140,бензин,1,0,1,0,0,0,0,0,1,0,0,0,0,0,0,0,0,0,0,0,0,0,1
94000.0,Apollo Thunder 125,Красноярск,30.0,125,бензин,1,0,1,0,0,0,0,0,1,0,0,0,0,0,0,0,0,0,0,0,0,0,1
94000.0,Motoland RZ200,Бийск,4000.0,200,бензин,2,0,1,0,1,0,0,0,0,0,0,0,0,0,0,0,0,0,0,0,0,0,1
94990.0,Racer Enduro RC200XZT,Новосибирск,2000.0,200,бензин,11,0,1,0,0,0,0,0,1,0,0,0,0,0,0,0,0,0,0,0,0,0,1
94990.0,Regulmoto 150QT-15M / EK-3,Владивосток,435.0,149,бензин,2,0,1,0,1,0,0,0,0,0,0,0,0,0,0,0,0,0,0,0,0,0,1
95000.0,Racer Enduro RC150-GY,Дульдурга,5555.0,150,бензин,11,0,1,0,1,0,0,0,0,0,0,0,0,0,0,0,0,0,0,0,0,0,1
95000.0,Урал ИМЗ 8.103,Наурская,123.0,600,бензин,25,0,0,0,1,0,0,0,0,0,0,0,0,0,0,0,0,0,0,0,0,0,1
95000.0,Regulmoto Seven 125E,Черемхово,1.0,125,бензин,3,0,1,0,1,0,0,0,0,0,0,0,0,0,0,0,0,0,0,0,0,0,1
95000.0,Racer Pitbike RC-CRF140E,Маркова,1500.0,140,бензин,1,0,1,0,1,0,0,0,0,0,0,0,0,0,0,0,0,0,0,0,0,0,1
95000.0,BSE MX 125,Калининград,200.0,125,бензин,1,0,1,0,1,0,0,0,0,0,0,0,0,0,0,0,0,0,0,0,0,0,1
95000.0,Regulmoto Seven,Красноярск,200.0,125,бензин,1,0,1,0,0,0,0,0,1,0,0,0,0,0,0,0,0,0,0,0,0,0,1
95000.0,Kayo Evolution ZS190E,Санкт-Петербург,30.0,190,бензин,13,0,1,0,0,0,0,0,0,1,0,0,0,0,0,0,0,0,0,0,0,0,1
95000.0,Kayo Basic TT140EM,Новолуговое,300.0,140,бензин,3,0,1,0,1,0,0,0,0,0,0,0,0,0,0,0,0,0,0,0,0,0,1
95000.0,GR GR-SX150,Москва,3000.0,150,бензин,4,0,1,0,0,0,1,0,0,0,0,0,0,0,0,0,0,0,0,0,0,0,1
95000.0,Motoland Apex 125,Юрюзань,128.0,125,бензин,2,0,1,0,1,0,0,0,0,0,0,0,0,0,0,0,0,0,0,0,0,0,1
95000.0,Regulmoto Seven Medalist,Осинники,20.0,125,бензин,1,0,1,0,1,0,0,0,0,0,0,0,0,0,0,0,0,0,0,0,0,0,1
95000.0,Kayo Basic TT140,Альметьевск,500.0,140,бензин,1,0,1,0,1,0,0,0,0,0,0,0,0,0,0,0,0,0,0,0,0,0,1
95000.0,Днепр КМЗ 8.155,Новая Игирма,5200.0,650,бензин,31,0,1,0,1,0,0,0,0,0,0,0,0,0,0,0,0,0,0,0,0,0,1
95000.0,Sharmax Power Max 140,Гусиноозёрск,1500.0,140,бензин,3,0,1,0,1,0,0,0,0,0,0,0,0,0,0,0,0,0,0,0,0,0,1
95000.0,Motoland Forester 200,Альметьевск,2000.0,200,бензин,5,0,1,0,1,0,0,0,0,0,0,0,0,0,0,0,0,0,0,0,0,0,1
95000.0,Racer Panther RC300-GY8X,Дегтярск,14272.0,270,бензин,5,0,1,0,1,0,0,0,0,0,0,0,0,0,0,0,0,0,0,0,0,0,1
95000.0,Racer Pitbike RC-CRF140E,Железногорск-Илимский,600.0,160,бензин,3,0,1,0,1,0,0,0,0,0,0,0,0,0,0,0,0,0,0,0,0,0,1
95000.0,Racer RC150,Яя,304.0,127,бензин,12,0,1,0,1,0,0,0,0,0,0,0,0,0,0,0,0,0,0,0,0,0,1
95000.0,STELS 250 Enduro,Пенза,10000.0,250,бензин,11,0,0,0,1,0,0,0,0,0,0,0,0,0,0,0,0,0,0,0,0,0,1
95000.0,Regulmoto ZR 250,Барнаул,1000.0,250,бензин,4,0,1,0,1,0,0,0,0,0,0,0,0,0,0,0,0,0,0,0,0,0,1
95000.0,Regulmoto Seven Pro,Красноярск,3315.0,125,бензин,1,0,1,0,0,0,0,0,1,0,0,0,0,0,0,0,0,0,0,0,0,0,1
95000.0,Kayo T2,Симферополь,1000.0,250,бензин,6,0,1,0,1,0,0,0,0,0,0,0,0,0,0,0,0,0,0,0,0,0,1
95000.0,Regulmoto Seven Medalist,Полысаево,1500.0,150,бензин,1,0,1,0,1,0,0,0,0,0,0,0,0,0,0,0,0,0,0,0,0,0,1
95000.0,Motoland Enduro 250 ST,Ялуторовск,9300.0,250,бензин,4,0,1,0,1,0,0,0,0,0,0,0,0,0,0,0,0,0,0,0,0,0,1
95000.0,SSSR Atom 125,Киселёвск,600.0,125,бензин,3,0,1,0,1,0,0,0,0,0,0,0,0,0,0,0,0,0,0,0,0,0,1
95000.0,Kayo Evolution YX150,Череповец,1000.0,150,бензин,5,0,1,0,1,0,0,0,0,0,0,0,0,0,0,0,0,0,0,0,0,0,1
95000.0,Motoland XR250 Lite,Ставрополь,666.0,250,бензин,3,0,1,0,1,0,0,0,0,0,0,0,0,0,0,0,0,0,0,0,0,0,1
95000.0,Kayo Evolution YX125EM,Новосибирск,100.0,125,бензин,3,0,1,0,0,0,0,0,1,0,0,0,0,0,0,0,0,0,0,0,0,0,1
95000.0,Apollo RFZ Start 125LE,Новокузнецк,6.0,125,бензин,1,0,1,0,1,0,0,0,0,0,0,0,0,0,0,0,0,0,0,0,0,0,1
95000.0,Progasi Smart 125,Прямицыно,801.0,125,бензин,1,0,1,0,1,0,0,0,0,0,0,0,0,0,0,0,0,0,0,0,0,0,1
95000.0,Kayo K1 250 Enduro,Бахчисарай,500.0,250,бензин,4,0,1,0,1,0,0,0,0,0,0,0,0,0,0,0,0,0,0,0,0,0,1
95000.0,Progasi Smart Mini 125,Юрга,1000.0,125,бензин,1,0,1,0,1,0,0,0,0,0,0,0,0,0,0,0,0,0,0,0,0,0,1
95000.0,Zuumav FX K4 Pro,Пятигорск,330.0,150,бензин,3,0,1,0,1,0,0,0,0,0,0,0,0,0,0,0,0,0,0,0,0,0,1
95000.0,Regulmoto Seven Medalist Pro,Новокузнецк,95.0,140,бензин,3,0,1,0,1,0,0,0,0,0,0,0,0,0,0,0,0,0,0,0,0,0,1
95000.0,Honda MTX,Камень-Рыболов,17500.0,200,бензин,36,0,0,0,1,0,0,0,0,0,0,0,0,0,1,0,0,0,0,0,0,0,0
95000.0,Progasi Smart 125,Углеуральский,1150.0,125,бензин,2,0,1,0,1,0,0,0,0,0,0,0,0,0,0,0,0,0,0,0,0,0,1
95000.0,Alpha Sport 125,Тара,650.0,125,бензин,1,0,1,0,1,0,0,0,0,0,0,0,0,0,0,0,0,0,0,0,0,0,1
95000.0,Ekonika Sport-001,Таштагол,5000.0,250,бензин,10,0,1,0,1,0,0,0,0,0,0,0,0,0,0,0,0,0,0,0,0,0,1
95000.0,Roliz 150-8A-I Asterix,Чита,10790.0,150,бензин,5,0,1,0,1,0,0,0,0,0,0,0,0,0,0,0,0,0,0,0,0,0,1
95000.0,STELS Flex 250,Спасск,11111.0,225,бензин,8,0,1,0,1,0,0,0,0,0,0,0,0,0,0,0,0,0,0,0,0,0,1
95000.0,Kayo Basic TT125,Топки,14.0,125,бензин,1,0,1,0,1,0,0,0,0,0,0,0,0,0,0,0,0,0,0,0,0,0,1
96000.0,Regulmoto Senke SK200-9,Новошахтинск,9120.0,200,бензин,1,0,1,0,1,0,0,0,0,0,0,0,0,0,0,0,0,0,0,0,0,0,1
96500.0,Racer Panther RC200GY-C2,Уфа,6000.0,200,бензин,11,0,1,0,0,0,0,0,1,0,0,0,0,0,0,0,0,0,0,0,0,0,1
97000.0,Kawasaki KX 65,Хабаровск,2000.0,65,бензин,18,0,0,0,1,0,0,0,0,0,0,0,0,0,0,0,1,0,0,0,0,0,0
97000.0,Kayo Basic TT140,Красноярск,200.0,140,бензин,2,0,1,0,0,0,0,0,1,0,0,0,0,0,0,0,0,0,0,0,0,0,1
98000.0,Regulmoto Senke RM125,Ясногорск,2512.0,125,бензин,2,0,1,0,1,0,0,0,0,0,0,0,0,0,0,0,0,0,0,0,0,0,1
98000.0,Ataki SX150,Калуга,86.0,150,бензин,1,0,1,0,1,0,0,0,0,0,0,0,0,0,0,0,0,0,0,0,0,0,1
99000.0,Wels RT140,Усолье-Сибирское,100.0,140,бензин,2,0,1,0,1,0,0,0,0,0,0,0,0,0,0,0,0,0,0,0,0,0,1
99000.0,Sharmax Sport 145,Новосибирск,1200.0,125,бензин,1,0,1,0,0,0,0,0,1,0,0,0,0,0,0,0,0,0,0,0,0,0,1
99000.0,ABM Raptor 250,Иркутск,5200.0,250,бензин,11,0,1,0,1,0,0,0,0,0,0,0,0,0,0,0,0,0,0,0,0,0,1
99999.0,Sharmax Sport 190,Улан-Удэ,1100.0,140,бензин,1,0,1,0,1,0,0,0,0,0,0,0,0,0,0,0,0,0,0,0,0,0,1
99999.0,Racer RC150,Хомутово,4000.0,149,бензин,5,0,0,1,1,0,0,0,0,0,0,0,0,0,0,0,0,0,0,0,0,0,1
99999.0,Regulmoto Pilot,Пригорск,45.0,125,бензин,2,0,1,0,1,0,0,0,0,0,0,0,0,0,0,0,0,0,0,0,0,0,1
99999.0,Racer Ranger RC200-GY8,Междуреченск,6600.0,200,бензин,11,0,1,0,1,0,0,0,0,0,0,0,0,0,0,0,0,0,0,0,0,0,1
99999.0,Racer Enduro RC200GY-C2,Миасс,6000.0,200,бензин,4,0,1,1,1,0,0,0,0,0,0,0,0,0,0,0,0,0,0,0,0,0,1
100000.0,Irbis TTR 250R,Бачатский,8000.0,250,бензин,11,0,1,0,1,0,0,0,0,0,0,0,0,0,0,0,0,0,0,0,0,0,1
100000.0,Regulmoto Athlete 250,Свободный,500.0,250,бензин,4,0,1,0,1,0,0,0,0,0,0,0,0,0,0,0,0,0,0,0,0,0,1
100000.0,Wels RT140,Усолье-Сибирское,144.0,140,бензин,4,0,0,0,1,0,0,0,0,0,0,0,0,0,0,0,0,0,0,0,0,0,1
100000.0,Днепр МТ-10-36,Москва,15474.0,650,бензин,47,0,1,0,0,0,1,0,0,0,0,0,0,0,0,0,0,0,0,0,0,0,1
100000.0,Kayo Basic TT140EM,Елабуга,52.0,140,бензин,2,0,1,0,1,0,0,0,0,0,0,0,0,0,0,0,0,0,0,0,0,0,1
100000.0,BSE 125,Лаишево,800.0,125,бензин,2,0,1,0,1,0,0,0,0,0,0,0,0,0,0,0,0,0,0,0,0,0,1
100000.0,CFMoto 150 NK,Краснощёково,1300.0,150,бензин,10,0,1,1,1,0,0,0,0,0,0,1,0,0,0,0,0,0,0,0,0,0,0
100000.0,K2R PF-R160,Новосибирск,50.0,160,бензин,1,0,1,0,0,0,0,0,1,0,0,0,0,0,0,0,0,0,0,0,0,0,1
100000.0,Roliz 150-8A-E Optimus,Николаевск,3000.0,200,бензин,1,0,0,0,1,0,0,0,0,0,0,0,0,0,0,0,0,0,0,0,0,0,1
100000.0,Racer Panther Lite RC250GY-C2A,Кемерово,5600.0,224,бензин,7,0,1,0,1,0,0,0,0,0,0,0,0,0,0,0,0,0,0,0,0,0,1
100000.0,Racer Nitro RC250-CK,Новосибирск,5000.0,250,бензин,10,0,1,0,0,0,0,0,1,0,0,0,0,0,0,0,0,0,0,0,0,0,1
100000.0,Kayo Basic TT140,Краснодар,60.0,149,бензин,1,0,1,0,0,0,0,0,1,0,0,0,0,0,0,0,0,0,0,0,0,0,1
100000.0,Racer Enduro RC200GY-C2,Улан-Удэ,3500.0,200,бензин,2,0,1,0,1,0,0,0,0,0,0,0,0,0,0,0,0,0,0,0,0,0,1
100000.0,Fighter TSR 250,Кострома,1000.0,250,бензин,10,0,1,0,1,0,0,0,0,0,0,0,0,0,0,0,0,0,0,0,0,0,1
100000.0,GR GR-X,Москва,100.0,140,бензин,1,0,1,0,0,0,1,0,0,0,0,0,0,0,0,0,0,0,0,0,0,0,1
100000.0,Kayo Basic TT140EM,Старый Крым,30.0,140,бензин,1,0,1,0,1,0,0,0,0,0,0,0,0,0,0,0,0,0,0,0,0,0,1
100000.0,Regulmoto Onix 125,Ярославль,138.0,125,бензин,2,0,1,0,1,0,0,0,0,0,0,0,0,0,0,0,0,0,0,0,0,0,1
100000.0,Roliz Optimus Max,Балашов,3000.0,150,бензин,1,0,1,0,1,0,0,0,0,0,0,0,0,0,0,0,0,0,0,0,0,0,1
100000.0,Racer RC150,Верх-Ирмень,2263.0,150,бензин,2,0,1,0,1,0,0,0,0,0,0,0,0,0,0,0,0,0,0,0,0,0,1
100000.0,SPR-Motors MiniCross V2 Max,Новосысоевка,1500.0,190,бензин,2,0,1,0,1,0,0,0,0,0,0,0,0,0,0,0,0,0,0,0,0,0,1
100000.0,Kayo Evolution YX140EM,Анжеро-Судженск,1500.0,150,бензин,2,0,1,0,1,0,0,0,0,0,0,0,0,0,0,0,0,0,0,0,0,0,1
100000.0,Ява 350-634,Кизилюрт,1000.0,350,бензин,47,0,0,0,1,0,0,0,0,0,0,0,0,0,0,0,0,0,0,0,0,0,1
100000.0,Apollo Thunder 150,Ромны,1000.0,150,бензин,2,1,1,0,1,0,0,0,0,0,0,0,0,0,0,0,0,0,0,0,0,0,1
100000.0,Kayo Evolution K125EM,Южно-Сахалинск,500.0,125,бензин,1,0,1,0,1,0,0,0,0,0,0,0,0,0,0,0,0,0,0,0,0,0,1
100000.0,Bajaj Boxer BM 125 X,Москва,3000.0,124,бензин,2,0,1,0,0,0,1,0,0,0,0,0,0,0,0,0,0,0,0,0,0,0,1
100000.0,Racer Magnum RC250-C5B,Псков,20000.0,250,бензин,9,0,1,0,1,0,0,0,0,0,0,0,0,0,0,0,0,0,0,0,0,0,1
100000.0,Ekonika ZF200-3,Комсомольск-на-Амуре,350.0,200,бензин,12,0,1,0,1,0,0,0,0,0,0,0,0,0,0,0,0,0,0,0,0,0,1
100000.0,Racer Fighter RC250CK-N,Берёзовский,11000.0,250,бензин,11,0,1,0,1,0,0,0,0,0,0,0,0,0,0,0,0,0,0,0,0,0,1
100000.0,Roliz Cross-125,Хилок,65.0,125,бензин,3,0,1,0,1,0,0,0,0,0,0,0,0,0,0,0,0,0,0,0,0,0,1
100000.0,Regulmoto Seven Medalist,Пластун,2000.0,140,бензин,3,0,1,0,1,0,0,0,0,0,0,0,0,0,0,0,0,0,0,0,0,0,1
100000.0,Иж Юпитер 5,Новосибирск,20000.0,350,бензин,34,0,0,0,0,0,0,0,1,0,0,0,0,0,0,0,0,0,0,0,0,0,1
100000.0,Kayo Basic TT140EM,Димитровград,160.0,140,бензин,2,0,1,0,1,0,0,0,0,0,0,0,0,0,0,0,0,0,0,0,0,0,1
100000.0,Kayo Evolution YX125EM,Казань,110.0,125,бензин,2,0,1,0,0,0,0,0,1,0,0,0,0,0,0,0,0,0,0,0,0,0,1
100000.0,Yamaha FZX 750,Сочи,300000.0,750,бензин,30,0,1,0,1,0,0,0,0,0,0,0,0,0,0,0,0,0,0,0,0,1,0
100000.0,Regulmoto Seven Medalist Pro,Дальнереченск,1400.0,150,бензин,2,0,1,0,1,0,0,0,0,0,0,0,0,0,0,0,0,0,0,0,0,0,1
100000.0,Racer Fighter RC250CK-N,Кочки,3000.0,250,бензин,33,0,1,0,1,0,0,0,0,0,0,0,0,0,0,0,0,0,0,0,0,0,1
100000.0,Alpha Sport,Улан-Удэ,488.0,110,бензин,4,0,1,0,1,0,0,0,0,0,0,0,0,0,0,0,0,0,0,0,0,0,1
100000.0,Yamaha YZ,Красноярск,111.0,50,бензин,14,1,0,0,0,0,0,0,1,0,0,0,0,0,0,0,0,0,0,0,0,1,0
100000.0,Regulmoto Seven Medalist,Шебалино,200.0,150,бензин,3,0,1,0,1,0,0,0,0,0,0,0,0,0,0,0,0,0,0,0,0,0,1
100000.0,SYM XS 125,Пушкино,13775.0,125,бензин,16,0,1,0,0,0,0,1,0,0,0,0,0,0,0,0,0,0,0,0,0,0,1
100000.0,STELS Flame 200,Кемерово,8000.0,200,бензин,10,0,1,0,1,0,0,0,0,0,0,0,0,0,0,0,0,0,0,0,0,0,1
100000.0,Regulmoto Seven Medalist Pro,Новосибирск,1500.0,150,бензин,1,0,1,0,0,0,0,0,1,0,0,0,0,0,0,0,0,0,0,0,0,0,1
100000.0,Иж Планета 5,Чулым,35000.0,350,бензин,20,0,0,0,1,0,0,0,0,0,0,0,0,0,0,0,0,0,0,0,0,0,1
100000.0,GR GR-X YX140EM,Вербилки,135.0,140,бензин,2,0,1,0,0,0,0,1,0,0,0,0,0,0,0,0,0,0,0,0,0,0,1
100000.0,Racer Nitro RC200-CK,Таврическое,1100.0,200,бензин,6,0,1,0,1,0,0,0,0,0,0,0,0,0,0,0,0,0,0,0,0,0,1
100000.0,Motoland Bandit 250,Ольховатка,3000.0,250,бензин,3,0,1,0,1,0,0,0,0,0,0,0,0,0,0,0,0,0,0,0,0,0,1
100000.0,Motoland Apex 125E,Петропавловск-Камчатский,150.0,125,бензин,2,0,1,0,1,0,0,0,0,0,0,0,0,0,0,0,0,0,0,0,0,0,1
100000.0,CZ 350,Балаково,5000.0,350,бензин,48,0,0,0,1,0,0,0,0,0,0,0,0,0,0,0,0,0,0,0,0,0,1
100000.0,Irbis TTR 250R,Нижний Новгород,6000.0,250,бензин,11,0,1,0,0,0,0,0,1,0,0,0,0,0,0,0,0,0,0,0,0,0,1
100000.0,Racer Enduro RC200GY-C2,Бийск,7000.0,200,бензин,5,0,1,0,1,0,0,0,0,0,0,0,0,0,0,0,0,0,0,0,0,0,1
100000.0,Ataki Tracker,Тюмень,2280.0,249,бензин,2,0,1,0,1,0,0,0,0,0,0,0,0,0,0,0,0,0,0,0,0,0,1
100000.0,Bajaj Boxer BM 150 UG,Томск,4740.0,150,бензин,7,0,1,0,1,0,0,0,0,0,0,0,0,0,0,0,0,0,0,0,0,0,1
100000.0,Kayo Evolution YX125EM,Навля,65.0,125,бензин,2,0,1,0,1,0,0,0,0,0,0,0,0,0,0,0,0,0,0,0,0,0,1
100000.0,Sharmax PowerMax 145,Краснодар,300.0,125,бензин,1,1,1,0,0,0,0,0,1,0,0,0,0,0,0,0,0,0,0,0,0,0,1
100000.0,Racer Tiger RC150-23,Барнаул,1440.0,150,бензин,6,0,1,0,1,0,0,0,0,0,0,0,0,0,0,0,0,0,0,0,0,0,1
100000.0,Regulmoto Seven Medalist,Иркутск,1400.0,140,бензин,1,0,1,0,1,0,0,0,0,0,0,0,0,0,0,0,0,0,0,0,0,0,1
100000.0,Racer Nitro RC200-CK,Бердск,14383.0,196,бензин,22,0,1,0,1,0,0,0,0,0,0,0,0,0,0,0,0,0,0,0,0,0,1
100000.0,Wels RT140,Санкт-Петербург,50.0,140,бензин,2,0,1,0,0,0,0,0,0,1,0,0,0,0,0,0,0,0,0,0,0,0,1
100000.0,Motoland Flash 200,Кропоткин,21000.0,197,бензин,3,0,1,0,1,0,0,0,0,0,0,0,0,0,0,0,0,0,0,0,0,0,1
100000.0,Irbis TTR 250,Сергиев Посад,2778.0,250,бензин,12,0,1,0,0,0,0,1,0,0,0,0,0,0,0,0,0,0,0,0,0,0,1
100000.0,Минск ММВЗ-3.112.14,Кемерово,1.0,125,бензин,18,0,0,0,1,0,0,0,0,0,0,0,0,0,0,0,0,0,0,0,0,0,1
100000.0,Bajaj Boxer BM 150 X,Нягань,1700.0,150,бензин,5,0,1,0,1,0,0,0,0,0,0,0,0,0,0,0,0,0,0,0,0,0,1
100000.0,Kayo Evolution YX140EM,Шелехов,90.0,140,бензин,2,0,1,0,1,0,0,0,0,0,0,0,0,0,0,0,0,0,0,0,0,0,1
100000.0,ABM Raptor 200,Липецк,10.0,200,бензин,12,0,1,0,1,0,0,0,0,0,0,0,0,0,0,0,0,0,0,0,0,0,1
100000.0,Kawasaki KMX200,Улан-Удэ,3500.0,250,бензин,35,0,1,0,1,0,0,0,0,0,0,0,0,0,0,0,1,0,0,0,0,0,0
100000.0,Zuumav FX K1,Новокузнецк,20.0,107,бензин,2,1,1,0,1,0,0,0,0,0,0,0,0,0,0,0,0,0,0,0,0,0,1
100000.0,Regulmoto Seven Medalist Pro,Савино,4000.0,140,бензин,2,0,1,0,1,0,0,0,0,0,0,0,0,0,0,0,0,0,0,0,0,0,1
100000.0,Apollo RXF Freeride 190,Атамановка,2500.0,212,бензин,7,0,1,0,1,0,0,0,0,0,0,0,0,0,0,0,0,0,0,0,0,0,1
100000.0,Regulmoto Seven Medalist Pro,Благовещенск,1000.0,150,бензин,2,0,1,0,1,0,0,0,0,0,0,0,0,0,0,0,0,0,0,0,0,0,1
100000.0,Regulmoto Senke SK200GY-5,Ангарск,10000.0,200,бензин,7,0,1,0,1,0,0,0,0,0,0,0,0,0,0,0,0,0,0,0,0,0,1
100000.0,Roliz 150-8A-E Optimus,Зима,645.0,150,бензин,1,0,1,0,1,0,0,0,0,0,0,0,0,0,0,0,0,0,0,0,0,0,1
100000.0,ABM Raptor 200,Москва,7685.0,200,бензин,11,0,1,0,0,0,1,0,0,0,0,0,0,0,0,0,0,0,0,0,0,0,1
100000.0,Racer Enduro 300 RC300-GY8A,Усть-Кут,3300.0,300,бензин,3,0,1,0,1,0,0,0,0,0,0,0,0,0,0,0,0,0,0,0,0,0,1
100000.0,Racer Enduro L150 RC150-23X,Нерчинск,1934.0,150,бензин,5,0,1,0,1,0,0,0,0,0,0,0,0,0,0,0,0,0,0,0,0,0,1
100000.0,STELS Flex 250,Кесова Гора,4200.0,250,бензин,9,0,1,0,1,0,0,0,0,0,0,0,0,0,0,0,0,0,0,0,0,0,1
100000.0,PitonMoto PX3,Челябинск,60.0,140,бензин,1,0,1,0,0,0,0,0,1,0,0,0,0,0,0,0,0,0,0,0,0,0,1
100000.0,Иж Юпитер 5,Благовещенск,2500.0,350,бензин,34,0,0,0,1,0,0,0,0,0,0,0,0,0,0,0,0,0,0,0,0,0,1
100000.0,BSE 125,Егорьевск,4000.0,140,бензин,2,0,1,0,0,0,0,1,0,0,0,0,0,0,0,0,0,0,0,0,0,0,1
100000.0,Regulmoto SK 200-6,Якутск,3244.0,200,бензин,2,0,1,0,1,0,0,0,0,0,0,0,0,0,0,0,0,0,0,0,0,0,1
100000.0,Adiva Hyper 5,Черемхово,11000.0,120,бензин,20,0,1,0,1,0,0,0,0,0,0,0,0,0,0,0,0,0,0,0,0,0,1
100000.0,Bajaj Boxer BM 150,Тюмень,7500.0,150,бензин,5,0,1,0,1,0,0,0,0,0,0,0,0,0,0,0,0,0,0,0,0,0,1
100000.0,Kayo Evolution YX125EM,Нижний Тагил,500.0,125,бензин,4,0,1,0,1,0,0,0,0,0,0,0,0,0,0,0,0,0,0,0,0,0,1
100000.0,Roliz 150-8A-I Asterix,Челябинск,800.0,150,бензин,2,0,1,0,0,0,0,0,1,0,0,0,0,0,0,0,0,0,0,0,0,0,1
100000.0,Ява 350-634,Гуково,27695.0,350,бензин,44,0,0,0,1,0,0,0,0,0,0,0,0,0,0,0,0,0,0,0,0,0,1
100000.0,Урал ИМЗ 8.103-10,Смоленское,32500.0,900,бензин,36,0,1,0,1,0,0,0,0,0,0,0,0,0,0,0,0,0,0,0,0,0,1
100000.0,Минск D4 125,Братск,2888.0,124,бензин,1,0,1,0,1,0,0,0,0,0,0,0,0,0,0,0,0,0,0,0,0,0,1
100000.0,Мотоальфа A-1,Смоленск,1000.0,250,бензин,5,0,1,0,1,0,0,0,0,0,0,0,0,0,0,0,0,0,0,0,0,0,1
100000.0,Yamaha TZR 250,Санкт-Петербург,17000.0,250,бензин,37,0,0,0,0,0,0,0,0,1,0,0,0,0,0,0,0,0,0,0,0,1,0
100000.0,Regulmoto Seven Medalist Pro,Уссурийск,1250.0,150,бензин,1,0,1,0,1,0,0,0,0,0,0,0,0,0,0,0,0,0,0,0,0,0,1
100000.0,Regulmoto Senke SK200-9,Чульман,8000.0,200,бензин,3,0,1,0,1,0,0,0,0,0,0,0,0,0,0,0,0,0,0,0,0,0,1
100000.0,Regulmoto SK 150-22,Барабаш,850.0,162,бензин,3,0,1,0,1,0,0,0,0,0,0,0,0,0,0,0,0,0,0,0,0,0,1
100000.0,Sharmax PowerMax 190,Ростов-на-Дону,2500.0,140,бензин,2,1,1,0,0,0,0,0,1,0,0,0,0,0,0,0,0,0,0,0,0,0,1
100000.0,Минск D4 125,Улан-Удэ,1.0,125,бензин,3,0,1,0,1,0,0,0,0,0,0,0,0,0,0,0,0,0,0,0,0,0,1
100000.0,Irbis TTR 250,Чита,3000.0,250,бензин,12,0,1,0,1,0,0,0,0,0,0,0,0,0,0,0,0,0,0,0,0,0,1
100000.0,Урал К-750,Усть-Лабинск,6000.0,65,бензин,45,0,1,0,1,0,0,0,0,0,0,0,0,0,0,0,0,0,0,0,0,0,1
102000.0,Sharmax Sport 190,Барнаул,1300.0,140,бензин,2,0,1,0,1,0,0,0,0,0,0,0,0,0,0,0,0,0,0,0,0,0,1
104990.0,Progasi Smart 150,Кудиново,500.0,150,бензин,1,0,1,0,1,0,0,0,0,0,0,0,0,0,0,0,0,0,0,0,0,0,1
105000.0,Progasi Palma 250,Москва,1.0,250,бензин,0,0,1,0,0,0,1,0,0,0,0,0,0,0,0,0,0,0,0,0,0,0,1
105000.0,Racer Magnum RC200-C5B,Тюмень,6534.0,200,бензин,11,0,1,0,1,0,0,0,0,0,0,0,0,0,0,0,0,0,0,0,0,0,1
105000.0,Kayo Basic TT125,Поспелиха,1000.0,125,бензин,1,0,1,0,1,0,0,0,0,0,0,0,0,0,0,0,0,0,0,0,0,0,1
105000.0,PWR Racing FRZ 140,Ижевск,1000.0,140,бензин,2,0,1,0,1,0,0,0,0,0,0,0,0,0,0,0,0,0,0,0,0,0,1
105000.0,Минск D4 125,Зима,4700.0,125,бензин,3,0,1,0,1,0,0,0,0,0,0,0,0,0,0,0,0,0,0,0,0,0,1
105000.0,Motoland Enduro 250 LT,Первомайск,5000.0,250,бензин,4,0,1,0,1,0,0,0,0,0,0,0,0,0,0,0,0,0,0,0,0,0,1
105000.0,STELS Flame 200,Волгодонск,26010.0,200,бензин,12,0,1,0,1,0,0,0,0,0,0,0,0,0,0,0,0,0,0,0,0,0,1
105000.0,Racer Magnum RC200-C5B,Иркутск,1000.0,200,бензин,11,0,1,0,1,0,0,0,0,0,0,0,0,0,0,0,0,0,0,0,0,0,1
105000.0,Regulmoto Seven Medalist Pro,Мыски,236.0,140,бензин,2,0,1,0,1,0,0,0,0,0,0,0,0,0,0,0,0,0,0,0,0,0,1
105000.0,Roliz Sport-003,Якутск,1.0,250,бензин,4,0,1,0,1,0,0,0,0,0,0,0,0,0,0,0,0,0,0,0,0,0,1
105000.0,Motoland XR250 Lite,Астрахань,6000.0,250,бензин,3,0,1,0,1,0,0,0,0,0,0,0,0,0,0,0,0,0,0,0,0,0,1
105000.0,Fighter TSR 250,Октябрьский,9700.0,250,бензин,4,0,1,0,0,0,0,1,0,0,0,0,0,0,0,0,0,0,0,0,0,0,1
105000.0,Racer Enduro RC200GY-C2,Чемал,2553.0,200,бензин,6,0,1,0,1,0,0,0,0,0,0,0,0,0,0,0,0,0,0,0,0,0,1
105000.0,Regulmoto Senke SK200GY-5,Гусевский,1500.0,200,бензин,1,0,1,0,1,0,0,0,0,0,0,0,0,0,0,0,0,0,0,0,0,0,1
105000.0,Racer Magnum RC250-C5B,Ярково,6300.0,250,бензин,6,0,1,0,1,0,0,0,0,0,0,0,0,0,0,0,0,0,0,0,0,0,1
105000.0,Racer Panther,Юрга,7000.0,250,бензин,2,0,1,0,1,0,0,0,0,0,0,0,0,0,0,0,0,0,0,0,0,0,1
105000.0,Regulmoto Senke SK200-9,Перемышль,200.0,200,бензин,2,1,1,0,1,0,0,0,0,0,0,0,0,0,0,0,0,0,0,0,0,0,1
105000.0,Kayo Classic YX150E KRZ,Новосибирск,200.0,160,бензин,3,0,1,0,0,0,0,0,1,0,0,0,0,0,0,0,0,0,0,0,0,0,1
105000.0,Racer Panther RC300-GY8X,Карымское,6000.0,300,бензин,5,0,1,0,1,0,0,0,0,0,0,0,0,0,0,0,0,0,0,0,0,0,1
105000.0,Regulmoto Seven Medalist,Якутск,200.0,140,бензин,1,0,1,0,1,0,0,0,0,0,0,0,0,0,0,0,0,0,0,0,0,0,1
105000.0,Иж Планета 5,Тогучин,11000.0,350,бензин,37,0,0,0,1,0,0,0,0,0,0,0,0,0,0,0,0,0,0,0,0,0,1
105000.0,OXO Lite 250,Тверь,36.0,140,бензин,1,0,1,0,1,0,0,0,0,0,0,0,0,0,0,0,0,0,0,0,0,0,1
105000.0,Racer Enduro RC200GY-C2,Петропавловское,2700.0,200,бензин,4,0,1,0,1,0,0,0,0,0,0,0,0,0,0,0,0,0,0,0,0,0,1
105000.0,Иж Планета 7,Минусинск,38400.0,350,бензин,35,0,0,0,1,0,0,0,0,0,0,0,0,0,0,0,0,0,0,0,0,0,1
105000.0,Ява 350,Липецк,7000.0,350,бензин,33,0,0,0,1,0,0,0,0,0,0,0,0,0,0,0,0,0,0,0,0,0,1
105000.0,Kayo Evolution YX150,Иркутск,1000.0,150,бензин,2,0,1,0,1,0,0,0,0,0,0,0,0,0,0,0,0,0,0,0,0,0,1
105000.0,Regulmoto Seven Medalist,Новосибирск,210.0,140,бензин,1,0,1,0,0,0,0,0,1,0,0,0,0,0,0,0,0,0,0,0,0,0,1
105000.0,Kayo TT160,Бийск,40.0,160,бензин,1,0,1,0,1,0,0,0,0,0,0,0,0,0,0,0,0,0,0,0,0,0,1
105000.0,Racer Tiger RC150-23,Мариинск,2000.0,149,бензин,5,0,1,0,1,0,0,0,0,0,0,0,0,0,0,0,0,0,0,0,0,0,1
105000.0,Racer RC250GY-C2,Бахчисарай,3000.0,250,бензин,9,0,1,0,1,0,0,0,0,0,0,0,0,0,0,0,0,0,0,0,0,0,1
105000.0,Минск M 125,Борзя,1650.0,125,бензин,11,0,0,0,1,0,0,0,0,0,0,0,0,0,0,0,0,0,0,0,0,0,1
105000.0,Racer TRX 125,Кемерово,1.0,125,бензин,1,0,1,0,1,0,0,0,0,0,0,0,0,0,0,0,0,0,0,0,0,0,1
105000.0,GR GR-SX150,Балахна,123.0,150,бензин,3,0,1,0,1,0,0,0,0,0,0,0,0,0,0,0,0,0,0,0,0,0,1
105000.0,Motoland CRF 250,Каменск-Уральский,10.0,250,бензин,2,0,1,0,1,0,0,0,0,0,0,0,0,0,0,0,0,0,0,0,0,0,1
114000.0,Kayo K1 250 Enduro,Вышестеблиевская,20.0,250,бензин,6,0,1,0,1,0,0,0,0,0,0,0,0,0,0,0,0,0,0,0,0,0,1
109000.0,Motoland XR250 Enduro,Минеральные Воды,12000.0,250,бензин,6,0,1,0,1,0,0,0,0,0,0,0,0,0,0,0,0,0,0,0,0,0,1
109000.0,Motoland XT250 HS,Венцы,220.0,250,бензин,3,0,1,0,1,0,0,0,0,0,0,0,0,0,0,0,0,0,0,0,0,0,1
109000.0,Kayo Basic TT140EM,Петропавловск-Камчатский,450.0,140,бензин,3,0,1,0,1,0,0,0,0,0,0,0,0,0,0,0,0,0,0,0,0,0,1
109900.0,Минск Hunter 150,Казань,292.0,150,бензин,2,0,1,0,0,0,0,0,1,0,0,0,0,0,0,0,0,0,0,0,0,0,1
109950.0,Kayo Basic TT140EM,Волгоград,200.0,140,бензин,1,0,1,0,0,0,0,0,1,0,0,0,0,0,0,0,0,0,0,0,0,0,1
109999.0,Irbis TTR 250,Курагино,14000.0,250,бензин,11,0,1,0,1,0,0,0,0,0,0,0,0,0,0,0,0,0,0,0,0,0,1
109999.0,Regulmoto Seven Medalist Pro,Коченёво,1111.0,150,бензин,1,0,1,0,1,0,0,0,0,0,0,0,0,0,0,0,0,0,0,0,0,0,1
110000.0,Apollo Thunder 150,Большой Улуй,200.0,150,бензин,1,0,1,0,1,0,0,0,0,0,0,0,0,0,0,0,0,0,0,0,0,0,1
110000.0,Regulmoto Seven Medalist Pro,Кировский,100.0,150,бензин,2,0,1,0,1,0,0,0,0,0,0,0,0,0,0,0,0,0,0,0,0,0,1
110000.0,Kayo Basic TT140,Пушкарное,1800.0,125,бензин,1,0,1,0,1,0,0,0,0,0,0,0,0,0,0,0,0,0,0,0,0,0,1
110000.0,BSE Z1,Ярцево,1500.0,150,бензин,6,0,1,0,1,0,0,0,0,0,0,0,0,0,0,0,0,0,0,0,0,0,1
110000.0,Racer Magnum RC200-C5B,Труновское,2730.0,200,бензин,2,0,1,0,1,0,0,0,0,0,0,0,0,0,0,0,0,0,0,0,0,0,1
110000.0,Regulmoto Seven Medalist Pro,Междуреченск,320.0,150,бензин,2,0,1,0,1,0,0,0,0,0,0,0,0,0,0,0,0,0,0,0,0,0,1
110000.0,Racer Skyway RC300-CS,Джанкой,9000.0,300,бензин,10,0,1,0,1,0,0,0,0,0,0,0,0,0,0,0,0,0,0,0,0,0,1
110000.0,STELS Flame 200,Кокоревка,16500.0,200,бензин,11,0,1,0,1,0,0,0,0,0,0,0,0,0,0,0,0,0,0,0,0,0,1
110000.0,Regulmoto Seven Medalist,Омск,25.0,150,бензин,3,0,1,0,0,0,0,0,1,0,0,0,0,0,0,0,0,0,0,0,0,0,1
110000.0,Racer RC250GY-C2,Полысаево,500.0,250,бензин,2,0,1,0,1,0,0,0,0,0,0,0,0,0,0,0,0,0,0,0,0,0,1
110000.0,Racer Panther RC250GY-C2,Барнаул,1000.0,250,бензин,1,0,1,0,1,0,0,0,0,0,0,0,0,0,0,0,0,0,0,0,0,0,1
110000.0,Kawasaki Ninja,Елизово,12000.0,400,бензин,38,0,1,0,1,0,0,0,0,0,0,0,0,0,0,0,1,0,0,0,0,0,0
110000.0,STELS SB200,Углич,2800.0,197,бензин,14,0,1,0,1,0,0,0,0,0,0,0,0,0,0,0,0,0,0,0,0,0,1
110000.0,Racer SR-X1 Cross X1,Гурьевск,2000.0,250,бензин,2,0,1,0,1,0,0,0,0,0,0,0,0,0,0,0,0,0,0,0,0,0,1
110000.0,Racer Panther RC300-GY8X,Малиновка,3000.0,300,бензин,3,0,1,0,1,0,0,0,0,0,0,0,0,0,0,0,0,0,0,0,0,0,1
110000.0,GR GR-SX150,Зерноград,52.0,150,бензин,2,0,1,0,1,0,0,0,0,0,0,0,0,0,0,0,0,0,0,0,0,0,1
110000.0,GR GR-X YX160,Москва,25.0,160,бензин,2,0,1,0,0,0,1,0,0,0,0,0,0,0,0,0,0,0,0,0,0,0,1
110000.0,Kayo Evolution YX140EM,Абакан,130.0,140,бензин,2,0,1,0,1,0,0,0,0,0,0,0,0,0,0,0,0,0,0,0,0,0,1
110000.0,Roliz Rolize,Черниговка,2500.0,150,бензин,1,0,1,0,1,0,0,0,0,0,0,0,0,0,0,0,0,0,0,0,0,0,1
110000.0,STELS Flame 200,Кораблино,20348.0,197,бензин,11,0,1,0,1,0,0,0,0,0,0,0,0,0,0,0,0,0,0,0,0,0,1
110000.0,ABM GX 250,Иркутск,15000.0,250,бензин,10,0,1,0,1,0,0,0,0,0,0,0,0,0,0,0,0,0,0,0,0,0,1
110000.0,Zuumav FX K4 Pro,Пятигорск,112.0,150,бензин,2,0,1,0,1,0,0,0,0,0,0,0,0,0,0,0,0,0,0,0,0,0,1
110000.0,Motoland XT250 ST,Железноводск,2888.0,250,бензин,4,0,1,0,1,0,0,0,0,0,0,0,0,0,0,0,0,0,0,0,0,0,1
110000.0,Kayo K1 250 MX,Волгодонск,11226.0,250,бензин,4,0,1,0,1,0,0,0,0,0,0,0,0,0,0,0,0,0,0,0,0,0,1
110000.0,GR GR-X YX140EM,Рассвет,25.0,140,бензин,1,0,1,0,1,0,0,0,0,0,0,0,0,0,0,0,0,0,0,0,0,0,1
110000.0,Irbis TTR 250R,Смоленск,3000.0,250,бензин,12,0,1,0,1,0,0,0,0,0,0,0,0,0,0,0,0,0,0,0,0,0,1
110000.0,Racer Panther,Саянск,15000.0,224,бензин,6,0,1,0,1,0,0,0,0,0,0,0,0,0,0,0,0,0,0,0,0,0,1
110000.0,Racer Enduro L150 RC150-23X,Карасук,4500.0,150,бензин,5,0,1,0,1,0,0,0,0,0,0,0,0,0,0,0,0,0,0,0,0,0,1
110000.0,Motoland Flash 200,Аксубаево,12000.0,200,бензин,3,0,1,0,1,0,0,0,0,0,0,0,0,0,0,0,0,0,0,0,0,0,1
110000.0,Regulmoto SK 200-6,Шелехов,312.0,200,бензин,2,0,1,0,1,0,0,0,0,0,0,0,0,0,0,0,0,0,0,0,0,0,1
110000.0,Kayo K1 250 MX,Гусь-Железный,156.0,233,бензин,5,0,1,0,1,0,0,0,0,0,0,0,0,0,0,0,0,0,0,0,0,0,1
110000.0,Progasi Max 150,Бор,4700.0,150,бензин,1,0,1,0,1,0,0,0,0,0,0,0,0,0,0,0,0,0,0,0,0,0,1
110000.0,Regulmoto SK 200GY-5,Ленинск-Кузнецкий,8000.0,200,бензин,4,0,1,0,1,0,0,0,0,0,0,0,0,0,0,0,0,0,0,0,0,0,1
110000.0,Motoland MX 125,Новокузнецк,100.0,125,бензин,3,0,1,0,1,0,0,0,0,0,0,0,0,0,0,0,0,0,0,0,0,0,1
110000.0,Racer Panther,Торопец,2500.0,250,бензин,4,0,1,0,1,0,0,0,0,0,0,0,0,0,0,0,0,0,0,0,0,0,1
110000.0,GR GR-X YX140EM,Талица,1000.0,140,бензин,2,0,1,0,1,0,0,0,0,0,0,0,0,0,0,0,0,0,0,0,0,0,1
110000.0,STELS Flex 250,Кондопога,3500.0,225,бензин,11,0,1,0,1,0,0,0,0,0,0,0,0,0,0,0,0,0,0,0,0,0,1
110000.0,BSE PH-125E,Дмитров,850.0,125,бензин,1,0,1,0,0,0,0,1,0,0,0,0,0,0,0,0,0,0,0,0,0,0,1
110000.0,Kingston 150-8A,Саяногорск,2697.0,200,бензин,1,0,1,0,1,0,0,0,0,0,0,0,0,0,0,0,0,0,0,0,0,0,1
110000.0,Regulmoto Athlete 250,Зея,1000.0,250,бензин,5,0,1,0,1,0,0,0,0,0,0,0,0,0,0,0,0,0,0,0,0,0,1
110000.0,Regulmoto SK 200-6,Чернышевск,1000.0,200,бензин,2,0,1,0,1,0,0,0,0,0,0,0,0,0,0,0,0,0,0,0,0,0,1
110000.0,Regulmoto Seven Pro,Чита,5000.0,125,бензин,2,0,1,0,1,0,0,0,0,0,0,0,0,0,0,0,0,0,0,0,0,0,1
110000.0,Regulmoto SK200-8,Завитинск,683.0,200,бензин,2,0,1,1,1,0,0,0,0,0,0,0,0,0,0,0,0,0,0,0,0,0,1
110000.0,Kayo Basic TT125,Таштагол,1000.0,125,бензин,2,0,1,0,1,0,0,0,0,0,0,0,0,0,0,0,0,0,0,0,0,0,1
110000.0,Regulmoto Seven Medalist,Петропавловск-Камчатский,380.0,125,бензин,1,0,1,0,1,0,0,0,0,0,0,0,0,0,0,0,0,0,0,0,0,0,1
110000.0,Racer Panther RC250GY-C2,Лог,13239.0,250,бензин,5,0,1,0,1,0,0,0,0,0,0,0,0,0,0,0,0,0,0,0,0,0,1
110000.0,Минск D4 125,Зима,3000.0,125,бензин,1,0,1,0,1,0,0,0,0,0,0,0,0,0,0,0,0,0,0,0,0,0,1
111600.0,Regulmoto Seven Medalist,Томск,2024.0,125,бензин,1,0,1,0,1,0,0,0,0,0,0,0,0,0,0,0,0,0,0,0,0,0,1
112000.0,Racer Enduro RC200GY-C2,Волчиха,6732.0,200,бензин,2,0,1,0,1,0,0,0,0,0,0,0,0,0,0,0,0,0,0,0,0,0,1
114990.0,Sharmax Sport 190,Рязань,300.0,140,бензин,1,0,1,0,1,0,0,0,0,0,0,0,0,0,0,0,0,0,0,0,0,0,1
115000.0,Patron Blaze 250,Абаза,9000.0,223,бензин,12,0,1,0,1,0,0,0,0,0,0,0,0,0,0,0,0,0,0,0,0,0,1
115000.0,Regulmoto Senke SK200-9,Маккавеево,6000.0,200,бензин,4,0,1,0,1,0,0,0,0,0,0,0,0,0,0,0,0,0,0,0,0,0,1
115000.0,Racer Panther RC250GY-C2,Барабинск,3000.0,250,бензин,4,0,1,0,1,0,0,0,0,0,0,0,0,0,0,0,0,0,0,0,0,0,1
115000.0,Ataki DR250,Аша,120.0,250,бензин,5,0,1,0,1,0,0,0,0,0,0,0,0,0,0,0,0,0,0,0,0,0,1
115000.0,Motoland TT300,Каменск-Уральский,1.0,300,бензин,2,0,1,0,1,0,0,0,0,0,0,0,0,0,0,0,0,0,0,0,0,0,1
115000.0,Минск C4 200,Красноярск,301.0,200,бензин,14,0,1,0,0,0,0,0,1,0,0,0,0,0,0,0,0,0,0,0,0,0,1
115000.0,Regulmoto Seven Medalist Pro,Абакан,46.0,150,бензин,1,0,1,0,1,0,0,0,0,0,0,0,0,0,0,0,0,0,0,0,0,0,1
115000.0,Zuum PX220,Нижний Тагил,80.0,223,бензин,5,0,1,0,1,0,0,0,0,0,0,0,0,0,0,0,0,0,0,0,0,0,1
115000.0,ЗиД 200 Курьер,Красноярск,4500.0,200,бензин,24,0,0,0,0,0,0,0,1,0,0,0,0,0,0,0,0,0,0,0,0,0,1
115000.0,STELS Flame 200,Саратов,14000.0,200,бензин,13,0,1,0,1,0,0,0,0,0,0,0,0,0,0,0,0,0,0,0,0,0,1
115000.0,Racer Ranger RC300-GY8,Шерловая Гора,1200.0,300,бензин,4,0,1,0,1,0,0,0,0,0,0,0,0,0,0,0,0,0,0,0,0,0,1
115000.0,Racer RC250GY-C2K K2,Горняк,9000.0,250,бензин,2,0,1,0,1,0,0,0,0,0,0,0,0,0,0,0,0,0,0,0,0,0,1
115000.0,Racer Enduro RC200GY-C2,Балей,7000.0,200,бензин,4,0,1,0,1,0,0,0,0,0,0,0,0,0,0,0,0,0,0,0,0,0,1
115000.0,Apollo Thunder 250,Чита,2000.0,250,бензин,1,0,1,0,1,0,0,0,0,0,0,0,0,0,0,0,0,0,0,0,0,0,1
115000.0,Racer Fighter,Москва,9180.0,270,бензин,5,0,1,0,0,0,1,0,0,0,0,0,0,0,0,0,0,0,0,0,0,0,1
115000.0,Avantis A5 Lux Motard,Геленджик,140.0,250,бензин,1,0,1,0,1,0,0,0,0,0,0,0,0,0,0,0,0,0,0,0,0,0,1
115000.0,Минск X 250,Улан-Удэ,2000.0,250,бензин,4,0,1,0,1,0,0,0,0,0,0,0,0,0,0,0,0,0,0,0,0,0,1
115000.0,BSE J1,Керчь,888.0,250,бензин,2,0,1,0,1,0,0,0,0,0,0,0,0,0,0,0,0,0,0,0,0,0,1
115000.0,Motoland Bandit 250,Пенза,2800.0,250,бензин,3,0,1,0,1,0,0,0,0,0,0,0,0,0,0,0,0,0,0,0,0,0,1
115000.0,Kayo Evolution YX125EM,Шахты,1.0,140,бензин,2,0,1,0,1,0,0,0,0,0,0,0,0,0,0,0,0,0,0,0,0,0,1
115000.0,Falcon Speedfire 250,Макушино,668.0,250,бензин,12,0,1,0,1,0,0,0,0,0,0,0,0,0,0,0,0,0,0,0,0,0,1
115000.0,Piaggio Vespa,Набережные Челны,2200.0,149,бензин,11,0,1,0,1,0,0,0,0,0,0,0,0,0,0,0,0,0,0,0,0,0,1
115000.0,Regulmoto SK 200,Биракан,4100.0,200,бензин,2,0,1,0,1,0,0,0,0,0,0,0,0,0,0,0,0,0,0,0,0,0,1
115000.0,Regulmoto Seven Medalist,Братск,100.0,125,бензин,1,0,1,0,1,0,0,0,0,0,0,0,0,0,0,0,0,0,0,0,0,0,1
115000.0,Regulmoto SK 150-20,Томмот,130.0,150,бензин,2,0,1,0,1,0,0,0,0,0,0,0,0,0,0,0,0,0,0,0,0,0,1
115000.0,Racer Magnum RC200-C5B,Кемерово,6300.0,200,бензин,13,0,1,0,1,0,0,0,0,0,0,0,0,0,0,0,0,0,0,0,0,0,1
115000.0,Motoland WRX 250 Lite,Малиновка,100.0,250,бензин,6,0,1,0,1,0,0,0,0,0,0,0,0,0,0,0,0,0,0,0,0,0,1
115000.0,Racer Enduro 300 RC300-GY8A,Новосибирск,3414.0,300,бензин,6,0,1,0,0,0,0,0,1,0,0,0,0,0,0,0,0,0,0,0,0,0,1
115000.0,Regulmoto Sport-003 PR,Краснодар,5000.0,250,бензин,5,0,1,0,0,0,0,0,1,0,0,0,0,0,0,0,0,0,0,0,0,0,1
115000.0,Kayo Evolution YX140EM,Чебоксары,500.0,140,бензин,1,0,1,0,1,0,0,0,0,0,0,0,0,0,0,0,0,0,0,0,0,0,1
115000.0,Irbis Intruder,Темиртау,4000.0,200,бензин,12,0,1,0,1,0,0,0,0,0,0,0,0,0,0,0,0,0,0,0,0,0,1
115000.0,Racer Magnum RC250-C5B,Хилок,3200.0,250,бензин,5,0,1,0,1,0,0,0,0,0,0,0,0,0,0,0,0,0,0,0,0,0,1
115000.0,Apollo RFZ Start 125L,Томск,51.0,125,бензин,1,0,1,0,1,0,0,0,0,0,0,0,0,0,0,0,0,0,0,0,0,0,1
115000.0,BSE Z1 Y,Барнаул,2500.0,150,бензин,3,0,1,0,1,0,0,0,0,0,0,0,0,0,0,0,0,0,0,0,0,0,1
117500.0,Promax Fidet,Новосибирск,6000.0,150,бензин,1,0,1,0,0,0,0,0,1,0,0,0,0,0,0,0,0,0,0,0,0,0,1
115000.0,Kawasaki KSR80,Пермь,30000.0,80,бензин,22,0,0,0,0,0,0,0,1,0,0,0,0,0,0,0,1,0,0,0,0,0,0
115000.0,Kayo K1 250 MX,Красноярск,182.0,250,бензин,7,0,1,0,0,0,0,0,1,0,0,0,0,0,0,0,0,0,0,0,0,0,1
115000.0,Roliz Sport-003,Верх-Суетка,6900.0,250,бензин,3,0,1,0,1,0,0,0,0,0,0,0,0,0,0,0,0,0,0,0,0,0,1
115000.0,Racer Skyway RC250-CS,Чулым,5000.0,250,бензин,11,0,1,0,1,0,0,0,0,0,0,0,0,0,0,0,0,0,0,0,0,0,1
115000.0,Racer Panther RC300-GY8X,Боград,560.0,300,бензин,2,0,1,0,1,0,0,0,0,0,0,0,0,0,0,0,0,0,0,0,0,0,1
115000.0,Минск C 125,Хилок,3000.0,125,бензин,5,0,1,0,1,0,0,0,0,0,0,0,0,0,0,0,0,0,0,0,0,0,1
115000.0,ABM RX 200,Венёв,1.0,250,бензин,10,0,1,0,1,0,0,0,0,0,0,0,0,0,0,0,0,0,0,0,0,0,1
115290.0,Kayo Evolution YX140EM,Томск,200.0,140,бензин,1,0,1,0,1,0,0,0,0,0,0,0,0,0,0,0,0,0,0,0,0,0,1
117800.0,ЗиД 125,Владивосток,1.0,119,бензин,3,0,1,0,1,0,0,0,0,0,0,0,0,0,0,0,0,0,0,0,0,0,1
117999.0,Motoland XR250 Lite,Нижний Новгород,1.0,250,бензин,3,0,1,0,0,0,0,0,1,0,0,0,0,0,0,0,0,0,0,0,0,0,1
118000.0,Wels RT140,Красноярск,15.0,140,бензин,3,0,1,0,0,0,0,0,1,0,0,0,0,0,0,0,0,0,0,0,0,0,1
119000.0,Racer Ranger RC200-GY8,Прокопьевск,1.0,196,бензин,11,0,1,0,1,0,0,0,0,0,0,0,0,0,0,0,0,0,0,0,0,0,1
119999.0,BSE J1 LE,Москва,1999.0,250,бензин,7,0,1,0,0,0,1,0,0,0,0,0,0,0,0,0,0,0,0,0,0,0,1
120000.0,Motoland Voyage 200,Подгоренский,368.0,200,бензин,3,0,1,0,1,0,0,0,0,0,0,0,0,0,0,0,0,0,0,0,0,0,1
120000.0,STELS Flame 200,Луга,8177.0,200,бензин,14,0,1,0,0,1,0,0,0,0,0,0,0,0,0,0,0,0,0,0,0,0,1
120000.0,Motoland Enduro 250 LT,Новокузнецк,1000.0,250,бензин,5,0,1,0,1,0,0,0,0,0,0,0,0,0,0,0,0,0,0,0,0,0,1
120000.0,Irbis TTR 250R,Красноярск,100.0,250,бензин,4,0,1,0,0,0,0,0,1,0,0,0,0,0,0,0,0,0,0,0,0,0,1
120000.0,ABM Raptor 250,Жирновск,2000.0,250,бензин,10,0,1,0,1,0,0,0,0,0,0,0,0,0,0,0,0,0,0,0,0,0,1
120000.0,Racer Skyway RC250-CS,Иркутск,10000.0,250,бензин,11,0,1,0,1,0,0,0,0,0,0,0,0,0,0,0,0,0,0,0,0,0,1
120000.0,Racer Panther RC200GY-C2,Бахчисарай,2999.0,196,бензин,3,0,1,0,1,0,0,0,0,0,0,0,0,0,0,0,0,0,0,0,0,0,1
120000.0,Kayo K1 250 Enduro,Вологда,2000.0,250,бензин,6,0,1,0,1,0,0,0,0,0,0,0,0,0,0,0,0,0,0,0,0,0,1
120000.0,Racer Panther RC250GY-C2,Курагино,8000.0,250,бензин,5,0,1,0,1,0,0,0,0,0,0,0,0,0,0,0,0,0,0,0,0,0,1
120000.0,Regulmoto Senke SK200GY-5,Нижнеудинск,4000.0,200,бензин,3,0,1,0,1,0,0,0,0,0,0,0,0,0,0,0,0,0,0,0,0,0,1
120000.0,Kayo Basic TT125,Славянск-На-Кубани,200.0,125,бензин,5,0,1,0,1,0,0,0,0,0,0,0,0,0,0,0,0,0,0,0,0,0,1
120000.0,Yamaha SRX 400,Новосибирск,21000.0,399,бензин,34,0,1,0,0,0,0,0,1,0,0,0,0,0,0,0,0,0,0,0,0,1,0
120000.0,Motoland RT200,Заринск,170.0,200,бензин,4,0,1,0,1,0,0,0,0,0,0,0,0,0,0,0,0,0,0,0,0,0,1
120000.0,Bajaj Boxer BM 150 X,Севастополь,4000.0,150,бензин,9,0,1,0,1,0,0,0,0,0,0,0,0,0,0,0,0,0,0,0,0,0,1
120000.0,Racer Skyway RC250-CS,Исилькуль,12000.0,250,бензин,10,0,1,0,1,0,0,0,0,0,0,0,0,0,0,0,0,0,0,0,0,0,1
120000.0,Мотоальфа A-3,Северская,2000.0,250,бензин,2,0,1,0,1,0,0,0,0,0,0,0,0,0,0,0,0,0,0,0,0,0,1
120000.0,Motoland XR250 Lite,Смоленск,3000.0,250,бензин,1,0,1,0,1,0,0,0,0,0,0,0,0,0,0,0,0,0,0,0,0,0,1
120000.0,Progasi Smart 150,Саянск,600.0,150,бензин,1,0,1,0,1,0,0,0,0,0,0,0,0,0,0,0,0,0,0,0,0,0,1
120000.0,Regulmoto Seven Medalist Pro,Соль-Илецк,1000.0,140,бензин,2,0,0,0,1,0,0,0,0,0,0,0,0,0,0,0,0,0,0,0,0,0,1
120000.0,Kawasaki ZZR 400 2,Кропоткин,100000.0,400,бензин,29,0,1,0,1,0,0,0,0,0,0,0,0,0,0,0,1,0,0,0,0,0,0
120000.0,Урал ИМЗ 8.103,Новосибирск,7000.0,649,бензин,30,0,1,0,0,0,0,0,1,0,0,0,0,0,0,0,0,0,0,0,0,0,1
120000.0,Racer Fighter RC250CK-N,Рубцовск,20000.0,250,бензин,11,0,1,0,1,0,0,0,0,0,0,0,0,0,0,0,0,0,0,0,0,0,1
120000.0,Motoland TT250,Багратионовск,2000.0,250,бензин,5,0,1,0,1,0,0,0,0,0,0,0,0,0,0,0,0,0,0,0,0,0,1
120000.0,Racer Tourist RC200GY-C2A,Красноярск,2000.0,196,бензин,2,0,1,0,0,0,0,0,1,0,0,0,0,0,0,0,0,0,0,0,0,0,1
120000.0,Racer RC200,Топчиха,3600.0,200,бензин,11,0,1,0,1,0,0,0,0,0,0,0,0,0,0,0,0,0,0,0,0,0,1
120000.0,STELS 400 GS,Поронайск,3000.0,386,бензин,12,0,1,0,1,0,0,0,0,0,0,0,0,0,0,0,0,0,0,0,0,0,1
120000.0,Roliz Sport-005,Раздольное,5.0,250,бензин,2,0,1,0,1,0,0,0,0,0,0,0,0,0,0,0,0,0,0,0,0,0,1
120000.0,BSE PH-150E,Тосно,500.0,160,бензин,4,0,1,0,0,1,0,0,0,0,0,0,0,0,0,0,0,0,0,0,0,0,1
120000.0,Regulmoto Raptor 250,Чита,1700.0,223,бензин,2,0,1,0,1,0,0,0,0,0,0,0,0,0,0,0,0,0,0,0,0,0,1
120000.0,Kayo T2 250 Enduro,Крымск,2473.0,250,бензин,8,0,1,0,1,0,0,0,0,0,0,0,0,0,0,0,0,0,0,0,0,0,1
120000.0,Racer RC250GY-C2,Сухой Лог,1635.0,224,бензин,5,0,1,0,1,0,0,0,0,0,0,0,0,0,0,0,0,0,0,0,0,0,1
120000.0,Racer Panther RC250GY-C2,Томск,2950.0,250,бензин,6,0,1,0,1,0,0,0,0,0,0,0,0,0,0,0,0,0,0,0,0,0,1
120000.0,Kayo K1 250 MX,Челябинск,400.0,250,бензин,4,0,1,0,0,0,0,0,1,0,0,0,0,0,0,0,0,0,0,0,0,0,1
120000.0,Motoland CB 250,Моргауши,1000.0,250,бензин,5,0,1,0,1,0,0,0,0,0,0,0,0,0,0,0,0,0,0,0,0,0,1
120000.0,Motoland Dakar LT,Омск,7111.0,250,бензин,5,0,1,0,0,0,0,0,1,0,0,0,0,0,0,0,0,0,0,0,0,0,1
120000.0,Regulmoto Senke SK250GY-5,Иркутск,70000.0,250,бензин,8,0,1,0,1,0,0,0,0,0,0,0,0,0,0,0,0,0,0,0,0,0,1
120000.0,Racer Ranger RC200-GY8,Еманжелинск,1300.0,196,бензин,11,0,1,0,1,0,0,0,0,0,0,0,0,0,0,0,0,0,0,0,0,0,1
120000.0,Racer TRX 140E,Тяжинский,300.0,140,бензин,1,0,1,0,1,0,0,0,0,0,0,0,0,0,0,0,0,0,0,0,0,0,1
120000.0,Irbis TTR 250R,Томск,1750.0,250,бензин,11,0,1,0,1,0,0,0,0,0,0,0,0,0,0,0,0,0,0,0,0,0,1
120000.0,Regulmoto Seven Medalist Pro,Тулун,90.0,140,бензин,3,0,1,0,1,0,0,0,0,0,0,0,0,0,0,0,0,0,0,0,0,0,1
120000.0,Regulmoto ZF-KY 250 Sport-003,Сковородино,5000.0,250,бензин,5,0,1,0,1,0,0,0,0,0,0,0,0,0,0,0,0,0,0,0,0,0,1
120000.0,Roliz Sport-008,Завитинск,3000.0,250,бензин,5,0,1,0,1,0,0,0,0,0,0,0,0,0,0,0,0,0,0,0,0,0,1
120000.0,BSE J1 LE,Новосибирск,500.0,250,бензин,5,0,1,0,0,0,0,0,1,0,0,0,0,0,0,0,0,0,0,0,0,0,1
120000.0,Racer Skyway RC300-CS,Таштып,15000.0,300,бензин,8,0,1,0,1,0,0,0,0,0,0,0,0,0,0,0,0,0,0,0,0,0,1
120000.0,Motoland TT250,Новокузнецк,100.0,250,бензин,4,0,1,0,1,0,0,0,0,0,0,0,0,0,0,0,0,0,0,0,0,0,1
120000.0,Motoland XR250 Lite,Тамбов,1000.0,250,бензин,3,0,1,0,1,0,0,0,0,0,0,0,0,0,0,0,0,0,0,0,0,0,1
120000.0,Racer Nitro,Станционно-Ояшинский,10000.0,200,бензин,12,0,1,0,1,0,0,0,0,0,0,0,0,0,0,0,0,0,0,0,0,0,1
120000.0,Racer Ranger RC300-GY8,Чита,5000.0,270,бензин,8,0,1,0,1,0,0,0,0,0,0,0,0,0,0,0,0,0,0,0,0,0,1
120000.0,Falcon Speedfire 250,Угра,5600.0,250,бензин,5,0,1,0,1,0,0,0,0,0,0,0,0,0,0,0,0,0,0,0,0,0,1
120000.0,Bajaj Boxer BM 125 X,Бердск,6157.0,125,бензин,5,0,1,0,1,0,0,0,0,0,0,0,0,0,0,0,0,0,0,0,0,0,1
120000.0,Motoland XR250 Lite,Мончегорск,5000.0,250,бензин,4,0,1,0,1,0,0,0,0,0,0,0,0,0,0,0,0,0,0,0,0,0,1
120000.0,Урал ИМЗ 8.103-40,Рубцовск,4000.0,690,бензин,31,0,1,0,1,0,0,0,0,0,0,0,0,0,0,0,0,0,0,0,0,0,1
120000.0,Motoland Enduro 250 LT,Липецк,5000.0,250,бензин,2,0,1,0,1,0,0,0,0,0,0,0,0,0,0,0,0,0,0,0,0,0,1
120000.0,Motoland Dakar ST,Свободный,8000.0,250,бензин,4,0,1,0,1,0,0,0,0,0,0,0,0,0,0,0,0,0,0,0,0,0,1
120000.0,Kayo K1 250 MX,Москва,206.0,250,бензин,3,0,1,0,0,0,1,0,0,0,0,0,0,0,0,0,0,0,0,0,0,0,1
120000.0,Regulmoto Allroad,Искитим,2000.0,150,бензин,1,0,1,0,1,0,0,0,0,0,0,0,0,0,0,0,0,0,0,0,0,0,1
120000.0,Racer Ranger RC200-GY8,Томск,7200.0,200,бензин,11,0,1,0,1,0,0,0,0,0,0,0,0,0,0,0,0,0,0,0,0,0,1
120000.0,Regulmoto SK 150-20,Шимановск,115.0,150,бензин,2,0,1,0,1,0,0,0,0,0,0,0,0,0,0,0,0,0,0,0,0,0,1
120000.0,Racer Panther RC300-GY8X,Алейск,7000.0,300,бензин,6,0,1,0,1,0,0,0,0,0,0,0,0,0,0,0,0,0,0,0,0,0,1
120000.0,Regulmoto Athlete 250,Камышин,150.0,250,бензин,4,0,1,0,1,0,0,0,0,0,0,0,0,0,0,0,0,0,0,0,0,0,1
120000.0,Kayo T2 250 MX,Ступино,5600.0,250,бензин,3,0,1,0,0,0,0,1,0,0,0,0,0,0,0,0,0,0,0,0,0,0,1
120000.0,Regulmoto Seven Medalist Pro,Черемхово,54.0,150,бензин,1,0,1,0,1,0,0,0,0,0,0,0,0,0,0,0,0,0,0,0,0,0,1
120000.0,Regulmoto ZR 250,Артём,20.0,300,бензин,7,0,1,0,1,0,0,0,0,0,0,0,0,0,0,0,0,0,0,0,0,0,1
120000.0,Иж Юпитер 3,Братск,11130.0,346,бензин,48,0,0,0,1,0,0,0,0,0,0,0,0,0,0,0,0,0,0,0,0,0,1
120000.0,Regulmoto Seven Medalist Pro,Иркутск,30.0,140,бензин,2,0,1,0,1,0,0,0,0,0,0,0,0,0,0,0,0,0,0,0,0,0,1
120000.0,Regulmoto Raptor 250,Нижний Новгород,13000.0,250,бензин,4,0,1,0,0,0,0,0,1,0,0,0,0,0,0,0,0,0,0,0,0,0,1
120000.0,Racer Panther RC200GY-C2,Тюмень,800.0,200,бензин,13,0,1,0,1,0,0,0,0,0,0,0,0,0,0,0,0,0,0,0,0,0,1
120000.0,SPR-Motors CrossRoad-3,Арсеньев,2287.0,250,бензин,6,0,1,0,1,0,0,0,0,0,0,0,0,0,0,0,0,0,0,0,0,0,1
120000.0,Roliz Optimus Max,Борзя,1252.0,200,бензин,2,0,1,0,1,0,0,0,0,0,0,0,0,0,0,0,0,0,0,0,0,0,1
120000.0,Irbis TTR 250R,Пермь,1500.0,300,бензин,4,0,1,0,0,0,0,0,1,0,0,0,0,0,0,0,0,0,0,0,0,0,1
120000.0,Motoland XR250 Lite,Новоалтайск,200.0,250,бензин,4,0,1,0,1,0,0,0,0,0,0,0,0,0,0,0,0,0,0,0,0,0,1
120000.0,Racer Tiger RC150-23,Хомутово,1098.0,150,бензин,1,0,1,0,1,0,0,0,0,0,0,0,0,0,0,0,0,0,0,0,0,0,1
120000.0,Racer RC250GY-C2K K2,Липецк,5600.0,250,бензин,2,0,1,0,1,0,0,0,0,0,0,0,0,0,0,0,0,0,0,0,0,0,1
120000.0,SPR-Motors CrossRoad-3,Артём,3800.0,250,бензин,4,0,1,0,1,0,0,0,0,0,0,0,0,0,0,0,0,0,0,0,0,0,1
120000.0,Honda VTZ 250,Улан-Удэ,50000.0,250,бензин,29,0,1,0,1,0,0,0,0,0,0,0,0,0,1,0,0,0,0,0,0,0,0
120000.0,Racer Panther RC250GY-C2,Вершино-Дарасунский,2000.0,224,бензин,7,0,1,0,1,0,0,0,0,0,0,0,0,0,0,0,0,0,0,0,0,0,1
120000.0,BRZ X5,Сочи,197.0,250,бензин,3,0,1,0,1,0,0,0,0,0,0,0,0,0,0,0,0,0,0,0,0,0,1
123000.0,Wels Superior,Кшенский,13000.0,250,бензин,11,0,1,0,1,0,0,0,0,0,0,0,0,0,0,0,0,0,0,0,0,0,1
125000.0,Avantis MT250,Чехов,13400.0,250,бензин,2,0,1,0,0,0,0,1,0,0,0,0,0,0,0,0,0,0,0,0,0,0,1
125000.0,Kayo K1 250 MX,Приветное,2000.0,250,бензин,6,0,1,0,1,0,0,0,0,0,0,0,0,0,0,0,0,0,0,0,0,0,1
125000.0,GR GR-X YX160,Абакан,59.0,160,бензин,2,0,1,0,1,0,0,0,0,0,0,0,0,0,0,0,0,0,0,0,0,0,1
125000.0,Racer SR-X1 Cross X1,Шебекино,200.0,250,бензин,2,0,1,0,1,0,0,0,0,0,0,0,0,0,0,0,0,0,0,0,0,0,1
125000.0,Regulmoto SK 200-9,Братск,5000.0,200,бензин,4,0,1,0,1,0,0,0,0,0,0,0,0,0,0,0,0,0,0,0,0,0,1
125000.0,Progasi Max 150,Новосибирск,3371.0,150,бензин,2,0,1,0,0,0,0,0,1,0,0,0,0,0,0,0,0,0,0,0,0,0,1
125000.0,BSE Z1,Унеча,144.0,150,бензин,1,0,1,0,1,0,0,0,0,0,0,0,0,0,0,0,0,0,0,0,0,0,1
125000.0,Racer Enduro RC200GY-C2,Шелехов,982.0,196,бензин,5,0,1,0,1,0,0,0,0,0,0,0,0,0,0,0,0,0,0,0,0,0,1
125000.0,Racer Panther RC300-GY8X,Барнаул,2400.0,300,бензин,1,0,1,0,1,0,0,0,0,0,0,0,0,0,0,0,0,0,0,0,0,0,1
125000.0,Motoland CRF 250,Екатеринбург,100.0,250,бензин,3,0,1,0,0,0,0,0,1,0,0,0,0,0,0,0,0,0,0,0,0,0,1
125000.0,Regulmoto ZF-KY 250 Sport-003,Новосибирск,500.0,250,бензин,3,0,1,0,0,0,0,0,1,0,0,0,0,0,0,0,0,0,0,0,0,0,1
125000.0,Motoland Forester 200,Старотитаровская,1000.0,200,бензин,2,0,1,0,1,0,0,0,0,0,0,0,0,0,0,0,0,0,0,0,0,0,1
125000.0,Motoland Enduro 250 LT,Александрийская,13000.0,250,бензин,5,0,1,0,1,0,0,0,0,0,0,0,0,0,0,0,0,0,0,0,0,0,1
125000.0,Kayo CRF801 PRO 160 MX,Серпухов,3.0,160,бензин,2,0,1,0,0,0,0,1,0,0,0,0,0,0,0,0,0,0,0,0,0,0,1
125000.0,Regulmoto ZF-KY 250 Sport-002,Иркутск,5000.0,250,бензин,7,0,1,0,1,0,0,0,0,0,0,0,0,0,0,0,0,0,0,0,0,0,1
125000.0,Lifan LF200-16C,Джанкой,2500.0,200,бензин,6,0,1,0,1,0,0,0,0,0,0,0,0,0,0,0,0,0,0,0,0,0,1
125000.0,Kawasaki KX,Красноярск,50.0,65,бензин,16,0,0,0,0,0,0,0,1,0,0,0,0,0,0,0,1,0,0,0,0,0,0
125000.0,Kayo K1 250 MX,Урдома,4000.0,233,бензин,4,0,1,0,1,0,0,0,0,0,0,0,0,0,0,0,0,0,0,0,0,0,1
125000.0,Roliz Sport-005,Иркутск,800.0,250,бензин,5,0,1,0,1,0,0,0,0,0,0,0,0,0,0,0,0,0,0,0,0,0,1
125000.0,X-Motos FX-95,Кизильское,2500.0,250,бензин,5,0,1,0,1,0,0,0,0,0,0,0,0,0,0,0,0,0,0,0,0,0,1
125000.0,Motoland CRF 250,Белогорск,40.0,250,бензин,4,0,1,0,1,0,0,0,0,0,0,0,0,0,0,0,0,0,0,0,0,0,1
125000.0,Racer Ranger RC250-GY8A,Горно-Алтайск,12500.0,283,бензин,7,0,1,0,1,0,0,0,0,0,0,0,0,0,0,0,0,0,0,0,0,0,1
125000.0,Racer Fighter RC300CK-N,Ачинск,3000.0,270,бензин,8,0,1,0,1,0,0,0,0,0,0,0,0,0,0,0,0,0,0,0,0,0,1
125000.0,Motoland XL250-C,Гай,4444.0,250,бензин,4,0,1,0,1,0,0,0,0,0,0,0,0,0,0,0,0,0,0,0,0,0,1
125000.0,Roliz 150-8A-I Asterix,Майма,1837.0,150,бензин,1,0,1,0,1,0,0,0,0,0,0,0,0,0,0,0,0,0,0,0,0,0,1
125000.0,Motoland Flash 200,Камызяк,4200.0,200,бензин,1,0,1,0,1,0,0,0,0,0,0,0,0,0,0,0,0,0,0,0,0,0,1
125000.0,Yamaha YBR 125,Нижняя Тура,12000.0,125,бензин,15,0,1,0,1,0,0,0,0,0,0,0,0,0,0,0,0,0,0,0,0,1,0
125000.0,BSE Z1,Иркутск,800.0,150,бензин,4,0,1,0,1,0,0,0,0,0,0,0,0,0,0,0,0,0,0,0,0,0,1
125000.0,Motoland XR250 Lite,Курчанская,1000.0,250,бензин,3,0,1,0,1,0,0,0,0,0,0,0,0,0,0,0,0,0,0,0,0,0,1
125000.0,Honda XLR 250R,Екатеринославка,9700.0,250,бензин,31,0,1,0,1,0,0,0,0,0,0,0,0,0,1,0,0,0,0,0,0,0,0
125000.0,Regulmoto Onix Sport,Михайловка,50.0,150,бензин,1,0,1,0,1,0,0,0,0,0,0,0,0,0,0,0,0,0,0,0,0,0,1
125000.0,Racer Magnum RC200-C5B,Курья,1000.0,200,бензин,2,0,1,0,1,0,0,0,0,0,0,0,0,0,0,0,0,0,0,0,0,0,1
125000.0,Motoland SX250,Красноярск,50000.0,250,бензин,3,0,1,0,0,0,0,0,1,0,0,0,0,0,0,0,0,0,0,0,0,0,1
125000.0,Motoland Bandit 250,Петрозаводск,8500.0,250,бензин,3,0,1,0,1,0,0,0,0,0,0,0,0,0,0,0,0,0,0,0,0,0,1
125000.0,Motoland XT250 HS,Стерлибашево,1000.0,250,бензин,3,0,1,0,1,0,0,0,0,0,0,0,0,0,0,0,0,0,0,0,0,0,1
125000.0,Racer Ranger RC200-GY8,Новосибирск,1500.0,200,бензин,10,0,1,0,0,0,0,0,1,0,0,0,0,0,0,0,0,0,0,0,0,0,1
125000.0,Regulmoto Sport-003 PR,Ангарск,10000.0,300,бензин,6,0,1,0,1,0,0,0,0,0,0,0,0,0,0,0,0,0,0,0,0,0,1
125000.0,Cronus Leader 200,Нерюнгри,6000.0,200,бензин,11,0,1,0,1,0,0,0,0,0,0,0,0,0,0,0,0,0,0,0,0,0,1
125000.0,Урал 5557,Уссурийск,1000.0,650,бензин,33,0,1,0,1,0,0,0,0,0,0,0,0,0,0,0,0,0,0,0,0,0,1
125000.0,Motoland Enduro 250 ST,Алатырь,11200.0,250,бензин,2,0,1,0,1,0,0,0,0,0,0,0,0,0,0,0,0,0,0,0,0,0,1
125000.0,Regulmoto Athlete 250 21-18,Москва,130.0,250,бензин,4,0,1,0,0,0,1,0,0,0,0,0,0,0,0,0,0,0,0,0,0,0,1
125000.0,Kayo K1 250 MX,Сочи,100.0,250,бензин,1,0,1,0,1,0,0,0,0,0,0,0,0,0,0,0,0,0,0,0,0,0,1
125000.0,SYCMCC 06,Кемерово,1.0,250,бензин,0,0,1,0,1,0,0,0,0,0,0,0,0,0,0,0,0,0,0,0,0,0,1
125000.0,Ataki Tourist 300,Новосибирск,300.0,300,бензин,1,0,1,0,0,0,0,0,1,0,0,0,0,0,0,0,0,0,0,0,0,0,1
125000.0,Ekonika ZF250-3A,Чита,7500.0,250,бензин,10,0,1,0,1,0,0,0,0,0,0,0,0,0,0,0,0,0,0,0,0,0,1
125000.0,GR GR2 250 Enduro Optimum,Ессентуки,2500.0,250,бензин,3,0,1,0,1,0,0,0,0,0,0,0,0,0,0,0,0,0,0,0,0,0,1
125000.0,Racer RC150,Черемхово,2500.0,150,бензин,5,0,0,0,1,0,0,0,0,0,0,0,0,0,0,0,0,0,0,0,0,0,1
125000.0,Racer Panther RC200GY-C2,Мамонтово,7000.0,250,бензин,3,0,1,0,1,0,0,0,0,0,0,0,0,0,0,0,0,0,0,0,0,0,1
125000.0,Motoland CB 250,Благодарный,4000.0,250,бензин,1,0,1,0,1,0,0,0,0,0,0,0,0,0,0,0,0,0,0,0,0,0,1
126000.0,Kayo K1 250 MX,Пермь,1000.0,250,бензин,4,0,1,0,0,0,0,0,1,0,0,0,0,0,0,0,0,0,0,0,0,0,1
126000.0,Zongshen Z-one,Дюртюли,3333.0,200,бензин,7,0,1,0,1,0,0,0,0,0,0,0,0,0,0,0,0,0,0,0,0,0,1
128000.0,Roliz Sport-003,Барнаул,1283.0,250,бензин,3,0,1,0,1,0,0,0,0,0,0,0,0,0,0,0,0,0,0,0,0,0,1
129000.0,Motoland Enduro 250 LT,Тамбов,3300.0,250,бензин,4,0,1,0,1,0,0,0,0,0,0,0,0,0,0,0,0,0,0,0,0,0,1
129000.0,Rockot Motors Raptor,Славянск-На-Кубани,61.0,250,бензин,1,0,1,0,1,0,0,0,0,0,0,0,0,0,0,0,0,0,0,0,0,0,1
129990.0,Progasi Max 150,Славгород,4000.0,150,бензин,1,0,1,0,1,0,0,0,0,0,0,0,0,0,0,0,0,0,0,0,0,0,1
130000.0,Vento Enduro,Белово,1100.0,250,бензин,4,0,1,0,1,0,0,0,0,0,0,0,0,0,0,0,0,0,0,0,0,0,1
130000.0,Regulmoto Senke SK200-9,Тулун,776.0,200,бензин,1,0,0,0,1,0,0,0,0,0,0,0,0,0,0,0,0,0,0,0,0,0,1
130000.0,Ява 350,Барнаул,1500.0,350,бензин,37,0,0,0,1,0,0,0,0,0,0,0,0,0,0,0,0,0,0,0,0,0,1
130000.0,Иж Планета 5,Тайшет,15000.0,297,бензин,28,0,0,0,1,0,0,0,0,0,0,0,0,0,0,0,0,0,0,0,0,0,1
130000.0,Avantis FX 250 Lux,Красный Сулин,777.0,250,бензин,4,0,1,0,1,0,0,0,0,0,0,0,0,0,0,0,0,0,0,0,0,0,1
130000.0,Racer Enduro RC200GY-C2,Минусинск,3000.0,200,бензин,2,0,1,0,1,0,0,0,0,0,0,0,0,0,0,0,0,0,0,0,0,0,1
130000.0,Racer Fighter RC250CK-N,Раздольное,4500.0,250,бензин,11,0,1,0,1,0,0,0,0,0,0,0,0,0,0,0,0,0,0,0,0,0,1
130000.0,BSE PH-150,Заводоуковск,112.0,150,бензин,1,0,0,0,1,0,0,0,0,0,0,0,0,0,0,0,0,0,0,0,0,0,1
130000.0,Racer RC250GY-C2,Птичье,1.0,250,бензин,2,0,1,0,1,0,0,0,0,0,0,0,0,0,0,0,0,0,0,0,0,0,1
130000.0,Regulmoto Seven Medalist Pro,Усть-Кут,3.0,125,бензин,1,0,1,0,1,0,0,0,0,0,0,0,0,0,0,0,0,0,0,0,0,0,1
130000.0,Kayo T2,Алейск,3000.0,250,бензин,6,0,1,0,1,0,0,0,0,0,0,0,0,0,0,0,0,0,0,0,0,0,1
130000.0,Zuum 250CB,Новокузнецк,1500.0,250,бензин,4,0,1,0,1,0,0,0,0,0,0,0,0,0,0,0,0,0,0,0,0,0,1
130000.0,Suzuki GSF 400 Bandit,Новосибирск,50000.0,400,бензин,35,0,1,0,0,0,0,0,1,0,0,0,0,0,0,0,0,0,0,1,0,0,0
130000.0,Suzuki Djebel 200,Уссурийск,21439.0,199,бензин,24,0,1,0,1,0,0,0,0,0,0,0,0,0,0,0,0,0,0,1,0,0,0
130000.0,Motoland XT250 HS,Москва,999.0,250,бензин,2,0,1,0,0,0,1,0,0,0,0,0,0,0,0,0,0,0,0,0,0,0,1
130000.0,Yamaha FZX 250 Zeal,Благовещенск,80000.0,250,бензин,28,0,1,0,1,0,0,0,0,0,0,0,0,0,0,0,0,0,0,0,0,1,0
130000.0,Roliz Sport-003,Поярково,600.0,250,бензин,1,0,1,0,1,0,0,0,0,0,0,0,0,0,0,0,0,0,0,0,0,0,1
130000.0,Baltmotors Classic 200,Лосино-Петровский,3800.0,250,бензин,13,0,1,0,0,0,0,1,0,0,0,0,0,0,0,0,0,0,0,0,0,0,1
130000.0,Regulmoto Sport-003 PR,Иркутск,3900.0,300,бензин,4,0,1,0,1,0,0,0,0,0,0,0,0,0,0,0,0,0,0,0,0,0,1
130000.0,С.МОТО KXD 607,Иркутск,4512.0,130,бензин,75,0,1,0,1,0,0,0,0,0,0,0,0,0,0,0,0,0,0,0,0,0,1
130000.0,Kayo K1 250 MX,Клин,757.0,300,бензин,1,0,1,0,0,0,0,1,0,0,0,0,0,0,0,0,0,0,0,0,0,0,1
130000.0,Racer Panther,Богандинский,3500.0,250,бензин,5,0,1,0,1,0,0,0,0,0,0,0,0,0,0,0,0,0,0,0,0,0,1
130000.0,Motoland XL250-C,Исетское,3000.0,300,бензин,4,0,1,0,1,0,0,0,0,0,0,0,0,0,0,0,0,0,0,0,0,0,1
130000.0,Racer Caiman RC250XZR-X,Усолье-Сибирское,2200.0,250,бензин,10,0,1,0,1,0,0,0,0,0,0,0,0,0,0,0,0,0,0,0,0,0,1
130000.0,Racer Panther RC250GY-C2,Ужур,5000.0,224,бензин,6,0,1,0,1,0,0,0,0,0,0,0,0,0,0,0,0,0,0,0,0,0,1
130000.0,Wels RT140,Чита,150.0,140,бензин,4,0,1,0,1,0,0,0,0,0,0,0,0,0,0,0,0,0,0,0,0,0,1
130000.0,Урал М-67 36,Черепаново,1000.0,649,бензин,44,0,1,0,1,0,0,0,0,0,0,0,0,0,0,0,0,0,0,0,0,0,1
130000.0,SYCMCC SYC300-11,Новосибирск,3.0,250,бензин,0,0,1,0,0,0,0,0,1,0,0,0,0,0,0,0,0,0,0,0,0,0,1
130000.0,Kayo K1 250 MX,Санкт-Петербург,119.0,250,бензин,3,0,1,0,0,0,0,0,0,1,0,0,0,0,0,0,0,0,0,0,0,0,1
130000.0,Racer Panther RC250GY-C2,Иркутск,550.0,250,бензин,1,0,1,0,1,0,0,0,0,0,0,0,0,0,0,0,0,0,0,0,0,0,1
130000.0,Ajerra Sagai SS CB300RL,Благовещенск,3000.0,250,бензин,2,0,1,0,1,0,0,0,0,0,0,0,0,0,0,0,0,0,0,0,0,0,1
130000.0,Motoland XR250 Enduro,Анапа,1200.0,250,бензин,3,0,1,0,1,0,0,0,0,0,0,0,0,0,0,0,0,0,0,0,0,0,1
130000.0,STELS Trigger,Санкт-Петербург,100.0,90,бензин,13,0,0,0,0,0,0,0,0,1,0,0,0,0,0,0,0,0,0,0,0,0,1
130000.0,Yamaha Majesty 250,Хабаровск,42000.0,249,бензин,23,1,1,0,1,0,0,0,0,0,0,0,0,0,0,0,0,0,0,0,0,1,0
130000.0,Racer Enduro RC200GY-C2,Чита,1100.0,200,бензин,2,0,1,0,1,0,0,0,0,0,0,0,0,0,0,0,0,0,0,0,0,0,1
130000.0,Racer Fighter RC250CK-N,Волчиха,20000.0,250,бензин,11,0,1,0,1,0,0,0,0,0,0,0,0,0,0,0,0,0,0,0,0,0,1
130000.0,Suzuki DR-Z 400,Киров,22000.0,398,бензин,19,0,1,0,1,0,0,0,0,0,0,0,0,0,0,0,0,0,0,1,0,0,0
130000.0,Racer Panther RC250GY-C2,Казань,1768.0,250,бензин,2,0,1,0,0,0,0,0,1,0,0,0,0,0,0,0,0,0,0,0,0,0,1
130000.0,Motoland Dakar ST,Мытищи,15000.0,249,бензин,4,0,1,0,0,0,0,1,0,0,0,0,0,0,0,0,0,0,0,0,0,0,1
130000.0,Motoland XR250 Lite,Воронеж,500.0,250,бензин,4,0,1,0,0,0,0,0,1,0,0,0,0,0,0,0,0,0,0,0,0,0,1
130000.0,Progasi Max 150,Барнаул,2500.0,150,бензин,2,0,1,0,1,0,0,0,0,0,0,0,0,0,0,0,0,0,0,0,0,0,1
130000.0,Lifan LF250,Иваново,95000.0,250,бензин,6,0,1,1,1,0,0,0,0,0,0,0,0,0,0,0,0,0,0,0,0,0,1
130000.0,Shineray XY200ST,Северодвинск,1680.0,230,бензин,1,0,1,0,1,0,0,0,0,0,0,0,0,0,0,0,0,0,0,0,0,0,1
130000.0,Regulmoto Allroad,Покровка,386.0,150,бензин,1,0,1,0,1,0,0,0,0,0,0,0,0,0,0,0,0,0,0,0,0,0,1
130000.0,Racer Panther RC250GY-C2,Екатеринбург,6.0,250,бензин,2,0,1,1,0,0,0,0,1,0,0,0,0,0,0,0,0,0,0,0,0,0,1
130000.0,Racer RC250GY-C2,Чита,4050.0,250,бензин,10,0,1,0,1,0,0,0,0,0,0,0,0,0,0,0,0,0,0,0,0,0,1
130000.0,Racer Ranger RC300-GY8,Бийск,6000.0,300,бензин,9,0,1,0,1,0,0,0,0,0,0,0,0,0,0,0,0,0,0,0,0,0,1
130000.0,Sharmax Sport 240,Вологда,540.0,200,бензин,2,0,1,0,1,0,0,0,0,0,0,0,0,0,0,0,0,0,0,0,0,0,1
130000.0,Roliz Sport-003,Томск,2000.0,250,бензин,2,0,1,0,1,0,0,0,0,0,0,0,0,0,0,0,0,0,0,0,0,0,1
130000.0,Racer Panther RC300-GY8X,Горно-Алтайск,3088.0,270,бензин,5,0,1,0,1,0,0,0,0,0,0,0,0,0,0,0,0,0,0,0,0,0,1
130000.0,Иж Орион,Киреевск,10.0,250,бензин,33,0,0,0,1,0,0,0,0,0,0,0,0,0,0,0,0,0,0,0,0,0,1
130000.0,Suzuki DR 250,Благовещенск,15000.0,250,бензин,18,0,1,0,1,0,0,0,0,0,0,0,0,0,0,0,0,0,0,1,0,0,0
130000.0,Regulmoto Senke SK200-9,Чита,1080.0,200,бензин,2,0,1,0,1,0,0,0,0,0,0,0,0,0,0,0,0,0,0,0,0,0,1
130000.0,Racer Panther Lite RC250GY-C2A,Новосибирск,6925.0,224,бензин,5,0,1,0,0,0,0,0,1,0,0,0,0,0,0,0,0,0,0,0,0,0,1
130000.0,Kayo K2 Pro,Химки,1.0,250,бензин,0,0,1,0,0,0,0,1,0,0,0,0,0,0,0,0,0,0,0,0,0,0,1
130000.0,Racer Panther RC300-GY8X,Москва,6000.0,300,бензин,6,0,1,0,0,0,1,0,0,0,0,0,0,0,0,0,0,0,0,0,0,0,1
130000.0,Regulmoto Monster,Владивосток,3600.0,200,бензин,1,0,1,0,1,0,0,0,0,0,0,0,0,0,0,0,0,0,0,0,0,0,1
130000.0,Honda Magna,Талдан,31050.0,249,бензин,31,0,1,0,1,0,0,0,0,0,0,0,0,0,1,0,0,0,0,0,0,0,0
130000.0,Progasi Max 150,Шушенское,809.0,150,бензин,1,0,1,0,1,0,0,0,0,0,0,0,0,0,0,0,0,0,0,0,0,0,1
130000.0,Motoland XR250,Благовещенск,813.0,250,бензин,3,0,1,0,1,0,0,0,0,0,0,0,0,0,0,0,0,0,0,0,0,0,1
130000.0,Урал 5557,Хабаровск,25000.0,650,бензин,35,0,1,0,1,0,0,0,0,0,0,0,0,0,0,0,0,0,0,0,0,0,1
130000.0,Kayo K1 250 MX,Островское,5000.0,250,бензин,2,0,1,0,1,0,0,0,0,0,0,0,0,0,0,0,0,0,0,0,0,0,1
130000.0,Ataki Tracker,Ковров,2300.0,250,бензин,1,0,1,0,1,0,0,0,0,0,0,0,0,0,0,0,0,0,0,0,0,0,1
130000.0,Roliz Sport-007,Белокуриха,6950.0,250,бензин,2,0,1,0,1,0,0,0,0,0,0,0,0,0,0,0,0,0,0,0,0,0,1
130000.0,Racer RC300-GY8K XVR,Моршанск,10000.0,300,бензин,6,0,1,0,1,0,0,0,0,0,0,0,0,0,0,0,0,0,0,0,0,0,1
130000.0,Kayo K1 250 MX,Старый Крым,163.0,250,бензин,1,0,1,0,1,0,0,0,0,0,0,0,0,0,0,0,0,0,0,0,0,0,1
130000.0,Racer Panther RC300-GY8X,Карымское,5000.0,300,бензин,5,0,1,0,1,0,0,0,0,0,0,0,0,0,0,0,0,0,0,0,0,0,1
130000.0,Урал М-67 36,Балашов,21000.0,649,бензин,41,0,1,0,1,0,0,0,0,0,0,0,0,0,0,0,0,0,0,0,0,0,1
130000.0,Wels CRF 250,Ангарск,6.0,250,бензин,4,0,1,0,1,0,0,0,0,0,0,0,0,0,0,0,0,0,0,0,0,0,1
130000.0,Racer Panther RC250GY-C2,Ленинск-Кузнецкий,250.0,250,бензин,1,0,1,0,1,0,0,0,0,0,0,0,0,0,0,0,0,0,0,0,0,0,1
130000.0,Motoland CRF 250,Майма,2000.0,250,бензин,4,0,1,0,1,0,0,0,0,0,0,0,0,0,0,0,0,0,0,0,0,0,1
130000.0,Минск X 250,Новониколаевский,14500.0,250,бензин,2,0,1,0,1,0,0,0,0,0,0,0,0,0,0,0,0,0,0,0,0,0,1
130000.0,Regulmoto Senke SK200-9,Беркакит,217.0,199,бензин,3,0,1,0,1,0,0,0,0,0,0,0,0,0,0,0,0,0,0,0,0,0,1
130000.0,Irbis TTR 250,Омск,311.0,250,бензин,3,0,1,0,0,0,0,0,1,0,0,0,0,0,0,0,0,0,0,0,0,0,1
130000.0,Иж 7,Тюмень,3000.0,346,бензин,20,0,0,0,1,0,0,0,0,0,0,0,0,0,0,0,0,0,0,0,0,0,1
130000.0,STELS Flame 200,Дзержинское,6000.0,200,бензин,11,0,1,0,1,0,0,0,0,0,0,0,0,0,0,0,0,0,0,0,0,0,1
130000.0,Roliz Rolize,Улан-Удэ,19000.0,250,бензин,1,0,1,0,1,0,0,0,0,0,0,0,0,0,0,0,0,0,0,0,0,0,1
130000.0,Regulmoto SK 200-6,Иркутск,1400.0,200,бензин,2,0,1,0,1,0,0,0,0,0,0,0,0,0,0,0,0,0,0,0,0,0,1
130000.0,Progasi Max 150,Ярославль,1600.0,149,бензин,2,0,1,0,1,0,0,0,0,0,0,0,0,0,0,0,0,0,0,0,0,0,1
130000.0,Regulmoto ZF-KY 250 Sport-003,Владивосток,9999.0,300,бензин,6,0,1,0,1,0,0,0,0,0,0,0,0,0,0,0,0,0,0,0,0,0,1
130000.0,Racer Storm,Усть-Лабинск,5000.0,300,бензин,5,0,1,0,1,0,0,0,0,0,0,0,0,0,0,0,0,0,0,0,0,0,1
130000.0,Motoland Enduro 250 LT,Гирей,6000.0,250,бензин,4,0,1,0,1,0,0,0,0,0,0,0,0,0,0,0,0,0,0,0,0,0,1
130000.0,BSE Z6,Аргаяш,99.0,250,бензин,5,0,1,0,1,0,0,0,0,0,0,0,0,0,0,0,0,0,0,0,0,0,1
130000.0,Racer Panther RC250GY-C2,Кемерово,1500.0,250,бензин,2,0,1,0,1,0,0,0,0,0,0,0,0,0,0,0,0,0,0,0,0,0,1
130000.0,Kayo K1 250 MX,Коркино,150.0,250,бензин,3,0,1,0,1,0,0,0,0,0,0,0,0,0,0,0,0,0,0,0,0,0,1
133000.0,Motoland XT250 HS,Тамбов,600.0,250,бензин,4,0,1,0,1,0,0,0,0,0,0,0,0,0,0,0,0,0,0,0,0,0,1
134000.0,Apollo Thunder 250,Тайтурка,2000.0,250,бензин,1,0,1,0,1,0,0,0,0,0,0,0,0,0,0,0,0,0,0,0,0,0,1
134990.0,Kayo K1 250 MX,Ижевск,101.0,250,бензин,1,0,1,0,1,0,0,0,0,0,0,0,0,0,0,0,0,0,0,0,0,0,1
135000.0,Ataki S003,Краснодар,7000.0,300,бензин,2,0,1,0,0,0,0,0,1,0,0,0,0,0,0,0,0,0,0,0,0,0,1
135000.0,Motoland XL250-C,Челябинск,11000.0,250,бензин,2,0,1,0,0,0,0,0,1,0,0,0,0,0,0,0,0,0,0,0,0,0,1
135000.0,Progasi Smart 190,Ленинск,700.0,190,бензин,1,0,1,0,1,0,0,0,0,0,0,0,0,0,0,0,0,0,0,0,0,0,1
135000.0,Kayo K1 250 MX,Москва,741.0,250,бензин,3,0,1,0,0,0,1,0,0,0,0,0,0,0,0,0,0,0,0,0,0,0,1
135000.0,Motoland XL250-F,Прокопьевск,1500.0,250,бензин,4,0,1,0,1,0,0,0,0,0,0,0,0,0,0,0,0,0,0,0,0,0,1
135000.0,Sharmax Sport 250,Михнево,3800.0,250,бензин,2,0,1,0,0,0,0,1,0,0,0,0,0,0,0,0,0,0,0,0,0,0,1
135000.0,Racer Enduro,Чита,1800.0,224,бензин,5,0,1,0,1,0,0,0,0,0,0,0,0,0,0,0,0,0,0,0,0,0,1
135000.0,BSE J2,Нефтекамск,211.0,250,бензин,6,0,1,0,1,0,0,0,0,0,0,0,0,0,0,0,0,0,0,0,0,0,1
135000.0,Motoland XR250 Lite,Новосибирск,1000.0,250,бензин,3,0,1,0,0,0,0,0,1,0,0,0,0,0,0,0,0,0,0,0,0,0,1
135000.0,Motoland XR250 Lite,Новокузнецк,500.0,250,бензин,3,0,1,0,1,0,0,0,0,0,0,0,0,0,0,0,0,0,0,0,0,0,1
135000.0,Regulmoto Athlete 250,Владивосток,200.0,250,бензин,4,1,1,1,1,0,0,0,0,0,0,0,0,0,0,0,0,0,0,0,0,0,1
135000.0,Zongshen Z-one,Лениногорск,14270.0,200,бензин,4,0,1,0,1,0,0,0,0,0,0,0,0,0,0,0,0,0,0,0,0,0,1
135000.0,Racer Panther RC300-GY8X,Усть-Кут,270.0,300,бензин,5,0,1,0,1,0,0,0,0,0,0,0,0,0,0,0,0,0,0,0,0,0,1
135000.0,Motoland XR250,Кабардинка,4500.0,250,бензин,4,0,1,0,1,0,0,0,0,0,0,0,0,0,0,0,0,0,0,0,0,0,1
135000.0,SYCMCC SYC300-11,Арзамас,2.0,300,бензин,0,0,1,0,1,0,0,0,0,0,0,0,0,0,0,0,0,0,0,0,0,0,1
135000.0,Motoland Enduro 250 ST,Новокузнецк,1000.0,250,бензин,1,0,1,0,1,0,0,0,0,0,0,0,0,0,0,0,0,0,0,0,0,0,1
135000.0,Roliz Sport-005,Комсомольск-на-Амуре,1000.0,300,бензин,1,0,1,0,1,0,0,0,0,0,0,0,0,0,0,0,0,0,0,0,0,0,1
135000.0,Racer Enduro 300 RC300-GY8A,Шира,4000.0,300,бензин,7,0,1,0,1,0,0,0,0,0,0,0,0,0,0,0,0,0,0,0,0,0,1
135000.0,Progasi Palma 250,Новосибирск,1800.0,250,бензин,2,0,1,0,0,0,0,0,1,0,0,0,0,0,0,0,0,0,0,0,0,0,1
135000.0,Regulmoto Senke SK200-9,Благовещенск,836.0,200,бензин,2,0,1,0,1,0,0,0,0,0,0,0,0,0,0,0,0,0,0,0,0,0,1
135000.0,Motoland XT300 HS,Шадринск,23.0,299,бензин,3,0,1,0,1,0,0,0,0,0,0,0,0,0,0,0,0,0,0,0,0,0,1
135000.0,Kayo T2 250 Enduro,Искитим,6000.0,250,бензин,7,0,1,0,1,0,0,0,0,0,0,0,0,0,0,0,0,0,0,0,0,0,1
135000.0,Roliz Spider 250,Чита,2500.0,150,бензин,1,0,1,0,1,0,0,0,0,0,0,0,0,0,0,0,0,0,0,0,0,0,1
135000.0,Roliz Sport-005,Иркутск,900.0,250,бензин,3,0,1,0,1,0,0,0,0,0,0,0,0,0,0,0,0,0,0,0,0,0,1
135000.0,Kayo T2-G 250 Enduro,Магнитогорск,2200.0,250,бензин,3,0,1,0,1,0,0,0,0,0,0,0,0,0,0,0,0,0,0,0,0,0,1
135000.0,Regulmoto Seven Medalist Pro,Шемурша,500.0,150,бензин,2,0,1,0,1,0,0,0,0,0,0,0,0,0,0,0,0,0,0,0,0,0,1
135000.0,Sharmax Sport 240,Пермь,3000.0,200,бензин,2,0,1,0,0,0,0,0,1,0,0,0,0,0,0,0,0,0,0,0,0,0,1
136000.0,OXO Lite 250,Безенчук,795.0,250,бензин,1,0,1,0,1,0,0,0,0,0,0,0,0,0,0,0,0,0,0,0,0,0,1
136000.0,Regulmoto Seven Medalist Pro,Новосибирск,1.0,140,бензин,1,0,1,0,0,0,0,0,1,0,0,0,0,0,0,0,0,0,0,0,0,0,1
137000.0,Racer RC300-GY8V XSR,Москва,2225.0,300,бензин,1,0,1,0,0,0,1,0,0,0,0,0,0,0,0,0,0,0,0,0,0,0,1
138000.0,Motoland XR250,Новосибирск,500.0,250,бензин,1,0,1,0,0,0,0,0,1,0,0,0,0,0,0,0,0,0,0,0,0,0,1
138000.0,VMC 140,Москва,3386.0,250,бензин,1,0,1,0,0,0,1,0,0,0,0,0,0,0,0,0,0,0,0,0,0,0,1
138000.0,BSE J5 250 21-18,Цимлянск,6000.0,250,бензин,1,0,1,0,1,0,0,0,0,0,0,0,0,0,0,0,0,0,0,0,0,0,1
138000.0,Racer Fighter,Шилка,8700.0,250,бензин,11,0,1,0,1,0,0,0,0,0,0,0,0,0,0,0,0,0,0,0,0,0,1
138000.0,Progasi Max 150,Новосибирск,1000.0,150,бензин,1,0,1,0,0,0,0,0,1,0,0,0,0,0,0,0,0,0,0,0,0,0,1
139000.0,SYCMCC SYC300-11,Новосибирск,1.0,300,бензин,0,0,1,0,0,0,0,0,1,0,0,0,0,0,0,0,0,0,0,0,0,0,1
139000.0,SYCMCC SYC300-11,Новосибирск,10.0,300,бензин,0,0,1,0,0,0,0,0,1,0,0,0,0,0,0,0,0,0,0,0,0,0,1
139000.0,Regulmoto ZF-KY 250 Sport-003,Белово,1100.0,250,бензин,4,0,1,0,1,0,0,0,0,0,0,0,0,0,0,0,0,0,0,0,0,0,1
139000.0,Alpha Sport,Искитим,1.0,250,бензин,1,0,1,0,1,0,0,0,0,0,0,0,0,0,0,0,0,0,0,0,0,0,1
139000.0,Xinguizun KTX NB300,Новосибирск,10.0,300,бензин,0,0,1,0,0,0,0,0,1,0,0,0,0,0,0,0,0,0,0,0,0,0,1
139999.0,Motoland TT250,Можга,5900.0,250,бензин,5,0,1,0,1,0,0,0,0,0,0,0,0,0,0,0,0,0,0,0,0,0,1
139999.0,Kayo K1 250 MX,Пушкино,137.0,250,бензин,2,0,1,0,0,0,0,1,0,0,0,0,0,0,0,0,0,0,0,0,0,0,1
140000.0,Motoland XR250 Lite,Октябрьский,70.0,250,бензин,2,0,1,0,0,0,0,1,0,0,0,0,0,0,0,0,0,0,0,0,0,0,1
140000.0,Motoland XT250 HS,Медногорск,1160.0,250,бензин,2,0,1,0,1,0,0,0,0,0,0,0,0,0,0,0,0,0,0,0,0,0,1
140000.0,Racer Panther RC300-GY8X,Волчиха,7850.0,300,бензин,5,0,1,0,1,0,0,0,0,0,0,0,0,0,0,0,0,0,0,0,0,0,1
140000.0,Racer Nitro,Воткинск,2500.0,250,бензин,2,0,1,0,1,0,0,0,0,0,0,0,0,0,0,0,0,0,0,0,0,0,1
140000.0,Урал ИМЗ 8.103-10,Асбест,23467.0,650,бензин,30,0,1,0,1,0,0,0,0,0,0,0,0,0,0,0,0,0,0,0,0,0,1
140000.0,Kayo K1 250 MX,Нижний Новгород,64.0,250,бензин,1,0,1,0,0,0,0,0,1,0,0,0,0,0,0,0,0,0,0,0,0,0,1
140000.0,Racer Panther RC300-GY8X,Барнаул,1100.0,300,бензин,2,0,1,0,1,0,0,0,0,0,0,0,0,0,0,0,0,0,0,0,0,0,1
140000.0,BSE 150,Чита,400.0,150,бензин,1,0,1,0,1,0,0,0,0,0,0,0,0,0,0,0,0,0,0,0,0,0,1
140000.0,Motoland CRF 250,Москва,1000.0,250,бензин,4,0,1,0,0,0,1,0,0,0,0,0,0,0,0,0,0,0,0,0,0,0,1
140000.0,Racer Ranger RC300-GY8,Красноярск,1500.0,300,бензин,8,0,1,0,0,0,0,0,1,0,0,0,0,0,0,0,0,0,0,0,0,0,1
140000.0,Racer Triumph,Севастополь,1000.0,250,бензин,1,0,1,0,1,0,0,0,0,0,0,0,0,0,0,0,0,0,0,0,0,0,1
140000.0,Hammer HM250,Калга,2000.0,250,бензин,2,0,1,0,1,0,0,0,0,0,0,0,0,0,0,0,0,0,0,0,0,0,1
140000.0,Regulmoto Sport-003 PR,Петропавловск-Камчатский,1000.0,250,бензин,2,0,1,0,1,0,0,0,0,0,0,0,0,0,0,0,0,0,0,0,0,0,1
140000.0,Motoland Flash 200,Самара,1800.0,250,бензин,2,0,1,0,0,0,0,0,1,0,0,0,0,0,0,0,0,0,0,0,0,0,1
140000.0,Regulmoto Athlete 250,Новосибирск,100.0,250,бензин,4,0,1,0,0,0,0,0,1,0,0,0,0,0,0,0,0,0,0,0,0,0,1
140000.0,Honda CRM 80,Владивосток,4000.0,80,бензин,29,0,0,0,1,0,0,0,0,0,0,0,0,0,1,0,0,0,0,0,0,0,0
140000.0,Racer Panther RC300-GY8X,Тума,400.0,270,бензин,2,0,1,0,1,0,0,0,0,0,0,0,0,0,0,0,0,0,0,0,0,0,1
140000.0,Kayo T2 250 Enduro,Владимиро-Александровское,620.0,250,бензин,3,0,1,0,1,0,0,0,0,0,0,0,0,0,0,0,0,0,0,0,0,0,1
140000.0,Motoland XL250-C,Иркутск,1208.0,250,бензин,6,0,1,0,1,0,0,0,0,0,0,0,0,0,0,0,0,0,0,0,0,0,1
140000.0,Motoland TT300,Красная Горбатка,5000.0,300,бензин,5,0,1,0,1,0,0,0,0,0,0,0,0,0,0,0,0,0,0,0,0,0,1
140000.0,Regulmoto Onix 125,Лесозаводск,3000.0,150,бензин,1,0,1,0,1,0,0,0,0,0,0,0,0,0,0,0,0,0,0,0,0,0,1
140000.0,Racer Panther Lite RC250GY-C2A,Новопавловка,5500.0,250,бензин,5,0,1,0,1,0,0,0,0,0,0,0,0,0,0,0,0,0,0,0,0,0,1
140000.0,Progasi Max 150,Ноябрьск,780.0,150,бензин,2,0,1,0,1,0,0,0,0,0,0,0,0,0,0,0,0,0,0,0,0,0,1
140000.0,Kayo K1 250 MX,Ульяновск,100.0,249,бензин,2,0,1,0,1,0,0,0,0,0,0,0,0,0,0,0,0,0,0,0,0,0,1
140000.0,Irbis TTR 250R,Сасово,1541.0,223,бензин,4,0,1,0,1,0,0,0,0,0,0,0,0,0,0,0,0,0,0,0,0,0,1
140000.0,Ataki DR250,Берёзовский,1100.0,250,бензин,3,0,1,0,1,0,0,0,0,0,0,0,0,0,0,0,0,0,0,0,0,0,1
140000.0,Avantis FX 250 Lux,Новосибирск,3000.0,250,бензин,5,0,1,0,0,0,0,0,1,0,0,0,0,0,0,0,0,0,0,0,0,0,1
140000.0,Kayo T4 250 Enduro,Красноярск,200.0,250,бензин,15,0,1,0,0,0,0,0,1,0,0,0,0,0,0,0,0,0,0,0,0,0,1
140000.0,Racer Skyway RC300-CS,Искитим,200.0,270,бензин,7,0,1,0,1,0,0,0,0,0,0,0,0,0,0,0,0,0,0,0,0,0,1
140000.0,Motoland TT250,Детчино,2000.0,250,бензин,3,0,1,0,1,0,0,0,0,0,0,0,0,0,0,0,0,0,0,0,0,0,1
140000.0,Racer RC250GY-C2K K2,Москва,3000.0,250,бензин,2,0,1,0,0,0,1,0,0,0,0,0,0,0,0,0,0,0,0,0,0,0,1
140000.0,Racer Skyway RC300-CS,Новосибирск,3830.0,300,бензин,8,0,1,0,0,0,0,0,1,0,0,0,0,0,0,0,0,0,0,0,0,0,1
155000.0,Regulmoto Sport-003 PR,Владивосток,600.0,300,бензин,2,0,1,0,1,0,0,0,0,0,0,0,0,0,0,0,0,0,0,0,0,0,1
140000.0,Regulmoto Raptor 250,Москва,6633.0,250,бензин,3,0,1,0,0,0,1,0,0,0,0,0,0,0,0,0,0,0,0,0,0,0,1
140000.0,Bajaj V15,Москва,14000.0,150,бензин,8,0,1,0,0,0,1,0,0,0,0,0,0,0,0,0,0,0,0,0,0,0,1
140000.0,Regulmoto Athlete 250 21-18,Сунтар,158.0,250,бензин,3,0,1,0,1,0,0,0,0,0,0,0,0,0,0,0,0,0,0,0,0,0,1
140000.0,Kayo K4 250 MX,Жуков,1111.0,250,бензин,3,0,1,0,1,0,0,0,0,0,0,0,0,0,0,0,0,0,0,0,0,0,1
140000.0,Kayo K1 250 MX,Челябинск,1000.0,250,бензин,5,0,1,0,0,0,0,0,1,0,0,0,0,0,0,0,0,0,0,0,0,0,1
140000.0,Racer Panther RC300-GY8X,Каскара,1200.0,300,бензин,2,0,1,0,1,0,0,0,0,0,0,0,0,0,0,0,0,0,0,0,0,0,1
140000.0,Rockot Motors R5F Raptor,Нижнекамск,1111.0,250,бензин,1,0,1,0,1,0,0,0,0,0,0,0,0,0,0,0,0,0,0,0,0,0,1
140000.0,Progasi Smart 150,Хабаровск,600.0,140,бензин,2,0,1,0,1,0,0,0,0,0,0,0,0,0,0,0,0,0,0,0,0,0,1
140000.0,SPR-Motors CrossRoad-3,Дальнегорск,6000.0,250,бензин,4,0,1,0,1,0,0,0,0,0,0,0,0,0,0,0,0,0,0,0,0,0,1
140000.0,Regulmoto SK 250GY-5,Чита,9000.0,250,бензин,6,0,1,0,1,0,0,0,0,0,0,0,0,0,0,0,0,0,0,0,0,0,1
140000.0,Regulmoto TE,Благовещенск,2300.0,300,бензин,3,0,1,0,1,0,0,0,0,0,0,0,0,0,0,0,0,0,0,0,0,0,1
140000.0,Regulmoto Sport-003 Z,Нерюнгри,3000.0,250,бензин,4,0,1,0,1,0,0,0,0,0,0,0,0,0,0,0,0,0,0,0,0,0,1
140000.0,Racer Nitro RC250-CK,Северск,7500.0,250,бензин,11,0,1,0,1,0,0,0,0,0,0,0,0,0,0,0,0,0,0,0,0,0,1
140000.0,Kayo T2 250 MX,Красноярск,4000.0,250,бензин,2,0,1,0,0,0,0,0,1,0,0,0,0,0,0,0,0,0,0,0,0,0,1
140000.0,Regulmoto Athlete 300,Сибай,1000.0,300,бензин,2,0,1,0,1,0,0,0,0,0,0,0,0,0,0,0,0,0,0,0,0,0,1
140000.0,Regulmoto Athlete 250,Иркутск,2000.0,250,бензин,4,0,1,0,1,0,0,0,0,0,0,0,0,0,0,0,0,0,0,0,0,0,1
140000.0,Motoland Bandit 250,Константиновск,6992.0,250,бензин,1,0,1,0,1,0,0,0,0,0,0,0,0,0,0,0,0,0,0,0,0,0,1
140000.0,Motoland XL250-F,Красноярск,3750.0,250,бензин,6,0,1,0,0,0,0,0,1,0,0,0,0,0,0,0,0,0,0,0,0,0,1
140000.0,Racer Panther RC250GY-C2,Новосибирск,1700.0,224,бензин,5,0,1,0,0,0,0,0,1,0,0,0,0,0,0,0,0,0,0,0,0,0,1
140000.0,Avantis FX 250 Lux,Куйбышев,3000.0,250,бензин,5,0,1,0,1,0,0,0,0,0,0,0,0,0,0,0,0,0,0,0,0,0,1
140000.0,Regulmoto SK200-8,Чита,100.0,200,бензин,1,0,1,0,1,0,0,0,0,0,0,0,0,0,0,0,0,0,0,0,0,0,1
140000.0,Apollo Thunder 250,Находка,70.0,250,бензин,1,0,1,0,1,0,0,0,0,0,0,0,0,0,0,0,0,0,0,0,0,0,1
140000.0,Racer Panther,Гурьевск,3000.0,300,бензин,2,0,1,0,1,0,0,0,0,0,0,0,0,0,0,0,0,0,0,0,0,0,1
140000.0,Kayo K1 250 MX,Белогорск,70.0,250,бензин,1,0,1,0,1,0,0,0,0,0,0,0,0,0,0,0,0,0,0,0,0,0,1
140000.0,Racer Nitro RC200-CK,Черемхово,10000.0,200,бензин,12,0,1,0,1,0,0,0,0,0,0,0,0,0,0,0,0,0,0,0,0,0,1
140000.0,Wels MX250R,Москва,1000.0,250,бензин,5,0,1,0,0,0,1,0,0,0,0,0,0,0,0,0,0,0,0,0,0,0,1
140000.0,BSE Z3,Набережные Челны,2400.0,250,бензин,4,0,1,0,1,0,0,0,0,0,0,0,0,0,0,0,0,0,0,0,0,0,1
140000.0,BSE J5 250 21-18,Воронеж,74.0,250,бензин,3,0,1,0,0,0,0,0,1,0,0,0,0,0,0,0,0,0,0,0,0,0,1
140000.0,Racer Panther RC300-GY8X,Казаки,2200.0,270,бензин,5,0,1,0,1,0,0,0,0,0,0,0,0,0,0,0,0,0,0,0,0,0,1
140000.0,Урал Турист,Вихоревка,19000.0,650,бензин,33,0,1,0,1,0,0,0,0,0,0,0,0,0,0,0,0,0,0,0,0,0,1
140000.0,Kayo Evolution YX140EM,Бачатский,1500.0,140,бензин,1,0,1,0,1,0,0,0,0,0,0,0,0,0,0,0,0,0,0,0,0,0,1
140000.0,Racer Fighter RC300CK-N,Кемерово,3920.0,300,бензин,2,0,1,0,1,0,0,0,0,0,0,0,0,0,0,0,0,0,0,0,0,0,1
140000.0,CZ 500,Чита,1000.0,500,бензин,29,0,0,0,1,0,0,0,0,0,0,0,0,0,0,0,0,0,0,0,0,0,1
140000.0,BSE Z5,Абинск,1.0,250,бензин,4,0,1,0,1,0,0,0,0,0,0,0,0,0,0,0,0,0,0,0,0,0,1
140000.0,Motoland Enduro 250 ST,Евпатория,2000.0,250,бензин,1,0,1,0,1,0,0,0,0,0,0,0,0,0,0,0,0,0,0,0,0,0,1
140000.0,Motoland WRX 250 Lite,Миньяр,1111.0,250,бензин,6,0,1,0,1,0,0,0,0,0,0,0,0,0,0,0,0,0,0,0,0,0,1
140000.0,Motoland Enduro 250 LT,Ермаковское,9621.0,250,бензин,6,0,1,0,1,0,0,0,0,0,0,0,0,0,0,0,0,0,0,0,0,0,1
140000.0,Kayo K1 250 MX,Краснодар,1500.0,270,бензин,2,0,1,0,0,0,0,0,1,0,0,0,0,0,0,0,0,0,0,0,0,0,1
140000.0,Racer Panther RC300-GY8X,Ярково,900.0,300,бензин,4,0,1,0,1,0,0,0,0,0,0,0,0,0,0,0,0,0,0,0,0,0,1
140000.0,Regulmoto ZR 250,Красноярск,500.0,250,бензин,4,0,1,0,0,0,0,0,1,0,0,0,0,0,0,0,0,0,0,0,0,0,1
140000.0,Roliz Sport-005,Бердск,600.0,250,бензин,2,0,1,0,1,0,0,0,0,0,0,0,0,0,0,0,0,0,0,0,0,0,1
140000.0,Regulmoto Raptor 250,Владивосток,6500.0,250,бензин,3,0,1,0,1,0,0,0,0,0,0,0,0,0,0,0,0,0,0,0,0,0,1
141000.0,Irbis GR 250,Ялта,14000.0,250,бензин,11,0,1,0,1,0,0,0,0,0,0,0,0,0,0,0,0,0,0,0,0,0,1
142000.0,Racer Panther RC250GY-C2,Зима,1800.0,250,бензин,2,0,1,0,1,0,0,0,0,0,0,0,0,0,0,0,0,0,0,0,0,0,1
144000.0,Kayo T2 250 MX,Георгиевск,5200.0,250,бензин,2,0,1,0,1,0,0,0,0,0,0,0,0,0,0,0,0,0,0,0,0,0,1
144500.0,Racer Panther RC250GY-C2,Томск,200.0,224,бензин,1,0,1,0,1,0,0,0,0,0,0,0,0,0,0,0,0,0,0,0,0,0,1
144999.0,Kayo T2-G 250 Enduro,Екатеринбург,5800.0,250,бензин,4,0,1,0,0,0,0,0,1,0,0,0,0,0,0,0,0,0,0,0,0,0,1
145000.0,Kayo K1 250 MX,Иркутск,200.0,250,бензин,2,0,1,0,1,0,0,0,0,0,0,0,0,0,0,0,0,0,0,0,0,0,1
145000.0,Racer RC250GY-C2K K2,Верхние Серги,3000.0,250,бензин,2,0,1,0,1,0,0,0,0,0,0,0,0,0,0,0,0,0,0,0,0,0,1
145000.0,Yamaha Serow,Барнаул,1.0,225,бензин,35,0,1,0,1,0,0,0,0,0,0,0,0,0,0,0,0,0,0,0,0,1,0
145000.0,Hiro GT 250,Нижневартовск,800.0,250,бензин,2,0,1,0,1,0,0,0,0,0,0,0,0,0,0,0,0,0,0,0,0,0,1
145000.0,Bajaj Boxer BM 150 UG,Томск,5000.0,150,бензин,3,0,1,0,1,0,0,0,0,0,0,0,0,0,0,0,0,0,0,0,0,0,1
145000.0,BSE Z3,Чита,5200.0,250,бензин,3,0,1,0,1,0,0,0,0,0,0,0,0,0,0,0,0,0,0,0,0,0,1
145000.0,Motoland RMZ250,Лунино,5000.0,250,бензин,5,0,1,0,1,0,0,0,0,0,0,0,0,0,0,0,0,0,0,0,0,0,1
145000.0,Racer Enduro 300 RC300-GY8A,Чита,380.0,300,бензин,6,0,1,0,1,0,0,0,0,0,0,0,0,0,0,0,0,0,0,0,0,0,1
145000.0,Kayo T2 250 MX,Каменск-Уральский,6910.0,250,бензин,3,0,1,0,1,0,0,0,0,0,0,0,0,0,0,0,0,0,0,0,0,0,1
145000.0,Motoland CRF 250,Кузнецк,145.0,250,бензин,5,0,1,0,1,0,0,0,0,0,0,0,0,0,0,0,0,0,0,0,0,0,1
145000.0,Motoland XR140,Выборг,155.0,140,бензин,1,0,1,0,0,1,0,0,0,0,0,0,0,0,0,0,0,0,0,0,0,0,1
145000.0,Sharmax Power Max 250,Краснодар,1000.0,249,бензин,1,0,1,0,0,0,0,0,1,0,0,0,0,0,0,0,0,0,0,0,0,0,1
145000.0,Regulmoto Athlete 250,Благовещенск,25.0,250,бензин,3,0,1,0,1,0,0,0,0,0,0,0,0,0,0,0,0,0,0,0,0,0,1
145000.0,Racer Skyway RC300-CS,Зимовники,4247.0,300,бензин,5,0,1,0,1,0,0,0,0,0,0,0,0,0,0,0,0,0,0,0,0,0,1
145000.0,Ekonika Sport-004,Чита,1500.0,250,бензин,3,0,1,0,1,0,0,0,0,0,0,0,0,0,0,0,0,0,0,0,0,0,1
145000.0,Racer SR-X1 Cross X1,Новокузнецк,1000.0,250,бензин,2,0,1,0,1,0,0,0,0,0,0,0,0,0,0,0,0,0,0,0,0,0,1
145000.0,Racer RC250GY-C2K K2,Краснощёково,4000.0,250,бензин,3,0,1,0,1,0,0,0,0,0,0,0,0,0,0,0,0,0,0,0,0,0,1
145000.0,Motoland XT300 HS,Катав-Ивановск,400.0,300,бензин,2,0,1,0,1,0,0,0,0,0,0,0,0,0,0,0,0,0,0,0,0,0,1
145000.0,Motoland XT250 ST,Целинное,1000.0,250,бензин,3,0,1,0,1,0,0,0,0,0,0,0,0,0,0,0,0,0,0,0,0,0,1
145000.0,Avantis FX 250 Lux,Новосибирск,1089.0,249,бензин,3,0,1,0,0,0,0,0,1,0,0,0,0,0,0,0,0,0,0,0,0,0,1
145000.0,Racer Enduro 300 RC300-GY8A,Коченёво,870.0,300,бензин,2,0,1,0,1,0,0,0,0,0,0,0,0,0,0,0,0,0,0,0,0,0,1
145000.0,BRZ H5,Мошково,20.0,200,бензин,31,0,0,0,1,0,0,0,0,0,0,0,0,0,0,0,0,0,0,0,0,0,1
145000.0,BSE Z3L,Большие Кайбицы,1000.0,250,бензин,2,0,1,0,1,0,0,0,0,0,0,0,0,0,0,0,0,0,0,0,0,0,1
145000.0,Мотоальфа A-3,Таштагол,147.0,250,бензин,1,0,1,0,1,0,0,0,0,0,0,0,0,0,0,0,0,0,0,0,0,0,1
145000.0,Racer Magnum RC200-C5B,Черногорск,3000.0,200,бензин,2,0,1,0,1,0,0,0,0,0,0,0,0,0,0,0,0,0,0,0,0,0,1
145000.0,Racer Nitro RC250-CK,Волчиха,3700.0,224,бензин,2,0,1,0,1,0,0,0,0,0,0,0,0,0,0,0,0,0,0,0,0,0,1
145000.0,BSE Z5,Санкт-Петербург,1500.0,250,бензин,5,0,1,0,0,0,0,0,0,1,0,0,0,0,0,0,0,0,0,0,0,0,1
145000.0,Kayo K1 250 MX,Богданович,4000.0,250,бензин,2,0,1,0,1,0,0,0,0,0,0,0,0,0,0,0,0,0,0,0,0,0,1
145000.0,Racer Panther RC250GY-C2,Куйбышев,1900.0,250,бензин,2,0,1,0,1,0,0,0,0,0,0,0,0,0,0,0,0,0,0,0,0,0,1
145000.0,Kawasaki Epsilon 250,Новороссийск,30000.0,250,бензин,20,1,1,1,1,0,0,0,0,0,0,0,0,0,0,0,1,0,0,0,0,0,0
145000.0,Racer Panther RC250GY-C2,Таганрог,1000.0,250,бензин,1,0,1,0,1,0,0,0,0,0,0,0,0,0,0,0,0,0,0,0,0,0,1
145000.0,Racer Ranger RC300-GY8,Тогучин,2000.0,300,бензин,6,0,1,0,1,0,0,0,0,0,0,0,0,0,0,0,0,0,0,0,0,0,1
145000.0,BRZ H6 PR250,Калининград,6666.0,250,бензин,3,0,1,0,1,0,0,0,0,0,0,0,0,0,0,0,0,0,0,0,0,0,1
145000.0,Motoland GS 250,Тула,3600.0,250,бензин,7,0,1,0,1,0,0,0,0,0,0,0,0,0,0,0,0,0,0,0,0,0,1
145000.0,Motoland XT300 HS,Шелехов,3264.0,300,бензин,2,0,1,0,1,0,0,0,0,0,0,0,0,0,0,0,0,0,0,0,0,0,1
145000.0,Sharmax Sport 250,Искитим,500.0,250,бензин,2,0,1,0,1,0,0,0,0,0,0,0,0,0,0,0,0,0,0,0,0,0,1
145000.0,Motoland XR250 Lite,Краснообск,1500.0,250,бензин,2,0,1,0,1,0,0,0,0,0,0,0,0,0,0,0,0,0,0,0,0,0,1
145000.0,Motoland XT250 ST,Красноярск,1273.0,250,бензин,4,0,1,0,0,0,0,0,1,0,0,0,0,0,0,0,0,0,0,0,0,0,1
145000.0,OXO Lite 250,Краснодар,350.0,300,бензин,1,0,1,0,0,0,0,0,1,0,0,0,0,0,0,0,0,0,0,0,0,0,1
145000.0,Roliz Cyrex,Иркутск,70.0,200,бензин,2,0,1,0,1,0,0,0,0,0,0,0,0,0,0,0,0,0,0,0,0,0,1
145000.0,BRZ H5 PR300,Кемерово,2046.0,300,бензин,1,0,1,0,1,0,0,0,0,0,0,0,0,0,0,0,0,0,0,0,0,0,1
145000.0,Roliz Sport-004,Уссурийск,671.0,250,бензин,2,0,1,0,1,0,0,0,0,0,0,0,0,0,0,0,0,0,0,0,0,0,1
145000.0,Motoland TT250,Феодосия,130.0,250,бензин,4,0,1,0,1,0,0,0,0,0,0,0,0,0,0,0,0,0,0,0,0,0,1
145000.0,Racer Triumph,Улан-Удэ,300.0,250,бензин,1,0,1,0,1,0,0,0,0,0,0,0,0,0,0,0,0,0,0,0,0,0,1
145000.0,Regulmoto Athlete 250 19-16,Новосибирск,70.0,250,бензин,1,0,1,0,0,0,0,0,1,0,0,0,0,0,0,0,0,0,0,0,0,0,1
145000.0,Racer RC250GY-C2K K2,Верх-Чебула,4000.0,250,бензин,2,0,1,0,1,0,0,0,0,0,0,0,0,0,0,0,0,0,0,0,0,0,1
145000.0,Sharmax ExpertPro 250,Новосибирск,950.0,249,бензин,1,0,1,0,0,0,0,0,1,0,0,0,0,0,0,0,0,0,0,0,0,0,1
145000.0,Motoland V-Raptor 250,Анапа,11000.0,250,бензин,7,0,1,0,1,0,0,0,0,0,0,0,0,0,0,0,0,0,0,0,0,0,1
145000.0,Racer Ranger RC300-GY8,Прокопьевск,1500.0,300,бензин,5,0,1,0,1,0,0,0,0,0,0,0,0,0,0,0,0,0,0,0,0,0,1
145000.0,Motoland Dakar 250,Владимир,2710.0,250,бензин,11,0,1,0,1,0,0,0,0,0,0,0,0,0,0,0,0,0,0,0,0,0,1
145555.0,Racer Enduro 300 RC300-GY8A,Коченёво,2400.0,300,бензин,5,0,1,0,1,0,0,0,0,0,0,0,0,0,0,0,0,0,0,0,0,0,1
145999.0,Sharmax Sport 250,Новосибирск,2400.0,250,бензин,2,0,1,0,0,0,0,0,1,0,0,0,0,0,0,0,0,0,0,0,0,0,1
146000.0,Motoland XR250,Тюмень,2220.0,250,бензин,3,0,1,0,1,0,0,0,0,0,0,0,0,0,0,0,0,0,0,0,0,0,1
146000.0,Regulmoto Allroad,Новосибирск,1.0,150,бензин,1,0,1,0,0,0,0,0,1,0,0,0,0,0,0,0,0,0,0,0,0,0,1
146500.0,Motoland Enduro 250 ST,Ардатов,4800.0,250,бензин,2,0,1,0,1,0,0,0,0,0,0,0,0,0,0,0,0,0,0,0,0,0,1
147000.0,Kayo K1 250 MX,Константиновск,200.0,250,бензин,1,0,1,0,1,0,0,0,0,0,0,0,0,0,0,0,0,0,0,0,0,0,1
147000.0,Racer Enduro RC200GY-C2,Белокуриха,3.0,200,бензин,0,0,1,0,1,0,0,0,0,0,0,0,0,0,0,0,0,0,0,0,0,0,1
147000.0,Racer Panther RC300-GY8X,Степное Озеро,1302.0,300,бензин,2,0,1,0,1,0,0,0,0,0,0,0,0,0,0,0,0,0,0,0,0,0,1
148000.0,Kayo K1 250 MX,Абакан,1.0,250,бензин,4,0,1,0,1,0,0,0,0,0,0,0,0,0,0,0,0,0,0,0,0,0,1
148000.0,Racer RC250GY-C2,Ханты-Мансийск,970.0,250,бензин,5,0,1,0,1,0,0,0,0,0,0,0,0,0,0,0,0,0,0,0,0,0,1
149000.0,Regulmoto Sport-003 PR,Саяногорск,2500.0,250,бензин,3,0,1,0,1,0,0,0,0,0,0,0,0,0,0,0,0,0,0,0,0,0,1
149000.0,Kayo K1 250 MX,Калининград,108.0,250,бензин,1,0,1,0,1,0,0,0,0,0,0,0,0,0,0,0,0,0,0,0,0,0,1
149000.0,BSE Z1,Москва,6000.0,150,бензин,2,0,1,0,0,0,1,0,0,0,0,0,0,0,0,0,0,0,0,0,0,0,1
149000.0,Motoland Bandit 250,Искитим,8.0,250,бензин,5,0,1,0,1,0,0,0,0,0,0,0,0,0,0,0,0,0,0,0,0,0,1
149000.0,Motoland X3 250 Pro,Красные Четаи,1000.0,250,бензин,4,0,1,0,1,0,0,0,0,0,0,0,0,0,0,0,0,0,0,0,0,0,1
149990.0,Kayo K1 250 MX,Краснодар,30.0,250,бензин,1,0,1,0,0,0,0,0,1,0,0,0,0,0,0,0,0,0,0,0,0,0,1
150000.0,Racer Fighter RC300CK-N,Челябинск,5000.0,300,бензин,5,0,1,0,0,0,0,0,1,0,0,0,0,0,0,0,0,0,0,0,0,0,1
150000.0,Husqvarna TC 50,Владивосток,50000.0,50,бензин,14,0,1,0,1,0,0,0,0,0,0,0,0,0,0,0,0,0,0,0,0,0,1
150000.0,Progasi Palma 250,Яранск,2432.0,250,бензин,1,0,1,0,1,0,0,0,0,0,0,0,0,0,0,0,0,0,0,0,0,0,1
150000.0,Avantis FX 250+,Белгород,700.0,250,бензин,4,0,1,0,1,0,0,0,0,0,0,0,0,0,0,0,0,0,0,0,0,0,1
150000.0,ABM SX 250,Братск,6000.0,225,бензин,10,0,1,0,1,0,0,0,0,0,0,0,0,0,0,0,0,0,0,0,0,0,1
150000.0,Motoland WRX 250 Lite,Казань,3188.0,250,бензин,6,0,1,0,0,0,0,0,1,0,0,0,0,0,0,0,0,0,0,0,0,0,1
150000.0,Suzuki EN125,Венгерово,13370.0,125,бензин,20,0,1,0,1,0,0,0,0,0,0,0,0,0,0,0,0,0,0,1,0,0,0
150000.0,Motoland XL250-C,Новокузнецк,300.0,250,бензин,6,0,1,0,1,0,0,0,0,0,0,0,0,0,0,0,0,0,0,0,0,0,1
150000.0,Kayo T2-G 250 Enduro,Нижний Новгород,3000.0,250,бензин,5,0,1,0,0,0,0,0,1,0,0,0,0,0,0,0,0,0,0,0,0,0,1
150000.0,BSE Z2,Ленинск-Кузнецкий,920.0,250,бензин,3,0,1,0,1,0,0,0,0,0,0,0,0,0,0,0,0,0,0,0,0,0,1
150000.0,Suzuki GSX,Ордынское,38000.0,398,бензин,37,0,1,0,1,0,0,0,0,0,0,0,0,0,0,0,0,0,0,1,0,0,0
150000.0,Racer Skyway RC300-CS,Сузун,1600.0,270,бензин,5,0,1,0,1,0,0,0,0,0,0,0,0,0,0,0,0,0,0,0,0,0,1
150000.0,Иж К15,Барнаул,1700.0,290,бензин,65,0,0,0,1,0,0,0,0,0,0,0,0,0,0,0,0,0,0,0,0,0,1
150000.0,Regulmoto Athlete 250 19-16,Магадан,15000.0,250,бензин,1,0,1,0,1,0,0,0,0,0,0,0,0,0,0,0,0,0,0,0,0,0,1
150000.0,Racer Panther,Новосибирск,1000.0,300,бензин,2,0,1,0,0,0,0,0,1,0,0,0,0,0,0,0,0,0,0,0,0,0,1
150000.0,Motoland XR250 Lite,Кемерово,31.0,250,бензин,2,0,1,1,1,0,0,0,0,0,0,0,0,0,0,0,0,0,0,0,0,0,1
150000.0,Regulmoto Senke SK250GY-5,Барнаул,500.0,250,бензин,4,0,1,0,1,0,0,0,0,0,0,0,0,0,0,0,0,0,0,0,0,0,1
150000.0,Kayo T2 250 MX,Краснодар,5500.0,250,бензин,1,0,1,0,0,0,0,0,1,0,0,0,0,0,0,0,0,0,0,0,0,0,1
150000.0,Иж Юпитер 5,Шира,61000.0,350,бензин,28,0,0,0,1,0,0,0,0,0,0,0,0,0,0,0,0,0,0,0,0,0,1
150000.0,Kayo T2 250 MX,Красноярск,1100.0,250,бензин,5,0,1,0,0,0,0,0,1,0,0,0,0,0,0,0,0,0,0,0,0,0,1
150000.0,Regulmoto Sport-003 PR,Полевской,20.0,300,бензин,3,0,1,0,1,0,0,0,0,0,0,0,0,0,0,0,0,0,0,0,0,0,1
150000.0,Kayo K1 250 MX,Светлоград,110.0,250,бензин,2,0,1,0,1,0,0,0,0,0,0,0,0,0,0,0,0,0,0,0,0,0,1
150000.0,Racer Fighter RC300CK-N,Белово,7000.0,300,бензин,2,0,1,0,1,0,0,0,0,0,0,0,0,0,0,0,0,0,0,0,0,0,1
150000.0,Roliz Sport-005,Богородское,390.0,250,бензин,1,0,1,0,0,0,0,1,0,0,0,0,0,0,0,0,0,0,0,0,0,0,1
150000.0,Motoland RMZ250,Анапская,1000.0,250,бензин,2,0,1,0,1,0,0,0,0,0,0,0,0,0,0,0,0,0,0,0,0,0,1
150000.0,Racer Panther RC300-GY8X,Мариинск,2000.0,279,бензин,2,0,1,0,1,0,0,0,0,0,0,0,0,0,0,0,0,0,0,0,0,0,1
150000.0,Racer Nitro RC200-CK,Томск,5700.0,200,бензин,9,0,1,0,1,0,0,0,0,0,0,0,0,0,0,0,0,0,0,0,0,0,1
150000.0,Ekonika ZF200-1,Сибирцево,4000.0,200,бензин,11,0,1,0,1,0,0,0,0,0,0,0,0,0,0,0,0,0,0,0,0,0,1
150000.0,Avantis A3 Lux,Кудымкар,200.0,250,бензин,2,0,1,0,1,0,0,0,0,0,0,0,0,0,0,0,0,0,0,0,0,0,1
150000.0,Kayo K1 250 MX,Воронеж,1000.0,250,бензин,1,0,1,0,0,0,0,0,1,0,0,0,0,0,0,0,0,0,0,0,0,0,1
150000.0,Racer RC300-GY8K XVR,Рубцовск,2500.0,300,бензин,2,0,1,0,1,0,0,0,0,0,0,0,0,0,0,0,0,0,0,0,0,0,1
150000.0,Progasi Palma 250,Белая Холуница,1700.0,250,бензин,1,0,1,0,1,0,0,0,0,0,0,0,0,0,0,0,0,0,0,0,0,0,1
150000.0,Avantis FX 250,Анжеро-Судженск,2200.0,250,бензин,2,0,1,0,1,0,0,0,0,0,0,0,0,0,0,0,0,0,0,0,0,0,1
150000.0,Kawasaki KX 65,Оренбург,15000.0,65,бензин,11,0,0,0,1,0,0,0,0,0,0,0,0,0,0,0,1,0,0,0,0,0,0
150000.0,Racer Fighter,Новосибирск,2800.0,300,бензин,2,0,1,0,0,0,0,0,1,0,0,0,0,0,0,0,0,0,0,0,0,0,1
150000.0,Motoland Bandit 250,Вязьма,7000.0,250,бензин,4,0,1,0,1,0,0,0,0,0,0,0,0,0,0,0,0,0,0,0,0,0,1
150000.0,Днепр МТ-10-36,Кемерово,20000.0,750,бензин,46,0,1,0,1,0,0,0,0,0,0,0,0,0,0,0,0,0,0,0,0,0,1
150000.0,Regulmoto Sport-003 PR,Новосибирск,2000.0,300,бензин,1,0,1,0,0,0,0,0,1,0,0,0,0,0,0,0,0,0,0,0,0,0,1
150000.0,Racer Panther RC300-GY8X,Пермь,3000.0,270,бензин,3,0,1,0,0,0,0,0,1,0,0,0,0,0,0,0,0,0,0,0,0,0,1
150000.0,Motoland XR250 Enduro,Новокузнецк,300.0,250,бензин,1,0,1,0,1,0,0,0,0,0,0,0,0,0,0,0,0,0,0,0,0,0,1
150000.0,Yamaha XJR 400,Щёкино,50000.0,400,бензин,25,0,1,0,1,0,0,0,0,0,0,0,0,0,0,0,0,0,0,0,0,1,0
150000.0,Racer Ranger RC300-GY8,Шадринск,950.0,270,бензин,2,0,0,0,1,0,0,0,0,0,0,0,0,0,0,0,0,0,0,0,0,0,1
150000.0,Regulmoto Sport-003 PR,Новосибирск,1200.0,250,бензин,3,0,1,0,0,0,0,0,1,0,0,0,0,0,0,0,0,0,0,0,0,0,1
150000.0,Falcon Speedfire 250,Павлово,3000.0,250,бензин,11,0,1,0,0,1,0,0,0,0,0,0,0,0,0,0,0,0,0,0,0,0,1
150000.0,Suzuki GSX 400,Ордынское,31500.0,398,бензин,37,0,1,0,1,0,0,0,0,0,0,0,0,0,0,0,0,0,0,1,0,0,0
150000.0,Regulmoto Sport-003 PR,Иркутск,3800.0,250,бензин,4,0,1,0,1,0,0,0,0,0,0,0,0,0,0,0,0,0,0,0,0,0,1
150000.0,Kawasaki ZZR,Ольга,50000.0,250,бензин,37,0,1,0,1,0,0,0,0,0,0,0,0,0,0,0,1,0,0,0,0,0,0
150000.0,Progasi Palma 250,Тольятти,1140.0,250,бензин,1,0,1,0,1,0,0,0,0,0,0,0,0,0,0,0,0,0,0,0,0,0,1
150000.0,Sharmax Sport 280,Камские Поляны,7850.0,250,бензин,2,0,1,0,1,0,0,0,0,0,0,0,0,0,0,0,0,0,0,0,0,0,1
150000.0,Avantis A2 Lux,Красноярск,1.0,250,бензин,4,0,1,0,0,0,0,0,1,0,0,0,0,0,0,0,0,0,0,0,0,0,1
150000.0,Avantis MT250,Шира,2300.0,250,бензин,5,0,1,0,1,0,0,0,0,0,0,0,0,0,0,0,0,0,0,0,0,0,1
150000.0,Motoland CRF 250,Нижнеудинск,9000.0,250,бензин,5,0,1,0,1,0,0,0,0,0,0,0,0,0,0,0,0,0,0,0,0,0,1
150000.0,Motoland Bandit 250,Барнаул,2300.0,250,бензин,2,0,1,0,1,0,0,0,0,0,0,0,0,0,0,0,0,0,0,0,0,0,1
150000.0,Racer SR-X1 Cross X1,Лиман,2500.0,250,бензин,2,0,1,0,1,0,0,0,0,0,0,0,0,0,0,0,0,0,0,0,0,0,1
150000.0,Racer Enduro 300 RC300-GY8A,Белово,2000.0,275,бензин,6,0,1,0,1,0,0,0,0,0,0,0,0,0,0,0,0,0,0,0,0,0,1
150000.0,Урал ИМЗ 8.103-10,Иланский,10000.0,600,бензин,31,0,1,0,1,0,0,0,0,0,0,0,0,0,0,0,0,0,0,0,0,0,1
150000.0,Kawasaki ZZR 400,Дальнегорск,8000.0,400,бензин,30,0,1,0,1,0,0,0,0,0,0,0,0,0,0,0,1,0,0,0,0,0,0
150000.0,Yamaha FZR 600,Кирово-Чепецк,36910.0,600,бензин,29,0,1,0,1,0,0,0,0,0,0,0,0,0,0,0,0,0,0,0,0,1,0
150000.0,Иж Планета 5,Кожевниково,50000.0,350,бензин,31,0,0,0,1,0,0,0,0,0,0,0,0,0,0,0,0,0,0,0,0,0,1
150000.0,Racer Magnum RC200-C5B,Чернышевск,715.0,200,бензин,2,0,1,0,1,0,0,0,0,0,0,0,0,0,0,0,0,0,0,0,0,0,1
150000.0,Racer Panther RC300-GY8X,Новосибирск,1000.0,350,бензин,5,0,1,0,0,0,0,0,1,0,0,0,0,0,0,0,0,0,0,0,0,0,1
150000.0,Regulmoto ZR 250,Артём,365.0,250,бензин,4,0,1,0,1,0,0,0,0,0,0,0,0,0,0,0,0,0,0,0,0,0,1
150000.0,Motoland XR250 Pro,Москва,55.0,250,бензин,9,0,1,0,0,0,1,0,0,0,0,0,0,0,0,0,0,0,0,0,0,0,1
150000.0,Progasi Palma 250,Москва,608.0,250,бензин,2,0,1,0,0,0,1,0,0,0,0,0,0,0,0,0,0,0,0,0,0,0,1
150000.0,Kayo K1 250 MX,Белогорск,65.0,250,бензин,3,0,1,0,1,0,0,0,0,0,0,0,0,0,0,0,0,0,0,0,0,0,1
150000.0,Avantis A3 Lux,Тимирязевское,6200.0,250,бензин,3,0,1,0,1,0,0,0,0,0,0,0,0,0,0,0,0,0,0,0,0,0,1
150000.0,Zuumav K6H,Чалтырь,120.0,250,бензин,2,0,1,0,1,0,0,0,0,0,0,0,0,0,0,0,0,0,0,0,0,0,1
150000.0,Racer Ranger RC300-GY8K,Кольцово,1500.0,300,бензин,5,0,1,0,1,0,0,0,0,0,0,0,0,0,0,0,0,0,0,0,0,0,1
150000.0,Motoland XT250 ST,Туймазы,4481.0,250,бензин,6,0,1,0,1,0,0,0,0,0,0,0,0,0,0,0,0,0,0,0,0,0,1
150000.0,Motoland TT250,Емельяново,1000.0,250,бензин,4,0,1,0,1,0,0,0,0,0,0,0,0,0,0,0,0,0,0,0,0,0,1
150000.0,Regulmoto Athlete 250,Томск,20.0,223,бензин,5,0,1,0,1,0,0,0,0,0,0,0,0,0,0,0,0,0,0,0,0,0,1
150000.0,Урал ИМЗ 8.103-10,Кемерово,4.0,649,бензин,31,0,1,0,1,0,0,0,0,0,0,0,0,0,0,0,0,0,0,0,0,0,1
150000.0,Yamasaki Cobra,Кулунда,130.0,250,бензин,1,0,1,0,1,0,0,0,0,0,0,0,0,0,0,0,0,0,0,0,0,0,1
150000.0,Motoland XR250 Lite,Новочернореченский,5372.0,250,бензин,2,0,1,0,1,0,0,0,0,0,0,0,0,0,0,0,0,0,0,0,0,0,1
150000.0,Kawasaki Eliminator EL250 LX,Находка,12000.0,249,бензин,25,0,1,0,1,0,0,0,0,0,0,0,0,0,0,0,1,0,0,0,0,0,0
150000.0,Hammer HM250,Пермь,100.0,250,бензин,1,0,1,0,0,0,0,0,1,0,0,0,0,0,0,0,0,0,0,0,0,0,1
150000.0,Zuumav K6H,Красноярск,40.0,250,бензин,1,0,1,0,0,0,0,0,1,0,0,0,0,0,0,0,0,0,0,0,0,0,1
150000.0,Regulmoto Sport-003 PR,Биробиджан,3100.0,250,бензин,5,0,1,0,1,0,0,0,0,0,0,0,0,0,0,0,0,0,0,0,0,0,1
150000.0,Иж 4,Первомайский,1000.0,350,бензин,41,0,0,0,1,0,0,0,0,0,0,0,0,0,0,0,0,0,0,0,0,0,1
150000.0,Racer Panther RC300-GY8X,Обь,2400.0,300,бензин,2,0,1,0,1,0,0,0,0,0,0,0,0,0,0,0,0,0,0,0,0,0,1
150000.0,Racer RC250GY-C2K K2,Майма,3400.0,250,бензин,2,0,1,0,1,0,0,0,0,0,0,0,0,0,0,0,0,0,0,0,0,0,1
150000.0,Regulmoto Senke SK200GY-5,Иркутск,1400.0,200,бензин,1,0,1,0,1,0,0,0,0,0,0,0,0,0,0,0,0,0,0,0,0,0,1
150000.0,Kayo K1 250 MX,Вологда,100.0,250,бензин,2,0,1,0,1,0,0,0,0,0,0,0,0,0,0,0,0,0,0,0,0,0,1
150000.0,Wanqiang YD250-4,Строитель,5000.0,250,бензин,7,0,1,0,1,0,0,0,0,0,0,0,0,0,0,0,0,0,0,0,0,0,1
150000.0,Regulmoto Dyna 250,Свирск,2500.0,249,бензин,4,0,1,0,1,0,0,0,0,0,0,0,0,0,0,0,0,0,0,0,0,0,1
150000.0,Progasi Super Max 300 Pro,Воронеж,3500.0,300,бензин,1,0,1,0,0,0,0,0,1,0,0,0,0,0,0,0,0,0,0,0,0,0,1
150000.0,Geon Dakar,Москва,13000.0,200,бензин,5,0,1,0,0,0,1,0,0,0,0,0,0,0,0,0,0,0,0,0,0,0,1
150000.0,Kayo T2 250 Enduro,Артём,6000.0,250,бензин,3,0,1,0,1,0,0,0,0,0,0,0,0,0,0,0,0,0,0,0,0,0,1
150000.0,Racer Skyway RC300-CS,Староалейское,600.0,270,бензин,2,0,1,0,1,0,0,0,0,0,0,0,0,0,0,0,0,0,0,0,0,0,1
150000.0,Kawasaki Xanthus,Владивосток,68400.0,400,бензин,30,0,1,0,1,0,0,0,0,0,0,0,0,0,0,0,1,0,0,0,0,0,0
150000.0,Fuego Scrambler 250,Киселёвск,5000.0,223,бензин,3,0,1,0,1,0,0,0,0,0,0,0,0,0,0,0,0,0,0,0,0,0,1
150000.0,Baltmotors Motard 250 DD,Щёкино,1000.0,249,бензин,12,0,1,0,1,0,0,0,0,0,0,0,0,0,0,0,0,0,0,0,0,0,1
150000.0,Zuum PX250,Солонцы,1.0,250,бензин,5,0,1,0,1,0,0,0,0,0,0,0,0,0,0,0,0,0,0,0,0,0,1
150000.0,Ataki S003,Чита,3000.0,300,бензин,2,0,1,0,1,0,0,0,0,0,0,0,0,0,0,0,0,0,0,0,0,0,1
150000.0,Honda CBR 750 Hurricane,Чита,250000.0,748,бензин,38,0,1,0,1,0,0,0,0,0,0,0,0,0,1,0,0,0,0,0,0,0,0
150000.0,Patron Taker 250,Дебёсы,13000.0,250,бензин,13,0,1,0,1,0,0,0,0,0,0,0,0,0,0,0,0,0,0,0,0,0,1
150000.0,CFMoto 250 NK,Благовещенск,8000.0,250,бензин,12,0,1,1,1,0,0,0,0,0,0,1,0,0,0,0,0,0,0,0,0,0,0
150000.0,Иж Юнкер,Киреевск,7000.0,250,бензин,21,0,0,0,1,0,0,0,0,0,0,0,0,0,0,0,0,0,0,0,0,0,1
150000.0,Regulmoto Sport-003 PR,Калуга,2200.0,300,бензин,1,0,1,0,1,0,0,0,0,0,0,0,0,0,0,0,0,0,0,0,0,0,1
150000.0,Sharmax Power Max 250,Кимры,5600.0,250,бензин,2,0,1,0,1,0,0,0,0,0,0,0,0,0,0,0,0,0,0,0,0,0,1
150000.0,Regulmoto Sport-003 PR Pro,Невинномысск,1700.0,300,бензин,2,0,1,0,1,0,0,0,0,0,0,0,0,0,0,0,0,0,0,0,0,0,1
150000.0,Yamaha FZ 400,Братск,30000.0,400,бензин,28,0,1,0,1,0,0,0,0,0,0,0,0,0,0,0,0,0,0,0,0,1,0
150000.0,Racer RC300-GY8V XSR,Иркутск,2500.0,300,бензин,2,0,1,0,1,0,0,0,0,0,0,0,0,0,0,0,0,0,0,0,0,0,1
150000.0,STELS Flame 200,Шарыпово,2000.0,200,бензин,12,0,1,0,1,0,0,0,0,0,0,0,0,0,0,0,0,0,0,0,0,0,1
150000.0,BRZ X6 PR300,Марьянская,3800.0,300,бензин,1,0,1,0,1,0,0,0,0,0,0,0,0,0,0,0,0,0,0,0,0,0,1
150000.0,Motoland Enduro 250 EX,Прокопьевск,6000.0,250,бензин,5,0,1,0,1,0,0,0,0,0,0,0,0,0,0,0,0,0,0,0,0,0,1
150000.0,Kayo K2 Pro,Находка,88.0,300,бензин,1,0,1,0,1,0,0,0,0,0,0,0,0,0,0,0,0,0,0,0,0,0,1
150000.0,Kayo T2 250 Enduro,Аткарск,10000.0,300,бензин,3,0,1,0,1,0,0,0,0,0,0,0,0,0,0,0,0,0,0,0,0,0,1
150000.0,Racer Triumph RC250CK-A,Бийск,600.0,250,бензин,1,0,1,0,1,0,0,0,0,0,0,0,0,0,0,0,0,0,0,0,0,0,1
150000.0,Ataki S003,Уфа,1300.0,271,бензин,1,0,1,0,0,0,0,0,1,0,0,0,0,0,0,0,0,0,0,0,0,0,1
150000.0,Regulmoto TE,Тверь,3000.0,250,бензин,3,0,1,0,1,0,0,0,0,0,0,0,0,0,0,0,0,0,0,0,0,0,1
150000.0,Sharmax Sport 250,Курск,2136.0,250,бензин,1,0,1,0,1,0,0,0,0,0,0,0,0,0,0,0,0,0,0,0,0,0,1
150000.0,Motoland Flash 200,Кызыл-Озек,500.0,197,бензин,2,0,1,0,1,0,0,0,0,0,0,0,0,0,0,0,0,0,0,0,0,0,1
150000.0,Avantis FX 250,Кожевниково,3554.0,250,бензин,4,0,1,0,1,0,0,0,0,0,0,0,0,0,0,0,0,0,0,0,0,0,1
150000.0,Regulmoto TE,Хабаровск,4000.0,250,бензин,3,0,1,0,1,0,0,0,0,0,0,0,0,0,0,0,0,0,0,0,0,0,1
150000.0,BSE Z2,Юрга,100.0,250,бензин,2,0,1,0,1,0,0,0,0,0,0,0,0,0,0,0,0,0,0,0,0,0,1
150000.0,Racer Skyway RC250-CS,Барнаул,2910.0,250,бензин,11,0,1,0,1,0,0,0,0,0,0,0,0,0,0,0,0,0,0,0,0,0,1
150000.0,Roliz Sport-005,Хабаровск,2484.0,250,бензин,1,0,1,0,1,0,0,0,0,0,0,0,0,0,0,0,0,0,0,0,0,0,1
150000.0,BSE Z3,Сухобузимское,1500.0,250,бензин,3,0,1,0,1,0,0,0,0,0,0,0,0,0,0,0,0,0,0,0,0,0,1
150000.0,Regulmoto Majesty,Благовещенск,676.0,223,бензин,1,0,0,0,1,0,0,0,0,0,0,0,0,0,0,0,0,0,0,0,0,0,1
150000.0,Racer Ranger RC250-GY8A,Курганинск,2000.0,300,бензин,4,0,1,0,1,0,0,0,0,0,0,0,0,0,0,0,0,0,0,0,0,0,1
150000.0,Racer Enduro 300 RC300-GY8A,Бийск,772.0,300,бензин,3,0,1,0,1,0,0,0,0,0,0,0,0,0,0,0,0,0,0,0,0,0,1
150000.0,Motoland Forester Lite 200,Барнаул,400.0,197,бензин,1,0,1,0,1,0,0,0,0,0,0,0,0,0,0,0,0,0,0,0,0,0,1
150000.0,Kayo GP1-SM YX160,Кемерово,30.0,160,бензин,3,0,1,0,1,0,0,0,0,0,0,0,0,0,0,0,0,0,0,0,0,0,1
150000.0,Irbis XR 250 R,Верхний Уфалей,30000.0,234,бензин,11,0,1,0,1,0,0,0,0,0,0,0,0,0,0,0,0,0,0,0,0,0,1
150000.0,Irbis VR-1,Ишим,2300.0,246,бензин,3,0,1,0,1,0,0,0,0,0,0,0,0,0,0,0,0,0,0,0,0,0,1
150000.0,Baltmotors Motard 200 DD,Елец,4500.0,200,бензин,15,0,1,0,1,0,0,0,0,0,0,0,0,0,0,0,0,0,0,0,0,0,1
150000.0,Motoland XT250 ST,Урюпинск,1363.0,300,бензин,2,0,1,0,1,0,0,0,0,0,0,0,0,0,0,0,0,0,0,0,0,0,1
150000.0,Irbis TTR 250R,Петропавловск-Камчатский,4000.0,250,бензин,11,0,1,0,1,0,0,0,0,0,0,0,0,0,0,0,0,0,0,0,0,0,1
150000.0,Иж Планета 3,Куйбышев,65000.0,350,бензин,42,0,0,0,1,0,0,0,0,0,0,0,0,0,0,0,0,0,0,0,0,0,1
150000.0,Racer Ranger RC250-GY8A,Джанкой,10500.0,250,бензин,8,0,1,0,1,0,0,0,0,0,0,0,0,0,0,0,0,0,0,0,0,0,1
150000.0,Motoland TT250,Старый Оскол,2500.0,250,бензин,4,0,1,0,1,0,0,0,0,0,0,0,0,0,0,0,0,0,0,0,0,0,1
152000.0,Regulmoto Athlete 250,Кемерово,53.0,250,бензин,2,0,1,0,1,0,0,0,0,0,0,0,0,0,0,0,0,0,0,0,0,0,1
154000.0,Bajaj Boxer BM 150 X,Киржач,2000.0,150,бензин,3,0,1,0,1,0,0,0,0,0,0,0,0,0,0,0,0,0,0,0,0,0,1
155000.0,Regulmoto Athlete 250 21-18,Старожилово,5000.0,300,бензин,3,0,1,0,1,0,0,0,0,0,0,0,0,0,0,0,0,0,0,0,0,0,1
155000.0,FXmoto X1,Москва,105.0,250,бензин,2,0,1,0,0,0,1,0,0,0,0,0,0,0,0,0,0,0,0,0,0,0,1
155000.0,Racer Panther RC300-GY8X,Берёзовский,2100.0,300,бензин,4,0,1,0,1,0,0,0,0,0,0,0,0,0,0,0,0,0,0,0,0,0,1
155000.0,Regulmoto Athlete 300,Нерюнгри,1.0,300,бензин,2,0,1,0,1,0,0,0,0,0,0,0,0,0,0,0,0,0,0,0,0,0,1
155000.0,SPR SAW 250,Арсеньев,2700.0,250,бензин,2,0,1,0,1,0,0,0,0,0,0,0,0,0,0,0,0,0,0,0,0,0,1
155000.0,Progasi Palma 250,Казань,1500.0,250,бензин,1,0,1,0,0,0,0,0,1,0,0,0,0,0,0,0,0,0,0,0,0,0,1
155000.0,Kayo T2 250 MX,Новосибирск,3000.0,250,бензин,2,0,1,0,0,0,0,0,1,0,0,0,0,0,0,0,0,0,0,0,0,0,1
155000.0,Bajaj Pulsar NS 125,Троицк,8572.0,124,бензин,4,0,1,0,1,0,0,0,0,0,0,0,0,0,0,0,0,0,0,0,0,0,1
155000.0,Ekonika Sport-008,Сибирцево,3000.0,250,бензин,7,0,1,0,1,0,0,0,0,0,0,0,0,0,0,0,0,0,0,0,0,0,1
155000.0,Racer Panther RC300-GY8X,Волгоград,2500.0,300,бензин,1,0,1,0,0,0,0,0,1,0,0,0,0,0,0,0,0,0,0,0,0,0,1
155000.0,Regulmoto TE,Оренбург,1150.0,250,бензин,2,0,1,0,1,0,0,0,0,0,0,0,0,0,0,0,0,0,0,0,0,0,1
155000.0,Roliz Sport-007,Иркутск,2500.0,250,бензин,2,0,1,0,1,0,0,0,0,0,0,0,0,0,0,0,0,0,0,0,0,0,1
155000.0,Regulmoto Majesty,Уссурийск,7000.0,250,бензин,1,0,1,1,1,0,0,0,0,0,0,0,0,0,0,0,0,0,0,0,0,0,1
155000.0,Racer Nitro RC250-CK,Мельниково,140.0,250,бензин,1,0,1,0,1,0,0,0,0,0,0,0,0,0,0,0,0,0,0,0,0,0,1
155000.0,Avantis A2 Basic,Тюмень,6.0,250,бензин,3,0,1,0,1,0,0,0,0,0,0,0,0,0,0,0,0,0,0,0,0,0,1
155000.0,Kayo K1 250 MX,Собинка,3000.0,250,бензин,2,0,1,0,1,0,0,0,0,0,0,0,0,0,0,0,0,0,0,0,0,0,1
155000.0,Sharmax Sport 280,Кемерово,2000.0,249,бензин,2,0,1,0,1,0,0,0,0,0,0,0,0,0,0,0,0,0,0,0,0,0,1
155000.0,Roliz Sport-002,Улан-Удэ,500.0,250,бензин,1,0,1,0,1,0,0,0,0,0,0,0,0,0,0,0,0,0,0,0,0,0,1
155000.0,CRZ Freestyle,Москва,500.0,88,бензин,9,0,1,0,0,0,1,0,0,0,0,0,0,0,0,0,0,0,0,0,0,0,1
155000.0,Racer Triumph RC250CK-A,Бийск,50.0,250,бензин,1,0,1,0,1,0,0,0,0,0,0,0,0,0,0,0,0,0,0,0,0,0,1
155000.0,Yamaha YBR 125,Первоуральск,65000.0,125,бензин,15,0,1,0,1,0,0,0,0,0,0,0,0,0,0,0,0,0,0,0,0,1,0
155000.0,Racer Panther RC300-GY8X,Прокопьевск,1000.0,300,бензин,2,0,1,0,1,0,0,0,0,0,0,0,0,0,0,0,0,0,0,0,0,0,1
155000.0,Regulmoto Sport-003 PR Pro,Большой Камень,90.0,300,бензин,2,0,1,0,1,0,0,0,0,0,0,0,0,0,0,0,0,0,0,0,0,0,1
155000.0,Kawasaki KMX125,Красноярск,3500.0,125,бензин,29,0,0,0,0,0,0,0,1,0,0,0,0,0,0,0,1,0,0,0,0,0,0
155000.0,Regulmoto Senke SK250GY-5,Находка,2000.0,250,бензин,8,0,1,0,1,0,0,0,0,0,0,0,0,0,0,0,0,0,0,0,0,0,1
155000.0,Racer RC250GY-C2K K2,Салаир,1500.0,250,бензин,2,0,0,0,1,0,0,0,0,0,0,0,0,0,0,0,0,0,0,0,0,0,1
155000.0,Roliz Sport-004,Биробиджан,650.0,300,бензин,2,0,1,0,1,0,0,0,0,0,0,0,0,0,0,0,0,0,0,0,0,0,1
155000.0,Regulmoto TE,Артёмовский,1200.0,250,бензин,3,0,1,0,1,0,0,0,0,0,0,0,0,0,0,0,0,0,0,0,0,0,1
155000.0,Roliz Sport-005,Чита,1500.0,250,бензин,2,0,1,0,1,0,0,0,0,0,0,0,0,0,0,0,0,0,0,0,0,0,1
155000.0,Motoland WRX 250 Lite,Шарыпово,6000.0,250,бензин,4,0,1,0,1,0,0,0,0,0,0,0,0,0,0,0,0,0,0,0,0,0,1
155000.0,Racer Panther RC300-GY8X,Малиновка,1620.0,300,бензин,1,0,1,0,1,0,0,0,0,0,0,0,0,0,0,0,0,0,0,0,0,0,1
155000.0,Motoland XR300 Lite,Мичуринск,1600.0,300,бензин,1,0,1,0,1,0,0,0,0,0,0,0,0,0,0,0,0,0,0,0,0,0,1
155000.0,Racer Panther RC300-GY8X,Ленинск-Кузнецкий,1059.0,270,бензин,5,0,1,0,1,0,0,0,0,0,0,0,0,0,0,0,0,0,0,0,0,0,1
155000.0,Motoland XT250 HS,Ачинск,389.0,250,бензин,5,0,1,0,1,0,0,0,0,0,0,0,0,0,0,0,0,0,0,0,0,0,1
155000.0,Roliz Sport-007,Петропавловск-Камчатский,1500.0,250,бензин,5,0,1,0,1,0,0,0,0,0,0,0,0,0,0,0,0,0,0,0,0,0,1
155000.0,Regulmoto TE,Новосибирск,6000.0,300,бензин,2,0,1,0,0,0,0,0,1,0,0,0,0,0,0,0,0,0,0,0,0,0,1
155000.0,GR GR7 F250A Enduro Lite,Екатеринбург,163.0,250,бензин,5,0,1,0,0,0,0,0,1,0,0,0,0,0,0,0,0,0,0,0,0,0,1
155000.0,Progasi Super Max 250,Казань,900.0,250,бензин,1,0,1,0,0,0,0,0,1,0,0,0,0,0,0,0,0,0,0,0,0,0,1
155000.0,Yamaha TW 200,Иркутск,18000.0,196,бензин,29,0,1,0,1,0,0,0,0,0,0,0,0,0,0,0,0,0,0,0,0,1,0
155000.0,Regulmoto TE,Конаково,9000.0,250,бензин,3,0,1,0,1,0,0,0,0,0,0,0,0,0,0,0,0,0,0,0,0,0,1
155000.0,Progasi Ibiza 250,Новосибирск,2000.0,250,бензин,4,0,1,0,0,0,0,0,1,0,0,0,0,0,0,0,0,0,0,0,0,0,1
155000.0,Avantis Dakar 250 TwinCam,Йошкар-Ола,3000.0,250,бензин,3,0,1,0,1,0,0,0,0,0,0,0,0,0,0,0,0,0,0,0,0,0,1
155000.0,Racer Panther RC300-GY8X,Газимурский Завод,7000.0,300,бензин,2,0,1,0,1,0,0,0,0,0,0,0,0,0,0,0,0,0,0,0,0,0,1
155000.0,Racer Enduro 300 RC300-GY8A,Александрийская,7000.0,270,бензин,2,0,1,0,1,0,0,0,0,0,0,0,0,0,0,0,0,0,0,0,0,0,1
156000.0,Racer Panther RC250GY-C2,Акша,7000.0,250,бензин,4,0,1,0,1,0,0,0,0,0,0,0,0,0,0,0,0,0,0,0,0,0,1
156900.0,Racer Ranger RC300-GY8,Челябинск,1920.0,270,бензин,5,0,1,0,0,0,0,0,1,0,0,0,0,0,0,0,0,0,0,0,0,0,1
157000.0,Roliz Sport-005,Агинское,2000.0,250,бензин,1,0,1,0,1,0,0,0,0,0,0,0,0,0,0,0,0,0,0,0,0,0,1
157000.0,Racer Skyway RC300-CS,Степное Озеро,5416.0,270,бензин,9,0,1,0,1,0,0,0,0,0,0,0,0,0,0,0,0,0,0,0,0,0,1
157690.0,Avantis LX 300,Ангарск,1.0,300,бензин,3,0,1,0,1,0,0,0,0,0,0,0,0,0,0,0,0,0,0,0,0,0,1
160000.0,Roliz Sport-005,Чита,747.0,250,бензин,4,0,1,0,1,0,0,0,0,0,0,0,0,0,0,0,0,0,0,0,0,0,1
160000.0,Progasi Palma 250,Озёрск,135.0,250,бензин,1,0,1,0,1,0,0,0,0,0,0,0,0,0,0,0,0,0,0,0,0,0,1
160000.0,Kayo K2 Pro,Новосибирск,50.0,250,бензин,1,0,1,0,0,0,0,0,1,0,0,0,0,0,0,0,0,0,0,0,0,0,1
160000.0,Sharmax Sport 280,Нефтекамск,3050.0,250,бензин,2,0,1,0,1,0,0,0,0,0,0,0,0,0,0,0,0,0,0,0,0,0,1
160000.0,Regulmoto Majesty,Талица,500.0,250,бензин,1,0,1,0,1,0,0,0,0,0,0,0,0,0,0,0,0,0,0,0,0,0,1
160000.0,Racer Skyway RC300-CS,Керчь,1500.0,300,бензин,2,0,1,1,1,0,0,0,0,0,0,0,0,0,0,0,0,0,0,0,0,0,1
160000.0,Fuego Scrambler 250,Новосибирск,9000.0,250,бензин,3,0,1,0,0,0,0,0,1,0,0,0,0,0,0,0,0,0,0,0,0,0,1
160000.0,Kayo T2 250 MX,Ялта,2000.0,250,бензин,3,0,1,0,1,0,0,0,0,0,0,0,0,0,0,0,0,0,0,0,0,0,1
160000.0,Kayo T2 250 MX,Томск,500.0,250,бензин,2,0,1,0,1,0,0,0,0,0,0,0,0,0,0,0,0,0,0,0,0,0,1
160000.0,Racer Enduro 300 RC300-GY8A,Юрга,7000.0,300,бензин,2,0,1,0,1,0,0,0,0,0,0,0,0,0,0,0,0,0,0,0,0,0,1
160000.0,Motoland XR250 Enduro,Бабынино,3000.0,250,бензин,3,0,1,0,1,0,0,0,0,0,0,0,0,0,0,0,0,0,0,0,0,0,1
160000.0,Regulmoto TE,Братск,1100.0,300,бензин,1,0,1,0,1,0,0,0,0,0,0,0,0,0,0,0,0,0,0,0,0,0,1
160000.0,Irbis TTR 250R,Иркутск,2700.0,225,бензин,3,0,1,0,1,0,0,0,0,0,0,0,0,0,0,0,0,0,0,0,0,0,1
160000.0,Урал ИМЗ 8.103-10,Барнаул,2800.0,350,бензин,30,0,1,0,1,0,0,0,0,0,0,0,0,0,0,0,0,0,0,0,0,0,1
160000.0,Regulmoto ZF-KY 250 Sport-004,Владивосток,2460.0,250,бензин,7,0,1,0,1,0,0,0,0,0,0,0,0,0,0,0,0,0,0,0,0,0,1
160000.0,Racer Panther RC300-GY8X,Елец,2540.0,300,бензин,2,0,1,0,1,0,0,0,0,0,0,0,0,0,0,0,0,0,0,0,0,0,1
160000.0,Regal Raptor DD300E-6,Троицко-Печорск,10000.0,273,бензин,18,0,1,0,1,0,0,0,0,0,0,0,0,0,0,0,0,0,0,0,0,0,1
160000.0,Avantis A5 Lux,Бийск,1960.0,250,бензин,3,0,1,0,1,0,0,0,0,0,0,0,0,0,0,0,0,0,0,0,0,0,1
160000.0,Progasi Palma 250,Новосибирск,370.0,250,бензин,1,0,1,0,0,0,0,0,1,0,0,0,0,0,0,0,0,0,0,0,0,0,1
160000.0,Racer RC250GY-C2,Уссурийск,2200.0,250,бензин,2,0,1,0,1,0,0,0,0,0,0,0,0,0,0,0,0,0,0,0,0,0,1
160000.0,Avantis A5,Курганинск,1000.0,250,бензин,3,0,1,0,1,0,0,0,0,0,0,0,0,0,0,0,0,0,0,0,0,0,1
160000.0,Suzuki Bandit,Красноярск,44474.0,250,бензин,33,0,1,0,0,0,0,0,1,0,0,0,0,0,0,0,0,0,0,1,0,0,0
160000.0,Regulmoto Sport-003 PR,Чита,4054.0,250,бензин,4,0,1,0,1,0,0,0,0,0,0,0,0,0,0,0,0,0,0,0,0,0,1
160000.0,Roliz Sport-002,Райчихинск,855.0,250,бензин,1,0,1,0,1,0,0,0,0,0,0,0,0,0,0,0,0,0,0,0,0,0,1
160000.0,Racer Skyway RC300-CS,Томск,3000.0,270,бензин,10,0,1,0,1,0,0,0,0,0,0,0,0,0,0,0,0,0,0,0,0,0,1
160000.0,Roliz Cyrex,Балаганск,1700.0,200,бензин,1,0,1,0,1,0,0,0,0,0,0,0,0,0,0,0,0,0,0,0,0,0,1
160000.0,Shineray Fireguard 250 Trail,Подольск,1000.0,250,бензин,2,0,1,0,0,0,0,1,0,0,0,0,0,0,0,0,0,0,0,0,0,0,1
160000.0,Racer Triumph RC250CK-A,Барнаул,305.0,250,бензин,1,0,1,0,1,0,0,0,0,0,0,0,0,0,0,0,0,0,0,0,0,0,1
160000.0,Motoland XR250,Воронеж,500.0,250,бензин,4,0,1,0,0,0,0,0,1,0,0,0,0,0,0,0,0,0,0,0,0,0,1
160000.0,Kayo T2 250 Enduro,Мраково,6000.0,250,бензин,3,0,1,0,1,0,0,0,0,0,0,0,0,0,0,0,0,0,0,0,0,0,1
160000.0,Kayo K1 250 MX,Майма,1000.0,250,бензин,1,0,1,0,1,0,0,0,0,0,0,0,0,0,0,0,0,0,0,0,0,0,1
160000.0,Avantis A7,Пермь,980.0,250,бензин,5,0,1,0,0,0,0,0,1,0,0,0,0,0,0,0,0,0,0,0,0,0,1
160000.0,Vento Ranger,Осинники,2205.0,109,бензин,11,0,1,0,1,0,0,0,0,0,0,0,0,0,0,0,0,0,0,0,0,0,1
160000.0,Motoland Scrambler 250,Новоалександровск,1500.0,250,бензин,2,0,1,0,1,0,0,0,0,0,0,0,0,0,0,0,0,0,0,0,0,0,1
160000.0,PWR Racing FZ250,Пенза,3000.0,250,бензин,3,0,1,0,1,0,0,0,0,0,0,0,0,0,0,0,0,0,0,0,0,0,1
160000.0,Suzuki Djebel 200,Иркутск,22000.0,200,бензин,23,0,1,0,1,0,0,0,0,0,0,0,0,0,0,0,0,0,0,1,0,0,0
160000.0,Regulmoto ZR 250,Находка,6350.0,250,бензин,4,0,1,0,1,0,0,0,0,0,0,0,0,0,0,0,0,0,0,0,0,0,1
160000.0,Honda CBR,Хабаровск,20000.0,250,бензин,30,0,1,0,1,0,0,0,0,0,0,0,0,0,1,0,0,0,0,0,0,0,0
160000.0,Kayo T2 250 MX,Красноярск,800.0,250,бензин,2,0,1,1,0,0,0,0,1,0,0,0,0,0,0,0,0,0,0,0,0,0,1
160000.0,Honda VT 250F,Владивосток,11000.0,250,бензин,35,0,1,0,1,0,0,0,0,0,0,0,0,0,1,0,0,0,0,0,0,0,0
160000.0,BSE Z3,Владимир,3200.0,250,бензин,3,0,1,0,1,0,0,0,0,0,0,0,0,0,0,0,0,0,0,0,0,0,1
160000.0,Roliz Sport-007,Улан-Удэ,85.0,250,бензин,0,0,1,0,1,0,0,0,0,0,0,0,0,0,0,0,0,0,0,0,0,0,1
160000.0,Regulmoto ZR 250,Борзя,4000.0,250,бензин,6,0,1,0,1,0,0,0,0,0,0,0,0,0,0,0,0,0,0,0,0,0,1
160000.0,Racer RC300-GY8V XSR,Новосибирск,767.0,270,бензин,2,0,1,0,0,0,0,0,1,0,0,0,0,0,0,0,0,0,0,0,0,0,1
160000.0,Motoland Blazer 250,Новокузнецк,1000.0,250,бензин,1,0,1,0,1,0,0,0,0,0,0,0,0,0,0,0,0,0,0,0,0,0,1
160000.0,Darex Alga,Чистополь,1000.0,300,бензин,1,0,1,0,1,0,0,0,0,0,0,0,0,0,0,0,0,0,0,0,0,0,1
160000.0,Regulmoto ZR 250,Москва,900.0,226,бензин,3,0,1,0,0,0,1,0,0,0,0,0,0,0,0,0,0,0,0,0,0,0,1
160000.0,Wanqiang YD250-4,Тюмень,1600.0,250,бензин,3,0,1,0,1,0,0,0,0,0,0,0,0,0,0,0,0,0,0,0,0,0,1
160000.0,Motoland XR250 Enduro,Февральск,1200.0,250,бензин,2,0,1,0,1,0,0,0,0,0,0,0,0,0,0,0,0,0,0,0,0,0,1
160000.0,Bajaj Pulsar NS 125,Новосибирск,7000.0,125,бензин,4,0,1,0,0,0,0,0,1,0,0,0,0,0,0,0,0,0,0,0,0,0,1
160000.0,Regulmoto Sport-003 PR Pro,Чита,2318.0,300,бензин,3,0,1,0,1,0,0,0,0,0,0,0,0,0,0,0,0,0,0,0,0,0,1
160000.0,Avantis MT300,Улаган,9000.0,300,бензин,2,0,1,0,1,0,0,0,0,0,0,0,0,0,0,0,0,0,0,0,0,0,1
160000.0,Roliz Sport-003 RRC,Жатай,1000.0,300,бензин,1,0,1,0,1,0,0,0,0,0,0,0,0,0,0,0,0,0,0,0,0,0,1
160000.0,Yamaha FZR 400,Абакан,10000.0,399,бензин,31,0,1,1,1,0,0,0,0,0,0,0,0,0,0,0,0,0,0,0,0,1,0
160000.0,Bajaj Pulsar 180,Новосибирск,2750.0,180,бензин,4,0,1,0,0,0,0,0,1,0,0,0,0,0,0,0,0,0,0,0,0,0,1
160000.0,Regulmoto Raptor 250,Чита,4500.0,250,бензин,5,0,1,0,1,0,0,0,0,0,0,0,0,0,0,0,0,0,0,0,0,0,1
160000.0,Regulmoto Athlete 300,Бахчисарай,2500.0,300,бензин,2,0,1,0,1,0,0,0,0,0,0,0,0,0,0,0,0,0,0,0,0,0,1
160000.0,Racer Enduro 300 RC300-GY8A,Зудилово,1200.0,300,бензин,1,0,1,0,1,0,0,0,0,0,0,0,0,0,0,0,0,0,0,0,0,0,1
160000.0,Regulmoto TE,Иркутск,27000.0,300,бензин,2,0,1,0,1,0,0,0,0,0,0,0,0,0,0,0,0,0,0,0,0,0,1
160000.0,ABM GX 250,Идринское,3000.0,250,бензин,11,0,1,0,1,0,0,0,0,0,0,0,0,0,0,0,0,0,0,0,0,0,1
160000.0,Wels Ghost,Энгельс,4300.0,250,бензин,11,0,1,0,1,0,0,0,0,0,0,0,0,0,0,0,0,0,0,0,0,0,1
160000.0,Progasi Super Max 250,Тюмень,1000.0,249,бензин,3,0,1,0,1,0,0,0,0,0,0,0,0,0,0,0,0,0,0,0,0,0,1
160000.0,Regulmoto Sport-003 PR Pro,Хабаровск,2000.0,300,бензин,2,0,1,0,1,0,0,0,0,0,0,0,0,0,0,0,0,0,0,0,0,0,1
160000.0,Motoland CRF 250,Краснодар,500.0,250,бензин,13,0,1,0,0,0,0,0,1,0,0,0,0,0,0,0,0,0,0,0,0,0,1
160000.0,Sharmax Sport 280,Комсомольск-на-Амуре,200.0,250,бензин,0,0,1,0,1,0,0,0,0,0,0,0,0,0,0,0,0,0,0,0,0,0,1
160000.0,Avantis A5 Lux,Томск,3000.0,249,бензин,4,0,1,0,1,0,0,0,0,0,0,0,0,0,0,0,0,0,0,0,0,0,1
160000.0,BSE Z5,Псков,130.0,250,бензин,4,0,1,0,1,0,0,0,0,0,0,0,0,0,0,0,0,0,0,0,0,0,1
160000.0,Roliz Sport-003 RRC,Барабинск,1000.0,300,бензин,2,0,1,0,1,0,0,0,0,0,0,0,0,0,0,0,0,0,0,0,0,0,1
160000.0,Kawasaki ZZR 400,Пласт,15000.0,400,бензин,26,0,1,0,1,0,0,0,0,0,0,0,0,0,0,0,1,0,0,0,0,0,0
160000.0,Progasi Palma 250,Кемерово,1500.0,250,бензин,1,0,1,0,1,0,0,0,0,0,0,0,0,0,0,0,0,0,0,0,0,0,1
160000.0,ABM ZR,Озинки,10800.0,250,бензин,2,0,1,0,1,0,0,0,0,0,0,0,0,0,0,0,0,0,0,0,0,0,1
160000.0,Motoland TT250,Топчиха,4008.0,250,бензин,3,0,1,0,1,0,0,0,0,0,0,0,0,0,0,0,0,0,0,0,0,0,1
160000.0,Regulmoto Norden,Владивосток,2000.0,300,бензин,1,0,1,0,1,0,0,0,0,0,0,0,0,0,0,0,0,0,0,0,0,0,1
160000.0,Ataki EF250,Екатеринбург,1000.0,250,бензин,3,0,1,0,0,0,0,0,1,0,0,0,0,0,0,0,0,0,0,0,0,0,1
160000.0,Shineray Fireguard 250 Trail,Новосибирск,5000.0,250,бензин,4,0,1,0,0,0,0,0,1,0,0,0,0,0,0,0,0,0,0,0,0,0,1
160000.0,Avantis A7 New Lite,Петрозаводск,70.0,250,бензин,3,0,1,0,1,0,0,0,0,0,0,0,0,0,0,0,0,0,0,0,0,0,1
160000.0,Motoland WR 250,Новошахтинск,3000.0,250,бензин,1,0,1,0,1,0,0,0,0,0,0,0,0,0,0,0,0,0,0,0,0,0,1
160000.0,Avantis A3 Lux,Москва,11000.0,250,бензин,3,0,1,0,0,0,1,0,0,0,0,0,0,0,0,0,0,0,0,0,0,0,1
160000.0,Progasi Palma 250,Камышин,4000.0,250,бензин,1,0,1,0,1,0,0,0,0,0,0,0,0,0,0,0,0,0,0,0,0,0,1
160000.0,Ataki EF300,Кыштым,2000.0,300,бензин,1,0,1,0,1,0,0,0,0,0,0,0,0,0,0,0,0,0,0,0,0,0,1
160000.0,Regulmoto Sport-003 PR Pro,Комсомольск-на-Амуре,4000.0,250,бензин,2,0,1,0,1,0,0,0,0,0,0,0,0,0,0,0,0,0,0,0,0,0,1
160000.0,Roliz Sport-003 RRC,Тыгда,3000.0,300,бензин,1,0,1,0,1,0,0,0,0,0,0,0,0,0,0,0,0,0,0,0,0,0,1
160000.0,Racer Triumph RC250CK-A,Тюмень,1200.0,249,бензин,2,0,1,0,1,0,0,0,0,0,0,0,0,0,0,0,0,0,0,0,0,0,1
160000.0,Урал ИМЗ 8.103-30,Томск,2450.0,649,бензин,40,0,1,0,1,0,0,0,0,0,0,0,0,0,0,0,0,0,0,0,0,0,1
160000.0,FXmoto X1,Сосновоборск,80.0,250,бензин,2,0,1,0,1,0,0,0,0,0,0,0,0,0,0,0,0,0,0,0,0,0,1
160000.0,Racer Skyway RC300-CS,Симферополь,6600.0,300,бензин,5,0,1,0,1,0,0,0,0,0,0,0,0,0,0,0,0,0,0,0,0,0,1
161000.0,Racer Panther RC300-GY8X,Братск,500.0,300,бензин,1,0,1,0,1,0,0,0,0,0,0,0,0,0,0,0,0,0,0,0,0,0,1
163000.0,Kayo K4 250 MX,Москва,500.0,250,бензин,2,0,1,0,0,0,1,0,0,0,0,0,0,0,0,0,0,0,0,0,0,0,1
163000.0,BRZ X5lite,Керчь,1700.0,300,бензин,2,0,1,0,1,0,0,0,0,0,0,0,0,0,0,0,0,0,0,0,0,0,1
163300.0,Regulmoto Sport-003 PR,Новосибирск,207.0,271,бензин,1,0,1,0,0,0,0,0,1,0,0,0,0,0,0,0,0,0,0,0,0,0,1
165000.0,Motoland XT300 ST,Калуга,650.0,300,бензин,1,0,1,0,1,0,0,0,0,0,0,0,0,0,0,0,0,0,0,0,0,0,1
165000.0,S2 Motors Panther CBR 250,Нижний Новгород,5000.0,250,бензин,11,0,1,0,0,0,0,0,1,0,0,0,0,0,0,0,0,0,0,0,0,0,1
165000.0,Motoland XT250 ST,Искитим,4000.0,250,бензин,5,0,1,0,1,0,0,0,0,0,0,0,0,0,0,0,0,0,0,0,0,0,1
165000.0,Roliz Sport-005,Нерчинск,470.0,250,бензин,1,0,1,0,1,0,0,0,0,0,0,0,0,0,0,0,0,0,0,0,0,0,1
165000.0,Roliz Sport-005,Иркутск,500.0,250,бензин,1,0,1,0,1,0,0,0,0,0,0,0,0,0,0,0,0,0,0,0,0,0,1
165000.0,Rockot Motors Frost Flash,Пенза,6600.0,2500,бензин,2,0,0,0,1,0,0,0,0,0,0,0,0,0,0,0,0,0,0,0,0,0,1
165000.0,Sharmax Power Max 250,Москва,3500.0,249,бензин,2,0,1,0,0,0,1,0,0,0,0,0,0,0,0,0,0,0,0,0,0,0,1
165000.0,Wanqiang YD250-4,Нижний Тагил,6000.0,250,бензин,3,0,1,0,1,0,0,0,0,0,0,0,0,0,0,0,0,0,0,0,0,0,1
165000.0,Progasi Palma 250,Братск,999.0,250,бензин,1,0,1,0,1,0,0,0,0,0,0,0,0,0,0,0,0,0,0,0,0,0,1
165000.0,BSE Z5,Ярославль,1000.0,250,бензин,4,0,1,0,1,0,0,0,0,0,0,0,0,0,0,0,0,0,0,0,0,0,1
165000.0,BSE Z4,Челябинск,120.0,250,бензин,3,0,1,0,0,0,0,0,1,0,0,0,0,0,0,0,0,0,0,0,0,0,1
165000.0,Progasi Ibiza 250,Берёзовский,5000.0,250,бензин,2,0,1,0,1,0,0,0,0,0,0,0,0,0,0,0,0,0,0,0,0,0,1
165000.0,Progasi Palma 250,Энгельс,500.0,250,бензин,1,0,1,0,1,0,0,0,0,0,0,0,0,0,0,0,0,0,0,0,0,0,1
165000.0,Regulmoto TE,Новосибирск,2200.0,250,бензин,3,0,1,0,0,0,0,0,1,0,0,0,0,0,0,0,0,0,0,0,0,0,1
165000.0,Regulmoto Sport-003 PR,Севастополь,8150.0,250,бензин,3,0,1,0,1,0,0,0,0,0,0,0,0,0,0,0,0,0,0,0,0,0,1
165000.0,Racer Panther RC300-GY8X,Залесово,600.0,300,бензин,1,0,1,0,1,0,0,0,0,0,0,0,0,0,0,0,0,0,0,0,0,0,1
165000.0,Racer Ranger RC250-GY8A,Барнаул,4900.0,250,бензин,6,0,1,0,1,0,0,0,0,0,0,0,0,0,0,0,0,0,0,0,0,0,1
165000.0,BSE Z6,Новокузнецк,500.0,250,бензин,2,0,1,0,1,0,0,0,0,0,0,0,0,0,0,0,0,0,0,0,0,0,1
165000.0,Regulmoto Sport-003 PR,Краснообск,5000.0,250,бензин,2,0,1,0,1,0,0,0,0,0,0,0,0,0,0,0,0,0,0,0,0,0,1
165000.0,Roliz Sport-003,Краснообск,1042.0,246,бензин,2,0,1,0,1,0,0,0,0,0,0,0,0,0,0,0,0,0,0,0,0,0,1
165000.0,Avantis FX 250 Lux,Карасук,1624.0,250,бензин,5,0,1,0,1,0,0,0,0,0,0,0,0,0,0,0,0,0,0,0,0,0,1
165000.0,Kawasaki KDX 125,Усолье-Сибирское,1100.0,125,бензин,27,0,0,0,1,0,0,0,0,0,0,0,0,0,0,0,1,0,0,0,0,0,0
165000.0,Kayo T2 250 MX,Ишлеи,800.0,223,бензин,2,0,1,0,1,0,0,0,0,0,0,0,0,0,0,0,0,0,0,0,0,0,1
165000.0,Racer Ranger RC250-GY8A,Берёзовский,6000.0,283,бензин,5,0,1,0,1,0,0,0,0,0,0,0,0,0,0,0,0,0,0,0,0,0,1
165000.0,Racer Ranger RC300-GY8,Барнаул,2700.0,270,бензин,2,0,1,0,1,0,0,0,0,0,0,0,0,0,0,0,0,0,0,0,0,0,1
165000.0,Motoland ST 300 Neon,Барнаул,830.0,300,бензин,1,0,1,0,1,0,0,0,0,0,0,0,0,0,0,0,0,0,0,0,0,0,1
165000.0,Zuumav FX CR-250CB,Кореновск,1800.0,250,бензин,2,0,1,0,1,0,0,0,0,0,0,0,0,0,0,0,0,0,0,0,0,0,1
165000.0,Regulmoto Sport-003 PR Pro,Мишелевка,3300.0,300,бензин,2,0,1,0,1,0,0,0,0,0,0,0,0,0,0,0,0,0,0,0,0,0,1
165000.0,Motoland XR250,Нижнеудинск,1000.0,250,бензин,4,0,1,0,1,0,0,0,0,0,0,0,0,0,0,0,0,0,0,0,0,0,1
165000.0,SSSR DNA,Барнаул,100.0,300,бензин,2,0,1,0,1,0,0,0,0,0,0,0,0,0,0,0,0,0,0,0,0,0,1
165000.0,Regulmoto Athlete 300,Новосибирск,400.0,300,бензин,2,0,1,0,0,0,0,0,1,0,0,0,0,0,0,0,0,0,0,0,0,0,1
165000.0,Roliz Sport-007,Красноярск,1000.0,250,бензин,3,0,1,0,0,0,0,0,1,0,0,0,0,0,0,0,0,0,0,0,0,0,1
165000.0,Regulmoto TE,Райчихинск,2500.0,250,бензин,4,0,1,0,1,0,0,0,0,0,0,0,0,0,0,0,0,0,0,0,0,0,1
165000.0,Regulmoto Athlete 250 21-18,Александров,71.0,250,бензин,3,0,1,0,1,0,0,0,0,0,0,0,0,0,0,0,0,0,0,0,0,0,1
165000.0,Progasi Race 300 Air,Казань,100.0,300,бензин,2,0,1,0,0,0,0,0,1,0,0,0,0,0,0,0,0,0,0,0,0,0,1
165000.0,Roliz Sport-002,Улан-Удэ,150.0,250,бензин,1,0,1,0,1,0,0,0,0,0,0,0,0,0,0,0,0,0,0,0,0,0,1
165000.0,Kayo K1 250 MX,Лабинск,3000.0,250,бензин,1,0,1,0,1,0,0,0,0,0,0,0,0,0,0,0,0,0,0,0,0,0,1
165000.0,Regulmoto ZR 250,Бийск,6400.0,250,бензин,4,0,1,0,1,0,0,0,0,0,0,0,0,0,0,0,0,0,0,0,0,0,1
165000.0,Ataki S003,Бийск,4860.0,300,бензин,1,0,1,0,1,0,0,0,0,0,0,0,0,0,0,0,0,0,0,0,0,0,1
165000.0,Sharmax Sport 250,Крапивинский,590.0,250,бензин,2,0,1,0,1,0,0,0,0,0,0,0,0,0,0,0,0,0,0,0,0,0,1
165000.0,Racer Triumph,Прокопьевск,200.0,224,бензин,2,0,1,0,1,0,0,0,0,0,0,0,0,0,0,0,0,0,0,0,0,0,1
165000.0,Regulmoto Sport-003 PR Pro,Новосибирск,2000.0,282,бензин,2,0,1,0,0,0,0,0,1,0,0,0,0,0,0,0,0,0,0,0,0,0,1
165000.0,Roliz Spider 250,Ангарск,3500.0,150,бензин,2,0,1,0,1,0,0,0,0,0,0,0,0,0,0,0,0,0,0,0,0,0,1
165000.0,Zuum PX250,Иркутск,2000.0,250,бензин,4,0,1,0,1,0,0,0,0,0,0,0,0,0,0,0,0,0,0,0,0,0,1
165000.0,Rockot Motors GS 7 Tribute,Челябинск,52.0,250,бензин,3,0,1,0,0,0,0,0,1,0,0,0,0,0,0,0,0,0,0,0,0,0,1
165000.0,Motoland CRF 250,Кулебаки,40.0,250,бензин,2,0,1,0,1,0,0,0,0,0,0,0,0,0,0,0,0,0,0,0,0,0,1
165000.0,Racer Triumph RC250CK-A,Новосибирск,2081.0,224,бензин,3,0,1,0,0,0,0,0,1,0,0,0,0,0,0,0,0,0,0,0,0,0,1
165000.0,BSE Z2,Абаза,70.0,250,бензин,1,0,1,0,1,0,0,0,0,0,0,0,0,0,0,0,0,0,0,0,0,0,1
165000.0,Irbis GR 250,Чита,21000.0,250,бензин,11,0,1,0,1,0,0,0,0,0,0,0,0,0,0,0,0,0,0,0,0,0,1
165000.0,Racer Panther RC300-GY8X,Борзя,1500.0,300,бензин,3,0,1,0,1,0,0,0,0,0,0,0,0,0,0,0,0,0,0,0,0,0,1
167000.0,FXmoto X1,Лабинск,75.0,250,бензин,1,0,1,0,1,0,0,0,0,0,0,0,0,0,0,0,0,0,0,0,0,0,1
167000.0,BSE Z10,Калуга,200.0,250,бензин,7,0,1,0,1,0,0,0,0,0,0,0,0,0,0,0,0,0,0,0,0,0,1
168000.0,Progasi Super Max 250,Новокуйбышевск,3000.0,250,бензин,2,0,1,0,1,0,0,0,0,0,0,0,0,0,0,0,0,0,0,0,0,0,1
168000.0,Progasi Super Max 250,Нижний Новгород,240.0,249,бензин,1,0,1,0,0,0,0,0,1,0,0,0,0,0,0,0,0,0,0,0,0,0,1
168800.0,Kayo T2 300 Enduro PR,Владивосток,200.0,271,бензин,2,0,1,1,1,0,0,0,0,0,0,0,0,0,0,0,0,0,0,0,0,0,1
169000.0,Regulmoto Sport-003 PR,Павловск,5200.0,250,бензин,3,0,1,0,1,0,0,0,0,0,0,0,0,0,0,0,0,0,0,0,0,0,1
169000.0,Roliz Sport-005,Хомутово,850.0,250,бензин,4,0,1,0,1,0,0,0,0,0,0,0,0,0,0,0,0,0,0,0,0,0,1
169000.0,Иж Юпитер 5,Шадринск,17625.0,350,бензин,33,0,0,0,1,0,0,0,0,0,0,0,0,0,0,0,0,0,0,0,0,0,1
169000.0,Regulmoto Sport-003 PR Pro,Тальменка,4665.0,300,бензин,2,0,1,0,1,0,0,0,0,0,0,0,0,0,0,0,0,0,0,0,0,0,1
169000.0,Kayo T2 250 Enduro,Богданович,7650.0,250,бензин,6,0,1,0,1,0,0,0,0,0,0,0,0,0,0,0,0,0,0,0,0,0,1
169000.0,Shineray Fireguard 250 Trail,Кизел,300.0,250,бензин,1,0,1,0,1,0,0,0,0,0,0,0,0,0,0,0,0,0,0,0,0,0,1
169000.0,GR GR7 F250A Enduro Optimum,Полевской,11111.0,300,бензин,6,0,1,0,1,0,0,0,0,0,0,0,0,0,0,0,0,0,0,0,0,0,1
169500.0,Progasi Super Max 250,Пронск,500.0,250,бензин,2,0,1,0,1,0,0,0,0,0,0,0,0,0,0,0,0,0,0,0,0,0,1
169900.0,Progasi Super Max 300,Новошахтинск,6440.0,270,бензин,1,0,1,0,1,0,0,0,0,0,0,0,0,0,0,0,0,0,0,0,0,0,1
169990.0,Progasi Super Max 250,Тогучин,1800.0,250,бензин,1,0,1,0,1,0,0,0,0,0,0,0,0,0,0,0,0,0,0,0,0,0,1
169990.0,Motoland WRX 250 Lite,Новосибирск,1567.0,250,бензин,5,0,1,0,0,0,0,0,1,0,0,0,0,0,0,0,0,0,0,0,0,0,1
169999.0,BRZ X5M,Москва,3500.0,300,бензин,2,0,1,0,0,0,1,0,0,0,0,0,0,0,0,0,0,0,0,0,0,0,1
170000.0,Racer Triumph RC250CK-A,Новосибирск,7000.0,250,бензин,2,0,1,0,0,0,0,0,1,0,0,0,0,0,0,0,0,0,0,0,0,0,1
170000.0,KTM 50 SX,Томск,100.0,50,бензин,7,0,0,0,1,0,0,0,0,0,0,0,0,0,0,0,0,0,0,0,0,0,1
170000.0,Racer Skyway RC300-CS,Боровиха,6981.0,270,бензин,10,0,1,0,1,0,0,0,0,0,0,0,0,0,0,0,0,0,0,0,0,0,1
170000.0,Kayo K1 250 MX,Прокопьевск,500.0,250,бензин,2,0,1,0,1,0,0,0,0,0,0,0,0,0,0,0,0,0,0,0,0,0,1
170000.0,Falcon Speedfire 250,Томск,4500.0,250,бензин,5,0,1,0,1,0,0,0,0,0,0,0,0,0,0,0,0,0,0,0,0,0,1
170000.0,Гюрза МБ-3,Новосибирск,100.0,300,бензин,1,0,1,0,0,0,0,0,1,0,0,0,0,0,0,0,0,0,0,0,0,0,1
170000.0,Regulmoto TE,Владивосток,650.0,300,бензин,2,0,1,0,1,0,0,0,0,0,0,0,0,0,0,0,0,0,0,0,0,0,1
170000.0,Regulmoto Sport-003 PR,Куйбышев,5000.0,300,бензин,1,0,1,0,1,0,0,0,0,0,0,0,0,0,0,0,0,0,0,0,0,0,1
170000.0,Sharmax Power Max 280,Благовещенск,3750.0,280,бензин,3,0,1,0,1,0,0,0,0,0,0,0,0,0,0,0,0,0,0,0,0,0,1
170000.0,Roliz Sport-005,Могоча,100.0,300,бензин,2,0,1,0,1,0,0,0,0,0,0,0,0,0,0,0,0,0,0,0,0,0,1
170000.0,Progasi Palma 300,Новомышастовская,871.0,300,бензин,1,0,1,0,1,0,0,0,0,0,0,0,0,0,0,0,0,0,0,0,0,0,1
170000.0,Kayo K2 Pro,Хилок,3000.0,250,бензин,5,0,1,0,1,0,0,0,0,0,0,0,0,0,0,0,0,0,0,0,0,0,1
170000.0,Ataki EF250R,Искитим,1000.0,250,бензин,2,0,1,0,1,0,0,0,0,0,0,0,0,0,0,0,0,0,0,0,0,0,1
170000.0,Suzuki Djebel 200,Партизанск,27000.0,200,бензин,22,0,1,0,1,0,0,0,0,0,0,0,0,0,0,0,0,0,0,1,0,0,0
170000.0,Motoland XT250 ST,Дальнегорск,4170.0,250,бензин,3,0,1,0,1,0,0,0,0,0,0,0,0,0,0,0,0,0,0,0,0,0,1
170000.0,Motoland XT250 HS,Агаповка,1.0,250,бензин,4,0,1,0,1,0,0,0,0,0,0,0,0,0,0,0,0,0,0,0,0,0,1
170000.0,Regulmoto Sport-003 PR Pro,Саров,2700.0,300,бензин,2,0,1,0,1,0,0,0,0,0,0,0,0,0,0,0,0,0,0,0,0,0,1
170000.0,Motoland XT300 HS,Ликино-Дулёво,180.0,300,бензин,1,0,1,0,0,0,0,1,0,0,0,0,0,0,0,0,0,0,0,0,0,0,1
170000.0,Fuego Scrambler 250,Киров,10000.0,223,бензин,3,0,1,0,1,0,0,0,0,0,0,0,0,0,0,0,0,0,0,0,0,0,1
170000.0,Regulmoto Athlete 300,Комсомольск-на-Амуре,30.0,300,бензин,2,0,1,0,1,0,0,0,0,0,0,0,0,0,0,0,0,0,0,0,0,0,1
170000.0,Racer RC300-GY8K XVR,Новосибирск,5000.0,300,бензин,2,0,1,0,0,0,0,0,1,0,0,0,0,0,0,0,0,0,0,0,0,0,1
170000.0,Ataki S004-R,Симферополь,700.0,300,бензин,1,0,1,0,1,0,0,0,0,0,0,0,0,0,0,0,0,0,0,0,0,0,1
170000.0,Xinguizun XGZ300GY,Артём,300.0,300,бензин,1,0,1,0,1,0,0,0,0,0,0,0,0,0,0,0,0,0,0,0,0,0,1
170000.0,Kawasaki Balius,Артём,30000.0,250,бензин,31,0,1,0,1,0,0,0,0,0,0,0,0,0,0,0,1,0,0,0,0,0,0
170000.0,Motoland XR250,Домодедово,2600.0,233,бензин,6,0,1,0,0,0,0,1,0,0,0,0,0,0,0,0,0,0,0,0,0,0,1
170000.0,Progasi Super Max 250,Иркутск,6000.0,250,бензин,1,0,1,0,1,0,0,0,0,0,0,0,0,0,0,0,0,0,0,0,0,0,1
170000.0,Kayo K4 250 MX,Златоуст,120.0,250,бензин,2,0,1,0,1,0,0,0,0,0,0,0,0,0,0,0,0,0,0,0,0,0,1
170000.0,Kayo T2 250 Enduro,Санкт-Петербург,3500.0,250,бензин,3,0,1,0,0,0,0,0,0,1,0,0,0,0,0,0,0,0,0,0,0,0,1
170000.0,BSE Z6 Y,Новосибирск,1500.0,250,бензин,3,0,1,0,0,0,0,0,1,0,0,0,0,0,0,0,0,0,0,0,0,0,1
170000.0,ZMmoto Hopper,Пенза,100.0,250,бензин,2,0,1,0,1,0,0,0,0,0,0,0,0,0,0,0,0,0,0,0,0,0,1
170000.0,Racer Panther RC300-GY8X,Кемерово,750.0,300,бензин,1,0,1,0,1,0,0,0,0,0,0,0,0,0,0,0,0,0,0,0,0,0,1
170000.0,BSE Z2,Шатура,50.0,250,бензин,1,0,1,0,0,0,0,1,0,0,0,0,0,0,0,0,0,0,0,0,0,0,1
170000.0,Honda XLR 250R,Ольга,16000.0,250,бензин,29,0,1,0,1,0,0,0,0,0,0,0,0,0,1,0,0,0,0,0,0,0,0
170000.0,Motoland XT250 ST,Красноярск,2000.0,250,бензин,5,0,1,0,0,0,0,0,1,0,0,0,0,0,0,0,0,0,0,0,0,0,1
170000.0,Roliz Sport-007,Баргузин,750.0,250,бензин,1,0,1,0,1,0,0,0,0,0,0,0,0,0,0,0,0,0,0,0,0,0,1
170000.0,Apollo M3,Иглино,340.0,300,бензин,1,0,1,0,1,0,0,0,0,0,0,0,0,0,0,0,0,0,0,0,0,0,1
170000.0,Sharmax Sport 280,Красноярск,5000.0,250,бензин,1,0,1,0,0,0,0,0,1,0,0,0,0,0,0,0,0,0,0,0,0,0,1
170000.0,Racer Fighter RC300CK-N,Волчиха,11500.0,300,бензин,5,0,1,0,1,0,0,0,0,0,0,0,0,0,0,0,0,0,0,0,0,0,1
170000.0,Иж Планета 5,Томск,1500.0,346,бензин,37,0,0,0,1,0,0,0,0,0,0,0,0,0,0,0,0,0,0,0,0,0,1
170000.0,Suzuki VanVan,Хабаровск,1000.0,200,бензин,16,0,1,1,1,0,0,0,0,0,0,0,0,0,0,0,0,0,0,1,0,0,0
170000.0,Roliz ZF250-2,Петропавловск-Камчатский,30.0,250,бензин,6,0,1,0,1,0,0,0,0,0,0,0,0,0,0,0,0,0,0,0,0,0,1
170000.0,Bajaj Boxer BM 150 X,Новосибирск,1.0,145,бензин,1,0,1,0,0,0,0,0,1,0,0,0,0,0,0,0,0,0,0,0,0,0,1
170000.0,Скаут 3,Верхний Уфалей,10.0,250,бензин,1,0,1,0,1,0,0,0,0,0,0,0,0,0,0,0,0,0,0,0,0,0,1
170000.0,Racer Skyway RC300-CS,Заводоуковск,250.0,300,бензин,1,0,1,0,1,0,0,0,0,0,0,0,0,0,0,0,0,0,0,0,0,0,1
170000.0,Урал ИМЗ 8.201,Волгодонск,6000.0,650,бензин,30,0,1,0,1,0,0,0,0,0,0,0,0,0,0,0,0,0,0,0,0,0,1
170000.0,Irbis TTR 250,Норильск,1300.0,250,бензин,2,0,1,0,1,0,0,0,0,0,0,0,0,0,0,0,0,0,0,0,0,0,1
170000.0,Suzuki Bandit,Иркутск,20000.0,250,бензин,33,0,1,0,1,0,0,0,0,0,0,0,0,0,0,0,0,0,0,1,0,0,0
170000.0,Racer Panther RC300-GY8X,Вихоревка,2020.0,270,бензин,2,0,1,0,1,0,0,0,0,0,0,0,0,0,0,0,0,0,0,0,0,0,1
170000.0,Урал ИМЗ 8.103-10,Каменск-Уральский,2500.0,649,бензин,31,0,1,0,1,0,0,0,0,0,0,0,0,0,0,0,0,0,0,0,0,0,1
170000.0,Regulmoto Sport-003 PR,Нолинск,1600.0,300,бензин,1,0,1,0,1,0,0,0,0,0,0,0,0,0,0,0,0,0,0,0,0,0,1
170000.0,Regulmoto Aqua Enduro,Могоча,2400.0,250,бензин,3,0,1,0,1,0,0,0,0,0,0,0,0,0,0,0,0,0,0,0,0,0,1
170000.0,Racer Panther RC300-GY8X,Черемхово,2730.0,270,бензин,2,0,1,0,1,0,0,0,0,0,0,0,0,0,0,0,0,0,0,0,0,0,1
170000.0,Rockot Motors Dakar,Новый Некоуз,100.0,250,бензин,1,0,1,0,1,0,0,0,0,0,0,0,0,0,0,0,0,0,0,0,0,0,1
170000.0,Sharmax Sport 300 Air,Новосибирск,4500.0,300,бензин,1,0,1,0,0,0,0,0,1,0,0,0,0,0,0,0,0,0,0,0,0,0,1
170000.0,FXmoto CB300F,Москва,1500.0,300,бензин,2,0,1,0,0,0,1,0,0,0,0,0,0,0,0,0,0,0,0,0,0,0,1
170000.0,Progasi Super Max 250,Томск,3500.0,250,бензин,1,0,1,0,1,0,0,0,0,0,0,0,0,0,0,0,0,0,0,0,0,0,1
170000.0,Irbis VR-1,Стерлитамак,1500.0,250,бензин,1,0,1,0,1,0,0,0,0,0,0,0,0,0,0,0,0,0,0,0,0,0,1
170000.0,Racer Ranger RC250-GY8A,Камень-на-Оби,850.0,300,бензин,5,0,1,0,1,0,0,0,0,0,0,0,0,0,0,0,0,0,0,0,0,0,1
170000.0,Regulmoto Sport-003 PR,Бийск,3000.0,300,бензин,2,0,1,0,1,0,0,0,0,0,0,0,0,0,0,0,0,0,0,0,0,0,1
170000.0,Yamaha YBR 125,Новоселово,8785.0,125,бензин,18,0,1,0,1,0,0,0,0,0,0,0,0,0,0,0,0,0,0,0,0,1,0
170000.0,Racer RC300-GY8V XSR,Прокопьевск,1100.0,270,бензин,1,0,1,0,1,0,0,0,0,0,0,0,0,0,0,0,0,0,0,0,0,0,1
170000.0,Racer Enduro 300 RC300-GY8A,Вихоревка,6000.0,300,бензин,5,0,1,0,1,0,0,0,0,0,0,0,0,0,0,0,0,0,0,0,0,0,1
170000.0,Sharmax Sport 280,Санкт-Петербург,3500.0,250,бензин,2,0,1,0,0,0,0,0,0,1,0,0,0,0,0,0,0,0,0,0,0,0,1
170000.0,Roliz Sport-005,Чугуевка,934.0,250,бензин,2,0,1,0,1,0,0,0,0,0,0,0,0,0,0,0,0,0,0,0,0,0,1
170000.0,Racer RC300-GY8V XSR,Уфа,1400.0,300,бензин,1,0,1,0,0,0,0,0,1,0,0,0,0,0,0,0,0,0,0,0,0,0,1
170000.0,Motoland FX 300,Шарья,600.0,300,бензин,1,0,1,0,1,0,0,0,0,0,0,0,0,0,0,0,0,0,0,0,0,0,1
170000.0,Motoland XR250 Enduro,Челябинск,180.0,250,бензин,4,0,1,0,0,0,0,0,1,0,0,0,0,0,0,0,0,0,0,0,0,0,1
170000.0,Yamaha FZX 250 Zeal,Усть-Илимск,25000.0,250,бензин,30,0,1,0,1,0,0,0,0,0,0,0,0,0,0,0,0,0,0,0,0,1,0
170000.0,Regulmoto Athlete 300,Находка,30.0,300,бензин,3,0,1,0,1,0,0,0,0,0,0,0,0,0,0,0,0,0,0,0,0,0,1
170000.0,Regulmoto TE,Александро-Невский,3000.0,300,бензин,1,0,1,0,1,0,0,0,0,0,0,0,0,0,0,0,0,0,0,0,0,0,1
170000.0,Racer Panther RC300-GY8X,Шилка,1800.0,300,бензин,2,0,1,0,1,0,0,0,0,0,0,0,0,0,0,0,0,0,0,0,0,0,1
170000.0,Progasi Super Max 250,Бийск,1000.0,250,бензин,3,0,1,0,1,0,0,0,0,0,0,0,0,0,0,0,0,0,0,0,0,0,1
170000.0,Racer Enduro 300 RC300-GY8A,Братск,4000.0,270,бензин,6,0,1,1,1,0,0,0,0,0,0,0,0,0,0,0,0,0,0,0,0,0,1
170000.0,KTM 50 SX,Томск,100.0,50,бензин,8,1,0,0,1,0,0,0,0,0,0,0,0,0,0,0,0,0,0,0,0,0,1
170000.0,Roliz Sport-007,Пенза,56.0,250,бензин,2,0,1,0,1,0,0,0,0,0,0,0,0,0,0,0,0,0,0,0,0,0,1
170000.0,BSE Z3L,Омск,20.0,250,бензин,2,0,1,0,0,0,0,0,1,0,0,0,0,0,0,0,0,0,0,0,0,0,1
170000.0,BRZ X5M Black Edition,Инской,84.0,250,бензин,2,0,1,0,1,0,0,0,0,0,0,0,0,0,0,0,0,0,0,0,0,0,1
170000.0,Chituma CTM250-3,Краснодар,1400.0,250,бензин,12,0,1,0,0,0,0,0,1,0,0,0,0,0,0,0,0,0,0,0,0,0,1
170000.0,Progasi Super Max 250,Ленинск-Кузнецкий,1500.0,249,бензин,2,0,1,0,1,0,0,0,0,0,0,0,0,0,0,0,0,0,0,0,0,0,1
172000.0,Avantis FX 250 Lux,Санкт-Петербург,3543.0,300,бензин,5,0,1,0,0,0,0,0,0,1,0,0,0,0,0,0,0,0,0,0,0,0,1
172000.0,Progasi Super Max 250,Усть-Кут,3900.0,250,бензин,1,0,1,0,1,0,0,0,0,0,0,0,0,0,0,0,0,0,0,0,0,0,1
173000.0,Racer Fighter RC300CK-N,Иркутск,500.0,270,бензин,1,0,1,1,1,0,0,0,0,0,0,0,0,0,0,0,0,0,0,0,0,0,1
173100.0,Kayo T2 250 Enduro,Ростов-на-Дону,200.0,250,бензин,1,0,1,0,0,0,0,0,1,0,0,0,0,0,0,0,0,0,0,0,0,0,1
174000.0,Kayo K1 250 MX,Челябинск,333.0,250,бензин,2,0,1,0,0,0,0,0,1,0,0,0,0,0,0,0,0,0,0,0,0,0,1
174990.0,Avantis A7,Кемерово,1440.0,250,бензин,5,0,1,0,1,0,0,0,0,0,0,0,0,0,0,0,0,0,0,0,0,0,1
174990.0,BSE Z3,Владивосток,750.0,250,бензин,2,0,1,0,1,0,0,0,0,0,0,0,0,0,0,0,0,0,0,0,0,0,1
174999.0,Progasi Super Max 250,Славгород,2700.0,250,бензин,1,0,1,0,1,0,0,0,0,0,0,0,0,0,0,0,0,0,0,0,0,0,1
175000.0,Honda VF 750 Magna,Хабаровск,24812.0,750,бензин,36,0,1,0,1,0,0,0,0,0,0,0,0,0,1,0,0,0,0,0,0,0,0
175000.0,Kayo K2 Pro,Мостовской,186.0,300,бензин,1,0,1,0,1,0,0,0,0,0,0,0,0,0,0,0,0,0,0,0,0,0,1
175000.0,Progasi Super Max 250,Таганрог,2158.0,250,бензин,1,0,1,0,1,0,0,0,0,0,0,0,0,0,0,0,0,0,0,0,0,0,1
175000.0,Regulmoto Athlete Pro,Краснозёрское,1000.0,300,бензин,1,0,1,0,1,0,0,0,0,0,0,0,0,0,0,0,0,0,0,0,0,0,1
175000.0,Regulmoto Sport-003 PR,Шимановск,6000.0,249,бензин,3,0,1,0,1,0,0,0,0,0,0,0,0,0,0,0,0,0,0,0,0,0,1
175000.0,Fuego Scrambler 250,Ижевск,3000.0,250,бензин,3,0,1,0,1,0,0,0,0,0,0,0,0,0,0,0,0,0,0,0,0,0,1
175000.0,Zuumav FX CR-250CB,Краснодар,100.0,250,бензин,2,0,1,0,0,0,0,0,1,0,0,0,0,0,0,0,0,0,0,0,0,0,1
175000.0,Roliz Sport-007,Екатеринбург,1200.0,250,бензин,2,0,1,0,0,0,0,0,1,0,0,0,0,0,0,0,0,0,0,0,0,0,1
175000.0,Regulmoto CR-Z 300,Рощино,2500.0,300,бензин,4,0,1,0,0,1,0,0,0,0,0,0,0,0,0,0,0,0,0,0,0,0,1
175000.0,Regulmoto Athlete 250,Комсомольск-на-Амуре,800.0,250,бензин,4,0,1,0,1,0,0,0,0,0,0,0,0,0,0,0,0,0,0,0,0,0,1
175000.0,Yamaha Serow,Алейск,30000.0,225,бензин,29,0,1,0,1,0,0,0,0,0,0,0,0,0,0,0,0,0,0,0,0,1,0
175000.0,Kawasaki ZZR 1100 Ninja,Находка,40000.0,1100,бензин,25,0,1,0,1,0,0,0,0,0,0,0,0,0,0,0,1,0,0,0,0,0,0
175000.0,Racer Ranger RC300-GY8K,Миллерово,2500.0,300,бензин,2,0,1,0,1,0,0,0,0,0,0,0,0,0,0,0,0,0,0,0,0,0,1
175000.0,Regulmoto Sport-003 PR Pro,Новобурейский,800.0,300,бензин,2,0,1,0,1,0,0,0,0,0,0,0,0,0,0,0,0,0,0,0,0,0,1
175000.0,Regulmoto Athlete Pro,Москва,5400.0,300,бензин,1,0,1,0,0,0,1,0,0,0,0,0,0,0,0,0,0,0,0,0,0,0,1
175000.0,Kawasaki KX 65,Владивосток,1.0,64,бензин,15,0,0,0,1,0,0,0,0,0,0,0,0,0,0,0,1,0,0,0,0,0,0
175000.0,Regulmoto Sport-003 PR Pro,Кызыл,1000.0,300,бензин,1,0,1,0,1,0,0,0,0,0,0,0,0,0,0,0,0,0,0,0,0,0,1
175000.0,Kawasaki ZZR 1100 Ninja,Калманка,35000.0,1100,бензин,32,0,1,0,1,0,0,0,0,0,0,0,0,0,0,0,1,0,0,0,0,0,0
175491.0,Kayo K1 250 MX,Томск,200.0,249,бензин,1,0,1,0,1,0,0,0,0,0,0,0,0,0,0,0,0,0,0,0,0,0,1
176000.0,Kawasaki KDX 200,Красноярск,15343.0,200,бензин,29,0,0,0,0,0,0,0,1,0,0,0,0,0,0,0,1,0,0,0,0,0,0
178000.0,Kawasaki ZZR,Майкоп,20000.0,400,бензин,29,0,1,0,1,0,0,0,0,0,0,0,0,0,0,0,1,0,0,0,0,0,0
178415.0,Kayo K4 300 MX,Ростов-на-Дону,200.0,300,бензин,1,0,1,0,0,0,0,0,1,0,0,0,0,0,0,0,0,0,0,0,0,0,1
179000.0,Yamaha YBR 125,Владивосток,19950.0,125,бензин,13,0,1,1,1,0,0,0,0,0,0,0,0,0,0,0,0,0,0,0,0,1,0
179000.0,Racer Skyway RC300-CS,Красноярск,486.0,300,бензин,2,0,1,0,0,0,0,0,1,0,0,0,0,0,0,0,0,0,0,0,0,0,1
179100.0,Regulmoto Sport-003 PR,Томск,200.0,223,бензин,1,0,1,0,1,0,0,0,0,0,0,0,0,0,0,0,0,0,0,0,0,0,1
180000.0,Yamaha TT-R 250,Уссурийск,20000.0,250,бензин,28,0,1,0,1,0,0,0,0,0,0,0,0,0,0,0,0,0,0,0,0,1,0
180000.0,Regulmoto Sport-003 PR Pro,Ивановка,3435.0,300,бензин,2,0,1,0,1,0,0,0,0,0,0,0,0,0,0,0,0,0,0,0,0,0,1
180000.0,JHL LX3,Армавир,100.0,300,бензин,1,0,1,0,1,0,0,0,0,0,0,0,0,0,0,0,0,0,0,0,0,0,1
180000.0,Racer SR-X2 Cross X2,Иркутск,198.0,280,бензин,2,0,1,0,1,0,0,0,0,0,0,0,0,0,0,0,0,0,0,0,0,0,1
180000.0,Regulmoto Sport-003 PR Pro,Абакан,2000.0,300,бензин,3,0,1,0,1,0,0,0,0,0,0,0,0,0,0,0,0,0,0,0,0,0,1
180000.0,Suzuki Djebel,Томск,46500.0,199,бензин,32,0,1,0,1,0,0,0,0,0,0,0,0,0,0,0,0,0,0,1,0,0,0
180000.0,Lifan LF250,Ростов-на-Дону,11.0,300,бензин,1,0,1,0,0,0,0,0,1,0,0,0,0,0,0,0,0,0,0,0,0,0,1
180000.0,Racer Enduro 300 RC300-GY8A,Санкт-Петербург,8500.0,300,бензин,1,0,1,0,0,0,0,0,0,1,0,0,0,0,0,0,0,0,0,0,0,0,1
180000.0,Yamaha YZ 85LW,Алушта,1120.0,85,бензин,18,0,0,0,1,0,0,0,0,0,0,0,0,0,0,0,0,0,0,0,0,1,0
180000.0,Procida K1 PR300,Москва,250.0,300,бензин,1,0,1,0,0,0,1,0,0,0,0,0,0,0,0,0,0,0,0,0,0,0,1
180000.0,BRZ X5,Самара,2000.0,300,бензин,1,0,1,0,0,0,0,0,1,0,0,0,0,0,0,0,0,0,0,0,0,0,1
180000.0,Racer SR-X2 Cross X2,Новосибирск,3300.0,300,бензин,2,0,1,0,0,0,0,0,1,0,0,0,0,0,0,0,0,0,0,0,0,0,1
180000.0,Apollo M3,Кропоткин,682.0,300,бензин,1,0,1,0,1,0,0,0,0,0,0,0,0,0,0,0,0,0,0,0,0,0,1
180000.0,Ataki S004-R,Барнаул,4550.0,300,бензин,1,0,1,0,1,0,0,0,0,0,0,0,0,0,0,0,0,0,0,0,0,0,1
180000.0,Koshine XN105,Дальнегорск,4000.0,105,бензин,1,0,0,0,1,0,0,0,0,0,0,0,0,0,0,0,0,0,0,0,0,0,1
180000.0,Regulmoto ZR 250,Новосибирск,1800.0,250,бензин,3,0,1,0,0,0,0,0,1,0,0,0,0,0,0,0,0,0,0,0,0,0,1
180000.0,Racer Skyway RC300-CS,Приаргунск,2500.0,300,бензин,5,0,1,0,1,0,0,0,0,0,0,0,0,0,0,0,0,0,0,0,0,0,1
180000.0,Suzuki RMX 250,Кавалерово,300222.0,250,бензин,29,0,0,0,1,0,0,0,0,0,0,0,0,0,0,0,0,0,0,1,0,0,0
180000.0,Ataki S004,Донецк,500.0,271,бензин,1,0,1,0,1,0,0,0,0,0,0,0,0,0,0,0,0,0,0,0,0,0,1
180000.0,Kayo K2 Pro,Чита,17.0,271,бензин,1,0,1,0,1,0,0,0,0,0,0,0,0,0,0,0,0,0,0,0,0,0,1
180000.0,Racer Enduro 300 RC300-GY8A,Саяногорск,1500.0,300,бензин,6,0,1,0,1,0,0,0,0,0,0,0,0,0,0,0,0,0,0,0,0,0,1
180000.0,Минск C4 300,Казань,2200.0,283,бензин,4,0,1,0,0,0,0,0,1,0,0,0,0,0,0,0,0,0,0,0,0,0,1
180000.0,Kayo T4 250 Enduro,Зеленый Бор,960.0,250,бензин,4,0,1,0,1,0,0,0,0,0,0,0,0,0,0,0,0,0,0,0,0,0,1
180000.0,Regulmoto Legend 300,Красноярск,165.0,300,бензин,2,0,1,0,0,0,0,0,1,0,0,0,0,0,0,0,0,0,0,0,0,0,1
180000.0,Kawasaki KDX 200,Ярославский,30000.0,200,бензин,30,0,0,0,1,0,0,0,0,0,0,0,0,0,0,0,1,0,0,0,0,0,0
180000.0,Regulmoto Athlete 250,Владивосток,50.0,250,бензин,4,0,1,0,1,0,0,0,0,0,0,0,0,0,0,0,0,0,0,0,0,0,1
180000.0,BSE Z5,Дегтярск,5200.0,250,бензин,1,0,1,0,1,0,0,0,0,0,0,0,0,0,0,0,0,0,0,0,0,0,1
180000.0,BSE Z4,Крымск,9.0,250,бензин,3,0,1,0,1,0,0,0,0,0,0,0,0,0,0,0,0,0,0,0,0,0,1
180000.0,Motoland SX250,Москва,70.0,250,бензин,5,0,1,0,0,0,1,0,0,0,0,0,0,0,0,0,0,0,0,0,0,0,1
180000.0,Motoland XT250 HS,Прокопьевск,3000.0,250,бензин,4,0,1,0,1,0,0,0,0,0,0,0,0,0,0,0,0,0,0,0,0,0,1
180000.0,Yamaha YBR 125,Высокий,20500.0,125,бензин,13,0,1,0,1,0,0,0,0,0,0,0,0,0,0,0,0,0,0,0,0,1,0
180000.0,Regulmoto Sport-003 PR Pro,Вихоревка,2300.0,300,бензин,2,0,1,0,1,0,0,0,0,0,0,0,0,0,0,0,0,0,0,0,0,0,1
180000.0,Zuumav FX CR-250CB,Красноярск,103.0,250,бензин,2,0,1,0,0,0,0,0,1,0,0,0,0,0,0,0,0,0,0,0,0,0,1
180000.0,Yamaha TW 200,Свободный,35000.0,200,бензин,26,0,1,0,1,0,0,0,0,0,0,0,0,0,0,0,0,0,0,0,0,1,0
180000.0,BSE Z6,Москва,40.0,250,бензин,3,0,1,0,0,0,1,0,0,0,0,0,0,0,0,0,0,0,0,0,0,0,1
180000.0,Regulmoto Raptor 250,Новосибирск,5000.0,250,бензин,1,0,1,0,0,0,0,0,1,0,0,0,0,0,0,0,0,0,0,0,0,0,1
180000.0,Regulmoto Sport-003 PR,Челябинск,2300.0,250,бензин,2,0,1,0,0,0,0,0,1,0,0,0,0,0,0,0,0,0,0,0,0,0,1
180000.0,Восход 3М,Екатеринбург,77993.0,50,бензин,34,0,0,0,0,0,0,0,1,0,0,0,0,0,0,0,0,0,0,0,0,0,1
180000.0,BSE Z6,Новосибирск,70.0,250,бензин,5,0,1,0,0,0,0,0,1,0,0,0,0,0,0,0,0,0,0,0,0,0,1
180000.0,Avantis A3,Елизово,700.0,250,бензин,3,0,1,0,1,0,0,0,0,0,0,0,0,0,0,0,0,0,0,0,0,0,1
180000.0,Regulmoto CR-Z 300,Бахчисарай,1.0,300,бензин,1,0,1,0,1,0,0,0,0,0,0,0,0,0,0,0,0,0,0,0,0,0,1
180000.0,Racer Skyway RC300-CS,Томск,500.0,300,бензин,2,0,1,0,1,0,0,0,0,0,0,0,0,0,0,0,0,0,0,0,0,0,1
180000.0,Regulmoto Sport-003 PR,Уссурийск,47.0,271,бензин,1,0,1,0,1,0,0,0,0,0,0,0,0,0,0,0,0,0,0,0,0,0,1
180000.0,Procida K1 PR300,Чебаркуль,4000.0,300,бензин,1,0,1,0,1,0,0,0,0,0,0,0,0,0,0,0,0,0,0,0,0,0,1
180000.0,BSE Z5,Пермь,88.0,250,бензин,3,0,1,0,0,0,0,0,1,0,0,0,0,0,0,0,0,0,0,0,0,0,1
180000.0,Kayo T2 250 MX,Иркутск,1521.0,250,бензин,3,0,1,0,1,0,0,0,0,0,0,0,0,0,0,0,0,0,0,0,0,0,1
180000.0,Regulmoto ZR 250,Чита,2700.0,250,бензин,4,0,1,0,1,0,0,0,0,0,0,0,0,0,0,0,0,0,0,0,0,0,1
180000.0,Motoland X3 250 Pro,Шентала,25.0,250,бензин,2,0,1,0,1,0,0,0,0,0,0,0,0,0,0,0,0,0,0,0,0,0,1
180000.0,BSE Z3,Новосибирск,500.0,250,бензин,3,0,1,0,0,0,0,0,1,0,0,0,0,0,0,0,0,0,0,0,0,0,1
180000.0,Sharmax Power Max 250,Дивногорск,2080.0,250,бензин,2,0,1,0,1,0,0,0,0,0,0,0,0,0,0,0,0,0,0,0,0,0,1
180000.0,Irbis TTR 250R,Кемерово,129.0,249,бензин,2,0,1,0,1,0,0,0,0,0,0,0,0,0,0,0,0,0,0,0,0,0,1
180000.0,BSE Z6,Марфино,500.0,250,бензин,3,0,1,0,1,0,0,0,0,0,0,0,0,0,0,0,0,0,0,0,0,0,1
180000.0,Racer Ranger RC300-GY8,Москва,9000.0,300,бензин,10,0,1,0,0,0,1,0,0,0,0,0,0,0,0,0,0,0,0,0,0,0,1
180000.0,Roliz Spider 250,Майма,220.0,250,бензин,2,1,1,0,1,0,0,0,0,0,0,0,0,0,0,0,0,0,0,0,0,0,1
180000.0,Урал М-67,Кемерово,1000.0,648,бензин,48,0,1,0,1,0,0,0,0,0,0,0,0,0,0,0,0,0,0,0,0,0,1
180000.0,Rockot Motors Dakar,Новосибирск,1400.0,250,бензин,2,0,1,0,0,0,0,0,1,0,0,0,0,0,0,0,0,0,0,0,0,0,1
180000.0,Progasi Super Max 250,Улан-Удэ,800.0,250,бензин,1,0,1,0,1,0,0,0,0,0,0,0,0,0,0,0,0,0,0,0,0,0,1
180000.0,Kayo K2 Pro,Саратов,125.0,300,бензин,1,0,1,0,1,0,0,0,0,0,0,0,0,0,0,0,0,0,0,0,0,0,1
180000.0,Regulmoto ZR PR 4 valves,Краснотуранск,2000.0,300,бензин,1,0,1,0,1,0,0,0,0,0,0,0,0,0,0,0,0,0,0,0,0,0,1
180000.0,GR GR8 F300A-M Enduro Lite,Красноярск,2000.0,300,бензин,2,0,1,0,0,0,0,0,1,0,0,0,0,0,0,0,0,0,0,0,0,0,1
180000.0,Sharmax Power Max 250,Смоленщина,2000.0,250,бензин,1,0,1,0,1,0,0,0,0,0,0,0,0,0,0,0,0,0,0,0,0,0,1
180000.0,Sharmax Sport 250,Санкт-Петербург,2500.0,250,бензин,1,0,1,0,0,0,0,0,0,1,0,0,0,0,0,0,0,0,0,0,0,0,1
180000.0,GR GR8 F300A-M Enduro Lite,Дзержинск,118.0,300,бензин,2,0,1,0,1,0,0,0,0,0,0,0,0,0,0,0,0,0,0,0,0,0,1
180000.0,Regulmoto Athlete Pro,Артём,3700.0,300,бензин,1,0,1,0,1,0,0,0,0,0,0,0,0,0,0,0,0,0,0,0,0,0,1
180000.0,Yamaha YBR 125,Ишим,36000.0,125,бензин,12,0,1,0,1,0,0,0,0,0,0,0,0,0,0,0,0,0,0,0,0,1,0
180000.0,Shineray Fireguard 250 Trail,Шиханы,1000.0,250,бензин,2,0,1,0,1,0,0,0,0,0,0,0,0,0,0,0,0,0,0,0,0,0,1
180000.0,Yamaha XJ 400 Diversion,Лабинск,40000.0,400,бензин,34,0,1,0,1,0,0,0,0,0,0,0,0,0,0,0,0,0,0,0,0,1,0
180000.0,Regulmoto Sport-003 PR,Прогресс,2000.0,250,бензин,2,0,1,0,1,0,0,0,0,0,0,0,0,0,0,0,0,0,0,0,0,0,1
180000.0,Regulmoto TE,Иланский,5340.0,300,бензин,1,0,1,0,1,0,0,0,0,0,0,0,0,0,0,0,0,0,0,0,0,0,1
180000.0,Motoland CRF 250,Ачинск,500.0,249,бензин,2,0,1,0,1,0,0,0,0,0,0,0,0,0,0,0,0,0,0,0,0,0,1
180000.0,Rockot Motors Tekken-Hound,Абакан,4200.0,250,бензин,3,0,0,0,1,0,0,0,0,0,0,0,0,0,0,0,0,0,0,0,0,0,1
180000.0,Yamaha YBR 125,Шарыпово,12000.0,125,бензин,12,0,1,0,1,0,0,0,0,0,0,0,0,0,0,0,0,0,0,0,0,1,0
180000.0,BSE Z5,Сухой Лог,1000.0,250,бензин,2,0,1,0,1,0,0,0,0,0,0,0,0,0,0,0,0,0,0,0,0,0,1
180000.0,Regulmoto ZR 250,Большой Камень,1900.0,250,бензин,5,0,1,0,1,0,0,0,0,0,0,0,0,0,0,0,0,0,0,0,0,0,1
180000.0,Regulmoto Sport-003 PR Pro,Карасук,911.0,300,бензин,2,0,1,0,1,0,0,0,0,0,0,0,0,0,0,0,0,0,0,0,0,0,1
180000.0,Regulmoto Sport-003 PR,Теплое,2700.0,271,бензин,1,0,1,0,1,0,0,0,0,0,0,0,0,0,0,0,0,0,0,0,0,0,1
180405.0,Kayo T2 250 MX,Волгоград,200.0,250,бензин,1,0,1,0,0,0,0,0,1,0,0,0,0,0,0,0,0,0,0,0,0,0,1
181111.0,Motoland Enduro 250 LT,Миньяр,178.0,250,бензин,1,0,1,0,1,0,0,0,0,0,0,0,0,0,0,0,0,0,0,0,0,0,1
182000.0,JHL Z3,Москва,560.0,250,бензин,2,0,1,0,0,0,1,0,0,0,0,0,0,0,0,0,0,0,0,0,0,0,1
185000.0,Bajaj Pulsar NS 125,Умет,4998.0,125,бензин,3,0,1,0,1,0,0,0,0,0,0,0,0,0,0,0,0,0,0,0,0,0,1
185000.0,Honda XLR 250 Baja,Барабаш,48000.0,250,бензин,29,0,1,0,1,0,0,0,0,0,0,0,0,0,1,0,0,0,0,0,0,0,0
185000.0,Avantis FX 250 Lux,Новосибирск,1200.0,250,бензин,6,0,1,0,0,0,0,0,1,0,0,0,0,0,0,0,0,0,0,0,0,0,1
185000.0,Regulmoto CR-Z 300,Новосибирск,2520.0,300,бензин,2,0,1,0,0,0,0,0,1,0,0,0,0,0,0,0,0,0,0,0,0,0,1
185000.0,Racer SR-X2 Cross X2,Заозёрный,3000.0,300,бензин,3,0,1,0,1,0,0,0,0,0,0,0,0,0,0,0,0,0,0,0,0,0,1
185000.0,Racer SR-X2 Cross X2,Иркутск,2000.0,279,бензин,3,0,1,0,1,0,0,0,0,0,0,0,0,0,0,0,0,0,0,0,0,0,1
185000.0,Regulmoto Sport-003 PR,Иркутск,1200.0,300,бензин,1,0,1,0,1,0,0,0,0,0,0,0,0,0,0,0,0,0,0,0,0,0,1
185000.0,Avantis A5 Lux,Красноярск,700.0,250,бензин,3,0,1,0,0,0,0,0,1,0,0,0,0,0,0,0,0,0,0,0,0,0,1
185000.0,Fuego Scrambler 250,Барнаул,725.0,250,бензин,3,0,1,0,1,0,0,0,0,0,0,0,0,0,0,0,0,0,0,0,0,0,1
185000.0,Yamaha XT 600,Сочи,34000.0,600,бензин,39,0,1,0,1,0,0,0,0,0,0,0,0,0,0,0,0,0,0,0,0,1,0
185000.0,Regulmoto TE,Чита,4000.0,300,бензин,2,0,1,0,1,0,0,0,0,0,0,0,0,0,0,0,0,0,0,0,0,0,1
185000.0,Suzuki GSF 400 Bandit,Лазо,24000.0,400,бензин,28,0,1,0,1,0,0,0,0,0,0,0,0,0,0,0,0,0,0,1,0,0,0
185000.0,Progasi Super Max 300,Белогорск,75.0,300,бензин,2,0,1,0,1,0,0,0,0,0,0,0,0,0,0,0,0,0,0,0,0,0,1
185000.0,Progasi Super Max 250,Новосибирск,1000.0,250,бензин,1,0,1,0,0,0,0,0,1,0,0,0,0,0,0,0,0,0,0,0,0,0,1
185000.0,Avantis A7,Ачинск,350.0,250,бензин,3,0,1,0,1,0,0,0,0,0,0,0,0,0,0,0,0,0,0,0,0,0,1
185000.0,Motoland XT300 HS,Горячий Ключ,120.0,300,бензин,1,0,1,0,1,0,0,0,0,0,0,0,0,0,0,0,0,0,0,0,0,0,1
185000.0,Kawasaki KLE 250,Хабаровск,32154.0,250,бензин,32,0,1,0,1,0,0,0,0,0,0,0,0,0,0,0,1,0,0,0,0,0,0
185000.0,Suzuki GSF 250 Bandit,Новосибирск,20000.0,250,бензин,29,0,1,0,0,0,0,0,1,0,0,0,0,0,0,0,0,0,0,1,0,0,0
185000.0,Avantis A3 Lux,Черногорск,2269.0,250,бензин,3,0,1,0,1,0,0,0,0,0,0,0,0,0,0,0,0,0,0,0,0,0,1
185000.0,Yamaha YZ 85,Магадан,100.0,85,бензин,10,0,0,0,1,0,0,0,0,0,0,0,0,0,0,0,0,0,0,0,0,1,0
185000.0,Sharmax Sport 300 Air,Новосибирск,400.0,300,бензин,1,0,1,0,0,0,0,0,1,0,0,0,0,0,0,0,0,0,0,0,0,0,1
185000.0,Kews K16 CB250-F,Бирск,100.0,250,бензин,1,0,1,0,1,0,0,0,0,0,0,0,0,0,0,0,0,0,0,0,0,0,1
185000.0,Regulmoto Sport-003 PR Pro,Саянск,1000.0,300,бензин,2,0,1,0,1,0,0,0,0,0,0,0,0,0,0,0,0,0,0,0,0,0,1
185000.0,Suzuki GSX 750F Katana,Чита,85000.0,750,бензин,24,0,1,0,1,0,0,0,0,0,0,0,0,0,0,0,0,0,0,1,0,0,0
185000.0,Vento Enduro,Упорово,841.0,300,бензин,2,0,1,0,1,0,0,0,0,0,0,0,0,0,0,0,0,0,0,0,0,0,1
185000.0,Racer Ranger RC250-GY8A,Иркутск,5113.0,300,бензин,4,0,1,0,1,0,0,0,0,0,0,0,0,0,0,0,0,0,0,0,0,0,1
185000.0,Regulmoto Athlete Pro,Новосибирск,500.0,300,бензин,2,0,1,0,0,0,0,0,1,0,0,0,0,0,0,0,0,0,0,0,0,0,1
185000.0,Motoland XT250 HS,Новосибирск,20.0,250,бензин,4,0,1,0,0,0,0,0,1,0,0,0,0,0,0,0,0,0,0,0,0,0,1
185000.0,Днепр 11,Топки,210.0,650,бензин,32,0,1,0,1,0,0,0,0,0,0,0,0,0,0,0,0,0,0,0,0,0,1
185000.0,BRZ X6 PR300,Камень-на-Оби,40.0,300,бензин,1,0,1,0,1,0,0,0,0,0,0,0,0,0,0,0,0,0,0,0,0,0,1
185000.0,Regulmoto Sport-003 PR Pro,Петропавловск-Камчатский,790.0,300,бензин,2,0,1,0,1,0,0,0,0,0,0,0,0,0,0,0,0,0,0,0,0,0,1
185000.0,Roliz Sport-008,Омск,1000.0,250,бензин,4,0,1,0,0,0,0,0,1,0,0,0,0,0,0,0,0,0,0,0,0,0,1
185000.0,GR GR8 F250A Enduro Optimum,Краснотуранск,256.0,250,бензин,4,0,1,0,1,0,0,0,0,0,0,0,0,0,0,0,0,0,0,0,0,0,1
185000.0,Racer Enduro 300 RC300-GY8A,Дятьково,1000.0,300,бензин,2,0,1,0,1,0,0,0,0,0,0,0,0,0,0,0,0,0,0,0,0,0,1
185000.0,Racer Skyway RC300-CS,Мариинск,4000.0,270,бензин,5,0,1,0,1,0,0,0,0,0,0,0,0,0,0,0,0,0,0,0,0,0,1
185000.0,KTM 1090 Adventure,Заозёрный,4000.0,300,бензин,3,0,1,0,1,0,0,0,0,0,0,0,0,0,0,0,0,0,0,0,0,0,1
185000.0,Kayo T2 250 Enduro PR,Болотное,2508.0,250,бензин,3,0,1,0,1,0,0,0,0,0,0,0,0,0,0,0,0,0,0,0,0,0,1
185000.0,Минск SCR 250,Оёк,600.0,223,бензин,5,0,1,0,1,0,0,0,0,0,0,0,0,0,0,0,0,0,0,0,0,0,1
185000.0,Avantis Enduro 250,Ленинск-Кузнецкий,3400.0,250,бензин,2,0,1,0,1,0,0,0,0,0,0,0,0,0,0,0,0,0,0,0,0,0,1
186000.0,Regulmoto Sport-003 PR Pro,Гурьевск,1520.0,300,бензин,1,0,1,0,1,0,0,0,0,0,0,0,0,0,0,0,0,0,0,0,0,0,1
186000.0,Progasi Super Max 300,Константиновск,600.0,300,бензин,1,0,1,0,1,0,0,0,0,0,0,0,0,0,0,0,0,0,0,0,0,0,1
186700.0,BSE Z11,Октябрьский,190.0,298,бензин,4,0,1,0,0,0,0,1,0,0,0,0,0,0,0,0,0,0,0,0,0,0,1
187000.0,Progasi Super Max 300,Красноярск,200.0,300,бензин,1,0,1,0,0,0,0,0,1,0,0,0,0,0,0,0,0,0,0,0,0,0,1
187000.0,Kayo T4 300 Enduro PR,Южно-Сахалинск,200.0,271,бензин,2,0,1,0,1,0,0,0,0,0,0,0,0,0,0,0,0,0,0,0,0,0,1
189000.0,Avantis LX 300,Рязань,2805.0,300,бензин,3,0,1,0,1,0,0,0,0,0,0,0,0,0,0,0,0,0,0,0,0,0,1
189000.0,Yamaha YBR 125,Владивосток,8226.0,125,бензин,12,0,1,1,1,0,0,0,0,0,0,0,0,0,0,0,0,0,0,0,0,1,0
189000.0,Avantis A7 New Lite,Тюмень,1530.0,250,бензин,3,0,1,0,1,0,0,0,0,0,0,0,0,0,0,0,0,0,0,0,0,0,1
189000.0,Regulmoto Sport-003 PR Pro,Новокузнецк,750.0,300,бензин,1,0,1,0,1,0,0,0,0,0,0,0,0,0,0,0,0,0,0,0,0,0,1
190000.0,Regulmoto Sport-003 PR Pro,Смоляниново,1800.0,300,бензин,1,0,1,0,1,0,0,0,0,0,0,0,0,0,0,0,0,0,0,0,0,0,1
190000.0,Racer SR-X2 Cross X2,Змеиногорск,300.0,300,бензин,2,0,1,0,1,0,0,0,0,0,0,0,0,0,0,0,0,0,0,0,0,0,1
190000.0,X-Motos Racer Pro,Новосибирск,250.0,250,бензин,5,0,1,0,0,0,0,0,1,0,0,0,0,0,0,0,0,0,0,0,0,0,1
190000.0,Racer Storm,Новосибирск,6000.0,250,бензин,5,0,1,0,0,0,0,0,1,0,0,0,0,0,0,0,0,0,0,0,0,0,1
190000.0,Bajaj Pulsar NS 125,Челябинск,1200.0,125,бензин,2,0,1,0,0,0,0,0,1,0,0,0,0,0,0,0,0,0,0,0,0,0,1
190000.0,Yamaha YBR 125,Владивосток,11800.0,125,бензин,8,0,1,0,1,0,0,0,0,0,0,0,0,0,0,0,0,0,0,0,0,1,0
190000.0,Yamaha PW50,Красноярск,10.0,50,бензин,27,0,1,0,0,0,0,0,1,0,0,0,0,0,0,0,0,0,0,0,0,1,0
190000.0,Honda Transalp 400,Чита,60000.0,400,бензин,26,0,1,0,1,0,0,0,0,0,0,0,0,0,1,0,0,0,0,0,0,0,0
190000.0,Avantis A7 Lux,Смоляниново,1900.0,300,бензин,4,0,1,0,1,0,0,0,0,0,0,0,0,0,0,0,0,0,0,0,0,0,1
190000.0,Kayo T2 250 Enduro PR,Упорово,4000.0,250,бензин,2,0,1,0,1,0,0,0,0,0,0,0,0,0,0,0,0,0,0,0,0,0,1
190000.0,BRZ X6,Новопавловск,125.0,300,бензин,4,0,1,0,1,0,0,0,0,0,0,0,0,0,0,0,0,0,0,0,0,0,1
190000.0,Yamaha XJR 400,Уват,50307.0,400,бензин,29,0,1,0,1,0,0,0,0,0,0,0,0,0,0,0,0,0,0,0,0,1,0
190000.0,Regulmoto Raptor 250,Братск,3000.0,223,бензин,1,0,1,0,1,0,0,0,0,0,0,0,0,0,0,0,0,0,0,0,0,0,1
190000.0,Kayo K4 300 MX,Нефтеюганск,10.0,273,бензин,5,0,1,0,1,0,0,0,0,0,0,0,0,0,0,0,0,0,0,0,0,0,1
190000.0,Progasi Super Max 300 Pro,Казань,1900.0,300,бензин,1,0,1,0,0,0,0,0,1,0,0,0,0,0,0,0,0,0,0,0,0,0,1
190000.0,Racer Ranger RC250-GY8A,Новосибирск,15700.0,250,бензин,2,0,1,0,0,0,0,0,1,0,0,0,0,0,0,0,0,0,0,0,0,0,1
190000.0,Racer Storm,Чита,2100.0,300,бензин,5,0,1,0,1,0,0,0,0,0,0,0,0,0,0,0,0,0,0,0,0,0,1
190000.0,Regulmoto ZR 250,Свободный,6000.0,250,бензин,3,0,1,0,1,0,0,0,0,0,0,0,0,0,0,0,0,0,0,0,0,0,1
190000.0,Motoland Apollo RX 250,Ленинск-Кузнецкий,600.0,300,бензин,1,0,1,1,1,0,0,0,0,0,0,0,0,0,0,0,0,0,0,0,0,0,1
190000.0,JHL Z2,Казань,2000.0,300,бензин,1,0,1,0,0,0,0,0,1,0,0,0,0,0,0,0,0,0,0,0,0,0,1
190000.0,Regulmoto Athlete Pro,Саянск,4000.0,300,бензин,1,0,1,0,1,0,0,0,0,0,0,0,0,0,0,0,0,0,0,0,0,0,1
195000.0,Honda CB 400SF,Хабаровск,35000.0,400,бензин,30,0,1,0,1,0,0,0,0,0,0,0,0,0,1,0,0,0,0,0,0,0,0
190000.0,Kayo T2 250 Enduro,Успенское,740.0,250,бензин,2,0,1,0,1,0,0,0,0,0,0,0,0,0,0,0,0,0,0,0,0,0,1
190000.0,Kawasaki KLX 250,Томск,30000.0,300,бензин,28,0,1,0,1,0,0,0,0,0,0,0,0,0,0,0,1,0,0,0,0,0,0
190000.0,Kawasaki ZZR,Владивосток,12000.0,400,бензин,31,0,1,0,1,0,0,0,0,0,0,0,0,0,0,0,1,0,0,0,0,0,0
190000.0,BRZ X6 PR300,Оренбург,5100.0,300,бензин,1,0,1,0,1,0,0,0,0,0,0,0,0,0,0,0,0,0,0,0,0,0,1
190000.0,Regulmoto Sport-003 PR Pro,Челябинск,1800.0,300,бензин,2,0,1,0,0,0,0,0,1,0,0,0,0,0,0,0,0,0,0,0,0,0,1
190000.0,Regulmoto ZR 250,Славгород,5650.0,300,бензин,3,0,1,0,1,0,0,0,0,0,0,0,0,0,0,0,0,0,0,0,0,0,1
190000.0,Roliz Sport-008,Хабаровск,650.0,250,бензин,4,0,1,0,1,0,0,0,0,0,0,0,0,0,0,0,0,0,0,0,0,0,1
190000.0,JHL MX300,Нижневартовск,97.0,300,бензин,1,0,1,0,1,0,0,0,0,0,0,0,0,0,0,0,0,0,0,0,0,0,1
190000.0,Regulmoto ZR PR 4 valves,Новосибирск,2000.0,300,бензин,1,0,1,0,0,0,0,0,1,0,0,0,0,0,0,0,0,0,0,0,0,0,1
190000.0,Kayo K4 250 MX,Дальнегорск,100.0,250,бензин,4,0,1,0,1,0,0,0,0,0,0,0,0,0,0,0,0,0,0,0,0,0,1
190000.0,Shineray Mirage QY-250,Томск,150.0,250,бензин,1,0,1,0,1,0,0,0,0,0,0,0,0,0,0,0,0,0,0,0,0,0,1
190000.0,BSE Z10,Санкт-Петербург,4320.0,250,бензин,2,0,1,0,0,0,0,0,0,1,0,0,0,0,0,0,0,0,0,0,0,0,1
190000.0,Yamaha TT-R 250 Raid,Благовещенск,6000.0,250,бензин,28,0,1,0,1,0,0,0,0,0,0,0,0,0,0,0,0,0,0,0,0,1,0
190000.0,Минск SCR 250,Улан-Удэ,601.0,223,бензин,3,0,1,0,1,0,0,0,0,0,0,0,0,0,0,0,0,0,0,0,0,0,1
190000.0,Avantis LX 300,Миасс,4500.0,300,бензин,2,0,1,0,1,0,0,0,0,0,0,0,0,0,0,0,0,0,0,0,0,0,1
190000.0,Regulmoto Sport-003 PR Pro,Кемерово,1317.0,300,бензин,3,0,1,0,1,0,0,0,0,0,0,0,0,0,0,0,0,0,0,0,0,0,1
190000.0,Motoland TT300,Прокопьевск,1000.0,300,бензин,1,0,1,0,1,0,0,0,0,0,0,0,0,0,0,0,0,0,0,0,0,0,1
192000.0,Avantis A7 Lux,Омск,9000.0,280,бензин,3,0,1,0,0,0,0,0,1,0,0,0,0,0,0,0,0,0,0,0,0,0,1
193000.0,Motoland Wolf 250,Ленинск-Кузнецкий,4300.0,250,бензин,6,0,1,0,1,0,0,0,0,0,0,0,0,0,0,0,0,0,0,0,0,0,1
195000.0,Rockot Motors Tekken-Hound,Москва,215.0,250,бензин,2,0,1,0,0,0,1,0,0,0,0,0,0,0,0,0,0,0,0,0,0,0,1
195000.0,Yamaha TZR 50,Пермь,9777.0,125,бензин,18,0,0,0,0,0,0,0,1,0,0,0,0,0,0,0,0,0,0,0,0,1,0
195000.0,Suzuki GrassTracker,Москва,18000.0,2503,бензин,21,0,1,0,0,0,1,0,0,0,0,0,0,0,0,0,0,0,0,1,0,0,0
195000.0,Avantis A5,Иркутск,900.0,250,бензин,3,0,1,0,1,0,0,0,0,0,0,0,0,0,0,0,0,0,0,0,0,0,1
195000.0,Regulmoto Dyna 250,Новосибирск,280.0,250,бензин,4,0,1,0,0,0,0,0,1,0,0,0,0,0,0,0,0,0,0,0,0,0,1
195000.0,FXmoto X7,Кострома,3610.0,300,бензин,2,0,1,0,1,0,0,0,0,0,0,0,0,0,0,0,0,0,0,0,0,0,1
195000.0,Yamaha YBR 125,Краснодар,13000.0,125,бензин,11,0,1,0,0,0,0,0,1,0,0,0,0,0,0,0,0,0,0,0,0,1,0
195000.0,Минск C4 300,Курган,650.0,300,бензин,1,0,1,0,1,0,0,0,0,0,0,0,0,0,0,0,0,0,0,0,0,0,1
195000.0,Rockot Motors GS 7 Tribute,Новосибирск,60.0,250,бензин,1,0,1,0,0,0,0,0,1,0,0,0,0,0,0,0,0,0,0,0,0,0,1
195000.0,Baltmotors ATV,Барнаул,500.0,203,бензин,2,1,1,0,1,0,0,0,0,0,0,0,0,0,0,0,0,0,0,0,0,0,1
195000.0,Kayo T4 250 Enduro,Асбест,500.0,250,бензин,3,0,1,0,1,0,0,0,0,0,0,0,0,0,0,0,0,0,0,0,0,0,1
195000.0,BSE Z10,Верхнее Дуброво,999.0,250,бензин,3,0,1,0,1,0,0,0,0,0,0,0,0,0,0,0,0,0,0,0,0,0,1
195000.0,BSE Z10,Пласт,65.0,250,бензин,2,0,1,0,1,0,0,0,0,0,0,0,0,0,0,0,0,0,0,0,0,0,1
195000.0,Suzuki TS 200R,Минусинск,1000.0,200,бензин,33,0,0,0,1,0,0,0,0,0,0,0,0,0,0,0,0,0,0,1,0,0,0
195000.0,Yamaha TDR 250 Ultimate Dual,Новосибирск,50000.0,250,бензин,34,0,0,0,0,0,0,0,1,0,0,0,0,0,0,0,0,0,0,0,0,1,0
195000.0,BRZ H5 PR300,Йошкар-Ола,2900.0,300,бензин,1,0,1,0,1,0,0,0,0,0,0,0,0,0,0,0,0,0,0,0,0,0,1
195000.0,Regulmoto Sport-003 PR Pro,Благовещенск,550.0,300,бензин,1,0,1,0,1,0,0,0,0,0,0,0,0,0,0,0,0,0,0,0,0,0,1
195000.0,GR GR7 F300L-M Enduro Lite,Майкоп,777.0,300,бензин,2,0,1,0,1,0,0,0,0,0,0,0,0,0,0,0,0,0,0,0,0,0,1
195000.0,Kayo T2 250 MX,Катав-Ивановск,650.0,300,бензин,2,0,1,0,1,0,0,0,0,0,0,0,0,0,0,0,0,0,0,0,0,0,1
195000.0,Kayo T2 250 Enduro PR,Благовещенск,1200.0,250,бензин,3,0,1,0,1,0,0,0,0,0,0,0,0,0,0,0,0,0,0,0,0,0,1
195900.0,BSE Z5,Калининград,115.0,250,бензин,1,0,1,0,1,0,0,0,0,0,0,0,0,0,0,0,0,0,0,0,0,0,1
198000.0,Racer Triumph RC300-GY8H,Новосибирск,1.0,300,бензин,0,0,1,0,0,0,0,0,1,0,0,0,0,0,0,0,0,0,0,0,0,0,1
199000.0,Fuego Tekken 250,Тулун,1200.0,200,бензин,3,0,1,0,1,0,0,0,0,0,0,0,0,0,0,0,0,0,0,0,0,0,1
199990.0,Suzuki SV 650S,Асбест,54000.0,649,бензин,26,0,1,0,1,0,0,0,0,0,0,0,0,0,0,0,0,0,0,1,0,0,0
199990.0,SPR-Motors Hard 250,Новосибирск,1.0,250,бензин,0,0,1,0,0,0,0,0,1,0,0,0,0,0,0,0,0,0,0,0,0,0,1
199999.0,Roliz Sport-003,Белгород,1555.0,250,бензин,2,0,1,0,1,0,0,0,0,0,0,0,0,0,0,0,0,0,0,0,0,0,1
199999.0,Минск SCR 250,Краснодар,800.0,250,бензин,2,0,1,0,0,0,0,0,1,0,0,0,0,0,0,0,0,0,0,0,0,0,1
199999.0,Yamaha Serow,Емельяново,30000.0,225,бензин,29,0,1,0,1,0,0,0,0,0,0,0,0,0,0,0,0,0,0,0,0,1,0
199999.0,JHL LX3,Саяногорск,16.0,300,бензин,1,0,1,0,1,0,0,0,0,0,0,0,0,0,0,0,0,0,0,0,0,0,1
199999.0,Racer Ranger RC300-GY8,Новочеркасск,1000.0,300,бензин,1,0,1,0,1,0,0,0,0,0,0,0,0,0,0,0,0,0,0,0,0,0,1
200000.0,Fuego Tekken 250,Иркутск,1420.0,250,бензин,2,0,1,0,1,0,0,0,0,0,0,0,0,0,0,0,0,0,0,0,0,0,1
200000.0,Falcon Speedfire 250,Сердобск,250.0,250,бензин,2,0,1,0,1,0,0,0,0,0,0,0,0,0,0,0,0,0,0,0,0,0,1
200000.0,Yamaha FZ 400,Пушкино,50000.0,400,бензин,28,0,1,0,0,0,0,1,0,0,0,0,0,0,0,0,0,0,0,0,0,1,0
200000.0,Урал ИМЗ 8.103-10,Красноярск,3000.0,600,бензин,30,0,1,0,0,0,0,0,1,0,0,0,0,0,0,0,0,0,0,0,0,0,1
200000.0,Yamaha YBR 125,Северск,1150.0,125,бензин,19,0,1,0,1,0,0,0,0,0,0,0,0,0,0,0,0,0,0,0,0,1,0
200000.0,Yamaha YBR 125,Красноярск,9250.0,124,бензин,16,0,1,0,0,0,0,0,1,0,0,0,0,0,0,0,0,0,0,0,0,1,0
200000.0,Avantis A6 Lux,Екатеринбург,3600.0,280,бензин,2,0,1,0,0,0,0,0,1,0,0,0,0,0,0,0,0,0,0,0,0,0,1
200000.0,GR GR7 F300A Enduro Optimum,Усть-Донецкий,100.0,300,бензин,2,0,1,0,1,0,0,0,0,0,0,0,0,0,0,0,0,0,0,0,0,0,1
200000.0,Honda CR 125,Вершино-Дарасунский,1000.0,125,бензин,29,0,0,0,1,0,0,0,0,0,0,0,0,0,1,0,0,0,0,0,0,0,0
200000.0,Rockot Motors Dakar,Горно-Алтайск,1850.0,250,бензин,1,0,1,0,1,0,0,0,0,0,0,0,0,0,0,0,0,0,0,0,0,0,1
200000.0,Kawasaki KX 125,Новоалександровск,8.0,125,бензин,24,0,0,0,1,0,0,0,0,0,0,0,0,0,0,0,1,0,0,0,0,0,0
200000.0,Kawasaki ZZR 400,Мариинск,25000.0,400,бензин,30,0,1,0,1,0,0,0,0,0,0,0,0,0,0,0,1,0,0,0,0,0,0
200000.0,Regulmoto Sport-003 PR Pro,Добрянка,300.0,300,бензин,1,0,1,0,1,0,0,0,0,0,0,0,0,0,0,0,0,0,0,0,0,0,1
200000.0,Roliz Sport-007,Хабаровск,1000.0,400,бензин,3,0,1,0,1,0,0,0,0,0,0,0,0,0,0,0,0,0,0,0,0,0,1
200000.0,Yamaha Serow,Арсеньев,10000.0,225,бензин,27,0,1,0,1,0,0,0,0,0,0,0,0,0,0,0,0,0,0,0,0,1,0
200000.0,KTM 125 Duke,Омск,8000.0,125,бензин,11,0,1,1,0,0,0,0,1,0,0,0,0,0,0,0,0,0,0,0,0,0,1
200000.0,Racer RC300-GY8V XSR,Каменск,3.0,300,бензин,1,0,1,0,1,0,0,0,0,0,0,0,0,0,0,0,0,0,0,0,0,0,1
200000.0,Kawasaki ZZR 250,Иркутск,20000.0,248,бензин,33,0,1,0,1,0,0,0,0,0,0,0,0,0,0,0,1,0,0,0,0,0,0
200000.0,Yamaha TZR 250,Хабаровск,25000.0,250,бензин,39,0,0,0,1,0,0,0,0,0,0,0,0,0,0,0,0,0,0,0,0,1,0
200000.0,Regulmoto CR-Z 300,Шуя,200.0,300,бензин,2,0,1,0,1,0,0,0,0,0,0,0,0,0,0,0,0,0,0,0,0,0,1
200000.0,Regulmoto ZR PR 4 valves,Чехов,200.0,300,бензин,1,0,1,0,0,0,0,1,0,0,0,0,0,0,0,0,0,0,0,0,0,0,1
200000.0,Yamaha YBR 125,Благовещенск,3500.0,125,бензин,12,0,1,0,1,0,0,0,0,0,0,0,0,0,0,0,0,0,0,0,0,1,0
200000.0,Yamaha FZ 400,Хабаровск,32000.0,400,бензин,28,0,1,0,1,0,0,0,0,0,0,0,0,0,0,0,0,0,0,0,0,1,0
200000.0,Regulmoto Sport-003 PR Pro,Кавалерово,950.0,300,бензин,2,0,1,0,1,0,0,0,0,0,0,0,0,0,0,0,0,0,0,0,0,0,1
200000.0,Regulmoto T-Leopard 300,Чита,3050.0,295,бензин,5,0,1,1,1,0,0,0,0,0,0,0,0,0,0,0,0,0,0,0,0,0,1
200000.0,Regulmoto CR-Z 300,Красные Баки,3500.0,292,бензин,2,0,1,0,1,0,0,0,0,0,0,0,0,0,0,0,0,0,0,0,0,0,1
200000.0,Honda XL 250S,Краснообск,999.0,250,бензин,33,0,1,0,1,0,0,0,0,0,0,0,0,0,1,0,0,0,0,0,0,0,0
200000.0,Bajaj Pulsar 180,Барнаул,1000.0,180,бензин,4,0,1,0,1,0,0,0,0,0,0,0,0,0,0,0,0,0,0,0,0,0,1
200000.0,Roliz Sport-002,Гусиноозёрск,969.0,300,бензин,1,0,1,0,1,0,0,0,0,0,0,0,0,0,0,0,0,0,0,0,0,0,1
200000.0,Rockot Motors Tekken-Hound,Сочи,500.0,223,бензин,2,0,1,0,1,0,0,0,0,0,0,0,0,0,0,0,0,0,0,0,0,0,1
200000.0,Avantis FX 250 Lux,Горно-Алтайск,1.0,250,бензин,3,0,1,0,1,0,0,0,0,0,0,0,0,0,0,0,0,0,0,0,0,0,1
200000.0,Racer Muravei RC200ZH,Целинное,400.0,196,бензин,10,0,1,1,1,0,0,0,0,0,0,0,0,0,0,0,0,0,0,0,0,0,1
200000.0,Regulmoto ZR PR 4 valves,Покровка,800.0,300,бензин,1,0,1,0,1,0,0,0,0,0,0,0,0,0,0,0,0,0,0,0,0,0,1
200000.0,Bajaj Pulsar 180,Владивосток,300.0,180,бензин,3,0,1,0,1,0,0,0,0,0,0,0,0,0,0,0,0,0,0,0,0,0,1
200000.0,Kawasaki KDX 125SR,Бийск,50000.0,125,бензин,33,0,0,0,1,0,0,0,0,0,0,0,0,0,0,0,1,0,0,0,0,0,0
200000.0,Yamaha TW 225,Владивосток,35560.0,223,бензин,22,0,1,0,1,0,0,0,0,0,0,0,0,0,0,0,0,0,0,0,0,1,0
200000.0,Racer Enduro 300 RC300-GY8A,Борзя,1400.0,300,бензин,1,0,1,0,1,0,0,0,0,0,0,0,0,0,0,0,0,0,0,0,0,0,1
200000.0,Honda CRF 250X,Владивосток,1000.0,250,бензин,13,0,1,0,1,0,0,0,0,0,0,0,0,0,1,0,0,0,0,0,0,0,0
200000.0,Avantis A7 Lux,Шалинское,7900.0,300,бензин,4,0,1,0,1,0,0,0,0,0,0,0,0,0,0,0,0,0,0,0,0,0,1
200000.0,Suzuki VL250 Intruder,Улан-Удэ,58000.0,250,бензин,20,0,1,0,1,0,0,0,0,0,0,0,0,0,0,0,0,0,0,1,0,0,0
200000.0,Rockot Motors Tekken-Hound,Новосибирск,97.0,223,бензин,3,0,1,0,0,0,0,0,1,0,0,0,0,0,0,0,0,0,0,0,0,0,1
200000.0,Suzuki DR 250S,Артём,10000.0,249,бензин,30,0,1,0,1,0,0,0,0,0,0,0,0,0,0,0,0,0,0,1,0,0,0
200000.0,Suzuki Skywave 400,Журавки,44000.0,400,бензин,24,1,1,0,1,0,0,0,0,0,0,0,0,0,0,0,0,0,0,1,0,0,0
200000.0,Sharmax Sport 250,Турки,2500.0,250,бензин,2,0,1,0,1,0,0,0,0,0,0,0,0,0,0,0,0,0,0,0,0,0,1
200000.0,Kawasaki ZZR 400 2,Томмот,28740.0,400,бензин,31,0,1,0,1,0,0,0,0,0,0,0,0,0,0,0,1,0,0,0,0,0,0
200000.0,Kawasaki 250TR,Няндома,1124.0,250,бензин,9,0,1,1,1,0,0,0,0,0,0,0,0,0,0,0,1,0,0,0,0,0,0
200000.0,Honda CMX 250 Rebel,Ангарск,14499.0,250,бензин,35,0,1,0,1,0,0,0,0,0,0,0,0,0,1,0,0,0,0,0,0,0,0
200000.0,Yamaha TW 200,Архара,10000.0,200,бензин,22,0,1,0,1,0,0,0,0,0,0,0,0,0,0,0,0,0,0,0,0,1,0
200000.0,Honda Grom / MSX,Находка,28000.0,125,бензин,11,0,1,1,1,0,0,0,0,0,0,0,0,0,1,0,0,0,0,0,0,0,0
200000.0,Suzuki DF 200E,Чита,27400.0,200,бензин,26,0,1,0,1,0,0,0,0,0,0,0,0,0,0,0,0,0,0,1,0,0,0
200000.0,Suzuki Djebel 200,Благовещенск,29720.0,200,бензин,25,0,1,0,1,0,0,0,0,0,0,0,0,0,0,0,0,0,0,1,0,0,0
200000.0,Suzuki GSF 250 Bandit,Щучье,17500.0,248,бензин,35,0,1,0,1,0,0,0,0,0,0,0,0,0,0,0,0,0,0,1,0,0,0
200000.0,GR GR7 F250A Enduro Optimum,Красноярск,200.0,250,бензин,3,0,1,0,0,0,0,0,1,0,0,0,0,0,0,0,0,0,0,0,0,0,1
200000.0,STELS 400 Enduro,Иркутск,3580.0,386,бензин,14,0,1,0,1,0,0,0,0,0,0,0,0,0,0,0,0,0,0,0,0,0,1
200000.0,BRZ H6 PR250,Ува,120.0,250,бензин,1,0,1,0,1,0,0,0,0,0,0,0,0,0,0,0,0,0,0,0,0,0,1
200000.0,Motoland TT300,Мостовской,1000.0,298,бензин,2,0,1,0,1,0,0,0,0,0,0,0,0,0,0,0,0,0,0,0,0,0,1
200000.0,Regulmoto ZR PR 4 valves,Сергеевка,4000.0,300,бензин,1,0,1,0,1,0,0,0,0,0,0,0,0,0,0,0,0,0,0,0,0,0,1
200000.0,Kawasaki ZZR 400 2,Смоленск,50000.0,399,бензин,30,0,1,0,1,0,0,0,0,0,0,0,0,0,0,0,1,0,0,0,0,0,0
200000.0,Suzuki GSF 250 Bandit,Владивосток,107000.0,250,бензин,32,0,1,0,1,0,0,0,0,0,0,0,0,0,0,0,0,0,0,1,0,0,0
200000.0,Regulmoto CR-Z 300,Абакан,5000.0,300,бензин,3,0,1,0,1,0,0,0,0,0,0,0,0,0,0,0,0,0,0,0,0,0,1
200000.0,Regulmoto T-Leopard 300,Владивосток,334.0,300,бензин,3,0,1,0,1,0,0,0,0,0,0,0,0,0,0,0,0,0,0,0,0,0,1
200000.0,Honda CB 400SF,Новосибирск,80000.0,400,бензин,28,0,1,0,0,0,0,0,1,0,0,0,0,0,1,0,0,0,0,0,0,0,0
200000.0,BSE Z3 Y,Севастополь,90.0,250,бензин,4,0,1,0,1,0,0,0,0,0,0,0,0,0,0,0,0,0,0,0,0,0,1
200000.0,Suzuki GSF 250 Bandit,Улаган,20000.0,250,бензин,30,0,1,0,1,0,0,0,0,0,0,0,0,0,0,0,0,0,0,1,0,0,0
200000.0,Racer RC250XZR-A,Барнаул,2300.0,250,бензин,5,0,1,0,1,0,0,0,0,0,0,0,0,0,0,0,0,0,0,0,0,0,1
200000.0,Suzuki DF 200,Тырма,17300.0,199,бензин,28,0,1,0,1,0,0,0,0,0,0,0,0,0,0,0,0,0,0,1,0,0,0
200000.0,Racer Ranger RC250-GY8A,Залари,1000.0,250,бензин,2,0,1,0,1,0,0,0,0,0,0,0,0,0,0,0,0,0,0,0,0,0,1
200000.0,Lifan LF250,Черемхово,1017.0,250,бензин,3,0,1,0,1,0,0,0,0,0,0,0,0,0,0,0,0,0,0,0,0,0,1
200000.0,Motoland XT250 HS,Энгельс,79.0,250,бензин,2,0,1,0,1,0,0,0,0,0,0,0,0,0,0,0,0,0,0,0,0,0,1
200000.0,Honda XLR 250 Baja,Иркутск,23500.0,250,бензин,31,0,1,0,1,0,0,0,0,0,0,0,0,0,1,0,0,0,0,0,0,0,0
200000.0,Yamaha FZ,Чита,15000.0,400,бензин,26,0,1,0,1,0,0,0,0,0,0,0,0,0,0,0,0,0,0,0,0,1,0
200000.0,Днепр К-750,Ставрополь,4000.0,750,бензин,61,0,1,0,1,0,0,0,0,0,0,0,0,0,0,0,0,0,0,0,0,0,1
200000.0,Regulmoto CR-Z 300,Караваево,1780.0,300,бензин,2,0,1,0,1,0,0,0,0,0,0,0,0,0,0,0,0,0,0,0,0,0,1
200000.0,Suzuki GSX 1100F,Владивосток,23358.0,1127,бензин,29,0,1,0,1,0,0,0,0,0,0,0,0,0,0,0,0,0,0,1,0,0,0
200000.0,BSE M2,Ишимбай,3000.0,300,бензин,5,0,1,0,1,0,0,0,0,0,0,0,0,0,0,0,0,0,0,0,0,0,1
200000.0,Suzuki Bandit,Артём,32450.0,248,бензин,28,0,1,0,1,0,0,0,0,0,0,0,0,0,0,0,0,0,0,1,0,0,0
200000.0,Regulmoto Athlete Pro,Артём,3500.0,300,бензин,1,0,1,0,1,0,0,0,0,0,0,0,0,0,0,0,0,0,0,0,0,0,1
200000.0,Regulmoto ZR PR 4 valves,Иркутск,1000.0,300,бензин,1,0,1,0,1,0,0,0,0,0,0,0,0,0,0,0,0,0,0,0,0,0,1
200000.0,Regulmoto CR-Z 300,Симферополь,144444.0,300,бензин,3,0,1,0,1,0,0,0,0,0,0,0,0,0,0,0,0,0,0,0,0,0,1
200000.0,Regulmoto CR-X 300,Горячий Ключ,149.0,300,бензин,1,0,1,0,1,0,0,0,0,0,0,0,0,0,0,0,0,0,0,0,0,0,1
200000.0,Rockot Motors Toxin,Исянгулово,3300.0,300,бензин,2,0,1,0,1,0,0,0,0,0,0,0,0,0,0,0,0,0,0,0,0,0,1
200000.0,Racer Storm,Кемерово,250.0,270,бензин,5,0,1,0,1,0,0,0,0,0,0,0,0,0,0,0,0,0,0,0,0,0,1
200000.0,Suzuki Bandit,Мценск,28000.0,250,бензин,29,0,1,0,1,0,0,0,0,0,0,0,0,0,0,0,0,0,0,1,0,0,0
200000.0,Yamaha YZF-R15,Спасск-Дальний,13400.0,125,бензин,12,0,1,1,1,0,0,0,0,0,0,0,0,0,0,0,0,0,0,0,0,1,0
200000.0,Yamaha Virago XV 1100,Уссурийск,40000.0,1100,бензин,30,0,1,0,1,0,0,0,0,0,0,0,0,0,0,0,0,0,0,0,0,1,0
200000.0,BSE Z10,Новосибирск,2000.0,280,бензин,1,0,1,0,0,0,0,0,1,0,0,0,0,0,0,0,0,0,0,0,0,0,1
200000.0,GR GR8 F300A Enduro Optimum,Выборг,100.0,300,бензин,2,0,1,0,0,1,0,0,0,0,0,0,0,0,0,0,0,0,0,0,0,0,1
200000.0,Honda XLR 250R,Спасск-Дальний,200.0,250,бензин,36,0,1,0,1,0,0,0,0,0,0,0,0,0,1,0,0,0,0,0,0,0,0
200000.0,Regulmoto Athlete Pro,Комсомольск-на-Амуре,8000.0,300,бензин,1,0,1,0,1,0,0,0,0,0,0,0,0,0,0,0,0,0,0,0,0,0,1
200002.0,Днепр МТ-10-36,Новосибирск,9999.0,650,бензин,37,0,1,0,0,0,0,0,1,0,0,0,0,0,0,0,0,0,0,0,0,0,1
201365.0,BSE Z5,Ростов-на-Дону,200.0,250,бензин,1,0,1,0,0,0,0,0,1,0,0,0,0,0,0,0,0,0,0,0,0,0,1
202222.0,Sharmax Power Max 250,Саратов,780.0,250,бензин,1,0,1,0,1,0,0,0,0,0,0,0,0,0,0,0,0,0,0,0,0,0,1
203000.0,Kews K16 NB300,Арамиль,100.0,300,бензин,1,0,1,0,1,0,0,0,0,0,0,0,0,0,0,0,0,0,0,0,0,0,1
204900.0,Kayo T2 300 Enduro PR,Петропавловск-Камчатский,128.0,300,бензин,2,0,1,0,1,0,0,0,0,0,0,0,0,0,0,0,0,0,0,0,0,0,1
205000.0,Suzuki Djebel 200,Фокино,21262.0,200,бензин,23,0,1,0,1,0,0,0,0,0,0,0,0,0,0,0,0,0,0,1,0,0,0
205000.0,Regulmoto CR-X 300,Иркутск,180.0,300,бензин,1,0,1,0,1,0,0,0,0,0,0,0,0,0,0,0,0,0,0,0,0,0,1
205000.0,Regulmoto Sport-003 PR Pro,Новосибирск,300.0,300,бензин,1,0,1,0,0,0,0,0,1,0,0,0,0,0,0,0,0,0,0,0,0,0,1
205000.0,Иж Планета 2,Новосибирск,5000.0,497,бензин,58,0,0,0,0,0,0,0,1,0,0,0,0,0,0,0,0,0,0,0,0,0,1
205000.0,Lifan LF200-16C,Средний,20000.0,197,бензин,9,0,1,0,1,0,0,0,0,0,0,0,0,0,0,0,0,0,0,0,0,0,1
205000.0,Zuum CX300R,Рязань,120.0,300,бензин,4,0,1,0,1,0,0,0,0,0,0,0,0,0,0,0,0,0,0,0,0,0,1
205000.0,Kayo T2 300 Enduro PR,Нижний Тагил,800.0,300,бензин,2,0,1,0,1,0,0,0,0,0,0,0,0,0,0,0,0,0,0,0,0,0,1
205000.0,Progasi Ibiza 300,Улан-Удэ,2300.0,300,бензин,2,0,1,0,1,0,0,0,0,0,0,0,0,0,0,0,0,0,0,0,0,0,1
205000.0,Motoland TT300,Солтон,1500.0,300,бензин,2,0,1,0,1,0,0,0,0,0,0,0,0,0,0,0,0,0,0,0,0,0,1
205000.0,Progasi Ibiza 300,Новосибирск,2040.0,300,бензин,2,0,1,0,0,0,0,0,1,0,0,0,0,0,0,0,0,0,0,0,0,0,1
205000.0,GR GR7 T250L Enduro Pro,Екатеринбург,88.0,250,бензин,3,0,0,0,0,0,0,0,1,0,0,0,0,0,0,0,0,0,0,0,0,0,1
205000.0,Bajaj Pulsar 180,Сысерть,6500.0,180,бензин,4,0,1,0,1,0,0,0,0,0,0,0,0,0,0,0,0,0,0,0,0,0,1
205000.0,Regulmoto Sport-003 PR Pro,Чита,1400.0,300,бензин,1,0,1,0,1,0,0,0,0,0,0,0,0,0,0,0,0,0,0,0,0,0,1
206000.0,Regulmoto Sport-003 PR,Красноярск,780.0,300,бензин,1,0,1,0,0,0,0,0,1,0,0,0,0,0,0,0,0,0,0,0,0,0,1
207000.0,Zuumav FX CR-300P,Киров,1000.0,300,бензин,3,0,1,0,1,0,0,0,0,0,0,0,0,0,0,0,0,0,0,0,0,0,1
208000.0,BSE Z3,Калининград,167.0,250,бензин,1,0,1,0,1,0,0,0,0,0,0,0,0,0,0,0,0,0,0,0,0,0,1
208000.0,BRZ X5M Black Edition,Чемал,2000.0,249,бензин,2,0,1,0,1,0,0,0,0,0,0,0,0,0,0,0,0,0,0,0,0,0,1
209999.0,Yamaha YZF-R125,Владивосток,64000.0,125,бензин,15,0,1,1,1,0,0,0,0,0,0,0,0,0,0,0,0,0,0,0,0,1,0
210000.0,Regulmoto ZR PR 4 valves,Новосибирск,1766.0,300,бензин,1,0,1,0,0,0,0,0,1,0,0,0,0,0,0,0,0,0,0,0,0,0,1
210000.0,Honda XL,Приамурский,20000.0,250,бензин,25,0,1,0,1,0,0,0,0,0,0,0,0,0,1,0,0,0,0,0,0,0,0
210000.0,Regulmoto Sport-003 PR Pro,Шарыпово,345.0,300,бензин,1,0,1,0,1,0,0,0,0,0,0,0,0,0,0,0,0,0,0,0,0,0,1
210000.0,Irbis Garpia,Ангарск,9900.0,250,бензин,11,0,1,0,1,0,0,0,0,0,0,0,0,0,0,0,0,0,0,0,0,0,1
210000.0,Regulmoto Sport-003 PR Pro,Пластун,1000.0,300,бензин,1,0,1,0,1,0,0,0,0,0,0,0,0,0,0,0,0,0,0,0,0,0,1
210000.0,Kews K16 NB300,Чебоксары,1.0,300,бензин,0,0,1,0,1,0,0,0,0,0,0,0,0,0,0,0,0,0,0,0,0,0,1
210000.0,Regulmoto Holeshot,Прокопьевск,2000.0,300,бензин,2,0,1,0,1,0,0,0,0,0,0,0,0,0,0,0,0,0,0,0,0,0,1
210000.0,Kayo T4 250 Enduro,Снежинск,1680.0,250,бензин,3,0,1,0,1,0,0,0,0,0,0,0,0,0,0,0,0,0,0,0,0,0,1
210000.0,Honda XLR 250 Baja,Уссурийск,28000.0,249,бензин,33,0,1,0,1,0,0,0,0,0,0,0,0,0,1,0,0,0,0,0,0,0,0
210000.0,Honda CBR 250,Шимановск,3650.0,249,бензин,29,0,1,0,1,0,0,0,0,0,0,0,0,0,1,0,0,0,0,0,0,0,0
210000.0,Regulmoto CR-Z 300,Горно-Алтайск,380.0,300,бензин,2,0,1,0,1,0,0,0,0,0,0,0,0,0,0,0,0,0,0,0,0,0,1
210000.0,BSE Z9,Дубовка,3000.0,300,бензин,2,0,0,0,1,0,0,0,0,0,0,0,0,0,0,0,0,0,0,0,0,0,1
210000.0,Regulmoto Athlete Pro,Новосибирск,700.0,300,бензин,1,0,1,0,0,0,0,0,1,0,0,0,0,0,0,0,0,0,0,0,0,0,1
210000.0,Regulmoto Athlete 300,Калтан,800.0,300,бензин,1,0,1,0,1,0,0,0,0,0,0,0,0,0,0,0,0,0,0,0,0,0,1
210000.0,PWR Racing FZ250,Красногорское,2230.0,250,бензин,2,0,1,0,1,0,0,0,0,0,0,0,0,0,0,0,0,0,0,0,0,0,1
210000.0,Wels CrossRoad,Абакан,3052.0,250,бензин,2,0,1,0,1,0,0,0,0,0,0,0,0,0,0,0,0,0,0,0,0,0,1
210000.0,Bajaj Pulsar NS 125,Ленинск-Кузнецкий,7000.0,125,бензин,3,0,1,0,1,0,0,0,0,0,0,0,0,0,0,0,0,0,0,0,0,0,1
210000.0,Honda SL 230,Иркутск,24500.0,230,бензин,24,0,1,0,1,0,0,0,0,0,0,0,0,0,1,0,0,0,0,0,0,0,0
210000.0,Kayo K6-L 250 Enduro,Наро-Фоминск,500.0,250,бензин,5,0,1,0,0,0,0,1,0,0,0,0,0,0,0,0,0,0,0,0,0,0,1
210000.0,Kawasaki ZXR 400 Ninja,Томск,80000.0,400,бензин,30,0,1,0,1,0,0,0,0,0,0,0,0,0,0,0,1,0,0,0,0,0,0
210000.0,Kawasaki ZZR,Чита,30000.0,300,бензин,21,0,1,0,1,0,0,0,0,0,0,0,0,0,0,0,1,0,0,0,0,0,0
210000.0,Regulmoto Sport-003 PR,Шимановск,460.0,300,бензин,2,0,1,0,1,0,0,0,0,0,0,0,0,0,0,0,0,0,0,0,0,0,1
210000.0,Kayo K2 Pro,Красноярск,174.0,300,бензин,2,0,1,0,0,0,0,0,1,0,0,0,0,0,0,0,0,0,0,0,0,0,1
210000.0,Yamaha TT-R 250 Open Enduro,Уссурийск,13000.0,250,бензин,30,0,1,0,1,0,0,0,0,0,0,0,0,0,0,0,0,0,0,0,0,1,0
210000.0,Kawasaki Ninja,Елизово,4000.0,250,бензин,19,0,1,0,1,0,0,0,0,0,0,0,0,0,0,0,1,0,0,0,0,0,0
210000.0,Racer Ranger RC250-GY8A,Коломна,1500.0,250,бензин,2,0,1,0,0,0,0,1,0,0,0,0,0,0,0,0,0,0,0,0,0,0,1
210000.0,Kawasaki KL250 Super Sherpa,Комсомольск-на-Амуре,19000.0,250,бензин,28,0,1,0,1,0,0,0,0,0,0,0,0,0,0,0,1,0,0,0,0,0,0
210000.0,Suzuki GS 500,Ленинск,50000.0,487,бензин,32,0,1,0,1,0,0,0,0,0,0,0,0,0,0,0,0,0,0,1,0,0,0
210000.0,Regulmoto CR-Z 300,Берёзовский,1550.0,300,бензин,3,0,1,0,1,0,0,0,0,0,0,0,0,0,0,0,0,0,0,0,0,0,1
210000.0,Regulmoto CR-Z 300,Кировское,1000.0,300,бензин,1,0,1,0,1,0,0,0,0,0,0,0,0,0,0,0,0,0,0,0,0,0,1
210000.0,Ataki EF300,Искитим,600.0,300,бензин,1,0,1,0,1,0,0,0,0,0,0,0,0,0,0,0,0,0,0,0,0,0,1
210000.0,Suzuki GrassTracker Big Boy,Уссурийск,30137.0,250,бензин,23,0,1,0,1,0,0,0,0,0,0,0,0,0,0,0,0,0,0,1,0,0,0
210000.0,Honda VT 250F,Южноуральск,60000.0,250,бензин,28,0,1,0,1,0,0,0,0,0,0,0,0,0,1,0,0,0,0,0,0,0,0
210000.0,KTM 200 Duke,Владивосток,30000.0,200,бензин,13,0,1,1,1,0,0,0,0,0,0,0,0,0,0,0,0,0,0,0,0,0,1
210000.0,Regulmoto Holeshot,Киселёвск,1062.0,300,бензин,2,0,1,0,1,0,0,0,0,0,0,0,0,0,0,0,0,0,0,0,0,0,1
210000.0,Kews K16 CB250-R,Михайловка,60.0,250,бензин,1,0,1,0,1,0,0,0,0,0,0,0,0,0,0,0,0,0,0,0,0,0,1
210000.0,GR GR7 F300A Enduro Optimum,Верещагино,60.0,300,бензин,2,0,1,0,1,0,0,0,0,0,0,0,0,0,0,0,0,0,0,0,0,0,1
210000.0,Bajaj Pulsar 180,Воронеж,10000.0,180,бензин,2,0,1,0,0,0,0,0,1,0,0,0,0,0,0,0,0,0,0,0,0,0,1
210000.0,Avantis Dakar 250 TwinCam,Нижний Новгород,1700.0,250,бензин,4,0,1,0,0,0,0,0,1,0,0,0,0,0,0,0,0,0,0,0,0,0,1
211000.0,BSE M2,Нижний Новгород,80.0,249,бензин,7,0,1,0,0,0,0,0,1,0,0,0,0,0,0,0,0,0,0,0,0,0,1
213000.0,Regulmoto CR-X,Новосибирск,1.0,300,бензин,1,0,1,0,0,0,0,0,1,0,0,0,0,0,0,0,0,0,0,0,0,0,1
214999.0,Sharmax Power Max 250,Саратов,758.0,250,бензин,1,0,1,0,1,0,0,0,0,0,0,0,0,0,0,0,0,0,0,0,0,0,1
215000.0,Suzuki GSF 250 Bandit,Иркутск,50112.0,250,бензин,26,0,1,0,1,0,0,0,0,0,0,0,0,0,0,0,0,0,0,1,0,0,0
215000.0,Racer Caiman RC250XZR-X,Полысаево,2350.0,250,бензин,2,0,1,0,1,0,0,0,0,0,0,0,0,0,0,0,0,0,0,0,0,0,1
215000.0,Apollo M3,Сухой Лог,51.0,300,бензин,2,0,1,0,1,0,0,0,0,0,0,0,0,0,0,0,0,0,0,0,0,0,1
215000.0,Honda XLR 200,Новосибирск,47000.0,199,бензин,34,0,1,0,0,0,0,0,1,0,0,0,0,0,1,0,0,0,0,0,0,0,0
215000.0,Honda ST 1100,Иркутск,33333.0,1084,бензин,32,0,1,0,1,0,0,0,0,0,0,0,0,0,1,0,0,0,0,0,0,0,0
215000.0,Regulmoto Sport-003 PR Pro,Ангарск,900.0,300,бензин,1,0,1,0,1,0,0,0,0,0,0,0,0,0,0,0,0,0,0,0,0,0,1
215000.0,BSE Z10,Видное,661.0,250,бензин,3,0,1,0,0,0,0,1,0,0,0,0,0,0,0,0,0,0,0,0,0,0,1
215000.0,Rockot Motors Hound 250,Красноярск,1043.0,249,бензин,2,0,1,0,0,0,0,0,1,0,0,0,0,0,0,0,0,0,0,0,0,0,1
215000.0,Racer SR-X2 Cross X2,Каратузское,1150.0,300,бензин,3,0,1,0,1,0,0,0,0,0,0,0,0,0,0,0,0,0,0,0,0,0,1
215000.0,Regulmoto CR-Z 300,Чита,1862.0,300,бензин,2,0,1,0,1,0,0,0,0,0,0,0,0,0,0,0,0,0,0,0,0,0,1
215000.0,Regulmoto Sport-003 PR Pro,Дальнереченск,100.0,300,бензин,1,0,1,0,1,0,0,0,0,0,0,0,0,0,0,0,0,0,0,0,0,0,1
215000.0,Racer Caiman RC250XZR-X,Полтавка,1500.0,250,бензин,1,0,1,0,1,0,0,0,0,0,0,0,0,0,0,0,0,0,0,0,0,0,1
215000.0,Avantis LX 300,Красноярск,575.0,280,бензин,3,0,1,0,0,0,0,0,1,0,0,0,0,0,0,0,0,0,0,0,0,0,1
215000.0,Avantis LX 300,Новосибирск,300.0,300,бензин,3,0,1,0,0,0,0,0,1,0,0,0,0,0,0,0,0,0,0,0,0,0,1
215000.0,Regulmoto Norden,Обь,2300.0,300,бензин,1,0,1,0,1,0,0,0,0,0,0,0,0,0,0,0,0,0,0,0,0,0,1
215000.0,Bajaj Pulsar 180,Каменск-Уральский,2800.0,180,бензин,2,0,1,0,1,0,0,0,0,0,0,0,0,0,0,0,0,0,0,0,0,0,1
215000.0,Avantis A6 Lux,Новосибирск,300.0,280,бензин,4,0,1,0,0,0,0,0,1,0,0,0,0,0,0,0,0,0,0,0,0,0,1
215000.0,Kawasaki KSR110,Владивосток,16551.0,110,бензин,17,0,1,0,1,0,0,0,0,0,0,0,0,0,0,0,1,0,0,0,0,0,0
215000.0,Yamaha XJR 400,Красноярск,45000.0,400,бензин,27,0,1,0,0,0,0,0,1,0,0,0,0,0,0,0,0,0,0,0,0,1,0
215000.0,Racer Ranger RC250-GY8A,Екатеринбург,745.0,270,бензин,1,0,1,0,0,0,0,0,1,0,0,0,0,0,0,0,0,0,0,0,0,0,1
215000.0,Regulmoto ZR PR 4 valves,Бердск,893.0,300,бензин,1,0,1,0,1,0,0,0,0,0,0,0,0,0,0,0,0,0,0,0,0,0,1
215000.0,Regulmoto CR-Z 300,Благовещенск,1000.0,300,бензин,2,0,1,0,1,0,0,0,0,0,0,0,0,0,0,0,0,0,0,0,0,0,1
219000.0,Suzuki Bandit,Саров,8000.0,400,бензин,28,0,1,0,1,0,0,0,0,0,0,0,0,0,0,0,0,0,0,1,0,0,0
219000.0,Regulmoto ZR PR 4 valves,Абакан,500.0,300,бензин,1,0,1,0,1,0,0,0,0,0,0,0,0,0,0,0,0,0,0,0,0,0,1
220000.0,Sharmax ExpertPro 280,Ревда,3000.0,250,бензин,2,0,1,0,1,0,0,0,0,0,0,0,0,0,0,0,0,0,0,0,0,0,1
220000.0,Regulmoto CR-Z 300,Хабаровск,1500.0,300,бензин,3,0,1,0,1,0,0,0,0,0,0,0,0,0,0,0,0,0,0,0,0,0,1
220000.0,Kawasaki ZZR 400 2,Хабаровск,16600.0,400,бензин,27,0,1,0,1,0,0,0,0,0,0,0,0,0,0,0,1,0,0,0,0,0,0
220000.0,Regulmoto ZR PR 4 valves,Дальнереченск,565.0,300,бензин,2,0,1,0,1,0,0,0,0,0,0,0,0,0,0,0,0,0,0,0,0,0,1
220000.0,Progasi Ibiza 300,Красноярск,1370.0,300,бензин,2,0,1,0,0,0,0,0,1,0,0,0,0,0,0,0,0,0,0,0,0,0,1
220000.0,Yamaha TW 200,Владивосток,25513.0,196,бензин,24,0,1,0,1,0,0,0,0,0,0,0,0,0,0,0,0,0,0,0,0,1,0
220000.0,Honda CBR 600F,Невель,93000.0,600,бензин,37,0,1,0,1,0,0,0,0,0,0,0,0,0,1,0,0,0,0,0,0,0,0
220000.0,Regulmoto CR-Z 300,Благовещенск,3000.0,300,бензин,2,0,1,0,1,0,0,0,0,0,0,0,0,0,0,0,0,0,0,0,0,0,1
220000.0,Zongshen ZS250GY-3,Москва,12150.0,250,бензин,11,0,1,1,0,0,1,0,0,0,0,0,0,0,0,0,0,0,0,0,0,0,1
220000.0,Kawasaki KLX 250,Смоляниново,8000.0,250,бензин,23,0,1,0,1,0,0,0,0,0,0,0,0,0,0,0,1,0,0,0,0,0,0
220000.0,K2R EFC250,Краснодар,821.0,250,бензин,1,0,1,0,0,0,0,0,1,0,0,0,0,0,0,0,0,0,0,0,0,0,1
220000.0,Kawasaki KLE 400,Иркутск,44000.0,400,бензин,30,0,1,0,1,0,0,0,0,0,0,0,0,0,0,0,1,0,0,0,0,0,0
220000.0,K2R EFC250,Барнаул,144.0,250,бензин,1,0,1,0,1,0,0,0,0,0,0,0,0,0,0,0,0,0,0,0,0,0,1
220000.0,Honda Shadow 1100,Якутск,31000.0,1100,бензин,21,0,1,0,1,0,0,0,0,0,0,0,0,0,1,0,0,0,0,0,0,0,0
220000.0,Avantis Dakar 250 TwinCam,Петропавловск-Камчатский,1400.0,250,бензин,5,0,1,0,1,0,0,0,0,0,0,0,0,0,0,0,0,0,0,0,0,0,1
220000.0,Suzuki Intruder,Хабаровск,8992.0,400,бензин,30,0,1,0,1,0,0,0,0,0,0,0,0,0,0,0,0,0,0,1,0,0,0
220000.0,Motoland WRX 300 NC,Краснодар,50.0,300,бензин,1,0,1,0,0,0,0,0,1,0,0,0,0,0,0,0,0,0,0,0,0,0,1
220000.0,Avantis LX 300,Ишим,2000.0,300,бензин,4,0,1,0,1,0,0,0,0,0,0,0,0,0,0,0,0,0,0,0,0,0,1
220000.0,Honda XLR 250R,Уссурийск,29527.0,250,бензин,30,0,1,0,1,0,0,0,0,0,0,0,0,0,1,0,0,0,0,0,0,0,0
220000.0,Yamaha Serow,Сретенск,14000.0,225,бензин,27,0,1,0,1,0,0,0,0,0,0,0,0,0,0,0,0,0,0,0,0,1,0
220000.0,Kawasaki ZZR 400,Уссурийск,15000.0,399,бензин,25,0,1,0,1,0,0,0,0,0,0,0,0,0,0,0,1,0,0,0,0,0,0
220000.0,Motoland X3 300W Lux,Прокопьевск,636.0,300,бензин,1,0,1,0,1,0,0,0,0,0,0,0,0,0,0,0,0,0,0,0,0,0,1
220000.0,Урал ИМЗ 8.103-10,Иркутск,500.0,649,бензин,32,0,1,0,1,0,0,0,0,0,0,0,0,0,0,0,0,0,0,0,0,0,1
220000.0,Иж Юпитер 5,Бурея,200.0,350,бензин,37,0,0,0,1,0,0,0,0,0,0,0,0,0,0,0,0,0,0,0,0,0,1
220000.0,Honda XL 250 Degree,Уссурийск,14000.0,250,бензин,32,0,1,0,1,0,0,0,0,0,0,0,0,0,1,0,0,0,0,0,0,0,0
220000.0,Suzuki Burgman AN400,Томск,50000.0,399,бензин,22,1,1,1,1,0,0,0,0,0,0,0,0,0,0,0,0,0,0,1,0,0,0
220000.0,Honda CB 400,Артём,53182.0,400,бензин,30,0,1,0,1,0,0,0,0,0,0,0,0,0,1,0,0,0,0,0,0,0,0
220000.0,Progasi Gaudi 300,Бийск,2000.0,300,бензин,2,0,1,0,1,0,0,0,0,0,0,0,0,0,0,0,0,0,0,0,0,0,1
220000.0,Racer Caiman RC250XZR-X,Канск,100.0,250,бензин,1,0,1,0,1,0,0,0,0,0,0,0,0,0,0,0,0,0,0,0,0,0,1
220000.0,Regulmoto CR-Z 300,Новокузнецк,2700.0,300,бензин,2,0,1,0,1,0,0,0,0,0,0,0,0,0,0,0,0,0,0,0,0,0,1
220000.0,Bajaj Avenger 220 Cruise,Москва,5800.0,220,бензин,4,0,1,0,0,0,1,0,0,0,0,0,0,0,0,0,0,0,0,0,0,0,1
220000.0,Suzuki Djebel 200,Волчанец,7650.0,200,бензин,28,0,1,0,1,0,0,0,0,0,0,0,0,0,0,0,0,0,0,1,0,0,0
220000.0,Kawasaki ER5,Москва,37000.0,500,бензин,24,0,1,0,0,0,1,0,0,0,0,0,0,0,0,0,1,0,0,0,0,0,0
220000.0,Regulmoto CR-Z 300,Плотниково,730.0,300,бензин,2,0,1,0,1,0,0,0,0,0,0,0,0,0,0,0,0,0,0,0,0,0,1
220000.0,Yamaha XJR 400,Тайтурка,18277.0,399,бензин,31,0,1,0,1,0,0,0,0,0,0,0,0,0,0,0,0,0,0,0,0,1,0
220000.0,Kawasaki KDX 250R,Когалым,23000.0,250,бензин,18,0,1,0,1,0,0,0,0,0,0,0,0,0,0,0,1,0,0,0,0,0,0
220000.0,Suzuki GSX 600F Katana,Владивосток,15000.0,600,бензин,22,0,1,1,1,0,0,0,0,0,0,0,0,0,0,0,0,0,0,1,0,0,0
220000.0,Racer SR-X2 Cross X2,Благовещенск,700.0,300,бензин,2,0,1,0,1,0,0,0,0,0,0,0,0,0,0,0,0,0,0,0,0,0,1
220000.0,Kawasaki ZZR 400 2,Хабаровск,22300.0,400,бензин,27,0,1,0,1,0,0,0,0,0,0,0,0,0,0,0,1,0,0,0,0,0,0
220000.0,KTM 250 Duke,Владивосток,15720.0,250,бензин,10,0,1,1,1,0,0,0,0,0,0,0,0,0,0,0,0,0,0,0,0,0,1
220000.0,Урал ИМЗ 8.103-10,Юрга,6900.0,649,бензин,32,0,1,0,1,0,0,0,0,0,0,0,0,0,0,0,0,0,0,0,0,0,1
220000.0,Yamaha YZF 600,Воскресенск,25950.0,600,бензин,28,0,1,0,0,0,0,1,0,0,0,0,0,0,0,0,0,0,0,0,0,1,0
220000.0,KTM 200 Duke,Владивосток,15981.0,199,бензин,13,0,1,1,1,0,0,0,0,0,0,0,0,0,0,0,0,0,0,0,0,0,1
220000.0,Yamaha SRV 250,Селижарово,35360.0,250,бензин,30,0,1,0,1,0,0,0,0,0,0,0,0,0,0,0,0,0,0,0,0,1,0
220000.0,Avantis Tourist 250,Северск,443.0,223,бензин,2,0,1,0,1,0,0,0,0,0,0,0,0,0,0,0,0,0,0,0,0,0,1
220000.0,JHL Z4,Владивосток,600.0,250,бензин,2,0,1,0,1,0,0,0,0,0,0,0,0,0,0,0,0,0,0,0,0,0,1
221000.0,Avantis A7 New,Томск,260.0,250,бензин,1,0,1,0,1,0,0,0,0,0,0,0,0,0,0,0,0,0,0,0,0,0,1
222000.0,Kawasaki KLX 250,Арсеньев,200.0,250,бензин,32,0,1,0,1,0,0,0,0,0,0,0,0,0,0,0,1,0,0,0,0,0,0
222000.0,Yamaha YS 125,Владивосток,8523.0,125,бензин,9,0,1,1,1,0,0,0,0,0,0,0,0,0,0,0,0,0,0,0,0,1,0
222222.0,Kawasaki VN Vulcan,Абакан,777.0,399,бензин,30,0,1,1,1,0,0,0,0,0,0,0,0,0,0,0,1,0,0,0,0,0,0
223000.0,Sharmax ExpertPro 300 Air,Москва,1550.0,300,бензин,2,0,1,0,0,0,1,0,0,0,0,0,0,0,0,0,0,0,0,0,0,0,1
224000.0,Yamaha YS 125,Владивосток,1486.0,125,бензин,8,0,1,1,1,0,0,0,0,0,0,0,0,0,0,0,0,0,0,0,0,1,0
225000.0,Regulmoto Holeshot,Владивосток,500.0,300,бензин,1,0,1,0,1,0,0,0,0,0,0,0,0,0,0,0,0,0,0,0,0,0,1
225000.0,Promax Inferno 380,Ноябрьск,230.0,300,бензин,1,0,1,0,1,0,0,0,0,0,0,0,0,0,0,0,0,0,0,0,0,0,1
225000.0,Honda Bros 400,Карасук,49000.0,400,бензин,33,0,1,0,1,0,0,0,0,0,0,0,0,0,1,0,0,0,0,0,0,0,0
225000.0,Kawasaki ZZR 400 2,Владивосток,53013.0,399,бензин,26,0,1,0,1,0,0,0,0,0,0,0,0,0,0,0,1,0,0,0,0,0,0
225000.0,Avantis A5 Lux,Красноярск,800.0,250,бензин,2,0,1,0,0,0,0,0,1,0,0,0,0,0,0,0,0,0,0,0,0,0,1
225000.0,Yamaha XJ 600 S Diversion,Санкт-Петербург,20000.0,600,бензин,25,0,1,1,0,0,0,0,0,1,0,0,0,0,0,0,0,0,0,0,0,1,0
225000.0,PWR Racing FRZ 190,Юрга,40.0,300,бензин,1,0,1,1,1,0,0,0,0,0,0,0,0,0,0,0,0,0,0,0,0,0,1
225000.0,Regulmoto CR-Z 300,Новосибирск,1000.0,300,бензин,1,0,1,0,0,0,0,0,1,0,0,0,0,0,0,0,0,0,0,0,0,0,1
225000.0,Suzuki Djebel 200,Владивосток,17362.0,200,бензин,30,0,1,0,1,0,0,0,0,0,0,0,0,0,0,0,0,0,0,1,0,0,0
225000.0,Yamaha Serow,Уссурийск,32000.0,225,бензин,27,0,1,0,1,0,0,0,0,0,0,0,0,0,0,0,0,0,0,0,0,1,0
225000.0,Yamaha FZX 250 Zeal,Борзя,24525.0,250,бензин,29,0,1,0,1,0,0,0,0,0,0,0,0,0,0,0,0,0,0,0,0,1,0
225000.0,Honda CBR 125R,Кемерово,18654.0,125,бензин,19,0,1,0,1,0,0,0,0,0,0,0,0,0,1,0,0,0,0,0,0,0,0
225000.0,Regulmoto CR-Z 300,Бийск,1800.0,300,бензин,1,0,1,0,1,0,0,0,0,0,0,0,0,0,0,0,0,0,0,0,0,0,1
225000.0,JHL Z3+,Шарлык,1000.0,300,бензин,2,0,1,0,1,0,0,0,0,0,0,0,0,0,0,0,0,0,0,0,0,0,1
225000.0,Kawasaki KL250 Super Sherpa,Партизанск,13274.0,250,бензин,24,0,1,0,1,0,0,0,0,0,0,0,0,0,0,0,1,0,0,0,0,0,0
225000.0,Zuum CR250 CB,Елизово,40000.0,250,бензин,4,0,1,0,1,0,0,0,0,0,0,0,0,0,0,0,0,0,0,0,0,0,1
225990.0,JHL LX3,Динская,1111.0,300,бензин,1,0,1,0,1,0,0,0,0,0,0,0,0,0,0,0,0,0,0,0,0,0,1
228000.0,Regulmoto Athlete Pro,Новосибирск,1.0,300,бензин,1,0,1,0,0,0,0,0,1,0,0,0,0,0,0,0,0,0,0,0,0,0,1
229000.0,KTM 125 Duke,Владивосток,26370.0,124,бензин,7,0,1,1,1,0,0,0,0,0,0,0,0,0,0,0,0,0,0,0,0,0,1
229000.0,Honda VRX 400 Roadster,Владивосток,17761.0,398,бензин,29,0,1,0,1,0,0,0,0,0,0,0,0,0,1,0,0,0,0,0,0,0,0
229415.0,Progasi Gaudi 300,Ростов-на-Дону,200.0,300,бензин,1,0,1,0,0,0,0,0,1,0,0,0,0,0,0,0,0,0,0,0,0,0,1
230000.0,BSE Z6,Петропавловск-Камчатский,550.0,250,бензин,4,0,1,0,1,0,0,0,0,0,0,0,0,0,0,0,0,0,0,0,0,0,1
230000.0,BRZ X8 NB300 BE,Новосибирск,1.0,300,бензин,0,0,1,0,0,0,0,0,1,0,0,0,0,0,0,0,0,0,0,0,0,0,1
230000.0,Racer Caiman RC250XZR-X,Невинномысск,5100.0,250,бензин,2,0,1,0,1,0,0,0,0,0,0,0,0,0,0,0,0,0,0,0,0,0,1
230000.0,JHL Z3+,Звериноголовское,900.0,300,бензин,1,0,1,0,1,0,0,0,0,0,0,0,0,0,0,0,0,0,0,0,0,0,1
230000.0,Suzuki DR 250S,Новороссийск,40000.0,250,бензин,31,0,1,0,1,0,0,0,0,0,0,0,0,0,0,0,0,0,0,1,0,0,0
230000.0,Regulmoto Holeshot,Иркутск,1400.0,300,бензин,2,0,1,0,1,0,0,0,0,0,0,0,0,0,0,0,0,0,0,0,0,0,1
230000.0,Suzuki RM-Z 250,Майма,100.0,250,бензин,18,0,1,0,1,0,0,0,0,0,0,0,0,0,0,0,0,0,0,1,0,0,0
230000.0,Rockot Motors Red Fury,Майкоп,2188.0,300,бензин,3,0,1,0,1,0,0,0,0,0,0,0,0,0,0,0,0,0,0,0,0,0,1
230000.0,Kawasaki ZZR 400,Ачинск,27000.0,400,бензин,28,0,1,0,1,0,0,0,0,0,0,0,0,0,0,0,1,0,0,0,0,0,0
230000.0,Kawasaki ZZR 400 2,Хабаровск,27417.0,400,бензин,22,0,1,0,1,0,0,0,0,0,0,0,0,0,0,0,1,0,0,0,0,0,0
230000.0,KTM 85 SX,Чита,3000.0,85,бензин,10,0,0,0,1,0,0,0,0,0,0,0,0,0,0,0,0,0,0,0,0,0,1
230000.0,Bajaj Pulsar NS 200,Медвежьегорск,4500.0,200,бензин,5,0,1,0,1,0,0,0,0,0,0,0,0,0,0,0,0,0,0,0,0,0,1
230000.0,STELS Flame 200,Красноярск,19000.0,200,бензин,11,0,1,0,0,0,0,0,1,0,0,0,0,0,0,0,0,0,0,0,0,0,1
230000.0,Honda SL 230,Уссурийск,18000.0,230,бензин,25,0,1,0,1,0,0,0,0,0,0,0,0,0,1,0,0,0,0,0,0,0,0
230000.0,Regulmoto CR-Z 300,Артём,900.0,300,бензин,1,0,1,0,1,0,0,0,0,0,0,0,0,0,0,0,0,0,0,0,0,0,1
230000.0,Kawasaki Z 750,Тюмень,5000.0,60,бензин,38,0,1,0,1,0,0,0,0,0,0,0,0,0,0,0,1,0,0,0,0,0,0
230000.0,Avantis A7 Premium,Новосергиевка,5000.0,300,бензин,4,0,1,0,1,0,0,0,0,0,0,0,0,0,0,0,0,0,0,0,0,0,1
230000.0,Kawasaki D-Tracker 250,Кемерово,47500.0,250,бензин,19,0,1,0,1,0,0,0,0,0,0,0,0,0,0,0,1,0,0,0,0,0,0
230000.0,Roliz Sport-009,Горно-Алтайск,10000.0,250,бензин,1,0,1,0,1,0,0,0,0,0,0,0,0,0,0,0,0,0,0,0,0,0,1
230000.0,Yamaha Majesty 250,Новосибирск,31000.0,250,бензин,23,1,1,0,0,0,0,0,1,0,0,0,0,0,0,0,0,0,0,0,0,1,0
230000.0,Suzuki Skywave 400,Бердск,11500.0,385,бензин,26,1,1,0,1,0,0,0,0,0,0,0,0,0,0,0,0,0,0,1,0,0,0
230000.0,Regulmoto Duke 300,Хабаровск,6.0,300,бензин,1,0,1,0,1,0,0,0,0,0,0,0,0,0,0,0,0,0,0,0,0,0,1
230000.0,Suzuki Bandit,Томск,17000.0,250,бензин,30,0,1,0,1,0,0,0,0,0,0,0,0,0,0,0,0,0,0,1,0,0,0
230000.0,Yamaha XJR 400,Иркутск,25000.0,390,бензин,27,0,1,0,1,0,0,0,0,0,0,0,0,0,0,0,0,0,0,0,0,1,0
230000.0,Sharmax Power Max 250,Сургут,100.0,250,бензин,2,0,1,0,1,0,0,0,0,0,0,0,0,0,0,0,0,0,0,0,0,0,1
230000.0,Yamaha WR 400F,Вольно-Надеждинское,90.0,399,бензин,26,0,1,0,1,0,0,0,0,0,0,0,0,0,0,0,0,0,0,0,0,1,0
230000.0,Racer Storm,Купино,2000.0,300,бензин,1,0,1,0,1,0,0,0,0,0,0,0,0,0,0,0,0,0,0,0,0,0,1
230000.0,Honda CBF 125 Stunner,Иркутск,1200.0,125,бензин,4,0,1,1,1,0,0,0,0,0,0,0,0,0,1,0,0,0,0,0,0,0,0
230000.0,Yamaha TT-R 250 Raid,Уссурийск,50000.0,250,бензин,31,0,1,0,1,0,0,0,0,0,0,0,0,0,0,0,0,0,0,0,0,1,0
230000.0,KTM 640 Duke II,Москва,48500.0,625,бензин,20,0,1,0,0,0,1,0,0,0,0,0,0,0,0,0,0,0,0,0,0,0,1
230000.0,Suzuki GrassTracker,Катав-Ивановск,16000.0,250,бензин,21,0,1,0,1,0,0,0,0,0,0,0,0,0,0,0,0,0,0,1,0,0,0
230000.0,Motoland XT300 ST,Новоалександровск,100.0,300,бензин,2,0,1,0,1,0,0,0,0,0,0,0,0,0,0,0,0,0,0,0,0,0,1
230000.0,Honda VTR 250,Екатеринбург,54000.0,250,бензин,26,0,1,0,0,0,0,0,1,0,0,0,0,0,1,0,0,0,0,0,0,0,0
230000.0,BSE Z7,Нахабино,1200.0,300,бензин,2,0,1,0,0,0,0,1,0,0,0,0,0,0,0,0,0,0,0,0,0,0,1
230000.0,Honda CR 125,Красноярск,1.0,125,бензин,25,0,0,0,0,0,0,0,1,0,0,0,0,0,1,0,0,0,0,0,0,0,0
230000.0,Suzuki Djebel 200,Новосибирск,46000.0,200,бензин,24,0,1,0,0,0,0,0,1,0,0,0,0,0,0,0,0,0,0,1,0,0,0
230000.0,BRZ X5M,Набережные Челны,90.0,250,бензин,1,0,1,0,1,0,0,0,0,0,0,0,0,0,0,0,0,0,0,0,0,0,1
230000.0,Suzuki SV 650S,Чита,70000.0,650,бензин,26,0,1,0,1,0,0,0,0,0,0,0,0,0,0,0,0,0,0,1,0,0,0
230000.0,Regulmoto Legend 300,Елец,2000.0,300,бензин,3,0,1,0,1,0,0,0,0,0,0,0,0,0,0,0,0,0,0,0,0,0,1
230000.0,Honda XR 250,Бийск,30000.0,250,бензин,29,0,1,0,1,0,0,0,0,0,0,0,0,0,1,0,0,0,0,0,0,0,0
230000.0,Yamaha Virago,Тихорецк,41500.0,250,бензин,32,0,1,0,1,0,0,0,0,0,0,0,0,0,0,0,0,0,0,0,0,1,0
230000.0,JHL LX2,Нытва,1500.0,250,бензин,1,0,1,0,1,0,0,0,0,0,0,0,0,0,0,0,0,0,0,0,0,0,1
230000.0,Racer SR-X2 Cross X2,Троицкое,2325.0,300,бензин,3,0,1,0,0,0,0,1,0,0,0,0,0,0,0,0,0,0,0,0,0,0,1
230000.0,Honda Shadow 400,Сковородино,26600.0,400,бензин,28,0,1,0,1,0,0,0,0,0,0,0,0,0,1,0,0,0,0,0,0,0,0
230000.0,Avantis A6 Lux,Бийск,1350.0,280,бензин,2,0,1,0,1,0,0,0,0,0,0,0,0,0,0,0,0,0,0,0,0,0,1
230000.0,Yamaha TW 200,Чернышевск,10000.0,200,бензин,25,0,1,0,1,0,0,0,0,0,0,0,0,0,0,0,0,0,0,0,0,1,0
230000.0,Lifan KPT200,Щёкино,4400.0,200,бензин,2,0,1,1,1,0,0,0,0,0,0,0,0,0,0,0,0,0,0,0,0,0,1
230000.0,Kawasaki KX 250,Свободный,1.0,250,бензин,32,0,0,0,1,0,0,0,0,0,0,0,0,0,0,0,1,0,0,0,0,0,0
230000.0,Honda XR 250,Уссурийск,100.0,250,бензин,29,0,1,0,1,0,0,0,0,0,0,0,0,0,1,0,0,0,0,0,0,0,0
230000.0,Honda NSR,Большеречье,11000.0,150,бензин,19,0,0,0,1,0,0,0,0,0,0,0,0,0,1,0,0,0,0,0,0,0,0
230000.0,BSE Z6 Y,Котельниково,1600.0,250,бензин,3,0,1,0,1,0,0,0,0,0,0,0,0,0,0,0,0,0,0,0,0,0,1
233000.0,Kews K16 NB300,Москва,5.0,300,бензин,0,0,1,0,0,0,1,0,0,0,0,0,0,0,0,0,0,0,0,0,0,0,1
235000.0,Sharmax Sport 300 Air,Кемерово,653.0,300,бензин,1,0,1,0,1,0,0,0,0,0,0,0,0,0,0,0,0,0,0,0,0,0,1
235000.0,Yamaha YBR 125,Красноярск,5184.0,125,бензин,5,0,1,0,0,0,0,0,1,0,0,0,0,0,0,0,0,0,0,0,0,1,0
235000.0,Kawasaki KLX 125,Владивосток,21000.0,125,бензин,12,0,1,0,1,0,0,0,0,0,0,0,0,0,0,0,1,0,0,0,0,0,0
235000.0,Motoland GS 250,Бийск,1220.0,420,бензин,1,0,1,0,1,0,0,0,0,0,0,0,0,0,0,0,0,0,0,0,0,0,1
235000.0,Suzuki Gixxer 150,Владивосток,15681.0,154,бензин,5,0,1,1,1,0,0,0,0,0,0,0,0,0,0,0,0,0,0,1,0,0,0
235000.0,Honda Shadow 1100,Владивосток,12654.0,1099,бензин,29,0,1,0,1,0,0,0,0,0,0,0,0,0,1,0,0,0,0,0,0,0,0
235000.0,Yamaha YS 125,Владивосток,4176.0,125,бензин,8,0,1,1,1,0,0,0,0,0,0,0,0,0,0,0,0,0,0,0,0,1,0
235000.0,Honda XLR 250 Baja,Чита,9230.0,250,бензин,30,0,1,0,1,0,0,0,0,0,0,0,0,0,1,0,0,0,0,0,0,0,0
235000.0,Kawasaki KLE 400,Владивосток,34852.0,398,бензин,27,0,1,0,1,0,0,0,0,0,0,0,0,0,0,0,1,0,0,0,0,0,0
235000.0,Roliz Sport-002,Хабаровск,30.0,300,бензин,1,0,1,0,1,0,0,0,0,0,0,0,0,0,0,0,0,0,0,0,0,0,1
235000.0,Motoland GS 250,Красноярск,500.0,250,бензин,2,0,1,0,0,0,0,0,1,0,0,0,0,0,0,0,0,0,0,0,0,0,1
235000.0,Regulmoto Holeshot,Владивосток,180.0,300,бензин,2,0,1,0,1,0,0,0,0,0,0,0,0,0,0,0,0,0,0,0,0,0,1
235000.0,Kews K16 NB300,Томск,10.0,300,бензин,0,0,1,0,1,0,0,0,0,0,0,0,0,0,0,0,0,0,0,0,0,0,1
235000.0,Honda CRM250R,Раздольное,11298.0,249,бензин,31,0,0,0,1,0,0,0,0,0,0,0,0,0,1,0,0,0,0,0,0,0,0
235000.0,Honda Steed 400,Краснодар,10000.0,400,бензин,32,0,1,0,0,0,0,0,1,0,0,0,0,0,1,0,0,0,0,0,0,0,0
235000.0,Yamaha XJR 400,Каменск,21600.0,400,бензин,30,0,1,0,1,0,0,0,0,0,0,0,0,0,0,0,0,0,0,0,0,1,0
235000.0,Kawasaki KLE 250,Тюмень,24000.0,250,бензин,32,0,1,0,1,0,0,0,0,0,0,0,0,0,0,0,1,0,0,0,0,0,0
235000.0,BSE Z10,Ангарск,1400.0,250,бензин,2,0,1,0,1,0,0,0,0,0,0,0,0,0,0,0,0,0,0,0,0,0,1
235000.0,Regulmoto Crosstrec 300,Благовещенск,1700.0,300,бензин,1,0,1,0,1,0,0,0,0,0,0,0,0,0,0,0,0,0,0,0,0,0,1
238000.0,Suzuki RF 400R,Владивосток,39920.0,399,бензин,31,0,1,0,1,0,0,0,0,0,0,0,0,0,0,0,0,0,0,1,0,0,0
238000.0,Yamaha FJ 1200,Междуреченск,52000.0,1200,бензин,38,0,1,0,1,0,0,0,0,0,0,0,0,0,0,0,0,0,0,0,0,1,0
238000.0,BSE Z9,Алапаевск,50.0,300,бензин,0,0,1,0,1,0,0,0,0,0,0,0,0,0,0,0,0,0,0,0,0,0,1
239000.0,Regulmoto Norden,Новосибирск,1.0,280,бензин,0,0,1,0,0,0,0,0,1,0,0,0,0,0,0,0,0,0,0,0,0,0,1
239000.0,Suzuki DR 250S,Толмачево,10968.0,250,бензин,30,0,1,0,1,0,0,0,0,0,0,0,0,0,0,0,0,0,0,1,0,0,0
239000.0,Yamaha TT-R 250,Куйбышев,15000.0,250,бензин,32,0,0,0,1,0,0,0,0,0,0,0,0,0,0,0,0,0,0,0,0,1,0
240000.0,Yamaha Serow,Владивосток,35000.0,225,бензин,32,0,1,0,1,0,0,0,0,0,0,0,0,0,0,0,0,0,0,0,0,1,0
240000.0,Racer RC250GY-C2,Тулун,2500.0,250,бензин,5,0,1,0,1,0,0,0,0,0,0,0,0,0,0,0,0,0,0,0,0,0,1
240000.0,Motoland WRX 300 NC,Качканар,100.0,298,бензин,6,0,1,0,1,0,0,0,0,0,0,0,0,0,0,0,0,0,0,0,0,0,1
240000.0,Suzuki RM,Абакан,40000.0,85,бензин,9,0,0,0,1,0,0,0,0,0,0,0,0,0,0,0,0,0,0,1,0,0,0
240000.0,Suzuki GSF 1200 Bandit,Кяхта,47950.0,1200,бензин,28,0,1,0,1,0,0,0,0,0,0,0,0,0,0,0,0,0,0,1,0,0,0
240000.0,Yamaha XT 225,Новосибирск,10500.0,225,бензин,33,0,1,0,0,0,0,0,1,0,0,0,0,0,0,0,0,0,0,0,0,1,0
240000.0,Progasi Race 300 Wave,Чистые Боры,970.0,300,бензин,1,0,1,0,1,0,0,0,0,0,0,0,0,0,0,0,0,0,0,0,0,0,1
240000.0,Avantis A6,Кемерово,100.0,280,бензин,4,0,1,0,1,0,0,0,0,0,0,0,0,0,0,0,0,0,0,0,0,0,1
240000.0,Kawasaki ZZR 400 2,Чита,10000.0,400,бензин,25,0,1,0,1,0,0,0,0,0,0,0,0,0,0,0,1,0,0,0,0,0,0
240000.0,GR GR8 F300L Enduro Optimum,Верхний Уфалей,1000.0,300,бензин,1,0,1,0,1,0,0,0,0,0,0,0,0,0,0,0,0,0,0,0,0,0,1
240000.0,Regulmoto Holeshot Red Edition,Арсеньев,1300.0,300,бензин,1,0,1,0,1,0,0,0,0,0,0,0,0,0,0,0,0,0,0,0,0,0,1
240000.0,Yamaha TT-R 250 Raid,Биробиджан,20000.0,250,бензин,24,0,1,0,1,0,0,0,0,0,0,0,0,0,0,0,0,0,0,0,0,1,0
240000.0,Fuego Scrambler 250,Екатеринбург,600.0,280,бензин,2,0,1,0,0,0,0,0,1,0,0,0,0,0,0,0,0,0,0,0,0,0,1
240000.0,Yamaha Serow,Артём,70000.0,225,бензин,28,0,1,0,1,0,0,0,0,0,0,0,0,0,0,0,0,0,0,0,0,1,0
240000.0,Honda CBR 250R,Владивосток,25200.0,250,бензин,8,0,1,1,1,0,0,0,0,0,0,0,0,0,1,0,0,0,0,0,0,0,0
240000.0,Motoland CBR 250,Красноярск,2000.0,300,бензин,1,0,1,0,0,0,0,0,1,0,0,0,0,0,0,0,0,0,0,0,0,0,1
240000.0,Yamaha FZ 400,Красноярск,53000.0,400,бензин,28,0,1,0,0,0,0,0,1,0,0,0,0,0,0,0,0,0,0,0,0,1,0
240000.0,Suzuki GSF 400 Bandit,Владивосток,5400.0,400,бензин,32,0,1,0,1,0,0,0,0,0,0,0,0,0,0,0,0,0,0,1,0,0,0
240000.0,Regulmoto CR-Z 300,Благовещенск,238.0,300,бензин,1,0,1,0,1,0,0,0,0,0,0,0,0,0,0,0,0,0,0,0,0,0,1
240000.0,Урал ИМЗ 8.103-10,Нижнегорский,10000.0,850,бензин,35,0,1,0,1,0,0,0,0,0,0,0,0,0,0,0,0,0,0,0,0,0,1
240000.0,Suzuki RV 200 VanVan,Владивосток,29529.0,199,бензин,19,0,1,0,1,0,0,0,0,0,0,0,0,0,0,0,0,0,0,1,0,0,0
240000.0,Honda CB 125S,Барнаул,3900.0,125,бензин,8,0,1,0,1,0,0,0,0,0,0,0,0,0,1,0,0,0,0,0,0,0,0
240000.0,Hasky F6,Кемерово,14.0,300,бензин,1,0,1,0,1,0,0,0,0,0,0,0,0,0,0,0,0,0,0,0,0,0,1
240000.0,Avantis Enduro 300 Pro Carb FCR Exclusive ARS,Томск,2000.0,300,бензин,4,0,1,0,1,0,0,0,0,0,0,0,0,0,0,0,0,0,0,0,0,0,1
240000.0,Avantis Enduro 250 Carb Exclusive ARS,Абакан,1700.0,250,бензин,4,0,1,0,1,0,0,0,0,0,0,0,0,0,0,0,0,0,0,0,0,0,1
240000.0,Ducati Monster 400,Находка,12249.0,400,бензин,24,0,1,0,1,0,0,0,0,0,0,0,1,0,0,0,0,0,0,0,0,0,0
240000.0,Suzuki DR 250R,Абакан,22182.0,250,бензин,29,0,1,0,1,0,0,0,0,0,0,0,0,0,0,0,0,0,0,1,0,0,0
240000.0,Procida K1 PR300,Барнаул,10.0,300,бензин,1,0,1,0,1,0,0,0,0,0,0,0,0,0,0,0,0,0,0,0,0,0,1
242000.0,Honda CBF 125R,Владивосток,1829.0,125,бензин,4,0,1,1,1,0,0,0,0,0,0,0,0,0,1,0,0,0,0,0,0,0,0
243000.0,JHL Z5,Армавир,1900.0,300,бензин,2,0,1,0,1,0,0,0,0,0,0,0,0,0,0,0,0,0,0,0,0,0,1
244000.0,Honda CBF 125R,Владивосток,3074.0,125,бензин,4,0,1,1,1,0,0,0,0,0,0,0,0,0,1,0,0,0,0,0,0,0,0
244000.0,Kews K16 CB250-R,Новосибирск,1.0,250,бензин,0,0,1,0,0,0,0,0,1,0,0,0,0,0,0,0,0,0,0,0,0,0,1
245000.0,Regulmoto Fargo 300,Хабаровск,19.0,300,бензин,1,0,1,0,1,0,0,0,0,0,0,0,0,0,0,0,0,0,0,0,0,0,1
245000.0,Yamaha TT-R 250 Open Enduro,Челябинск,30000.0,250,бензин,29,0,1,0,0,0,0,0,1,0,0,0,0,0,0,0,0,0,0,0,0,1,0
245000.0,Suzuki RM-Z 450,Уфа,1000.0,450,бензин,18,0,1,0,0,0,0,0,1,0,0,0,0,0,0,0,0,0,0,1,0,0,0
245000.0,Suzuki DR 250S,Комсомольск-на-Амуре,22711.0,250,бензин,31,0,1,0,1,0,0,0,0,0,0,0,0,0,0,0,0,0,0,1,0,0,0
245000.0,Yamaha XT 225,Владивосток,26000.0,223,бензин,27,0,1,0,1,0,0,0,0,0,0,0,0,0,0,0,0,0,0,0,0,1,0
245000.0,Avantis A7 New,Горно-Алтайск,1800.0,300,бензин,2,0,1,0,1,0,0,0,0,0,0,0,0,0,0,0,0,0,0,0,0,0,1
245000.0,Honda Steed 400VLX,Минусинск,140000.0,400,бензин,31,0,1,0,1,0,0,0,0,0,0,0,0,0,1,0,0,0,0,0,0,0,0
245000.0,Honda Steed 400VCL,Хабаровск,3754.0,400,бензин,30,0,1,0,1,0,0,0,0,0,0,0,0,0,1,0,0,0,0,0,0,0,0
245000.0,Suzuki TS200R,Алдан,7000.0,200,бензин,34,0,0,0,1,0,0,0,0,0,0,0,0,0,0,0,0,0,0,1,0,0,0
245000.0,Yamaha Maxam,Северск,14600.0,250,бензин,20,1,1,1,1,0,0,0,0,0,0,0,0,0,0,0,0,0,0,0,0,1,0
245000.0,Kayo K5 Enduro,Москва,50.0,280,бензин,1,0,1,0,0,0,1,0,0,0,0,0,0,0,0,0,0,0,0,0,0,0,1
245000.0,Yamaha TT 250R,Абакан,50.0,250,бензин,32,0,1,0,1,0,0,0,0,0,0,0,0,0,0,0,0,0,0,0,0,1,0
245000.0,Suzuki RF 400R,Улан-Удэ,19000.0,400,бензин,26,0,1,0,1,0,0,0,0,0,0,0,0,0,0,0,0,0,0,1,0,0,0
248000.0,Honda CB 400SF,Кемерово,30000.0,400,бензин,27,0,1,0,1,0,0,0,0,0,0,0,0,0,1,0,0,0,0,0,0,0,0
249000.0,Kawasaki ZZR 400 2,Барнаул,40000.0,400,бензин,29,0,1,0,1,0,0,0,0,0,0,0,0,0,0,0,1,0,0,0,0,0,0
249000.0,Progasi Race 300 Air,Барнаул,439.0,300,бензин,1,0,1,0,1,0,0,0,0,0,0,0,0,0,0,0,0,0,0,0,0,0,1
249990.0,Racer Muravei RC200ZH,Рубцовск,1.0,200,бензин,0,0,1,0,1,0,0,0,0,0,0,0,0,0,0,0,0,0,0,0,0,0,1
249999.0,Honda CB 400SF,Хабаровск,30000.0,400,бензин,31,0,1,0,1,0,0,0,0,0,0,0,0,0,1,0,0,0,0,0,0,0,0
250000.0,Kawasaki ZZR 400 2,Иркутск,60000.0,400,бензин,29,0,1,0,1,0,0,0,0,0,0,0,0,0,0,0,1,0,0,0,0,0,0
250000.0,Yamaha FZR 600,Салаир,63000.0,599,бензин,32,0,1,0,1,0,0,0,0,0,0,0,0,0,0,0,0,0,0,0,0,1,0
250000.0,Kawasaki ZZR 250,Омск,24000.0,250,бензин,26,0,1,0,0,0,0,0,1,0,0,0,0,0,0,0,1,0,0,0,0,0,0
250000.0,Kawasaki KLX 250,Уссурийск,11111.0,250,бензин,29,0,1,0,1,0,0,0,0,0,0,0,0,0,0,0,1,0,0,0,0,0,0
250000.0,BSE Z11,Саяногорск,93.0,300,бензин,3,0,1,0,1,0,0,0,0,0,0,0,0,0,0,0,0,0,0,0,0,0,1
250000.0,Lifan KPT200,Кемерово,960.0,200,бензин,2,0,1,1,1,0,0,0,0,0,0,0,0,0,0,0,0,0,0,0,0,0,1
250000.0,Kews K16 NB300,Шадринск,1.0,300,бензин,0,0,1,0,1,0,0,0,0,0,0,0,0,0,0,0,0,0,0,0,0,0,1
250000.0,Regulmoto Holeshot,Чита,1000.0,300,бензин,2,0,1,1,1,0,0,0,0,0,0,0,0,0,0,0,0,0,0,0,0,0,1
250000.0,Honda CB 750,Улан-Удэ,30000.0,747,бензин,29,0,1,0,1,0,0,0,0,0,0,0,0,0,1,0,0,0,0,0,0,0,0
250000.0,Suzuki GSF 400 Bandit,Москва,25000.0,400,бензин,30,0,1,0,0,0,1,0,0,0,0,0,0,0,0,0,0,0,0,1,0,0,0
250000.0,Yamaha YZF-R125,Владивосток,39000.0,125,бензин,15,0,1,1,1,0,0,0,0,0,0,0,0,0,0,0,0,0,0,0,0,1,0
250000.0,Suzuki Djebel 200,Сибирцево,38035.0,199,бензин,25,0,1,0,1,0,0,0,0,0,0,0,0,0,0,0,0,0,0,1,0,0,0
250000.0,Yamaha FZR 750,Тюмень,35000.0,750,бензин,33,0,1,0,1,0,0,0,0,0,0,0,0,0,0,0,0,0,0,0,0,1,0
250000.0,Honda CB 400SF,Тогучин,20000.0,400,бензин,29,0,1,0,1,0,0,0,0,0,0,0,0,0,1,0,0,0,0,0,0,0,0
250000.0,Avantis Enduro 250 Carb Exclusive ARS,Бийск,250.0,250,бензин,3,0,1,0,1,0,0,0,0,0,0,0,0,0,0,0,0,0,0,0,0,0,1
250000.0,Motoland WRX 300 NC,Красноярск,137.0,300,бензин,6,0,1,0,0,0,0,0,1,0,0,0,0,0,0,0,0,0,0,0,0,0,1
250000.0,KTM 400 EXC,Петропавловск-Камчатский,40000.0,400,бензин,24,0,1,0,1,0,0,0,0,0,0,0,0,0,0,0,0,0,0,0,0,0,1
250000.0,Kawasaki ZZR 400 2,Япония<!-- --> <!-- -->→<!-- --> <!-- -->Хабаровск,27100.0,400,бензин,0,0,1,0,1,0,0,0,0,0,0,0,0,0,0,0,1,0,0,0,0,0,0
250000.0,Sharmax ExpertPro 300 Air,Ангарск,2500.0,300,бензин,1,0,1,0,1,0,0,0,0,0,0,0,0,0,0,0,0,0,0,0,0,0,1
250000.0,Иж Юпитер 5,Куйтун,331.0,350,бензин,32,0,0,0,1,0,0,0,0,0,0,0,0,0,0,0,0,0,0,0,0,0,1
250000.0,Yamaha YBR 125,Стрежевой,900.0,125,бензин,12,0,1,0,1,0,0,0,0,0,0,0,0,0,0,0,0,0,0,0,0,1,0
250000.0,Kawasaki ZZR 1100 Ninja,Спасск-Дальний,30000.0,1100,бензин,26,0,1,0,1,0,0,0,0,0,0,0,0,0,0,0,1,0,0,0,0,0,0
250000.0,Honda XR 250,Фокино,18000.0,250,бензин,28,0,1,0,1,0,0,0,0,0,0,0,0,0,1,0,0,0,0,0,0,0,0
250000.0,Suzuki Djebel 200,Ытык-Кюёль,29800.0,199,бензин,28,0,1,0,1,0,0,0,0,0,0,0,0,0,0,0,0,0,0,1,0,0,0
250000.0,Honda ST 1100,Санкт-Петербург,61000.0,1100,бензин,34,0,1,0,0,0,0,0,0,1,0,0,0,0,1,0,0,0,0,0,0,0,0
250000.0,Suzuki Djebel 200,Орск,28000.0,200,бензин,24,0,1,0,1,0,0,0,0,0,0,0,0,0,0,0,0,0,0,1,0,0,0
250000.0,Yamaha MT-25,Владивосток,1.0,250,бензин,9,0,1,1,1,0,0,0,0,0,0,0,0,0,0,0,0,0,0,0,0,1,0
250000.0,Avantis Enduro 250 Carb,Красноярск,70.0,250,бензин,3,0,1,0,0,0,0,0,1,0,0,0,0,0,0,0,0,0,0,0,0,0,1
250000.0,Bajaj Pulsar NS 200,Новосибирск,7000.0,200,бензин,4,0,1,0,0,0,0,0,1,0,0,0,0,0,0,0,0,0,0,0,0,0,1
250000.0,Honda CB 750,Москва,83000.0,750,бензин,28,0,1,0,0,0,1,0,0,0,0,0,0,0,1,0,0,0,0,0,0,0,0
250000.0,Honda CR 250R,Бийск,999.0,250,бензин,25,0,0,0,1,0,0,0,0,0,0,0,0,0,1,0,0,0,0,0,0,0,0
250000.0,Zongshen ZS250GS-3A,Москва,3000.0,250,бензин,11,0,1,1,0,0,1,0,0,0,0,0,0,0,0,0,0,0,0,0,0,0,1
250000.0,Suzuki Djebel 200,Славгород,13000.0,200,бензин,24,0,1,0,1,0,0,0,0,0,0,0,0,0,0,0,0,0,0,1,0,0,0
250000.0,Yamaha XT 400,Ванино,50000.0,400,бензин,33,0,1,0,1,0,0,0,0,0,0,0,0,0,0,0,0,0,0,0,0,1,0
250000.0,Regulmoto Holeshot Red Edition,Черногорск,400.0,300,бензин,1,0,1,0,1,0,0,0,0,0,0,0,0,0,0,0,0,0,0,0,0,0,1
250000.0,Honda CB 400SF,Борзя,20000.0,400,бензин,29,0,1,0,1,0,0,0,0,0,0,0,0,0,1,0,0,0,0,0,0,0,0
250000.0,Honda CBR 250R,Усть-Илимск,19700.0,250,бензин,12,0,1,1,1,0,0,0,0,0,0,0,0,0,1,0,0,0,0,0,0,0,0
250000.0,Kawasaki ZZR 400 2,Япония<!-- --> <!-- -->→<!-- --> <!-- -->Владивосток,41000.0,400,бензин,27,0,1,0,1,0,0,0,0,0,0,0,0,0,0,0,1,0,0,0,0,0,0
250000.0,Suzuki Volty TU250,Новосибирск,43355.0,250,бензин,26,0,1,0,0,0,0,0,1,0,0,0,0,0,0,0,0,0,0,1,0,0,0
250000.0,Honda XLR 250R,Благовещенск,10000.0,250,бензин,29,0,1,0,1,0,0,0,0,0,0,0,0,0,1,0,0,0,0,0,0,0,0
250000.0,Honda VFR 800X Crossrunner,Чита,18000.0,800,бензин,14,0,1,1,1,0,0,0,0,0,0,0,0,0,1,0,0,0,0,0,0,0,0
250000.0,Suzuki Djebel 200,Иркутск,9900.0,199,бензин,20,0,1,0,1,0,0,0,0,0,0,0,0,0,0,0,0,0,0,1,0,0,0
250000.0,Yamaha YZ 450F,Чита,20.0,450,бензин,20,0,1,0,1,0,0,0,0,0,0,0,0,0,0,0,0,0,0,0,0,1,0
250000.0,Yamaha Serow,Славянск-На-Кубани,15400.0,225,бензин,33,0,1,0,1,0,0,0,0,0,0,0,0,0,0,0,0,0,0,0,0,1,0
250000.0,Avantis Enduro 250 EFI Exclusive ARS,Томск,1800.0,250,бензин,3,0,1,1,1,0,0,0,0,0,0,0,0,0,0,0,0,0,0,0,0,0,1
250000.0,Regulmoto Holeshot Red Edition,Свободный,130.0,300,бензин,1,0,1,0,1,0,0,0,0,0,0,0,0,0,0,0,0,0,0,0,0,0,1
250000.0,Sharmax Power Max 300,Анжеро-Судженск,2.0,280,бензин,5,0,1,0,1,0,0,0,0,0,0,0,0,0,0,0,0,0,0,0,0,0,1
250000.0,Kawasaki ZZR 1100C,Петропавловск-Камчатский,33000.0,1100,бензин,33,0,1,0,1,0,0,0,0,0,0,0,0,0,0,0,1,0,0,0,0,0,0
250000.0,Yamaha Virago XV 400,Поспелиха,7050.0,400,бензин,25,0,1,0,1,0,0,0,0,0,0,0,0,0,0,0,0,0,0,0,0,1,0
250000.0,Kawasaki Ninja 250R,Иркутск,22000.0,250,бензин,15,0,1,1,1,0,0,0,0,0,0,0,0,0,0,0,1,0,0,0,0,0,0
250000.0,Honda CB 1000,Краснодар,1000.0,1000,бензин,32,0,1,0,0,0,0,0,1,0,0,0,0,0,1,0,0,0,0,0,0,0,0
250000.0,Regulmoto Holeshot,Дарасун,3500.0,300,бензин,3,0,1,0,1,0,0,0,0,0,0,0,0,0,0,0,0,0,0,0,0,0,1
250000.0,Урал ИМЗ 8.103-10,Прокопьевск,20000.0,649,бензин,35,0,1,0,1,0,0,0,0,0,0,0,0,0,0,0,0,0,0,0,0,0,1
250000.0,Иж Юпитер 2,Красноярск,3.0,350,бензин,57,0,0,0,0,0,0,0,1,0,0,0,0,0,0,0,0,0,0,0,0,0,1
250000.0,KTM 380 EXC,Горно-Алтайск,3000.0,380,бензин,24,0,0,0,1,0,0,0,0,0,0,0,0,0,0,0,0,0,0,0,0,0,1
250000.0,Suzuki VS 400 Intruder,Партизанск,36500.0,399,бензин,31,0,1,0,1,0,0,0,0,0,0,0,0,0,0,0,0,0,0,1,0,0,0
250000.0,KTM 250 SX-F,Железногорск,1000.0,250,бензин,16,0,1,0,1,0,0,0,0,0,0,0,0,0,0,0,0,0,0,0,0,0,1
250000.0,Regulmoto CR-Z 300,Томск,4500.0,300,бензин,2,0,1,0,1,0,0,0,0,0,0,0,0,0,0,0,0,0,0,0,0,0,1
250000.0,Yamaha YZ 250F,Магадан,7.0,250,бензин,15,0,1,0,1,0,0,0,0,0,0,0,0,0,0,0,0,0,0,0,0,1,0
250000.0,Kawasaki ZZR,Новосибирск,33333.0,1100,бензин,33,0,1,0,0,0,0,0,1,0,0,0,0,0,0,0,1,0,0,0,0,0,0
250000.0,Sharmax ExpertPro 300 Air,Конышевка,2181.0,300,бензин,1,0,1,0,1,0,0,0,0,0,0,0,0,0,0,0,0,0,0,0,0,0,1
250000.0,Suzuki VZ 400 Desperado,Владивосток,26664.0,399,бензин,25,0,1,0,1,0,0,0,0,0,0,0,0,0,0,0,0,0,0,1,0,0,0
250000.0,Kawasaki KLR 250,Краснодар,16341.0,250,бензин,29,0,1,0,0,0,0,0,1,0,0,0,0,0,0,0,1,0,0,0,0,0,0
250000.0,Suzuki Djebel 200,Шушенское,22000.0,199,бензин,21,0,1,0,1,0,0,0,0,0,0,0,0,0,0,0,0,0,0,1,0,0,0
250000.0,Иж Планета 5,Чита,5900.0,350,бензин,33,0,0,0,1,0,0,0,0,0,0,0,0,0,0,0,0,0,0,0,0,0,1
250000.0,Honda Bros 400,Курья,6000.0,398,бензин,33,0,1,0,1,0,0,0,0,0,0,0,0,0,1,0,0,0,0,0,0,0,0
250000.0,Suzuki Skywave 400,Ванино,16000.0,400,бензин,19,1,1,1,1,0,0,0,0,0,0,0,0,0,0,0,0,0,0,1,0,0,0
250000.0,Honda CB-1,Новокузнецк,25000.0,400,бензин,33,0,1,0,1,0,0,0,0,0,0,0,0,0,1,0,0,0,0,0,0,0,0
250000.0,KTM 85 SX,Льгов,100.0,85,бензин,14,0,0,0,1,0,0,0,0,0,0,0,0,0,0,0,0,0,0,0,0,0,1
250000.0,Honda XR 250 Baja,Иркутск,45000.0,250,бензин,26,0,1,0,1,0,0,0,0,0,0,0,0,0,1,0,0,0,0,0,0,0,0
250000.0,Kawasaki ZZR 400 2,Уссурийск,23000.0,400,бензин,32,0,1,0,1,0,0,0,0,0,0,0,0,0,0,0,1,0,0,0,0,0,0
250000.0,Husqvarna TE 250,Петропавловск-Камчатский,4100.0,250,бензин,19,0,1,0,1,0,0,0,0,0,0,0,0,0,0,0,0,0,0,0,0,0,1
250000.0,Kawasaki KL250 Super Sherpa,Новосибирск,18400.0,250,бензин,28,0,1,0,0,0,0,0,1,0,0,0,0,0,0,0,1,0,0,0,0,0,0
250000.0,Honda Steed 400,Хабаровск,2500.0,400,бензин,31,0,1,0,1,0,0,0,0,0,0,0,0,0,1,0,0,0,0,0,0,0,0
250000.0,Suzuki Djebel 250,Красноярск,30000.0,250,бензин,33,0,1,0,0,0,0,0,1,0,0,0,0,0,0,0,0,0,0,1,0,0,0
250000.0,Avantis Enduro 250 Pro EFI,Горно-Алтайск,500.0,300,бензин,3,0,1,1,1,0,0,0,0,0,0,0,0,0,0,0,0,0,0,0,0,0,1
250000.0,Kawasaki KLX 250,Жирекен,19000.0,250,бензин,29,0,1,0,1,0,0,0,0,0,0,0,0,0,0,0,1,0,0,0,0,0,0
250000.0,Regulmoto Crosstrec 300,Новоегорьевское,6500.0,300,бензин,2,0,1,0,1,0,0,0,0,0,0,0,0,0,0,0,0,0,0,0,0,0,1
250000.0,Урал М-67,Хабаровск,24000.0,680,бензин,41,0,1,0,1,0,0,0,0,0,0,0,0,0,0,0,0,0,0,0,0,0,1
250000.0,Yamaha XJR 400,Чита,10000.0,400,бензин,27,0,1,0,1,0,0,0,0,0,0,0,0,0,0,0,0,0,0,0,0,1,0
250000.0,Kawasaki ZZR 400,Биробиджан,23000.0,400,бензин,33,0,1,0,1,0,0,0,0,0,0,0,0,0,0,0,1,0,0,0,0,0,0
250000.0,Regulmoto Sport-003 PR,Тюмень,5.0,300,бензин,2,0,1,0,1,0,0,0,0,0,0,0,0,0,0,0,0,0,0,0,0,0,1
250000.0,Kawasaki ZZR 400 2,Хабаровск,23800.0,400,бензин,20,0,1,0,1,0,0,0,0,0,0,0,0,0,0,0,1,0,0,0,0,0,0
250000.0,STELS 400 Cruiser,Кемерово,6000.0,400,бензин,14,0,1,0,1,0,0,0,0,0,0,0,0,0,0,0,0,0,0,0,0,0,1
250000.0,Yamaha XT 250,Арсеньев,13500.0,250,бензин,27,0,1,0,1,0,0,0,0,0,0,0,0,0,0,0,0,0,0,0,0,1,0
250000.0,Kawasaki ZZR 400 2,Санкт-Петербург,50000.0,400,бензин,27,0,1,0,0,0,0,0,0,1,0,0,0,0,0,0,1,0,0,0,0,0,0
250000.0,Урал ИМЗ 8.103-10,Елизово,10000.0,650,бензин,33,0,1,0,1,0,0,0,0,0,0,0,0,0,0,0,0,0,0,0,0,0,1
250000.0,Yamaha TT-R 250 Raid,Кольцово,47000.0,250,бензин,29,0,1,0,1,0,0,0,0,0,0,0,0,0,0,0,0,0,0,0,0,1,0
250000.0,Kawasaki KLX 250,Арсеньев,34000.0,250,бензин,23,0,1,0,1,0,0,0,0,0,0,0,0,0,0,0,1,0,0,0,0,0,0
250000.0,Progasi Gaudi 300,Иркутск,1200.0,370,бензин,2,0,1,1,1,0,0,0,0,0,0,0,0,0,0,0,0,0,0,0,0,0,1
250000.0,Yamaha XJR 400,Иркутск,73000.0,400,бензин,25,0,1,0,1,0,0,0,0,0,0,0,0,0,0,0,0,0,0,0,0,1,0
250000.0,Xinguizun XGZ300GY,Кемерово,100.0,300,бензин,1,0,1,0,1,0,0,0,0,0,0,0,0,0,0,0,0,0,0,0,0,0,1
250000.0,Kawasaki KLE 400,Усть-Илимск,36000.0,400,бензин,28,0,1,0,1,0,0,0,0,0,0,0,0,0,0,0,1,0,0,0,0,0,0
250000.0,Yamaha TT-R 250 Raid,Сибирцево,10000.0,249,бензин,29,0,1,0,1,0,0,0,0,0,0,0,0,0,0,0,0,0,0,0,0,1,0
250000.0,Avantis Enduro 300 Pro EFI,Сосновоборск,1000.0,300,бензин,5,0,1,1,1,0,0,0,0,0,0,0,0,0,0,0,0,0,0,0,0,0,1
250000.0,Yamaha Dragstar / V-Star / XVS,Комсомольск-на-Амуре,32000.0,400,бензин,28,0,1,0,1,0,0,0,0,0,0,0,0,0,0,0,0,0,0,0,0,1,0
250000.0,Suzuki SV 650S,Дивеево,60000.0,650,бензин,20,0,1,0,1,0,0,0,0,0,0,0,0,0,0,0,0,0,0,1,0,0,0
250000.0,Yamaha FZ 400,Томск,100000.0,400,бензин,28,0,1,0,1,0,0,0,0,0,0,0,0,0,0,0,0,0,0,0,0,1,0
250000.0,Yamaha TW 200,Владивосток,22000.0,200,бензин,25,0,1,0,1,0,0,0,0,0,0,0,0,0,0,0,0,0,0,0,0,1,0
250000.0,Yamaha TW 200,Казань,13000.0,200,бензин,25,0,1,0,0,0,0,0,1,0,0,0,0,0,0,0,0,0,0,0,0,1,0
250000.0,Progasi Race 300 Air,Прокопьевск,1000.0,300,бензин,3,0,1,0,1,0,0,0,0,0,0,0,0,0,0,0,0,0,0,0,0,0,1
250000.0,Kawasaki ZZR 400,Уссурийск,50000.0,400,бензин,29,0,1,0,1,0,0,0,0,0,0,0,0,0,0,0,1,0,0,0,0,0,0
253000.0,Regulmoto CR-Z 300,Новосибирск,1.0,300,бензин,1,0,1,0,0,0,0,0,1,0,0,0,0,0,0,0,0,0,0,0,0,0,1
255000.0,Honda Monkey,Владивосток,4900.0,150,бензин,14,0,1,0,1,0,0,0,0,0,0,0,0,0,1,0,0,0,0,0,0,0,0
255000.0,Kawasaki ZZR 400 2,Чита,44000.0,400,бензин,21,0,1,0,1,0,0,0,0,0,0,0,0,0,0,0,1,0,0,0,0,0,0
255000.0,Yamaha YZ 250F,Улан-Удэ,1000.0,250,бензин,20,0,1,0,1,0,0,0,0,0,0,0,0,0,0,0,0,0,0,0,0,1,0
255000.0,Honda CB 400SF,Мыски,42000.0,400,бензин,29,0,1,0,1,0,0,0,0,0,0,0,0,0,1,0,0,0,0,0,0,0,0
255000.0,Kawasaki Ninja 250R,Воронеж,50000.0,249,бензин,16,0,1,1,0,0,0,0,1,0,0,0,0,0,0,0,1,0,0,0,0,0,0
255000.0,Suzuki RM 250,Дальнереченск,1000.0,249,бензин,28,0,0,0,1,0,0,0,0,0,0,0,0,0,0,0,0,0,0,1,0,0,0
255000.0,Yamaha YBR 250,Владивосток,12585.0,249,бензин,15,0,1,1,1,0,0,0,0,0,0,0,0,0,0,0,0,0,0,0,0,1,0
255000.0,Yamaha TT 250R,Чита,159000.0,250,бензин,28,0,1,0,1,0,0,0,0,0,0,0,0,0,0,0,0,0,0,0,0,1,0
255000.0,Regulmoto Holeshot Red Edition,Благовещенск,900.0,300,бензин,1,0,1,0,1,0,0,0,0,0,0,0,0,0,0,0,0,0,0,0,0,0,1
255000.0,Honda Steed 400,Благовещенск,9000.0,400,бензин,31,0,1,0,1,0,0,0,0,0,0,0,0,0,1,0,0,0,0,0,0,0,0
255000.0,Regulmoto Holeshot Red Edition,Иркутск,1800.0,300,бензин,1,0,1,0,1,0,0,0,0,0,0,0,0,0,0,0,0,0,0,0,0,0,1
255000.0,Avantis A6 Lux,Москва,160.0,280,бензин,2,0,1,0,0,0,1,0,0,0,0,0,0,0,0,0,0,0,0,0,0,0,1
255000.0,Yamaha FZ 400,Владивосток,40226.0,399,бензин,28,0,1,0,1,0,0,0,0,0,0,0,0,0,0,0,0,0,0,0,0,1,0
255000.0,Kews K16 NB300,Ростов-на-Дону,99999.0,300,бензин,0,0,1,0,0,0,0,0,1,0,0,0,0,0,0,0,0,0,0,0,0,0,1
255000.0,Honda CBR 250R,Владивосток,23355.0,259,бензин,12,0,1,1,1,0,0,0,0,0,0,0,0,0,1,0,0,0,0,0,0,0,0
255000.0,Kawasaki KSR110,Новоалтайск,1.0,110,бензин,13,1,1,0,1,0,0,0,0,0,0,0,0,0,0,0,1,0,0,0,0,0,0
255000.0,Avantis A7 Lux,Бийск,75.0,300,бензин,3,0,1,0,1,0,0,0,0,0,0,0,0,0,0,0,0,0,0,0,0,0,1
256000.0,Yamaha TDR 125,Омск,8000.0,125,бензин,25,0,0,0,0,0,0,0,1,0,0,0,0,0,0,0,0,0,0,0,0,1,0
256000.0,Regulmoto Legend 300,Белогорск,1200.0,300,бензин,2,0,1,0,1,0,0,0,0,0,0,0,0,0,0,0,0,0,0,0,0,0,1
256990.0,BSE Z5,Владивосток,1.0,250,бензин,4,0,1,0,1,0,0,0,0,0,0,0,0,0,0,0,0,0,0,0,0,0,1
257000.0,Suzuki DR 250S,Новоалтайск,23000.0,250,бензин,35,0,1,0,1,0,0,0,0,0,0,0,0,0,0,0,0,0,0,1,0,0,0
258000.0,KTM 200 Duke,Уссурийск,15500.0,200,бензин,11,0,1,1,1,0,0,0,0,0,0,0,0,0,0,0,0,0,0,0,0,0,1
259000.0,Suzuki GSR 250 Inazuma,Владивосток,13072.0,248,бензин,10,0,1,1,1,0,0,0,0,0,0,0,0,0,0,0,0,0,0,1,0,0,0
259000.0,Kews K23 YBS300,Москва,3.0,300,бензин,0,0,1,0,0,0,1,0,0,0,0,0,0,0,0,0,0,0,0,0,0,0,1
259000.0,Kawasaki KL250 Super Sherpa,Владивосток,32785.0,249,бензин,25,0,1,0,1,0,0,0,0,0,0,0,0,0,0,0,1,0,0,0,0,0,0
259000.0,Yamaha XVS 400,Владивосток,71712.0,399,бензин,20,0,1,0,1,0,0,0,0,0,0,0,0,0,0,0,0,0,0,0,0,1,0
259000.0,Kews K23 NB300,Москва,3.0,300,бензин,0,0,1,0,0,0,1,0,0,0,0,0,0,0,0,0,0,0,0,0,0,0,1
260000.0,Suzuki VS 400 Intruder,Санкт-Петербург,50000.0,400,бензин,30,0,1,0,0,0,0,0,0,1,0,0,0,0,0,0,0,0,0,1,0,0,0
260000.0,Regulmoto ZR 250,Волжск,2000.0,250,бензин,4,0,1,0,1,0,0,0,0,0,0,0,0,0,0,0,0,0,0,0,0,0,1
260000.0,Honda CBR 600F3,Табуны,73000.0,599,бензин,28,0,1,0,1,0,0,0,0,0,0,0,0,0,1,0,0,0,0,0,0,0,0
260000.0,Avantis A7 Premium,Красногорское,570.0,250,бензин,4,0,1,0,1,0,0,0,0,0,0,0,0,0,0,0,0,0,0,0,0,0,1
262000.0,Suzuki Djebel 200,Владивосток,10300.0,200,бензин,29,0,1,0,1,0,0,0,0,0,0,0,0,0,0,0,0,0,0,1,0,0,0
265000.0,Suzuki Djebel 200,Ангарск,17000.0,200,бензин,23,0,1,0,1,0,0,0,0,0,0,0,0,0,0,0,0,0,0,1,0,0,0
265000.0,Kawasaki KLX 250,Владивосток,193.0,249,бензин,23,0,1,0,1,0,0,0,0,0,0,0,0,0,0,0,1,0,0,0,0,0,0
265000.0,KTM 200 Duke,Хабаровск,10609.0,200,бензин,12,0,1,1,1,0,0,0,0,0,0,0,0,0,0,0,0,0,0,0,0,0,1
265000.0,Kawasaki ZZR 400 2,Лесосибирск,46000.0,400,бензин,31,0,1,0,1,0,0,0,0,0,0,0,0,0,0,0,1,0,0,0,0,0,0
265000.0,KTM 360 EXC,Красноярск,33.0,360,бензин,28,0,0,0,0,0,0,0,1,0,0,0,0,0,0,0,0,0,0,0,0,0,1
265000.0,Bajaj Pulsar 180,Красноярск,480.0,180,бензин,1,0,1,0,0,0,0,0,1,0,0,0,0,0,0,0,0,0,0,0,0,0,1
265000.0,Kawasaki KLX 300,Нальчик,1000.0,300,бензин,19,0,1,0,1,0,0,0,0,0,0,0,0,0,0,0,1,0,0,0,0,0,0
265000.0,Yamaha TT-R 250,Смоленка,500.0,250,бензин,32,0,1,0,1,0,0,0,0,0,0,0,0,0,0,0,0,0,0,0,0,1,0
265000.0,FXmoto X8,Новолуговое,1400.0,300,бензин,2,0,1,0,1,0,0,0,0,0,0,0,0,0,0,0,0,0,0,0,0,0,1
265000.0,Suzuki Djebel 250,Нижневартовск,26000.0,250,бензин,24,0,1,0,1,0,0,0,0,0,0,0,0,0,0,0,0,0,0,1,0,0,0
265000.0,Kawasaki KLX 125,Москва,10400.0,125,бензин,13,0,1,1,0,0,1,0,0,0,0,0,0,0,0,0,1,0,0,0,0,0,0
265000.0,Yamaha XT 225,Уссурийск,20400.0,225,бензин,31,0,1,0,1,0,0,0,0,0,0,0,0,0,0,0,0,0,0,0,0,1,0
265000.0,Progasi Race 300 Wave,Сургут,349.0,280,бензин,1,0,1,0,1,0,0,0,0,0,0,0,0,0,0,0,0,0,0,0,0,0,1
265000.0,Regulmoto Crosstrec 300,Зарубино,6942.0,300,бензин,2,0,1,0,1,0,0,0,0,0,0,0,0,0,0,0,0,0,0,0,0,0,1
265000.0,Kawasaki KLE 400,Ванино,52000.0,400,бензин,24,0,1,0,1,0,0,0,0,0,0,0,0,0,0,0,1,0,0,0,0,0,0
265000.0,Yamaha Virago,Севастополь,49400.0,750,бензин,37,0,1,0,1,0,0,0,0,0,0,0,0,0,0,0,0,0,0,0,0,1,0
265000.0,Suzuki Djebel 200,Уссурийск,14000.0,200,бензин,23,0,1,0,1,0,0,0,0,0,0,0,0,0,0,0,0,0,0,1,0,0,0
266000.0,Kawasaki KLX 250,Дальнегорск,69000.0,249,бензин,24,0,1,0,1,0,0,0,0,0,0,0,0,0,0,0,1,0,0,0,0,0,0
266000.0,Kawasaki KDX 200,Чита,27700.0,200,бензин,34,0,0,0,1,0,0,0,0,0,0,0,0,0,0,0,1,0,0,0,0,0,0
268000.0,Senke SK4000D,Сочи,17000.0,300,бензин,5,0,1,1,1,0,0,0,0,0,0,0,0,0,0,0,0,0,0,0,0,0,1
269000.0,Yamaha Serow,Северск,30000.0,250,бензин,20,0,1,0,1,0,0,0,0,0,0,0,0,0,0,0,0,0,0,0,0,1,0
269000.0,Yamaha XVS 400,Владивосток,25176.0,399,бензин,26,0,1,0,1,0,0,0,0,0,0,0,0,0,0,0,0,0,0,0,0,1,0
269000.0,BMW F 650 CS,Владивосток,51080.0,650,бензин,23,0,1,1,1,0,0,0,0,0,0,0,0,0,0,0,0,0,0,0,0,0,1
269000.0,Yamaha FZX 750,Владивосток,5081.0,749,бензин,25,0,1,0,1,0,0,0,0,0,0,0,0,0,0,0,0,0,0,0,0,1,0
269000.0,Yamaha XVS 400,Владивосток,62666.0,399,бензин,27,0,1,0,1,0,0,0,0,0,0,0,0,0,0,0,0,0,0,0,0,1,0
270000.0,Yamaha YZ 250,Находка,777.0,250,бензин,22,0,0,0,1,0,0,0,0,0,0,0,0,0,0,0,0,0,0,0,0,1,0
270000.0,Honda CB 400SF,Новосибирск,43471.0,400,бензин,32,0,1,0,0,0,0,0,1,0,0,0,0,0,1,0,0,0,0,0,0,0,0
270000.0,Honda CB 400SF,Чита,45000.0,399,бензин,28,0,1,0,1,0,0,0,0,0,0,0,0,0,1,0,0,0,0,0,0,0,0
270000.0,Honda CBR 250R,Лянтор,40000.0,250,бензин,35,0,0,0,1,0,0,0,0,0,0,0,0,0,1,0,0,0,0,0,0,0,0
270000.0,Ява 350-640,Искитим,30000.0,350,бензин,31,0,0,0,1,0,0,0,0,0,0,0,0,0,0,0,0,0,0,0,0,0,1
270000.0,Progasi Race 300 Air,Улан-Удэ,600.0,300,бензин,1,0,1,0,1,0,0,0,0,0,0,0,0,0,0,0,0,0,0,0,0,0,1
270000.0,Honda FTR 223,Артём,9655.0,223,бензин,17,0,1,0,1,0,0,0,0,0,0,0,0,0,1,0,0,0,0,0,0,0,0
270000.0,Honda FTR 223,Смоляниново,21000.0,230,бензин,14,0,1,0,1,0,0,0,0,0,0,0,0,0,1,0,0,0,0,0,0,0,0
270000.0,Минск Goose 400,Барнаул,2000.0,400,бензин,2,0,1,0,1,0,0,0,0,0,0,0,0,0,0,0,0,0,0,0,0,0,1
270000.0,Suzuki GSF,Борзя,55000.0,1200,бензин,28,0,1,0,1,0,0,0,0,0,0,0,0,0,0,0,0,0,0,1,0,0,0
270000.0,Honda Shadow Ace,Находка,30000.0,400,бензин,28,0,1,0,1,0,0,0,0,0,0,0,0,0,1,0,0,0,0,0,0,0,0
270000.0,BSE Z7,Абакан,1700.0,300,бензин,1,0,1,0,1,0,0,0,0,0,0,0,0,0,0,0,0,0,0,0,0,0,1
270000.0,Yamaha FZ 400,Барнаул,50000.0,400,бензин,27,0,1,0,1,0,0,0,0,0,0,0,0,0,0,0,0,0,0,0,0,1,0
270000.0,Honda VFR 750,Ангарск,29800.0,750,бензин,28,0,1,0,1,0,0,0,0,0,0,0,0,0,1,0,0,0,0,0,0,0,0
270000.0,Honda Steed 400VSE,Улан-Удэ,53730.0,400,бензин,27,0,1,0,1,0,0,0,0,0,0,0,0,0,1,0,0,0,0,0,0,0,0
270000.0,Kawasaki KLE 400,Чита,21000.0,400,бензин,27,0,1,0,1,0,0,0,0,0,0,0,0,0,0,0,1,0,0,0,0,0,0
270000.0,Yamaha YBR 125,Белгород,10300.0,125,бензин,5,0,1,0,1,0,0,0,0,0,0,0,0,0,0,0,0,0,0,0,0,1,0
270000.0,GR GR8 F300L Enduro Optimum,Благовещенск,30.0,300,бензин,1,0,1,0,1,0,0,0,0,0,0,0,0,0,0,0,0,0,0,0,0,0,1
270000.0,Yamaha TDM 850,Хабаровск,1.0,850,бензин,29,0,1,0,1,0,0,0,0,0,0,0,0,0,0,0,0,0,0,0,0,1,0
270000.0,Avantis A3,Заринск,895.0,300,бензин,3,0,1,0,1,0,0,0,0,0,0,0,0,0,0,0,0,0,0,0,0,0,1
270000.0,Sharmax Power Max 320,Москва,16.0,300,бензин,1,0,1,0,0,0,1,0,0,0,0,0,0,0,0,0,0,0,0,0,0,0,1
270000.0,Avantis A6 Lux,Челябинск,2000.0,300,бензин,3,0,1,0,0,0,0,0,1,0,0,0,0,0,0,0,0,0,0,0,0,0,1
270000.0,Suzuki DR 800 Big,Владивосток,54396.0,800,бензин,30,0,1,0,1,0,0,0,0,0,0,0,0,0,0,0,0,0,0,1,0,0,0
270000.0,Yamaha YZF 600,Назарово,61499.0,599,бензин,27,0,1,0,1,0,0,0,0,0,0,0,0,0,0,0,0,0,0,0,0,1,0
270000.0,Honda CB 750,Чита,59000.0,750,бензин,27,0,1,0,1,0,0,0,0,0,0,0,0,0,1,0,0,0,0,0,0,0,0
270000.0,Regulmoto Crosstrec 300,Чита,2400.0,300,бензин,2,0,1,0,1,0,0,0,0,0,0,0,0,0,0,0,0,0,0,0,0,0,1
270000.0,Yamaha YZ 400,Владивосток,10.0,400,бензин,22,0,1,0,1,0,0,0,0,0,0,0,0,0,0,0,0,0,0,0,0,1,0
270000.0,KTM 450 SX-F,Симферополь,350.0,450,бензин,17,0,1,0,1,0,0,0,0,0,0,0,0,0,0,0,0,0,0,0,0,0,1
270000.0,Yamaha Dragstar / V-Star / XVS,Кубинка,70000.0,400,бензин,28,0,1,0,0,0,0,1,0,0,0,0,0,0,0,0,0,0,0,0,0,1,0
270000.0,JHL Z5V,Томск,600.0,300,бензин,1,0,1,0,1,0,0,0,0,0,0,0,0,0,0,0,0,0,0,0,0,0,1
270000.0,Regulmoto Athlete Pro,Владивосток,1300.0,300,бензин,1,0,1,0,1,0,0,0,0,0,0,0,0,0,0,0,0,0,0,0,0,0,1
270000.0,Honda Steed 400,Владивосток,10325.0,400,бензин,28,0,1,0,1,0,0,0,0,0,0,0,0,0,1,0,0,0,0,0,0,0,0
270000.0,Suzuki DR 350,Арсеньев,23000.0,350,бензин,29,0,1,0,1,0,0,0,0,0,0,0,0,0,0,0,0,0,0,1,0,0,0
270000.0,KTM 200 Duke,Горно-Алтайск,11811.0,200,бензин,13,0,1,1,1,0,0,0,0,0,0,0,0,0,0,0,0,0,0,0,0,0,1
270000.0,Bajaj Pulsar NS 200,Москва,3500.0,200,бензин,6,0,1,0,0,0,1,0,0,0,0,0,0,0,0,0,0,0,0,0,0,0,1
270000.0,Suzuki DR 250R,Абакан,27457.0,249,бензин,27,0,1,0,1,0,0,0,0,0,0,0,0,0,0,0,0,0,0,1,0,0,0
270000.0,Suzuki SV,Новосибирск,20000.0,400,бензин,25,0,1,0,0,0,0,0,1,0,0,0,0,0,0,0,0,0,0,1,0,0,0
270000.0,Yamaha TT-R 125,Магнитогорск,1000.0,125,бензин,18,0,1,0,1,0,0,0,0,0,0,0,0,0,0,0,0,0,0,0,0,1,0
270000.0,Kawasaki KLX 250,Бердск,16000.0,250,бензин,18,0,1,1,1,0,0,0,0,0,0,0,0,0,0,0,1,0,0,0,0,0,0
270000.0,Yamaha XJR 400,Чита,25200.0,400,бензин,21,0,1,0,1,0,0,0,0,0,0,0,0,0,0,0,0,0,0,0,0,1,0
270000.0,Honda SL 230,Хабаровск,19900.0,230,бензин,22,0,1,0,1,0,0,0,0,0,0,0,0,0,1,0,0,0,0,0,0,0,0
270000.0,Roliz Sport-005 ES,Иркутск,2400.0,250,бензин,1,0,1,0,1,0,0,0,0,0,0,0,0,0,0,0,0,0,0,0,0,0,1
270000.0,Honda CBR,Хабаровск,203000.0,125,бензин,21,0,1,0,1,0,0,0,0,0,0,0,0,0,1,0,0,0,0,0,0,0,0
270000.0,Kawasaki ZZR 400 2,Улан-Удэ,55496.0,400,бензин,22,0,1,0,1,0,0,0,0,0,0,0,0,0,0,0,1,0,0,0,0,0,0
270000.0,Kews K23 NB300,Челябинск,30.0,300,бензин,1,0,1,0,0,0,0,0,1,0,0,0,0,0,0,0,0,0,0,0,0,0,1
270000.0,Honda CBR 250R,Курган,1.0,250,бензин,14,0,1,1,1,0,0,0,0,0,0,0,0,0,1,0,0,0,0,0,0,0,0
270000.0,Suzuki Djebel 250,Иркутск,14000.0,250,бензин,29,0,1,0,1,0,0,0,0,0,0,0,0,0,0,0,0,0,0,1,0,0,0
270000.0,Suzuki GSR 250F,Япония<!-- --> <!-- -->→<!-- --> <!-- -->Владивосток,19000.0,250,бензин,11,0,1,1,1,0,0,0,0,0,0,0,0,0,0,0,0,0,0,1,0,0,0
270000.0,Kawasaki KX 250F,Москва,1000.0,250,бензин,17,0,1,0,0,0,1,0,0,0,0,0,0,0,0,0,1,0,0,0,0,0,0
270000.0,Kawasaki KL250 Super Sherpa,Слюдянка,16700.0,250,бензин,21,0,1,0,1,0,0,0,0,0,0,0,0,0,0,0,1,0,0,0,0,0,0
275000.0,Kews K23 NC300S,Томск,90.0,300,бензин,2,0,1,0,1,0,0,0,0,0,0,0,0,0,0,0,0,0,0,0,0,0,1
275000.0,Regulmoto Crosstrec 300,Находка,1008.0,300,бензин,1,0,1,0,1,0,0,0,0,0,0,0,0,0,0,0,0,0,0,0,0,0,1
275000.0,Kews K23 NB300,Екатеринбург,10.0,300,бензин,0,0,1,0,0,0,0,0,1,0,0,0,0,0,0,0,0,0,0,0,0,0,1
275000.0,Regulmoto Legend 300,Хурба,1000.0,300,бензин,4,0,1,0,1,0,0,0,0,0,0,0,0,0,0,0,0,0,0,0,0,0,1
275000.0,Motoland TT300,Донецк,80.0,300,бензин,0,0,1,0,1,0,0,0,0,0,0,0,0,0,0,0,0,0,0,0,0,0,1
275000.0,Regulmoto Alien Monster 300,Чита,3000.0,300,бензин,1,0,1,1,1,0,0,0,0,0,0,0,0,0,0,0,0,0,0,0,0,0,1
275000.0,Bajaj Avenger 220 Cruise,Дивногорск,705.0,220,бензин,1,0,1,0,1,0,0,0,0,0,0,0,0,0,0,0,0,0,0,0,0,0,1
275000.0,KTM 200 EXC,Владивосток,1.0,200,бензин,24,0,0,0,1,0,0,0,0,0,0,0,0,0,0,0,0,0,0,0,0,0,1
275000.0,Honda XR 230,Пограничный,23000.0,223,бензин,17,0,1,0,1,0,0,0,0,0,0,0,0,0,1,0,0,0,0,0,0,0,0
275000.0,Suzuki TL1000S,Братск,16000.0,1000,бензин,28,0,1,1,1,0,0,0,0,0,0,0,0,0,0,0,0,0,0,1,0,0,0
275000.0,Suzuki DR 250R,Владивосток,18000.0,250,бензин,27,0,1,0,1,0,0,0,0,0,0,0,0,0,0,0,0,0,0,1,0,0,0
275000.0,Fuego Scrambler 250,Курск,1.0,250,бензин,1,0,1,0,1,0,0,0,0,0,0,0,0,0,0,0,0,0,0,0,0,0,1
275000.0,Kews K23 YBS300,Екатеринбург,1.0,300,бензин,0,0,1,0,0,0,0,0,1,0,0,0,0,0,0,0,0,0,0,0,0,0,1
275000.0,Yamaha YZF-R125,Владивосток,9703.0,125,бензин,13,0,1,1,1,0,0,0,0,0,0,0,0,0,0,0,0,0,0,0,0,1,0
275000.0,Regulmoto Legend 300,Горно-Алтайск,1500.0,300,бензин,1,0,1,0,1,0,0,0,0,0,0,0,0,0,0,0,0,0,0,0,0,0,1
275000.0,Yamaha YZF-R125,Владивосток,10584.0,125,бензин,15,0,1,1,1,0,0,0,0,0,0,0,0,0,0,0,0,0,0,0,0,1,0
275000.0,Honda CRF 250R,Уссурийск,100.0,250,бензин,18,0,1,0,1,0,0,0,0,0,0,0,0,0,1,0,0,0,0,0,0,0,0
275000.0,JHL Z5,Сочи,270.0,300,бензин,1,0,1,0,1,0,0,0,0,0,0,0,0,0,0,0,0,0,0,0,0,0,1
275000.0,Hasky V4,Кингисепп,100.0,300,бензин,0,0,1,0,0,1,0,0,0,0,0,0,0,0,0,0,0,0,0,0,0,0,1
275000.0,Yamaha FZ 400,Чита,83000.0,400,бензин,27,0,1,0,1,0,0,0,0,0,0,0,0,0,0,0,0,0,0,0,0,1,0
277000.0,Suzuki SV 400S,Иркутск,22000.0,399,бензин,27,0,1,0,1,0,0,0,0,0,0,0,0,0,0,0,0,0,0,1,0,0,0
278000.0,Suzuki RV 200 VanVan,Чернышевск,16899.0,200,бензин,22,0,1,0,1,0,0,0,0,0,0,0,0,0,0,0,0,0,0,1,0,0,0
280000.0,Kawasaki ZZR 400,Осинники,20000.0,400,бензин,32,0,1,0,1,0,0,0,0,0,0,0,0,0,0,0,1,0,0,0,0,0,0
280000.0,Suzuki VZ 400 Desperado,Япония<!-- --> <!-- -->→<!-- --> <!-- -->Владивосток,10700.0,400,бензин,27,0,1,0,1,0,0,0,0,0,0,0,0,0,0,0,0,0,0,1,0,0,0
280000.0,BMW F 650 CS,Владивосток,46034.0,650,бензин,23,0,1,1,1,0,0,0,0,0,0,0,0,0,0,0,0,0,0,0,0,0,1
280000.0,Suzuki VZ 400 Desperado,Владивосток,45453.0,400,бензин,26,0,1,0,1,0,0,0,0,0,0,0,0,0,0,0,0,0,0,1,0,0,0
280000.0,Kawasaki Ninja ZX-9R,Биробиджан,42000.0,900,бензин,26,0,1,0,1,0,0,0,0,0,0,0,0,0,0,0,1,0,0,0,0,0,0
280000.0,Rockot Motors R300,Анжеро-Судженск,600.0,300,бензин,2,0,1,0,1,0,0,0,0,0,0,0,0,0,0,0,0,0,0,0,0,0,1
280000.0,Motoland RMZ250,Майма,25.0,250,бензин,2,0,1,0,1,0,0,0,0,0,0,0,0,0,0,0,0,0,0,0,0,0,1
280000.0,Honda CB 400SF,Абакан,18500.0,400,бензин,31,0,1,0,1,0,0,0,0,0,0,0,0,0,1,0,0,0,0,0,0,0,0
280000.0,Honda CR 250,Лесозаводск,25000.0,250,бензин,24,0,1,0,1,0,0,0,0,0,0,0,0,0,1,0,0,0,0,0,0,0,0
280000.0,Yamaha TT-R 250,Осинники,13000.0,250,бензин,31,0,1,0,1,0,0,0,0,0,0,0,0,0,0,0,0,0,0,0,0,1,0
280000.0,Kawasaki Ninja ZX-6R,Томск,47000.0,600,бензин,30,0,1,0,1,0,0,0,0,0,0,0,0,0,0,0,1,0,0,0,0,0,0
280000.0,Honda XR 250,Сочи,10000.0,250,бензин,22,0,1,0,1,0,0,0,0,0,0,0,0,0,1,0,0,0,0,0,0,0,0
280000.0,Honda CR 250R,Чита,1.0,250,бензин,28,0,0,0,1,0,0,0,0,0,0,0,0,0,1,0,0,0,0,0,0,0,0
280000.0,Yamaha XVS 400,Владивосток,48970.0,399,бензин,27,0,1,0,1,0,0,0,0,0,0,0,0,0,0,0,0,0,0,0,0,1,0
280000.0,Yamaha XTZ,Новосибирск,55256.0,750,бензин,31,0,1,0,0,0,0,0,1,0,0,0,0,0,0,0,0,0,0,0,0,1,0
280000.0,Honda SL 230,Кемерово,7000.0,225,бензин,24,0,1,0,1,0,0,0,0,0,0,0,0,0,1,0,0,0,0,0,0,0,0
280000.0,Suzuki VS 750 Intruder,Нерюнгри,36000.0,747,бензин,39,0,1,0,1,0,0,0,0,0,0,0,0,0,0,0,0,0,0,1,0,0,0
280000.0,Kawasaki VN Vulcan 1500,Усть-Баргузин,55964.0,1470,бензин,34,0,1,0,1,0,0,0,0,0,0,0,0,0,0,0,1,0,0,0,0,0,0
280000.0,Honda Steed,Большой Камень,29160.0,400,бензин,28,0,1,0,1,0,0,0,0,0,0,0,0,0,1,0,0,0,0,0,0,0,0
280000.0,Kawasaki KLX 300,Партизанск,30000.0,300,бензин,21,0,1,0,1,0,0,0,0,0,0,0,0,0,0,0,1,0,0,0,0,0,0
280000.0,BRZ X6M,Хабаровск,40.0,300,бензин,3,0,1,0,1,0,0,0,0,0,0,0,0,0,0,0,0,0,0,0,0,0,1
280000.0,Progasi Race 300,Бийск,2500.0,300,бензин,2,0,1,0,1,0,0,0,0,0,0,0,0,0,0,0,0,0,0,0,0,0,1
280000.0,Yamaha FZ 400,Краснокаменск,36500.0,399,бензин,28,0,1,0,1,0,0,0,0,0,0,0,0,0,0,0,0,0,0,0,0,1,0
280000.0,Kawasaki Eliminator 250,Япония<!-- --> <!-- -->→<!-- --> <!-- -->Владивосток,25000.0,250,бензин,27,0,1,0,1,0,0,0,0,0,0,0,0,0,0,0,1,0,0,0,0,0,0
280000.0,Suzuki RF 900R,Владивосток,50000.0,900,бензин,31,0,1,0,1,0,0,0,0,0,0,0,0,0,0,0,0,0,0,1,0,0,0
280000.0,Bajaj Avenger,Зверево,10000.0,220,бензин,3,0,1,0,1,0,0,0,0,0,0,0,0,0,0,0,0,0,0,0,0,0,1
280000.0,Avantis A7 New,Новосибирск,1.0,300,бензин,1,0,1,0,0,0,0,0,1,0,0,0,0,0,0,0,0,0,0,0,0,0,1
280000.0,Progasi Race 300 Wave,Жирновск,140.0,300,бензин,1,0,1,0,1,0,0,0,0,0,0,0,0,0,0,0,0,0,0,0,0,0,1
280000.0,Yamaha TT-R 250 Open Enduro,Владивосток,777.0,250,бензин,32,0,1,0,1,0,0,0,0,0,0,0,0,0,0,0,0,0,0,0,0,1,0
280000.0,Honda CB 400SF,Владивосток,48000.0,400,бензин,29,0,1,0,1,0,0,0,0,0,0,0,0,0,1,0,0,0,0,0,0,0,0
280000.0,Suzuki GSF 600 Bandit,Барнаул,40000.0,599,бензин,30,0,1,0,1,0,0,0,0,0,0,0,0,0,0,0,0,0,0,1,0,0,0
280000.0,SPR-Motors Brutal 300,Красногорский,753.0,300,бензин,2,0,1,0,1,0,0,0,0,0,0,0,0,0,0,0,0,0,0,0,0,0,1
280000.0,Honda CB 400SF,Шелехов,16000.0,400,бензин,30,0,1,0,1,0,0,0,0,0,0,0,0,0,1,0,0,0,0,0,0,0,0
280000.0,Kawasaki ZZR 1100D,Новосибирск,250000.0,1100,бензин,30,0,1,0,0,0,0,0,1,0,0,0,0,0,0,0,1,0,0,0,0,0,0
280000.0,Kawasaki KX 80,Красноярск,40.0,80,бензин,42,0,0,0,0,0,0,0,1,0,0,0,0,0,0,0,1,0,0,0,0,0,0
280000.0,Kawasaki ZR-7,Барнаул,54000.0,750,бензин,25,0,1,0,1,0,0,0,0,0,0,0,0,0,0,0,1,0,0,0,0,0,0
280000.0,Kawasaki Balius,Яровое,33500.0,250,бензин,25,0,1,0,1,0,0,0,0,0,0,0,0,0,0,0,1,0,0,0,0,0,0
280000.0,Yamaha FZX 750,Улан-Удэ,37872.0,750,бензин,31,0,1,0,1,0,0,0,0,0,0,0,0,0,0,0,0,0,0,0,0,1,0
280000.0,ZMmoto Rocker S,Екатеринбург,34.0,270,бензин,1,0,1,0,0,0,0,0,1,0,0,0,0,0,0,0,0,0,0,0,0,0,1
280000.0,Kawasaki VN Vulcan 400,Якутск,50334.0,400,бензин,30,0,1,0,1,0,0,0,0,0,0,0,0,0,0,0,1,0,0,0,0,0,0
280000.0,Kawasaki Ninja 250R,Барнаул,21000.0,250,бензин,13,0,1,1,1,0,0,0,0,0,0,0,0,0,0,0,1,0,0,0,0,0,0
280000.0,Suzuki DR 250R,Новосибирск,2450.0,249,бензин,30,0,1,0,0,0,0,0,1,0,0,0,0,0,0,0,0,0,0,1,0,0,0
280000.0,Avantis Enduro 300 Carb,Красноярск,1.0,300,бензин,3,0,1,0,0,0,0,0,1,0,0,0,0,0,0,0,0,0,0,0,0,0,1
285000.0,Yamaha FJ 1200,Краснокаменск,21000.0,1200,бензин,34,0,1,0,1,0,0,0,0,0,0,0,0,0,0,0,0,0,0,0,0,1,0
285000.0,Kawasaki Ninja ZX-9R,Уссурийск,46692.0,900,бензин,25,0,1,0,1,0,0,0,0,0,0,0,0,0,0,0,1,0,0,0,0,0,0
285000.0,Triumph Speed Triple,Кемерово,15000.0,900,бензин,28,0,1,1,1,0,0,0,0,0,0,0,0,0,0,0,0,0,0,0,1,0,0
285000.0,Suzuki RM 125,Пангоды,30.0,125,бензин,24,0,0,0,1,0,0,0,0,0,0,0,0,0,0,0,0,0,0,1,0,0,0
285000.0,Honda CB 400SF,Улан-Удэ,26000.0,400,бензин,29,0,1,0,1,0,0,0,0,0,0,0,0,0,1,0,0,0,0,0,0,0,0
285000.0,Snow Shoot,Хабаровск,19485.0,200,бензин,17,0,1,1,1,0,0,0,0,0,0,0,0,0,0,0,0,0,0,0,0,0,1
285000.0,Kawasaki ZZR 1100 Ninja,Хабаровск,31315.0,1100,бензин,30,0,1,0,1,0,0,0,0,0,0,0,0,0,0,0,1,0,0,0,0,0,0
285000.0,Honda CB 750,Владивосток,41205.0,747,бензин,19,0,1,0,1,0,0,0,0,0,0,0,0,0,1,0,0,0,0,0,0,0,0
285000.0,Zuumav FX K8,Белый Яр,100.0,300,бензин,2,0,1,0,1,0,0,0,0,0,0,0,0,0,0,0,0,0,0,0,0,0,1
285000.0,Suzuki RMX 250,Райчихинск,20000.0,250,бензин,31,0,0,0,1,0,0,0,0,0,0,0,0,0,0,0,0,0,0,1,0,0,0
285000.0,Honda Steed 600,Хабаровск,65143.0,600,бензин,30,0,1,0,1,0,0,0,0,0,0,0,0,0,1,0,0,0,0,0,0,0,0
285000.0,Yamaha TT 250R,Владивосток,19226.0,249,бензин,27,0,1,0,1,0,0,0,0,0,0,0,0,0,0,0,0,0,0,0,0,1,0
285000.0,Suzuki Djebel 200,Рошаль,24870.0,199,бензин,22,0,1,0,0,0,0,1,0,0,0,0,0,0,0,0,0,0,0,1,0,0,0
285000.0,Honda CB 750,Владивосток,1.0,747,бензин,21,0,1,0,1,0,0,0,0,0,0,0,0,0,1,0,0,0,0,0,0,0,0
285000.0,Honda PC 800,Абакан,68000.0,800,бензин,32,0,1,0,1,0,0,0,0,0,0,0,0,0,1,0,0,0,0,0,0,0,0
285000.0,Suzuki RM-Z 250,Благовещенск,17000.0,250,бензин,10,0,1,1,1,0,0,0,0,0,0,0,0,0,0,0,0,0,0,1,0,0,0
285000.0,Honda CB 400SF Version S,Новосибирск,34125.0,399,бензин,29,0,1,0,0,0,0,0,1,0,0,0,0,0,1,0,0,0,0,0,0,0,0
287000.0,Suzuki DF 200,Владивосток,8376.0,200,бензин,28,0,1,0,1,0,0,0,0,0,0,0,0,0,0,0,0,0,0,1,0,0,0
290000.0,Suzuki Djebel 250,Северобайкальск,37300.0,250,бензин,29,0,1,0,1,0,0,0,0,0,0,0,0,0,0,0,0,0,0,1,0,0,0
290000.0,Suzuki GSF 600 Bandit,Тула,36000.0,600,бензин,22,0,1,0,1,0,0,0,0,0,0,0,0,0,0,0,0,0,0,1,0,0,0
290000.0,Kawasaki KLX 125,Хоринск,17000.0,125,бензин,14,0,1,1,1,0,0,0,0,0,0,0,0,0,0,0,1,0,0,0,0,0,0
290000.0,Yamaha YZF-R25,Уссурийск,24000.0,250,бензин,9,0,1,1,1,0,0,0,0,0,0,0,0,0,0,0,0,0,0,0,0,1,0
290000.0,Progasi Race 300 Wave,Родино,900.0,300,бензин,1,0,1,0,1,0,0,0,0,0,0,0,0,0,0,0,0,0,0,0,0,0,1
290000.0,Suzuki SV 650S,Барнаул,35000.0,650,бензин,27,0,1,0,1,0,0,0,0,0,0,0,0,0,0,0,0,0,0,1,0,0,0
290000.0,Honda Transalp 400,Красноярск,37000.0,400,бензин,32,0,1,0,0,0,0,0,1,0,0,0,0,0,1,0,0,0,0,0,0,0,0
290000.0,Voge 300AC,Барнаул,3000.0,300,бензин,4,0,1,1,1,0,0,0,0,0,0,0,0,0,0,0,0,0,0,0,0,0,1
290000.0,BMW F 650 GS,Ноябрьск,72000.0,650,бензин,25,0,1,1,1,0,0,0,0,0,0,0,0,0,0,0,0,0,0,0,0,0,1
290000.0,Kawasaki KL250 Super Sherpa,Владивосток,24543.0,250,бензин,23,0,1,0,1,0,0,0,0,0,0,0,0,0,0,0,1,0,0,0,0,0,0
290000.0,Kawasaki VN Vulcan 800 Classic,Япония<!-- --> <!-- -->→<!-- --> <!-- -->Владивосток,10000.0,800,бензин,26,0,1,0,1,0,0,0,0,0,0,0,0,0,0,0,1,0,0,0,0,0,0
290000.0,Honda CRF 250R,Москва,1500.0,250,бензин,17,0,1,0,0,0,1,0,0,0,0,0,0,0,1,0,0,0,0,0,0,0,0
290000.0,Honda Shadow 1100,Ванино,42000.0,1100,бензин,31,0,1,0,1,0,0,0,0,0,0,0,0,0,1,0,0,0,0,0,0,0,0
290000.0,Avantis Enduro 250 Pro EFI,Челябинск,90.0,250,бензин,3,0,0,1,0,0,0,0,1,0,0,0,0,0,0,0,0,0,0,0,0,0,1
290000.0,Kews K16 2T MT250,Новороссийск,43.0,250,бензин,1,0,0,0,1,0,0,0,0,0,0,0,0,0,0,0,0,0,0,0,0,0,1
290000.0,KTM 200 Duke,Хабаровск,4680.0,200,бензин,7,0,1,1,1,0,0,0,0,0,0,0,0,0,0,0,0,0,0,0,0,0,1
290000.0,Avantis Enduro 300 Pro EFI,Томск,30.0,300,бензин,2,0,1,1,1,0,0,0,0,0,0,0,0,0,0,0,0,0,0,0,0,0,1
290000.0,KTM 250 Duke,Владивосток,14038.0,250,бензин,9,0,1,1,1,0,0,0,0,0,0,0,0,0,0,0,0,0,0,0,0,0,1
290000.0,Suzuki RMX 250,Краснодар,19000.0,250,бензин,27,0,0,0,0,0,0,0,1,0,0,0,0,0,0,0,0,0,0,1,0,0,0
290000.0,Honda CB 400SF,Темрюк,40000.0,399,бензин,33,0,1,0,1,0,0,0,0,0,0,0,0,0,1,0,0,0,0,0,0,0,0
290000.0,Honda CB 400SF,Зеленогорск,30000.0,399,бензин,32,0,1,0,1,0,0,0,0,0,0,0,0,0,1,0,0,0,0,0,0,0,0
290000.0,Yamaha YZF-R25,Владивосток,32779.0,249,бензин,10,0,1,1,1,0,0,0,0,0,0,0,0,0,0,0,0,0,0,0,0,1,0
290000.0,Suzuki RF 400R,Черепаново,309000.0,53,бензин,31,0,1,0,1,0,0,0,0,0,0,0,0,0,0,0,0,0,0,1,0,0,0
290000.0,Kawasaki Ninja 250R,Иркутск,36000.0,250,бензин,14,0,1,1,1,0,0,0,0,0,0,0,0,0,0,0,1,0,0,0,0,0,0
290000.0,KTM 250 SX-F,Новосибирск,222.0,250,бензин,16,0,1,0,0,0,0,0,1,0,0,0,0,0,0,0,0,0,0,0,0,0,1
290000.0,Kayo KT250,Октябрьский,90.0,250,бензин,3,0,0,0,0,0,0,1,0,0,0,0,0,0,0,0,0,0,0,0,0,0,1
290000.0,Honda CB 400SF,Тамбов,60000.0,400,бензин,28,0,1,0,1,0,0,0,0,0,0,0,0,0,1,0,0,0,0,0,0,0,0
291000.0,Regulmoto Holeshot Red Edition,Новосибирск,1.0,280,бензин,1,0,1,0,0,0,0,0,1,0,0,0,0,0,0,0,0,0,0,0,0,0,1
293500.0,Sharmax PowerMax 330,Черемхово,150.0,250,бензин,1,0,1,0,1,0,0,0,0,0,0,0,0,0,0,0,0,0,0,0,0,0,1
295000.0,Suzuki Gixxer 150,Улан-Удэ,19100.0,155,бензин,7,0,1,1,1,0,0,0,0,0,0,0,0,0,0,0,0,0,0,1,0,0,0
295000.0,GR GR7 T250L Enduro Pro,Находка,1.0,250,бензин,3,0,0,0,1,0,0,0,0,0,0,0,0,0,0,0,0,0,0,0,0,0,1
295000.0,Suzuki Djebel 250,Владивосток,26799.0,249,бензин,28,0,1,0,1,0,0,0,0,0,0,0,0,0,0,0,0,0,0,1,0,0,0
295000.0,Regulmoto Crosstrec 300,Калачинск,1900.0,300,бензин,1,0,1,0,1,0,0,0,0,0,0,0,0,0,0,0,0,0,0,0,0,0,1
295000.0,Regulmoto Holeshot Red Edition,Емельяново,150.0,300,бензин,1,0,1,0,1,0,0,0,0,0,0,0,0,0,0,0,0,0,0,0,0,0,1
295000.0,Honda CB 400SF Version S,Чик,28000.0,400,бензин,30,0,1,0,1,0,0,0,0,0,0,0,0,0,1,0,0,0,0,0,0,0,0
295000.0,Kawasaki KLE 250,Таштагол,29000.0,250,бензин,26,0,1,0,1,0,0,0,0,0,0,0,0,0,0,0,1,0,0,0,0,0,0
295000.0,Suzuki DR 250R,Барнаул,21276.0,249,бензин,30,0,1,0,1,0,0,0,0,0,0,0,0,0,0,0,0,0,0,1,0,0,0
295000.0,Kawasaki KLX 250,Свободный,25700.0,250,бензин,20,0,1,0,1,0,0,0,0,0,0,0,0,0,0,0,1,0,0,0,0,0,0
295000.0,KTM 390 Duke,Япония<!-- --> <!-- -->→<!-- --> <!-- -->Владивосток,16417.0,390,бензин,11,0,1,1,1,0,0,0,0,0,0,0,0,0,0,0,0,0,0,0,0,0,1
295000.0,GR GR7 F300L Enduro Optimum,Ленино,23.0,300,бензин,2,0,1,0,1,0,0,0,0,0,0,0,0,0,0,0,0,0,0,0,0,0,1
295000.0,Honda CBR 250R,Новосибирск,15227.0,249,бензин,14,0,1,1,0,0,0,0,1,0,0,0,0,0,1,0,0,0,0,0,0,0,0
295000.0,Kews K16 NB300,Новосибирск,1.0,300,бензин,0,0,1,0,0,0,0,0,1,0,0,0,0,0,0,0,0,0,0,0,0,0,1
295000.0,Yamaha TT-R 250,Владивосток,1.0,249,бензин,27,0,1,0,1,0,0,0,0,0,0,0,0,0,0,0,0,0,0,0,0,1,0
295000.0,Yamaha XVS 400,Владивосток,58128.0,399,бензин,21,0,1,0,1,0,0,0,0,0,0,0,0,0,0,0,0,0,0,0,0,1,0
295000.0,Yamaha XJR 1200,Владивосток,36000.0,1200,бензин,31,0,1,0,1,0,0,0,0,0,0,0,0,0,0,0,0,0,0,0,0,1,0
295000.0,Kawasaki Ninja 400,Хабаровск,69331.0,400,бензин,14,0,1,1,1,0,0,0,0,0,0,0,0,0,0,0,1,0,0,0,0,0,0
295000.0,Honda CB 400,Емельяново,39000.0,399,бензин,31,0,1,0,1,0,0,0,0,0,0,0,0,0,1,0,0,0,0,0,0,0,0
295000.0,Suzuki GS 500,Ростов-на-Дону,48000.0,500,бензин,19,0,0,0,0,0,0,0,1,0,0,0,0,0,0,0,0,0,0,1,0,0,0
297000.0,Honda XR 250R,Уссурийск,15000.0,250,бензин,34,0,1,0,1,0,0,0,0,0,0,0,0,0,1,0,0,0,0,0,0,0,0
298000.0,Regulmoto Sport-003 PR Pro,Черемхово,20.0,300,бензин,1,0,1,0,1,0,0,0,0,0,0,0,0,0,0,0,0,0,0,0,0,0,1
298000.0,KTM 640 Duke II,Ялта,22800.0,640,бензин,25,0,1,0,1,0,0,0,0,0,0,0,0,0,0,0,0,0,0,0,0,0,1
298700.0,Yamaha XTZ 125,Хабаровск,7315.0,125,бензин,7,0,1,0,1,0,0,0,0,0,0,0,0,0,0,0,0,0,0,0,0,1,0
299000.0,Kawasaki Ninja ZX-7R,Севастополь,58000.0,748,бензин,23,0,1,0,1,0,0,0,0,0,0,0,0,0,0,0,1,0,0,0,0,0,0
299000.0,Yamaha MT-03,Барнаул,29000.0,660,бензин,17,0,1,1,1,0,0,0,0,0,0,0,0,0,0,0,0,0,0,0,0,1,0
299000.0,Yamaha XT 250,Владивосток,21247.0,250,бензин,20,0,1,0,1,0,0,0,0,0,0,0,0,0,0,0,0,0,0,0,0,1,0
299000.0,Kawasaki ZZR 400,Уссурийск,26575.0,400,бензин,24,0,1,0,1,0,0,0,0,0,0,0,0,0,0,0,1,0,0,0,0,0,0
299000.0,Kawasaki ZZR 1100D,Владивосток,30594.0,1052,бензин,27,0,1,0,1,0,0,0,0,0,0,0,0,0,0,0,1,0,0,0,0,0,0
299000.0,Kawasaki Ninja 400R,Владивосток,33325.0,400,бензин,14,0,1,1,1,0,0,0,0,0,0,0,0,0,0,0,1,0,0,0,0,0,0
299000.0,Kawasaki ZZR 1100D,Владивосток,28110.0,1052,бензин,27,0,1,0,1,0,0,0,0,0,0,0,0,0,0,0,1,0,0,0,0,0,0
299000.0,Suzuki Gixxer SF 150,Владивосток,2715.0,150,бензин,5,0,1,1,1,0,0,0,0,0,0,0,0,0,0,0,0,0,0,1,0,0,0
299000.0,Yamaha Serow,Северск,31000.0,250,бензин,20,0,1,0,1,0,0,0,0,0,0,0,0,0,0,0,0,0,0,0,0,1,0
299000.0,Yamaha WR 250F,Владивосток,18281.0,249,бензин,24,0,1,0,1,0,0,0,0,0,0,0,0,0,0,0,0,0,0,0,0,1,0
299000.0,Avantis Enduro 300 Pro EFI,Барнаул,120.0,300,бензин,5,0,1,1,1,0,0,0,0,0,0,0,0,0,0,0,0,0,0,0,0,0,1
299000.0,Honda VTR 1000F,Владивосток,43421.0,1000,бензин,28,0,1,0,1,0,0,0,0,0,0,0,0,0,1,0,0,0,0,0,0,0,0
299990.0,Avantis LX 300,Новый Уренгой,50.0,300,бензин,3,0,1,0,1,0,0,0,0,0,0,0,0,0,0,0,0,0,0,0,0,0,1
299999.0,KTM RC 200,Новосибирск,11230.0,200,бензин,10,0,1,1,0,0,0,0,1,0,0,0,0,0,0,0,0,0,0,0,0,0,1
299999.0,Kawasaki Ninja,Уссурийск,12800.0,250,бензин,15,0,1,1,1,0,0,0,0,0,0,0,0,0,0,0,1,0,0,0,0,0,0
299999.0,Yamaha WR 250F,Москва,1.0,250,бензин,19,0,1,0,0,0,1,0,0,0,0,0,0,0,0,0,0,0,0,0,0,1,0
299999.0,Honda CB 400SF VTEC-2,Чегдомын,38000.0,400,бензин,22,0,1,0,1,0,0,0,0,0,0,0,0,0,1,0,0,0,0,0,0,0,0
299999.0,Kawasaki GPZ 1100,Арсеньев,59000.0,1100,бензин,30,0,1,0,1,0,0,0,0,0,0,0,0,0,0,0,1,0,0,0,0,0,0
300000.0,Kawasaki KSR110,Владивосток,5578.0,110,бензин,11,0,1,1,1,0,0,0,0,0,0,0,0,0,0,0,1,0,0,0,0,0,0
300000.0,Yamaha 450,Курагино,100.0,450,бензин,14,0,1,1,1,0,0,0,0,0,0,0,0,0,0,0,0,0,0,0,0,1,0
300000.0,Yamaha TDM 850,Качканар,80000.0,850,бензин,26,0,1,0,1,0,0,0,0,0,0,0,0,0,0,0,0,0,0,0,0,1,0
300000.0,Honda CBR 250R,Тюмень,26915.0,250,бензин,12,0,1,1,1,0,0,0,0,0,0,0,0,0,1,0,0,0,0,0,0,0,0
300000.0,GR GR7 F300L Enduro Optimum,Набережные Челны,180.0,300,бензин,1,0,1,0,1,0,0,0,0,0,0,0,0,0,0,0,0,0,0,0,0,0,1
300000.0,Kawasaki ZZR 600,Завитинск,72000.0,600,бензин,21,0,1,0,1,0,0,0,0,0,0,0,0,0,0,0,1,0,0,0,0,0,0
300000.0,Honda CB 400SF,Красноярск,53000.0,400,бензин,30,0,1,0,0,0,0,0,1,0,0,0,0,0,1,0,0,0,0,0,0,0,0
300000.0,Suzuki GSX-R 400,Нижнеудинск,31700.0,400,бензин,33,0,1,0,1,0,0,0,0,0,0,0,0,0,0,0,0,0,0,1,0,0,0
300000.0,Kawasaki Ninja 650,Берёзовский,30000.0,650,бензин,18,0,1,1,1,0,0,0,0,0,0,0,0,0,0,0,1,0,0,0,0,0,0
300000.0,Honda XR 250,Ангарск,35444.0,250,бензин,27,0,1,0,1,0,0,0,0,0,0,0,0,0,1,0,0,0,0,0,0,0,0
300000.0,BMW R 1100 RS,Красноярск,45000.0,1100,бензин,31,0,1,1,0,0,0,0,1,0,0,0,0,0,0,0,0,0,0,0,0,0,1
300000.0,Honda CB 500F,Гальбштадт,60000.0,500,бензин,27,0,1,0,1,0,0,0,0,0,0,0,0,0,1,0,0,0,0,0,0,0,0
300000.0,Kawasaki Ninja 250R,Новосибирск,14000.0,250,бензин,14,0,1,1,0,0,0,0,1,0,0,0,0,0,0,0,1,0,0,0,0,0,0
300000.0,Yamaha SZR660,Екатеринбург,28289.0,659,бензин,26,0,1,0,0,0,0,0,1,0,0,0,0,0,0,0,0,0,0,0,0,1,0
300000.0,KTM 250 SX,Уссурийск,70.0,250,бензин,19,0,0,0,1,0,0,0,0,0,0,0,0,0,0,0,0,0,0,0,0,0,1
300000.0,Racer Enduro 300 RC300-GY8A,Саянск,1000.0,300,бензин,4,0,1,0,1,0,0,0,0,0,0,0,0,0,0,0,0,0,0,0,0,0,1
300000.0,Yamaha YZ 250F,Хабаровск,30.0,250,бензин,17,0,1,0,1,0,0,0,0,0,0,0,0,0,0,0,0,0,0,0,0,1,0
300000.0,Yamaha XVS 400,Благовещенск,1.0,400,бензин,22,0,1,0,1,0,0,0,0,0,0,0,0,0,0,0,0,0,0,0,0,1,0
300000.0,Kawasaki ER-4n,Хабаровск,23648.0,400,бензин,15,0,1,1,1,0,0,0,0,0,0,0,0,0,0,0,1,0,0,0,0,0,0
300000.0,Yamaha TDM 850,Магдагачи,19000.0,850,бензин,26,0,0,0,1,0,0,0,0,0,0,0,0,0,0,0,0,0,0,0,0,1,0
300000.0,Suzuki GSF 600 Bandit,Иркутск,16000.0,599,бензин,22,0,1,0,1,0,0,0,0,0,0,0,0,0,0,0,0,0,0,1,0,0,0
300000.0,Honda Steed 400,Новосибирск,56000.0,400,бензин,30,0,1,0,0,0,0,0,1,0,0,0,0,0,1,0,0,0,0,0,0,0,0
300000.0,Kawasaki ZZR 400 2,Кемерово,46000.0,400,бензин,27,0,1,0,1,0,0,0,0,0,0,0,0,0,0,0,1,0,0,0,0,0,0
300000.0,GR GR8 T250L Enduro Pro,Владивосток,288.0,250,бензин,2,0,0,0,1,0,0,0,0,0,0,0,0,0,0,0,0,0,0,0,0,0,1
300000.0,Honda Steed 400,Хабаровск,43500.0,400,бензин,27,0,1,0,1,0,0,0,0,0,0,0,0,0,1,0,0,0,0,0,0,0,0
300000.0,Suzuki RF 400R,Новосибирск,40090.0,400,бензин,29,0,1,0,0,0,0,0,1,0,0,0,0,0,0,0,0,0,0,1,0,0,0
300000.0,Honda Shadow 400,Тюмень,42600.0,400,бензин,23,0,1,0,1,0,0,0,0,0,0,0,0,0,1,0,0,0,0,0,0,0,0
300000.0,Минск Goose 400,Новокузнецк,208.0,400,бензин,2,0,1,0,1,0,0,0,0,0,0,0,0,0,0,0,0,0,0,0,0,0,1
300000.0,Honda CBR 1100XX,Бузулук,95000.0,1137,бензин,29,0,1,0,1,0,0,0,0,0,0,0,0,0,1,0,0,0,0,0,0,0,0
300000.0,Yamaha YZ 250F,Тюмень,18.0,250,бензин,16,0,1,0,1,0,0,0,0,0,0,0,0,0,0,0,0,0,0,0,0,1,0
300000.0,Suzuki Gixxer 150,Новосибирск,10563.0,150,бензин,7,0,1,1,0,0,0,0,1,0,0,0,0,0,0,0,0,0,0,1,0,0,0
300000.0,Avantis Enduro 250 Pro EFI,Иркутск,250.0,280,бензин,3,0,1,1,1,0,0,0,0,0,0,0,0,0,0,0,0,0,0,0,0,0,1
300000.0,Honda XR 250,Уссурийск,17000.0,250,бензин,22,0,1,0,1,0,0,0,0,0,0,0,0,0,1,0,0,0,0,0,0,0,0
300000.0,Kawasaki Ninja 250R,Надым,25000.0,250,бензин,15,0,1,1,1,0,0,0,0,0,0,0,0,0,0,0,1,0,0,0,0,0,0
300000.0,Yamaha TT-R 250 Open Enduro,Елизово,20000.0,250,бензин,27,0,1,0,1,0,0,0,0,0,0,0,0,0,0,0,0,0,0,0,0,1,0
300000.0,JHL Z6,Тюмень,130.0,300,бензин,1,0,1,0,1,0,0,0,0,0,0,0,0,0,0,0,0,0,0,0,0,0,1
300000.0,Honda Steed 400,Новосибирск,76000.0,400,бензин,33,0,1,0,0,0,0,0,1,0,0,0,0,0,1,0,0,0,0,0,0,0,0
300000.0,BSE T8,Сосновоборск,50.0,250,бензин,2,0,1,0,1,0,0,0,0,0,0,0,0,0,0,0,0,0,0,0,0,0,1
300000.0,Suzuki Djebel 250,Новосибирск,23000.0,250,бензин,29,0,1,0,0,0,0,0,1,0,0,0,0,0,0,0,0,0,0,1,0,0,0
300000.0,Yamaha R1,Горно-Алтайск,10000.0,998,бензин,27,0,1,0,1,0,0,0,0,0,0,0,0,0,0,0,0,0,0,0,0,1,0
300000.0,Honda CRF 250R,Владивосток,1000.0,250,бензин,18,0,1,0,1,0,0,0,0,0,0,0,0,0,1,0,0,0,0,0,0,0,0
300000.0,Honda Steed 400,Сковородино,40000.0,400,бензин,33,0,1,0,1,0,0,0,0,0,0,0,0,0,1,0,0,0,0,0,0,0,0
300000.0,Honda CBR 1000F Hurricane,Улан-Удэ,75000.0,1000,бензин,30,0,1,0,1,0,0,0,0,0,0,0,0,0,1,0,0,0,0,0,0,0,0
300000.0,BMW R 1100 RS,Владивосток,28000.0,1100,бензин,32,0,1,1,1,0,0,0,0,0,0,0,0,0,0,0,0,0,0,0,0,0,1
300000.0,Ява 350-634,Новосибирск,9000.0,350,бензин,45,0,0,0,0,0,0,0,1,0,0,0,0,0,0,0,0,0,0,0,0,0,1
300000.0,Урал М-66,Шелехов,50.0,649,бензин,51,0,1,0,1,0,0,0,0,0,0,0,0,0,0,0,0,0,0,0,0,0,1
300000.0,Yamaha TT-R 250 Open Enduro,Новосибирск,10000.0,250,бензин,32,0,1,0,0,0,0,0,1,0,0,0,0,0,0,0,0,0,0,0,0,1,0
300000.0,Zuumav FX K8,Вольно-Надеждинское,1000.0,250,бензин,1,0,0,0,1,0,0,0,0,0,0,0,0,0,0,0,0,0,0,0,0,0,1
300000.0,STELS Forsage 450 Enduro,Чита,1000.0,450,бензин,12,0,1,0,1,0,0,0,0,0,0,0,0,0,0,0,0,0,0,0,0,0,1
300000.0,Regulmoto Alien Monster 300,Балей,3300.0,300,бензин,4,0,1,1,1,0,0,0,0,0,0,0,0,0,0,0,0,0,0,0,0,0,1
300000.0,Regulmoto Crosstrec 300,Владивосток,860.0,300,бензин,1,0,1,0,1,0,0,0,0,0,0,0,0,0,0,0,0,0,0,0,0,0,1
300000.0,KTM 250 SX-F,Ангарск,1000.0,250,бензин,11,0,1,1,1,0,0,0,0,0,0,0,0,0,0,0,0,0,0,0,0,0,1
300000.0,Honda Transalp 400,Бийск,35000.0,400,бензин,31,0,1,0,1,0,0,0,0,0,0,0,0,0,1,0,0,0,0,0,0,0,0
300000.0,Suzuki RF 600R,Екатеринбург,74000.0,600,бензин,32,0,1,0,0,0,0,0,1,0,0,0,0,0,0,0,0,0,0,1,0,0,0
300000.0,GR GR7 T250L Enduro Pro,Фокино,50.0,250,бензин,2,0,0,0,1,0,0,0,0,0,0,0,0,0,0,0,0,0,0,0,0,0,1
300000.0,Honda CB 400SF VTEC-3,Северобайкальск,27000.0,400,бензин,20,0,1,0,1,0,0,0,0,0,0,0,0,0,1,0,0,0,0,0,0,0,0
300000.0,Suzuki GSX 600F Katana,Екатеринбург,48639.0,599,бензин,30,0,1,0,0,0,0,0,1,0,0,0,0,0,0,0,0,0,0,1,0,0,0
300000.0,Honda CB 600F Hornet,Сочи,62100.0,600,бензин,20,0,1,0,1,0,0,0,0,0,0,0,0,0,1,0,0,0,0,0,0,0,0
300000.0,Voge 300RR,Новосибирск,4000.0,292,бензин,5,0,1,1,0,0,0,0,1,0,0,0,0,0,0,0,0,0,0,0,0,0,1
300000.0,CZ 250,Улан-Удэ,5000.0,250,бензин,51,0,0,0,1,0,0,0,0,0,0,0,0,0,0,0,0,0,0,0,0,0,1
300000.0,Kawasaki KLX 250,Хабаровск,100.0,250,бензин,24,0,1,0,1,0,0,0,0,0,0,0,0,0,0,0,1,0,0,0,0,0,0
300000.0,Kawasaki ZXR 400 Ninja,Пойковский,45000.0,400,бензин,25,0,1,0,1,0,0,0,0,0,0,0,0,0,0,0,1,0,0,0,0,0,0
300000.0,Regulmoto Legend 300,Комсомольск-на-Амуре,1200.0,300,бензин,3,0,1,0,1,0,0,0,0,0,0,0,0,0,0,0,0,0,0,0,0,0,1
300000.0,Regulmoto CR-Z 300,Красноярск,1.0,292,бензин,3,0,1,0,0,0,0,0,1,0,0,0,0,0,0,0,0,0,0,0,0,0,1
300000.0,Honda CRF 250R,Томск,1000.0,250,бензин,17,0,1,0,1,0,0,0,0,0,0,0,0,0,1,0,0,0,0,0,0,0,0
300000.0,Hasky F7,Спасск-Дальний,1500.0,300,бензин,4,0,1,0,1,0,0,0,0,0,0,0,0,0,0,0,0,0,0,0,0,0,1
300000.0,Suzuki DR 250R,Петропавловск-Камчатский,24112.0,250,бензин,20,0,1,0,1,0,0,0,0,0,0,0,0,0,0,0,0,0,0,1,0,0,0
300000.0,Yamaha Dragstar / V-Star / XVS,Чунский,65000.0,400,бензин,28,0,1,0,1,0,0,0,0,0,0,0,0,0,0,0,0,0,0,0,0,1,0
300000.0,Beta RR 450 Factory,Знаменское,1000.0,455,бензин,13,0,1,0,1,0,0,0,0,0,0,0,0,0,0,0,0,0,0,0,0,0,1
300000.0,Suzuki DR 250R,Кавалерово,16000.0,250,бензин,28,0,1,0,1,0,0,0,0,0,0,0,0,0,0,0,0,0,0,1,0,0,0
300000.0,Honda CB,Зубцов,30000.0,500,бензин,25,0,1,0,1,0,0,0,0,0,0,0,0,0,1,0,0,0,0,0,0,0,0
300000.0,Honda Shadow,Новосибирск,22581.0,400,бензин,26,0,1,0,0,0,0,0,1,0,0,0,0,0,1,0,0,0,0,0,0,0,0
300000.0,Honda CR 125,Волгоград,2.0,125,бензин,18,0,0,0,0,0,0,0,1,0,0,0,0,0,1,0,0,0,0,0,0,0,0
300000.0,Yamaha Serow,Селенгинск,12000.0,225,бензин,31,0,1,0,1,0,0,0,0,0,0,0,0,0,0,0,0,0,0,0,0,1,0
300000.0,Suzuki VS 400 Intruder,Ставрополь,25200.0,400,бензин,31,0,1,0,1,0,0,0,0,0,0,0,0,0,0,0,0,0,0,1,0,0,0
300000.0,Honda VTR 1000F,Владивосток,100000.0,1000,бензин,28,0,1,0,1,0,0,0,0,0,0,0,0,0,1,0,0,0,0,0,0,0,0
300000.0,Kawasaki KX 250F,Петропавловск-Камчатский,1111.0,250,бензин,21,0,1,0,1,0,0,0,0,0,0,0,0,0,0,0,1,0,0,0,0,0,0
300000.0,Avantis Enduro 300 Pro EFI,Тверь,2700.0,300,бензин,6,0,1,1,1,0,0,0,0,0,0,0,0,0,0,0,0,0,0,0,0,0,1
300000.0,Yamaha YBR 125,Улан-Удэ,8.0,124,бензин,4,0,1,0,1,0,0,0,0,0,0,0,0,0,0,0,0,0,0,0,0,1,0
300000.0,Honda Steed,Вольно-Надеждинское,35000.0,600,бензин,29,0,1,0,1,0,0,0,0,0,0,0,0,0,1,0,0,0,0,0,0,0,0
300000.0,Kawasaki KLE 400,Волчиха,50000.0,400,бензин,26,0,1,0,1,0,0,0,0,0,0,0,0,0,0,0,1,0,0,0,0,0,0
300000.0,Honda Steed,Новороссийск,31000.0,400,бензин,31,0,1,0,1,0,0,0,0,0,0,0,0,0,1,0,0,0,0,0,0,0,0
300000.0,BMW R 1100 R,Уссурийск,33000.0,1100,бензин,26,0,1,1,1,0,0,0,0,0,0,0,0,0,0,0,0,0,0,0,0,0,1
300000.0,Suzuki SV 650S,Улан-Удэ,28712.0,650,бензин,26,0,1,0,1,0,0,0,0,0,0,0,0,0,0,0,0,0,0,1,0,0,0
300000.0,Kawasaki KLX 110,Москва,300.0,110,бензин,4,1,1,0,0,0,1,0,0,0,0,0,0,0,0,0,1,0,0,0,0,0,0
300000.0,Yamaha Majesty 400,Краснодар,37000.0,400,бензин,20,1,1,1,0,0,0,0,1,0,0,0,0,0,0,0,0,0,0,0,0,1,0
300000.0,Honda NV 750,Москва,33600.0,750,бензин,36,0,1,0,0,0,1,0,0,0,0,0,0,0,1,0,0,0,0,0,0,0,0
300000.0,Yamaha YZF-R6,Ульяновск,61000.0,600,бензин,25,0,1,0,1,0,0,0,0,0,0,0,0,0,0,0,0,0,0,0,0,1,0
300000.0,Yamaha WR 450F,Чернышевск,4760.0,450,бензин,22,0,1,0,1,0,0,0,0,0,0,0,0,0,0,0,0,0,0,0,0,1,0
300000.0,Aprilia Pegaso 650,Зеленоград,47601.0,650,бензин,17,0,1,1,1,0,0,0,0,0,0,0,0,0,0,0,0,0,0,0,0,0,1
300000.0,Yamaha FZR 400,Тулун,377.0,400,бензин,34,0,1,0,1,0,0,0,0,0,0,0,0,0,0,0,0,0,0,0,0,1,0
303000.0,Suzuki Djebel 200,Владивосток,12758.0,200,бензин,21,0,1,0,1,0,0,0,0,0,0,0,0,0,0,0,0,0,0,1,0,0,0
305000.0,FXmoto X7,Красноярск,1800.0,300,бензин,2,0,1,0,0,0,0,0,1,0,0,0,0,0,0,0,0,0,0,0,0,0,1
305000.0,Yamaha XJR 1200,Барнаул,24800.0,1200,бензин,25,0,1,0,1,0,0,0,0,0,0,0,0,0,0,0,0,0,0,0,0,1,0
305000.0,Kawasaki KL250 Super Sherpa,Покровка,28692.0,249,бензин,19,0,1,0,1,0,0,0,0,0,0,0,0,0,0,0,1,0,0,0,0,0,0
305000.0,Progasi Race 300,Минусинск,1592.0,300,бензин,2,0,1,0,1,0,0,0,0,0,0,0,0,0,0,0,0,0,0,0,0,0,1
305000.0,Bajaj Pulsar NS 200,Челябинск,1350.0,200,бензин,5,0,1,0,0,0,0,0,1,0,0,0,0,0,0,0,0,0,0,0,0,0,1
305000.0,Suzuki GSF 1200S Bandit,Чита,36060.0,1200,бензин,26,0,1,0,1,0,0,0,0,0,0,0,0,0,0,0,0,0,0,1,0,0,0
305000.0,Yamaha XG250 Tricker,Благовещенск,15000.0,250,бензин,16,0,1,1,1,0,0,0,0,0,0,0,0,0,0,0,0,0,0,0,0,1,0
305000.0,Yamaha XJR 400,Благовещенск,37000.0,400,бензин,27,0,1,0,1,0,0,0,0,0,0,0,0,0,0,0,0,0,0,0,0,1,0
307000.0,BSE M2,Красноярск,70.0,300,бензин,6,0,1,1,0,0,0,0,1,0,0,0,0,0,0,0,0,0,0,0,0,0,1
310000.0,KTM 200 Duke,Евпатория,9200.0,200,бензин,12,0,1,1,1,0,0,0,0,0,0,0,0,0,0,0,0,0,0,0,0,0,1
310000.0,Suzuki TL1000S,Владивосток,1.0,996,бензин,28,0,1,1,1,0,0,0,0,0,0,0,0,0,0,0,0,0,0,1,0,0,0
310000.0,Yamaha TDM 850,Москва,58000.0,850,бензин,31,0,1,0,0,0,1,0,0,0,0,0,0,0,0,0,0,0,0,0,0,1,0
310000.0,KTM 390 Duke,Чугуевка,6000.0,370,бензин,10,0,1,1,1,0,0,0,0,0,0,0,0,0,0,0,0,0,0,0,0,0,1
310000.0,BSE T7,Санкт-Петербург,5000.0,300,бензин,1,0,1,0,0,0,0,0,0,1,0,0,0,0,0,0,0,0,0,0,0,0,1
310000.0,Avantis Enduro 300 Pro EFI ARS,Омск,1300.0,300,бензин,5,0,1,1,0,0,0,0,1,0,0,0,0,0,0,0,0,0,0,0,0,0,1
310000.0,Honda Shadow 400,Владивосток,27488.0,398,бензин,20,0,1,0,1,0,0,0,0,0,0,0,0,0,1,0,0,0,0,0,0,0,0
310000.0,Honda CBR 600F2,Хабаровск,49100.0,600,бензин,29,0,1,0,1,0,0,0,0,0,0,0,0,0,1,0,0,0,0,0,0,0,0
310000.0,Honda CB 400SF VTEC-2,Хабаровск,39000.0,399,бензин,22,0,1,0,1,0,0,0,0,0,0,0,0,0,1,0,0,0,0,0,0,0,0
310000.0,Yamaha YZ 250F,Ангарск,1000.0,249,бензин,20,0,1,0,1,0,0,0,0,0,0,0,0,0,0,0,0,0,0,0,0,1,0
310000.0,Suzuki Djebel 250,Комсомольск-на-Амуре,26000.0,250,бензин,25,0,1,0,1,0,0,0,0,0,0,0,0,0,0,0,0,0,0,1,0,0,0
310000.0,Kawasaki KX 450F,Комсомольск-на-Амуре,10.0,450,бензин,10,0,1,1,1,0,0,0,0,0,0,0,0,0,0,0,1,0,0,0,0,0,0
310000.0,Hasky F7,Россошь,4600.0,300,бензин,2,0,1,0,1,0,0,0,0,0,0,0,0,0,0,0,0,0,0,0,0,0,1
310000.0,Yamaha FJ 1200,Усолье-Сибирское,65000.0,1200,бензин,30,0,1,0,1,0,0,0,0,0,0,0,0,0,0,0,0,0,0,0,0,1,0
310000.0,Honda Steed 400,Кемерово,39500.0,400,бензин,34,0,1,0,1,0,0,0,0,0,0,0,0,0,1,0,0,0,0,0,0,0,0
310000.0,Yamaha TT-R 250 Open Enduro,Хабаровск,40000.0,249,бензин,27,0,1,0,1,0,0,0,0,0,0,0,0,0,0,0,0,0,0,0,0,1,0
310000.0,Suzuki Djebel 250,Находка,1000.0,250,бензин,26,0,1,0,1,0,0,0,0,0,0,0,0,0,0,0,0,0,0,1,0,0,0
310000.0,Kawasaki ZZR 1100C,Строитель,46800.0,1100,бензин,29,0,1,0,1,0,0,0,0,0,0,0,0,0,0,0,1,0,0,0,0,0,0
310000.0,GR GR8 F250A Enduro Optimum,Марьянская,80.0,250,бензин,2,0,0,0,1,0,0,0,0,0,0,0,0,0,0,0,0,0,0,0,0,0,1
310000.0,Honda CBR 600F,Ленинск-Кузнецкий,67000.0,600,бензин,32,0,1,0,1,0,0,0,0,0,0,0,0,0,1,0,0,0,0,0,0,0,0
310000.0,Yamaha YZ 250F,Находка,225.0,250,бензин,14,0,1,0,1,0,0,0,0,0,0,0,0,0,0,0,0,0,0,0,0,1,0
310000.0,Suzuki SFV 400 Gladius,Лучегорск,46000.0,400,бензин,15,0,1,1,1,0,0,0,0,0,0,0,0,0,0,0,0,0,0,1,0,0,0
310000.0,Honda CBR 1000F Hurricane,Колывань,36399.0,1000,бензин,32,0,1,0,1,0,0,0,0,0,0,0,0,0,1,0,0,0,0,0,0,0,0
310000.0,Ducati ST4,Красноярск,43000.0,916,бензин,26,0,1,1,0,0,0,0,1,0,0,0,1,0,0,0,0,0,0,0,0,0,0
310000.0,Suzuki RV 200 VanVan,Челябинск,15500.0,200,бензин,19,0,1,0,0,0,0,0,1,0,0,0,0,0,0,0,0,0,0,1,0,0,0
310000.0,GR GR7 F300L Enduro Optimum,Новосибирск,300.0,300,бензин,3,0,1,0,0,0,0,0,1,0,0,0,0,0,0,0,0,0,0,0,0,0,1
314000.0,Suzuki Djebel 200,Владивосток,12261.0,200,бензин,20,0,1,0,1,0,0,0,0,0,0,0,0,0,0,0,0,0,0,1,0,0,0
315000.0,Honda Magna,Новосибирск,73522.0,748,бензин,37,0,1,0,0,0,0,0,1,0,0,0,0,0,1,0,0,0,0,0,0,0,0
315000.0,Suzuki RV 200 VanVan,Владивосток,12274.0,200,бензин,23,0,1,0,1,0,0,0,0,0,0,0,0,0,0,0,0,0,0,1,0,0,0
315000.0,Yamaha YZF-R25,Владивосток,40813.0,250,бензин,9,0,1,1,1,0,0,0,0,0,0,0,0,0,0,0,0,0,0,0,0,1,0
315000.0,Kawasaki ER-4n,Владивосток,22914.0,400,бензин,11,0,1,1,1,0,0,0,0,0,0,0,0,0,0,0,1,0,0,0,0,0,0
315000.0,BSE RTC-300R,Тында,160.0,300,бензин,3,0,1,0,1,0,0,0,0,0,0,0,0,0,0,0,0,0,0,0,0,0,1
315000.0,Suzuki LS400 Savage,Хабаровск,47000.0,400,бензин,31,0,1,0,1,0,0,0,0,0,0,0,0,0,0,0,0,0,0,1,0,0,0
315000.0,Kawasaki KLE 400,Тверь,40600.0,400,бензин,26,0,1,0,1,0,0,0,0,0,0,0,0,0,0,0,1,0,0,0,0,0,0
315000.0,BSE M2 Y,Новокузнецк,1000.0,250,бензин,2,0,1,0,1,0,0,0,0,0,0,0,0,0,0,0,0,0,0,0,0,0,1
315000.0,Yamaha TDM 850,Новосибирск,48000.0,850,бензин,27,0,1,0,0,0,0,0,1,0,0,0,0,0,0,0,0,0,0,0,0,1,0
315000.0,Ява 350-634.5,Кыштым,1000.0,350,бензин,48,0,0,0,1,0,0,0,0,0,0,0,0,0,0,0,0,0,0,0,0,0,1
315000.0,Suzuki GSX 750F Katana,Екатеринбург,31967.0,748,бензин,30,0,1,0,0,0,0,0,1,0,0,0,0,0,0,0,0,0,0,1,0,0,0
317000.0,Honda CB 400SF,Залари,7000.0,400,бензин,29,0,1,0,1,0,0,0,0,0,0,0,0,0,1,0,0,0,0,0,0,0,0
320000.0,Yamaha WR 250F,Томск,5000.0,250,бензин,19,0,1,0,1,0,0,0,0,0,0,0,0,0,0,0,0,0,0,0,0,1,0
320000.0,Honda CBR 600F3,Ордынское,50000.0,600,бензин,27,0,1,0,1,0,0,0,0,0,0,0,0,0,1,0,0,0,0,0,0,0,0
320000.0,Kawasaki ZZR 1100 Ninja,Владивосток,54000.0,1100,бензин,29,0,1,0,1,0,0,0,0,0,0,0,0,0,0,0,1,0,0,0,0,0,0
320000.0,Suzuki GSR 400,Владивосток,1.0,398,бензин,19,0,1,1,1,0,0,0,0,0,0,0,0,0,0,0,0,0,0,1,0,0,0
320000.0,Yamaha YZF-R6,Копейск,46200.0,600,бензин,26,0,1,0,1,0,0,0,0,0,0,0,0,0,0,0,0,0,0,0,0,1,0
320000.0,Yamaha Serow,Губаха,23500.0,250,бензин,18,0,1,0,1,0,0,0,0,0,0,0,0,0,0,0,0,0,0,0,0,1,0
320000.0,Suzuki GSR 400,Москва,68880.0,400,бензин,19,0,1,1,0,0,1,0,0,0,0,0,0,0,0,0,0,0,0,1,0,0,0
320000.0,Kawasaki 1000GTR,Линёво,34000.0,1000,бензин,26,0,1,0,1,0,0,0,0,0,0,0,0,0,0,0,1,0,0,0,0,0,0
320000.0,Honda VF 750 Magna,Джубга,50000.0,750,бензин,42,0,1,0,1,0,0,0,0,0,0,0,0,0,1,0,0,0,0,0,0,0,0
320000.0,Suzuki GSX 250R,Уссурийск,5000.0,250,бензин,6,0,1,1,1,0,0,0,0,0,0,0,0,0,0,0,0,0,0,1,0,0,0
320000.0,Kawasaki ER-6F,Зима,31000.0,650,бензин,18,0,1,1,1,0,0,0,0,0,0,0,0,0,0,0,1,0,0,0,0,0,0
320000.0,Regulmoto Alien Monster 300,Якутск,1000.0,300,бензин,5,0,1,1,1,0,0,0,0,0,0,0,0,0,0,0,0,0,0,0,0,0,1
320000.0,Honda XR 250,Осинники,22000.0,249,бензин,28,0,1,0,1,0,0,0,0,0,0,0,0,0,1,0,0,0,0,0,0,0,0
320000.0,Motoland Wolf 300,Черногорск,30.0,300,бензин,1,0,1,0,1,0,0,0,0,0,0,0,0,0,0,0,0,0,0,0,0,0,1
320000.0,Suzuki SV 650S,Хабаровск,30000.0,650,бензин,26,0,1,0,1,0,0,0,0,0,0,0,0,0,0,0,0,0,0,1,0,0,0
320000.0,Kawasaki ZZR 1100C,Тюмень,38000.0,1100,бензин,33,0,1,0,1,0,0,0,0,0,0,0,0,0,0,0,1,0,0,0,0,0,0
320000.0,BRZ X6M,Донецк,90.0,282,бензин,2,0,1,0,1,0,0,0,0,0,0,0,0,0,0,0,0,0,0,0,0,0,1
320000.0,Yamaha XT 250X,Южно-Сахалинск,23000.0,250,бензин,19,0,1,0,1,0,0,0,0,0,0,0,0,0,0,0,0,0,0,0,0,1,0
320000.0,Honda CBR 250,Екатеринбург,28000.0,250,бензин,12,0,1,1,0,0,0,0,1,0,0,0,0,0,1,0,0,0,0,0,0,0,0
320000.0,Yamaha Virago XV 1100,Владивосток,54000.0,1065,бензин,32,0,1,0,1,0,0,0,0,0,0,0,0,0,0,0,0,0,0,0,0,1,0
320000.0,Kews K16 CBS300,Благовещенск,500.0,300,бензин,1,0,1,0,1,0,0,0,0,0,0,0,0,0,0,0,0,0,0,0,0,0,1
320000.0,Kawasaki Z 250,Владивосток,26971.0,250,бензин,9,0,1,1,1,0,0,0,0,0,0,0,0,0,0,0,1,0,0,0,0,0,0
320000.0,Honda CB 400SF VTEC-1,Арсеньев,30000.0,399,бензин,25,0,1,0,1,0,0,0,0,0,0,0,0,0,1,0,0,0,0,0,0,0,0
320000.0,Suzuki VZ 400 Desperado,Барабинск,27000.0,400,бензин,29,0,1,0,1,0,0,0,0,0,0,0,0,0,0,0,0,0,0,1,0,0,0
320000.0,Kawasaki KX 250F,Петропавловск-Камчатский,1500.0,250,бензин,18,0,1,0,1,0,0,0,0,0,0,0,0,0,0,0,1,0,0,0,0,0,0
320000.0,Suzuki Djebel 250,Козулька,59666.0,249,бензин,24,0,1,0,1,0,0,0,0,0,0,0,0,0,0,0,0,0,0,1,0,0,0
320000.0,Honda CRF 450R,Новый Ургал,10.0,450,бензин,15,0,1,1,1,0,0,0,0,0,0,0,0,0,1,0,0,0,0,0,0,0,0
320000.0,Honda CR 250R,Москва,6000.0,250,бензин,26,0,0,0,0,0,1,0,0,0,0,0,0,0,1,0,0,0,0,0,0,0,0
320000.0,Honda CB 400SF,Улан-Удэ,124604.0,399,бензин,32,0,1,0,1,0,0,0,0,0,0,0,0,0,1,0,0,0,0,0,0,0,0
320000.0,Yamaha XVS 250,Новосибирск,18000.0,250,бензин,19,0,1,0,0,0,0,0,1,0,0,0,0,0,0,0,0,0,0,0,0,1,0
320000.0,Suzuki GSF 750 Bandit,Красноярск,21000.0,750,бензин,29,0,1,0,0,0,0,0,1,0,0,0,0,0,0,0,0,0,0,1,0,0,0
320000.0,Honda CBR 250R,Краснодар,29000.0,250,бензин,12,0,1,1,0,0,0,0,1,0,0,0,0,0,1,0,0,0,0,0,0,0,0
320000.0,Voge 300ACX,Краснодар,16000.0,292,бензин,3,0,1,1,0,0,0,0,1,0,0,0,0,0,0,0,0,0,0,0,0,0,1
320000.0,Bajaj Pulsar NS 200,Белово,119.0,200,бензин,4,0,1,0,1,0,0,0,0,0,0,0,0,0,0,0,0,0,0,0,0,0,1
320000.0,Yamaha FZX 750,Красноярск,49500.0,750,бензин,26,0,1,0,0,0,0,0,1,0,0,0,0,0,0,0,0,0,0,0,0,1,0
320000.0,Suzuki VL400 Intruder,Владивосток,1.0,399,бензин,19,0,1,1,1,0,0,0,0,0,0,0,0,0,0,0,0,0,0,1,0,0,0
320000.0,Honda VFR 800F,Хабаровск,55300.0,800,бензин,11,0,1,1,1,0,0,0,0,0,0,0,0,0,1,0,0,0,0,0,0,0,0
320000.0,Kawasaki Z 250,Владивосток,40918.0,250,бензин,12,0,1,1,1,0,0,0,0,0,0,0,0,0,0,0,1,0,0,0,0,0,0
320000.0,Kawasaki VN Vulcan 1500,Владивосток,31851.0,1470,бензин,27,0,1,0,1,0,0,0,0,0,0,0,0,0,0,0,1,0,0,0,0,0,0
320000.0,Yamaha XVS 650,Вяземский,30000.0,650,бензин,24,0,1,0,1,0,0,0,0,0,0,0,0,0,0,0,0,0,0,0,0,1,0
320000.0,Yamaha YZF-R125,Красноярск,10000.0,125,бензин,15,0,1,1,0,0,0,0,1,0,0,0,0,0,0,0,0,0,0,0,0,1,0
320000.0,Honda CB 400SF VTEC-1,Череповец,65000.0,400,бензин,25,0,1,0,1,0,0,0,0,0,0,0,0,0,1,0,0,0,0,0,0,0,0
320000.0,Regulmoto Alien Monster 300,Сочи,9500.0,300,бензин,5,0,1,1,1,0,0,0,0,0,0,0,0,0,0,0,0,0,0,0,0,0,1
320000.0,Kawasaki ZZR 600,Горно-Алтайск,46700.0,600,бензин,28,0,1,0,1,0,0,0,0,0,0,0,0,0,0,0,1,0,0,0,0,0,0
320000.0,Avantis Enduro 300 Pro Carb FCR Exclusive ARS,Йошкар-Ола,120.0,300,бензин,4,0,1,0,1,0,0,0,0,0,0,0,0,0,0,0,0,0,0,0,0,0,1
320000.0,Kawasaki ZZR 600,Кемерово,20000.0,600,бензин,29,0,1,0,1,0,0,0,0,0,0,0,0,0,0,0,1,0,0,0,0,0,0
320000.0,Минск Goose 400,Новосибирск,510.0,400,бензин,2,0,1,0,0,0,0,0,1,0,0,0,0,0,0,0,0,0,0,0,0,0,1
320000.0,Aprilia Scarabeo 500,Новосибирск,38750.0,500,бензин,22,1,1,1,0,0,0,0,1,0,0,0,0,0,0,0,0,0,0,0,0,0,1
320000.0,Honda NV 750,Миасс,60000.0,749,бензин,39,0,1,0,1,0,0,0,0,0,0,0,0,0,1,0,0,0,0,0,0,0,0
320000.0,Kawasaki ZZR 400 2,Болотное,33000.0,400,бензин,20,0,1,0,1,0,0,0,0,0,0,0,0,0,0,0,1,0,0,0,0,0,0
320000.0,Progasi Hardcore 450,Новокузнецк,300.0,450,бензин,1,0,1,0,1,0,0,0,0,0,0,0,0,0,0,0,0,0,0,0,0,0,1
320000.0,Honda Steed 600VLX,Находка,60000.0,600,бензин,33,0,1,0,1,0,0,0,0,0,0,0,0,0,1,0,0,0,0,0,0,0,0
320000.0,Honda CBR 600F3,Нюрба,47000.0,599,бензин,30,0,1,0,1,0,0,0,0,0,0,0,0,0,1,0,0,0,0,0,0,0,0
320000.0,Honda CBR 600F3,Черноморское,60000.0,600,бензин,30,0,1,0,1,0,0,0,0,0,0,0,0,0,1,0,0,0,0,0,0,0,0
320000.0,Suzuki RF 600R,Красноярск,61000.0,600,бензин,29,0,1,0,0,0,0,0,1,0,0,0,0,0,0,0,0,0,0,1,0,0,0
320000.0,CFMoto 650 NK,Пятигорск,11000.0,650,бензин,12,0,1,1,1,0,0,0,0,0,0,1,0,0,0,0,0,0,0,0,0,0,0
323000.0,Yamaha YZF-R15,Владивосток,4161.0,150,бензин,3,0,1,1,1,0,0,0,0,0,0,0,0,0,0,0,0,0,0,0,0,1,0
325000.0,Honda CB 400SF VTEC-1,Рязань,49000.0,400,бензин,26,0,1,0,1,0,0,0,0,0,0,0,0,0,1,0,0,0,0,0,0,0,0
325000.0,BMW G 310 R,Япония<!-- --> <!-- -->→<!-- --> <!-- -->Владивосток,18836.0,310,бензин,8,0,1,1,1,0,0,0,0,0,0,0,0,0,0,0,0,0,0,0,0,0,1
325000.0,JHL Z8,Каратузское,1000.0,300,бензин,2,0,1,0,1,0,0,0,0,0,0,0,0,0,0,0,0,0,0,0,0,0,1
325000.0,Kawasaki Ninja 400,Владивосток,18543.0,399,бензин,8,0,1,1,1,0,0,0,0,0,0,0,0,0,0,0,1,0,0,0,0,0,0
325000.0,Regulmoto V Bob,Бийск,769.0,250,бензин,2,0,1,1,1,0,0,0,0,0,0,0,0,0,0,0,0,0,0,0,0,0,1
325000.0,Yamaha YZF-R25,Владивосток,14000.0,249,бензин,8,0,1,1,1,0,0,0,0,0,0,0,0,0,0,0,0,0,0,0,0,1,0
325000.0,Kawasaki D-Tracker 250,Новосибирск,21700.0,250,бензин,11,0,1,1,0,0,0,0,1,0,0,0,0,0,0,0,1,0,0,0,0,0,0
325000.0,GR GR8 F300L Enduro Pro,Реж,600.0,300,бензин,5,0,1,1,1,0,0,0,0,0,0,0,0,0,0,0,0,0,0,0,0,0,1
325000.0,Honda Shadow 400,Япония<!-- --> <!-- -->→<!-- --> <!-- -->Хабаровск,12200.0,400,бензин,19,0,1,0,1,0,0,0,0,0,0,0,0,0,1,0,0,0,0,0,0,0,0
325000.0,Yamaha V-Max 1200,Хабаровск,46953.0,1200,бензин,25,0,1,0,1,0,0,0,0,0,0,0,0,0,0,0,0,0,0,0,0,1,0
325000.0,Progasi Race 300,Михайловка,563.0,300,бензин,1,0,1,0,1,0,0,0,0,0,0,0,0,0,0,0,0,0,0,0,0,0,1
325000.0,Regulmoto Sport-003 PR,Нерюнгри,155.0,300,бензин,2,0,1,0,1,0,0,0,0,0,0,0,0,0,0,0,0,0,0,0,0,0,1
325000.0,Suzuki SV 650S,Владивосток,36614.0,645,бензин,23,0,1,0,1,0,0,0,0,0,0,0,0,0,0,0,0,0,0,1,0,0,0
327500.0,Suzuki Djebel 200,Хабаровск,15922.0,200,бензин,22,0,1,0,1,0,0,0,0,0,0,0,0,0,0,0,0,0,0,1,0,0,0
328000.0,Kawasaki KX 250F,Владивосток,1.0,250,бензин,21,0,1,0,1,0,0,0,0,0,0,0,0,0,0,0,1,0,0,0,0,0,0
328000.0,Honda CB 250,Находка,13300.0,250,бензин,10,0,1,1,1,0,0,0,0,0,0,0,0,0,1,0,0,0,0,0,0,0,0
328684.0,Yamaha Dragstar / V-Star / XVS,Старый Городок,23557.0,400,бензин,28,0,1,0,0,0,0,1,0,0,0,0,0,0,0,0,0,0,0,0,0,1,0
329000.0,Suzuki GSF 1200S Bandit,Владивосток,31359.0,1200,бензин,25,0,1,0,1,0,0,0,0,0,0,0,0,0,0,0,0,0,0,1,0,0,0
329990.0,Yamaha YZF 1000,Красноярск,22000.0,1000,бензин,25,0,1,0,0,0,0,0,1,0,0,0,0,0,0,0,0,0,0,0,0,1,0
330000.0,Honda VTR 1000F,Вольно-Надеждинское,30000.0,1100,бензин,25,0,1,0,1,0,0,0,0,0,0,0,0,0,1,0,0,0,0,0,0,0,0
330000.0,Honda CRF 110F,Владивосток,20.0,110,бензин,3,0,1,1,1,0,0,0,0,0,0,0,0,0,1,0,0,0,0,0,0,0,0
330000.0,Honda NT 650V,Кызыл,70000.0,650,бензин,24,0,1,0,1,0,0,0,0,0,0,0,0,0,1,0,0,0,0,0,0,0,0
330000.0,Yamaha WR 250R,Владивосток,42000.0,250,бензин,11,0,1,1,1,0,0,0,0,0,0,0,0,0,0,0,0,0,0,0,0,1,0
330000.0,Honda CB 400SS,Уренгой,40000.0,400,бензин,24,0,1,0,1,0,0,0,0,0,0,0,0,0,1,0,0,0,0,0,0,0,0
330000.0,Yamaha FZ6S,Чита,14491.0,600,бензин,16,0,1,1,1,0,0,0,0,0,0,0,0,0,0,0,0,0,0,0,0,1,0
330000.0,Honda CBR 600F3,Кимры,53000.0,600,бензин,27,0,1,0,1,0,0,0,0,0,0,0,0,0,1,0,0,0,0,0,0,0,0
330000.0,Honda ST 1300,Венгерово,67000.0,1300,бензин,22,0,1,1,1,0,0,0,0,0,0,0,0,0,1,0,0,0,0,0,0,0,0
330000.0,Ducati Monster 400,Краснодар,13000.0,400,бензин,23,0,0,0,0,0,0,0,1,0,0,0,1,0,0,0,0,0,0,0,0,0,0
330000.0,Honda Transalp,Находка,42000.0,600,бензин,29,0,1,0,1,0,0,0,0,0,0,0,0,0,1,0,0,0,0,0,0,0,0
330000.0,Honda CB 400SF VTEC-1,Казань,39855.0,400,бензин,25,0,1,0,0,0,0,0,1,0,0,0,0,0,1,0,0,0,0,0,0,0,0
330000.0,Honda XR 250 Motard,Находка,22357.0,250,бензин,22,0,1,0,1,0,0,0,0,0,0,0,0,0,1,0,0,0,0,0,0,0,0
330000.0,Honda CB 400SF VTEC-1,Дарасун,47000.0,399,бензин,26,0,1,0,1,0,0,0,0,0,0,0,0,0,1,0,0,0,0,0,0,0,0
330000.0,Ducati Monster 400 i.e.,Япония<!-- --> <!-- -->→<!-- --> <!-- -->Владивосток,17559.0,400,бензин,18,0,1,1,1,0,0,0,0,0,0,0,1,0,0,0,0,0,0,0,0,0,0
330000.0,Kawasaki ZZR 1100D,Владивосток,25600.0,1052,бензин,27,0,1,0,1,0,0,0,0,0,0,0,0,0,0,0,1,0,0,0,0,0,0
330000.0,FXmoto X8,Большой Луг,2600.0,300,бензин,3,0,1,0,1,0,0,0,0,0,0,0,0,0,0,0,0,0,0,0,0,0,1
330000.0,Yamaha V-Max 1200,Новосибирск,22970.0,1197,бензин,30,0,1,0,0,0,0,0,1,0,0,0,0,0,0,0,0,0,0,0,0,1,0
330000.0,Honda Steed 400,Новороссийск,84100.0,398,бензин,33,0,1,0,1,0,0,0,0,0,0,0,0,0,1,0,0,0,0,0,0,0,0
330000.0,Yamaha XG250 Tricker,Владивосток,47938.0,249,бензин,20,0,1,0,1,0,0,0,0,0,0,0,0,0,0,0,0,0,0,0,0,1,0
330000.0,Suzuki GSR 400,Владивосток,5413.0,398,бензин,18,0,1,1,1,0,0,0,0,0,0,0,0,0,0,0,0,0,0,1,0,0,0
330000.0,Yamaha TT-R 250 Open Enduro,Хабаровск,19700.0,250,бензин,32,0,1,0,1,0,0,0,0,0,0,0,0,0,0,0,0,0,0,0,0,1,0
330000.0,Honda CB 190X,Владивосток,11668.0,189,бензин,5,0,1,1,1,0,0,0,0,0,0,0,0,0,1,0,0,0,0,0,0,0,0
330000.0,Honda CB 190X,Владивосток,12525.0,189,бензин,6,0,1,1,1,0,0,0,0,0,0,0,0,0,1,0,0,0,0,0,0,0,0
330000.0,Suzuki RM 85,Алматы,1.0,85,бензин,10,0,0,0,1,0,0,0,0,0,0,0,0,0,0,0,0,0,0,1,0,0,0
330000.0,Kawasaki ZZR 400 1,Омск,23000.0,400,бензин,32,0,1,0,0,0,0,0,1,0,0,0,0,0,0,0,1,0,0,0,0,0,0
330000.0,Honda CRF 250L,Лесозаводск,7200.0,250,бензин,12,0,1,1,1,0,0,0,0,0,0,0,0,0,1,0,0,0,0,0,0,0,0
330000.0,Honda CB 1000SF,Кемерово,91000.0,998,бензин,32,0,1,0,1,0,0,0,0,0,0,0,0,0,1,0,0,0,0,0,0,0,0
330000.0,Kawasaki Ninja ZX-9R,Хабаровск,130000.0,1000,бензин,24,0,1,0,1,0,0,0,0,0,0,0,0,0,0,0,1,0,0,0,0,0,0
330000.0,Lifan KPT200,Москва,859.0,198,бензин,1,0,1,1,0,0,1,0,0,0,0,0,0,0,0,0,0,0,0,0,0,0,1
330000.0,KTM 530 EXC,Краснокаменск,10000.0,530,бензин,16,0,1,0,1,0,0,0,0,0,0,0,0,0,0,0,0,0,0,0,0,0,1
330000.0,Kawasaki Ninja 400R,Солнечный,47978.0,400,бензин,11,0,1,1,1,0,0,0,0,0,0,0,0,0,0,0,1,0,0,0,0,0,0
330000.0,Yamaha TT-R 250 Raid,Иркутск,50000.0,250,бензин,31,0,1,0,1,0,0,0,0,0,0,0,0,0,0,0,0,0,0,0,0,1,0
330000.0,Yamaha YZ 450F,Братск,999.0,450,бензин,18,0,1,0,1,0,0,0,0,0,0,0,0,0,0,0,0,0,0,0,0,1,0
330000.0,Bajaj Pulsar N 250,Оренбург,1606.0,250,бензин,2,0,1,1,1,0,0,0,0,0,0,0,0,0,0,0,0,0,0,0,0,0,1
330000.0,Progasi Hardcore 450,Новокузнецк,1000.0,450,бензин,2,0,1,0,1,0,0,0,0,0,0,0,0,0,0,0,0,0,0,0,0,0,1
330000.0,Honda CBR 250RR,Краснобродский,20000.0,250,бензин,14,0,1,1,1,0,0,0,0,0,0,0,0,0,1,0,0,0,0,0,0,0,0
330000.0,Yamaha WR 250F,Рубцовск,15.0,250,бензин,23,0,1,0,1,0,0,0,0,0,0,0,0,0,0,0,0,0,0,0,0,1,0
330000.0,Progasi Race 300,Кстово,198.0,300,бензин,1,0,1,0,1,0,0,0,0,0,0,0,0,0,0,0,0,0,0,0,0,0,1
330000.0,Honda CBR 600F2,Томск,36000.0,600,бензин,31,0,1,0,1,0,0,0,0,0,0,0,0,0,1,0,0,0,0,0,0,0,0
330000.0,Ducati Multistrada 1000 DS,Владивосток,21819.0,1000,бензин,21,0,1,1,1,0,0,0,0,0,0,0,1,0,0,0,0,0,0,0,0,0,0
330000.0,Bajaj Pulsar N 250,Москва,3100.0,250,бензин,2,0,1,1,0,0,1,0,0,0,0,0,0,0,0,0,0,0,0,0,0,0,1
330000.0,Kawasaki Ninja 250R,Зима,20884.0,250,бензин,15,0,1,0,1,0,0,0,0,0,0,0,0,0,0,0,1,0,0,0,0,0,0
330000.0,Kawasaki KLR 650,Москва,30118.0,650,бензин,25,0,1,0,0,0,1,0,0,0,0,0,0,0,0,0,1,0,0,0,0,0,0
330000.0,Honda CBR 1000,Усть-Абакан,46000.0,1000,бензин,31,0,1,0,1,0,0,0,0,0,0,0,0,0,1,0,0,0,0,0,0,0,0
333000.0,Yamaha YZF-R125,Красноярск,48900.0,125,бензин,15,0,1,1,0,0,0,0,1,0,0,0,0,0,0,0,0,0,0,0,0,1,0
333000.0,Suzuki GSX-R 600,Москва,48685.0,600,бензин,27,0,1,0,0,0,1,0,0,0,0,0,0,0,0,0,0,0,0,1,0,0,0
333000.0,Suzuki VS 750 Intruder,Курган,23600.0,750,бензин,32,0,1,0,1,0,0,0,0,0,0,0,0,0,0,0,0,0,0,1,0,0,0
335000.0,Yamaha XVS 400,Владивосток,39656.0,399,бензин,28,0,1,0,1,0,0,0,0,0,0,0,0,0,0,0,0,0,0,0,0,1,0
335000.0,Honda VRX 400 Roadster,Новосибирск,41000.0,400,бензин,30,0,1,0,0,0,0,0,1,0,0,0,0,0,1,0,0,0,0,0,0,0,0
335000.0,Yamaha YZF-R25,Курган,40000.0,250,бензин,9,0,1,1,1,0,0,0,0,0,0,0,0,0,0,0,0,0,0,0,0,1,0
335000.0,Yamaha WR 250F,Владивосток,1.0,249,бензин,22,0,1,0,1,0,0,0,0,0,0,0,0,0,0,0,0,0,0,0,0,1,0
335000.0,Suzuki GSX 250R,Владивосток,26871.0,248,бензин,7,0,1,1,1,0,0,0,0,0,0,0,0,0,0,0,0,0,0,1,0,0,0
335000.0,Suzuki Djebel 200,Уссурийск,12800.0,200,бензин,21,0,1,0,1,0,0,0,0,0,0,0,0,0,0,0,0,0,0,1,0,0,0
335000.0,Honda CBR 250R,Тюмень,10000.0,250,бензин,13,0,1,1,1,0,0,0,0,0,0,0,0,0,1,0,0,0,0,0,0,0,0
335000.0,Honda VFR 800X Crossrunner,Уссурийск,14800.0,800,бензин,14,0,1,1,1,0,0,0,0,0,0,0,0,0,1,0,0,0,0,0,0,0,0
335000.0,Honda CBR 900RR,Топчиха,32000.0,900,бензин,30,0,1,0,1,0,0,0,0,0,0,0,0,0,1,0,0,0,0,0,0,0,0
335000.0,Honda CB 400SF,Кемерово,32740.0,400,бензин,28,0,1,0,1,0,0,0,0,0,0,0,0,0,1,0,0,0,0,0,0,0,0
335000.0,Yamaha YZF-R1,Новосибирск,44312.0,1000,бензин,26,0,1,0,0,0,0,0,1,0,0,0,0,0,0,0,0,0,0,0,0,1,0
335000.0,Yamaha YZ 250F,Москва,380.0,250,бензин,16,0,1,0,0,0,1,0,0,0,0,0,0,0,0,0,0,0,0,0,0,1,0
335000.0,Yamaha TT-R 250 Raid,Япония<!-- --> <!-- -->→<!-- --> <!-- -->Владивосток,15643.0,249,бензин,24,0,1,0,1,0,0,0,0,0,0,0,0,0,0,0,0,0,0,0,0,1,0
335000.0,Honda CBR 600F2,Аскиз,37000.0,600,бензин,30,0,1,0,1,0,0,0,0,0,0,0,0,0,1,0,0,0,0,0,0,0,0
335000.0,Yamaha MT-25,Владивосток,9951.0,249,бензин,9,0,1,1,1,0,0,0,0,0,0,0,0,0,0,0,0,0,0,0,0,1,0
335000.0,Honda Shadow 400,Владивосток,41025.0,398,бензин,13,0,1,1,1,0,0,0,0,0,0,0,0,0,1,0,0,0,0,0,0,0,0
335000.0,Kawasaki Super Sherpa,Уссурийск,14000.0,250,бензин,18,0,1,0,1,0,0,0,0,0,0,0,0,0,0,0,1,0,0,0,0,0,0
335000.0,Honda CB 400SF,Чита,46000.0,399,бензин,24,0,1,0,1,0,0,0,0,0,0,0,0,0,1,0,0,0,0,0,0,0,0
335000.0,Regulmoto V Bob,Севастополь,3500.0,249,бензин,1,0,1,1,1,0,0,0,0,0,0,0,0,0,0,0,0,0,0,0,0,0,1
335000.0,Yamaha XT 250X,Уссурийск,17500.0,250,бензин,19,0,1,0,1,0,0,0,0,0,0,0,0,0,0,0,0,0,0,0,0,1,0
336100.0,Bajaj Pulsar NS 200,Владивосток,1.0,199,бензин,3,0,1,0,1,0,0,0,0,0,0,0,0,0,0,0,0,0,0,0,0,0,1
337000.0,Suzuki Djebel,Красноярск,4500.0,200,бензин,20,0,1,0,0,0,0,0,1,0,0,0,0,0,0,0,0,0,0,1,0,0,0
337500.0,Kawasaki Super Sherpa,Хабаровск,9600.0,250,бензин,24,0,1,0,1,0,0,0,0,0,0,0,0,0,0,0,1,0,0,0,0,0,0
337500.0,Suzuki Djebel 250,Хабаровск,22314.0,250,бензин,27,0,1,0,1,0,0,0,0,0,0,0,0,0,0,0,0,0,0,1,0,0,0
338700.0,Husqvarna TE 250,Хабаровск,6832.0,250,бензин,16,0,1,1,1,0,0,0,0,0,0,0,0,0,0,0,0,0,0,0,0,0,1
340000.0,Kawasaki KLX 250,Коломна,4000.0,300,бензин,22,0,1,0,0,0,0,1,0,0,0,0,0,0,0,0,1,0,0,0,0,0,0
340000.0,Honda Steed,Севастополь,30000.0,400,бензин,30,0,1,0,1,0,0,0,0,0,0,0,0,0,1,0,0,0,0,0,0,0,0
340000.0,Honda XR 250,Уссурийск,12000.0,250,бензин,29,0,1,0,1,0,0,0,0,0,0,0,0,0,1,0,0,0,0,0,0,0,0
340000.0,CFMoto 650 NK,Нальчик,15000.0,650,бензин,13,0,1,1,1,0,0,0,0,0,0,1,0,0,0,0,0,0,0,0,0,0,0
340000.0,Suzuki Djebel 250,Новосибирск,44500.0,250,бензин,18,0,1,0,0,0,0,0,1,0,0,0,0,0,0,0,0,0,0,1,0,0,0
340000.0,Yamaha V-Max 1200,Красноярск,40000.0,1200,бензин,31,0,1,0,0,0,0,0,1,0,0,0,0,0,0,0,0,0,0,0,0,1,0
340000.0,Suzuki XF 650 Freewind,Новый Уренгой,51000.0,650,бензин,25,0,1,0,1,0,0,0,0,0,0,0,0,0,0,0,0,0,0,1,0,0,0
340000.0,Honda CBR 600F,Чита,46000.0,600,бензин,26,0,1,0,1,0,0,0,0,0,0,0,0,0,1,0,0,0,0,0,0,0,0
340000.0,Suzuki Djebel 250,Иркутск,21000.0,250,бензин,25,0,1,0,1,0,0,0,0,0,0,0,0,0,0,0,0,0,0,1,0,0,0
340000.0,Honda XR 250,Уссурийск,3500.0,250,бензин,27,0,1,0,1,0,0,0,0,0,0,0,0,0,1,0,0,0,0,0,0,0,0
340000.0,Kawasaki Ninja 400,Япония<!-- --> <!-- -->→<!-- --> <!-- -->Уссурийск,22452.0,400,бензин,13,0,1,1,1,0,0,0,0,0,0,0,0,0,0,0,1,0,0,0,0,0,0
340000.0,Suzuki Djebel 200,Хоринск,15578.0,199,бензин,23,0,1,0,1,0,0,0,0,0,0,0,0,0,0,0,0,0,0,1,0,0,0
340000.0,Honda CB 400SF,Якутск,18500.0,399,бензин,22,0,1,0,1,0,0,0,0,0,0,0,0,0,1,0,0,0,0,0,0,0,0
340000.0,Kawasaki KX 250F,Новокузнецк,100.0,250,бензин,11,0,1,1,1,0,0,0,0,0,0,0,0,0,0,0,1,0,0,0,0,0,0
340000.0,Honda CB 600F Hornet,Сургут,48000.0,600,бензин,25,0,1,0,1,0,0,0,0,0,0,0,0,0,1,0,0,0,0,0,0,0,0
340000.0,Honda XR 250,Уссурийск,19000.0,250,бензин,20,0,1,0,1,0,0,0,0,0,0,0,0,0,1,0,0,0,0,0,0,0,0
340000.0,Yamaha XJR 1200,Владивосток,17416.0,1200,бензин,28,0,1,0,1,0,0,0,0,0,0,0,0,0,0,0,0,0,0,0,0,1,0
340000.0,Kawasaki Super Sherpa,Чита,28000.0,249,бензин,19,0,1,0,1,0,0,0,0,0,0,0,0,0,0,0,1,0,0,0,0,0,0
340000.0,Honda CB 400SFV,Черепаново,50000.0,399,бензин,21,0,1,0,1,0,0,0,0,0,0,0,0,0,1,0,0,0,0,0,0,0,0
340000.0,KTM 350 SX-F,Новокузнецк,1000.0,350,бензин,13,0,1,1,1,0,0,0,0,0,0,0,0,0,0,0,0,0,0,0,0,0,1
340000.0,Suzuki GSR 250 Inazuma,Череповец,19657.0,250,бензин,8,0,1,1,1,0,0,0,0,0,0,0,0,0,0,0,0,0,0,1,0,0,0
340000.0,Regulmoto V Bob,Егорлыкская,107.0,250,бензин,1,0,1,1,1,0,0,0,0,0,0,0,0,0,0,0,0,0,0,0,0,0,1
342000.0,Yamaha XJR 400,Иркутск,51360.0,400,бензин,19,0,1,0,1,0,0,0,0,0,0,0,0,0,0,0,0,0,0,0,0,1,0
345000.0,Yamaha XJR 1200,Владивосток,22508.0,1200,бензин,27,0,1,0,1,0,0,0,0,0,0,0,0,0,0,0,0,0,0,0,0,1,0
345000.0,Honda CB 400SF VTEC-2,Якутск,54000.0,400,бензин,22,0,1,0,1,0,0,0,0,0,0,0,0,0,1,0,0,0,0,0,0,0,0
345000.0,Voge 300RR,Новосибирск,7500.0,300,бензин,2,0,1,1,0,0,0,0,1,0,0,0,0,0,0,0,0,0,0,0,0,0,1
345000.0,Kawasaki ZZR 400 2,Искитим,40000.0,400,бензин,22,0,1,0,1,0,0,0,0,0,0,0,0,0,0,0,1,0,0,0,0,0,0
345000.0,Honda VTR 1000F,Бобруйск,54000.0,996,бензин,19,0,1,0,1,0,0,0,0,0,0,0,0,0,1,0,0,0,0,0,0,0,0
345000.0,Ducati Monster 900,Владивосток,2628.0,904,бензин,23,0,1,1,1,0,0,0,0,0,0,0,1,0,0,0,0,0,0,0,0,0,0
345000.0,Suzuki GSX 750F Katana,Канск,60500.0,750,бензин,25,0,1,0,1,0,0,0,0,0,0,0,0,0,0,0,0,0,0,1,0,0,0
345000.0,BMW R 1100 R,Владивосток,63755.0,1085,бензин,27,0,1,1,1,0,0,0,0,0,0,0,0,0,0,0,0,0,0,0,0,0,1
345000.0,Suzuki GS 500,Канск,45000.0,500,бензин,20,0,1,0,1,0,0,0,0,0,0,0,0,0,0,0,0,0,0,1,0,0,0
345000.0,Yamaha YZF-R125,Лесозаводск,27000.0,250,бензин,10,0,1,1,1,0,0,0,0,0,0,0,0,0,0,0,0,0,0,0,0,1,0
345000.0,BMW F 650 CS,Минусинск,42000.0,650,бензин,25,0,1,1,1,0,0,0,0,0,0,0,0,0,0,0,0,0,0,0,0,0,1
345000.0,Suzuki SV 1000S,Владивосток,19000.0,996,бензин,22,0,1,1,1,0,0,0,0,0,0,0,0,0,0,0,0,0,0,1,0,0,0
345000.0,Honda GB 250,Краснодар,21000.0,250,бензин,35,0,1,0,0,0,0,0,1,0,0,0,0,0,1,0,0,0,0,0,0,0,0
345000.0,Suzuki VS 400 Intruder,Хабаровск,14987.0,400,бензин,13,0,1,1,1,0,0,0,0,0,0,0,0,0,0,0,0,0,0,1,0,0,0
345000.0,Yamaha YZF-R125,Новосибирск,10300.0,125,бензин,14,0,1,1,0,0,0,0,1,0,0,0,0,0,0,0,0,0,0,0,0,1,0
345000.0,Ducati Supersport 750,Владивосток,22198.0,750,бензин,21,0,1,1,1,0,0,0,0,0,0,0,1,0,0,0,0,0,0,0,0,0,0
345000.0,BMW R 1100 S,Владивосток,24830.0,1085,бензин,23,0,1,1,1,0,0,0,0,0,0,0,0,0,0,0,0,0,0,0,0,0,1
348000.0,Yamaha FZS 25,Находка,8800.0,250,бензин,5,0,1,1,1,0,0,0,0,0,0,0,0,0,0,0,0,0,0,0,0,1,0
349000.0,Yamaha V-Max 1200,Владивосток,25574.0,1200,бензин,22,0,1,0,1,0,0,0,0,0,0,0,0,0,0,0,0,0,0,0,0,1,0
349000.0,Suzuki GSX-R 250,Владивосток,26109.0,250,бензин,7,0,1,1,1,0,0,0,0,0,0,0,0,0,0,0,0,0,0,1,0,0,0
349000.0,Kawasaki ZZR 400 2,Абакан,29256.0,400,бензин,20,0,1,0,1,0,0,0,0,0,0,0,0,0,0,0,1,0,0,0,0,0,0
349000.0,Ducati ST4S,Владивосток,26100.0,996,бензин,22,0,1,1,1,0,0,0,0,0,0,0,1,0,0,0,0,0,0,0,0,0,0
349000.0,Suzuki VL400 Intruder,Владивосток,27020.0,400,бензин,17,0,1,0,1,0,0,0,0,0,0,0,0,0,0,0,0,0,0,1,0,0,0
349000.0,Honda CBR 1100XX,Владивосток,64718.0,1100,бензин,28,0,1,0,1,0,0,0,0,0,0,0,0,0,1,0,0,0,0,0,0,0,0
349000.0,BMW R 1100 R,Владивосток,66380.0,1085,бензин,27,0,1,1,1,0,0,0,0,0,0,0,0,0,0,0,0,0,0,0,0,0,1
349000.0,Yamaha XVS 400,Владивосток,53833.0,399,бензин,22,0,1,0,1,0,0,0,0,0,0,0,0,0,0,0,0,0,0,0,0,1,0
349000.0,Yamaha MT-25,Владивосток,42295.0,249,бензин,8,0,1,1,1,0,0,0,0,0,0,0,0,0,0,0,0,0,0,0,0,1,0
349990.0,BRZ X8 NC300s BE,Юрга,5.0,300,бензин,1,0,1,0,1,0,0,0,0,0,0,0,0,0,0,0,0,0,0,0,0,0,1
349999.0,KTM 390 Duke,Хабаровск,2100.0,390,бензин,11,0,1,1,1,0,0,0,0,0,0,0,0,0,0,0,0,0,0,0,0,0,1
349999.0,Honda CB 1000SF,Абинск,57000.0,1000,бензин,30,0,1,0,1,0,0,0,0,0,0,0,0,0,1,0,0,0,0,0,0,0,0
349999.0,Gas Gas EC 300,Улан-Удэ,470.0,300,бензин,11,0,0,0,1,0,0,0,0,0,0,0,0,0,0,0,0,0,0,0,0,0,1
350000.0,KTM 450 SX,Владивосток,12.0,450,бензин,21,0,1,0,1,0,0,0,0,0,0,0,0,0,0,0,0,0,0,0,0,0,1
350000.0,Kawasaki ZR-7S,Хабаровск,39000.0,750,бензин,19,0,1,0,1,0,0,0,0,0,0,0,0,0,0,0,1,0,0,0,0,0,0
350000.0,Kayo K6 300,Кисловодск,250.0,283,бензин,1,0,1,0,1,0,0,0,0,0,0,0,0,0,0,0,0,0,0,0,0,0,1
350000.0,Kawasaki D-Tracker,Торжок,8000.0,250,бензин,17,0,1,1,1,0,0,0,0,0,0,0,0,0,0,0,1,0,0,0,0,0,0
350000.0,GR GR8 F250A Enduro Optimum,Хабаровск,115.0,250,бензин,2,0,0,0,1,0,0,0,0,0,0,0,0,0,0,0,0,0,0,0,0,0,1
350000.0,Honda CB 1000SF,Юрга,27000.0,998,бензин,31,0,1,0,1,0,0,0,0,0,0,0,0,0,1,0,0,0,0,0,0,0,0
350000.0,Kawasaki KX 450F,Медногорский,121.0,450,бензин,11,0,1,1,1,0,0,0,0,0,0,0,0,0,0,0,1,0,0,0,0,0,0
350000.0,BMW K 1100 LT,Георгиевск,27000.0,1100,бензин,31,0,1,1,1,0,0,0,0,0,0,0,0,0,0,0,0,0,0,0,0,0,1
350000.0,GR GR8 F300L Enduro Pro,Ванино,500.0,300,бензин,2,0,1,1,1,0,0,0,0,0,0,0,0,0,0,0,0,0,0,0,0,0,1
350000.0,Honda SL 230,Южно-Сахалинск,25641.0,230,бензин,23,0,1,0,1,0,0,0,0,0,0,0,0,0,1,0,0,0,0,0,0,0,0
350000.0,Honda CBR 600F3,Новосибирск,200000.0,599,бензин,27,0,1,0,0,0,0,0,1,0,0,0,0,0,1,0,0,0,0,0,0,0,0
350000.0,Honda XR 250,Ейск,13000.0,249,бензин,22,0,1,1,1,0,0,0,0,0,0,0,0,0,1,0,0,0,0,0,0,0,0
350000.0,Yamaha XJ 900 Diversion,Турочак,20000.0,900,бензин,27,0,1,0,1,0,0,0,0,0,0,0,0,0,0,0,0,0,0,0,0,1,0
350000.0,BMW R 1100 RS,Баклаши,33000.0,1100,бензин,29,0,1,1,1,0,0,0,0,0,0,0,0,0,0,0,0,0,0,0,0,0,1
350000.0,Suzuki Djebel 250,Камень-Рыболов,23000.0,250,бензин,29,0,1,0,1,0,0,0,0,0,0,0,0,0,0,0,0,0,0,1,0,0,0
350000.0,Yamaha FZS 1000,Лесозаводск,30000.0,1000,бензин,23,0,1,0,1,0,0,0,0,0,0,0,0,0,0,0,0,0,0,0,0,1,0
350000.0,Suzuki DR 650SE,Санкт-Петербург,26000.0,650,бензин,26,0,1,0,0,0,0,0,0,1,0,0,0,0,0,0,0,0,0,1,0,0,0
350000.0,Honda CRF 250R,Красноярск,5000.0,250,бензин,18,0,1,0,0,0,0,0,1,0,0,0,0,0,1,0,0,0,0,0,0,0,0
350000.0,Yamaha XJ 900 Diversion,Канаш,84700.0,900,бензин,26,0,1,0,1,0,0,0,0,0,0,0,0,0,0,0,0,0,0,0,0,1,0
350000.0,Honda Steed 600,Иркутск,19600.0,583,бензин,35,0,1,0,1,0,0,0,0,0,0,0,0,0,1,0,0,0,0,0,0,0,0
350000.0,Suzuki GSX-R 750,Благовещенск,22000.0,750,бензин,26,0,1,1,1,0,0,0,0,0,0,0,0,0,0,0,0,0,0,1,0,0,0
350000.0,Honda VF 750 Magna,Владивосток,12635.0,750,бензин,29,0,1,0,1,0,0,0,0,0,0,0,0,0,1,0,0,0,0,0,0,0,0
350000.0,Honda CRF 250X,Большой Камень,1000.0,250,бензин,21,0,1,0,1,0,0,0,0,0,0,0,0,0,1,0,0,0,0,0,0,0,0
350000.0,Voge 300R,Горячий Ключ,2800.0,300,бензин,1,0,1,1,1,0,0,0,0,0,0,0,0,0,0,0,0,0,0,0,0,0,1
350000.0,FXmoto X8,Темрюк,1100.0,300,бензин,1,0,1,0,1,0,0,0,0,0,0,0,0,0,0,0,0,0,0,0,0,0,1
350000.0,Honda Baja,Находка,10700.0,250,бензин,27,0,1,0,1,0,0,0,0,0,0,0,0,0,1,0,0,0,0,0,0,0,0
350000.0,Yamaha XJR 1200,Барнаул,41000.0,1200,бензин,31,0,1,0,1,0,0,0,0,0,0,0,0,0,0,0,0,0,0,0,0,1,0
350000.0,Honda VFR 750,Чита,89000.0,750,бензин,31,0,1,0,1,0,0,0,0,0,0,0,0,0,1,0,0,0,0,0,0,0,0
350000.0,Yamaha Virago XV 535,Минусинск,28000.0,535,бензин,28,0,1,0,1,0,0,0,0,0,0,0,0,0,0,0,0,0,0,0,0,1,0
350000.0,Kews K23 NC300S,Благовещенск,5.0,300,бензин,1,0,1,0,1,0,0,0,0,0,0,0,0,0,0,0,0,0,0,0,0,0,1
350000.0,Kawasaki KLX 250,Чугуевка,31000.0,250,бензин,18,0,1,0,1,0,0,0,0,0,0,0,0,0,0,0,1,0,0,0,0,0,0
350000.0,Suzuki Djebel 250,Ачинск,20000.0,250,бензин,28,0,1,0,1,0,0,0,0,0,0,0,0,0,0,0,0,0,0,1,0,0,0
350000.0,Yamaha FZ6R,Краснодар,29000.0,600,бензин,16,0,1,1,0,0,0,0,1,0,0,0,0,0,0,0,0,0,0,0,0,1,0
350000.0,Suzuki SV 650,Новосибирск,12796.0,650,бензин,26,0,1,0,0,0,0,0,1,0,0,0,0,0,0,0,0,0,0,1,0,0,0
350000.0,Suzuki VS 400 Intruder,Хабаровск,27997.0,400,бензин,29,0,1,0,1,0,0,0,0,0,0,0,0,0,0,0,0,0,0,1,0,0,0
350000.0,Yamaha TDM 850,Новосибирск,48000.0,850,бензин,25,0,1,0,0,0,0,0,1,0,0,0,0,0,0,0,0,0,0,0,0,1,0
350000.0,Honda CBR 400R,Уссурийск,22600.0,400,бензин,11,0,1,1,1,0,0,0,0,0,0,0,0,0,1,0,0,0,0,0,0,0,0
350000.0,Honda Steed 400,Верх-Чебула,29000.0,400,бензин,30,0,1,0,1,0,0,0,0,0,0,0,0,0,1,0,0,0,0,0,0,0,0
350000.0,Voge 300AC,Москва,4150.0,300,бензин,3,0,1,1,0,0,1,0,0,0,0,0,0,0,0,0,0,0,0,0,0,0,1
350000.0,Kawasaki Ninja 900,Хабаровск,59000.0,900,бензин,26,0,1,0,1,0,0,0,0,0,0,0,0,0,0,0,1,0,0,0,0,0,0
350000.0,Suzuki GSR 250F,Благовещенск,19250.0,249,бензин,12,0,1,1,1,0,0,0,0,0,0,0,0,0,0,0,0,0,0,1,0,0,0
350000.0,Honda Shadow 400,Владивосток,15000.0,400,бензин,21,0,1,0,1,0,0,0,0,0,0,0,0,0,1,0,0,0,0,0,0,0,0
350000.0,Kawasaki KLX 300,Спасск-Дальний,18000.0,300,бензин,24,0,1,0,1,0,0,0,0,0,0,0,0,0,0,0,1,0,0,0,0,0,0
350000.0,Honda CBR 600F3,Тобольск,51000.0,600,бензин,28,0,1,0,1,0,0,0,0,0,0,0,0,0,1,0,0,0,0,0,0,0,0
350000.0,Honda Transalp 650,Улан-Удэ,60000.0,650,бензин,21,0,1,0,1,0,0,0,0,0,0,0,0,0,1,0,0,0,0,0,0,0,0
350000.0,Ява 350,Петровск-Забайкальский,7000.0,350,бензин,33,0,0,0,1,0,0,0,0,0,0,0,0,0,0,0,0,0,0,0,0,0,1
350000.0,Honda Shadow 750,Владивосток,1.0,750,бензин,15,0,1,1,1,0,0,0,0,0,0,0,0,0,1,0,0,0,0,0,0,0,0
350000.0,Kawasaki VN Vulcan 1500 Classic,Благовещенск,30000.0,1500,бензин,29,0,1,0,1,0,0,0,0,0,0,0,0,0,0,0,1,0,0,0,0,0,0
350000.0,Honda CBR 600F4,Хабаровск,56000.0,600,бензин,26,0,1,0,1,0,0,0,0,0,0,0,0,0,1,0,0,0,0,0,0,0,0
350000.0,Honda CB 400SF,Владивосток,88000.0,399,бензин,11,0,1,1,1,0,0,0,0,0,0,0,0,0,1,0,0,0,0,0,0,0,0
350000.0,Yamaha XVS 400,Куеда,57000.0,400,бензин,28,0,1,0,1,0,0,0,0,0,0,0,0,0,0,0,0,0,0,0,0,1,0
350000.0,Yamaha V-Max 1200,Могоча,17000.0,1200,бензин,31,0,1,0,1,0,0,0,0,0,0,0,0,0,0,0,0,0,0,0,0,1,0
350000.0,Honda CB 600F Hornet,Евпатория,62822.0,600,бензин,25,0,1,0,1,0,0,0,0,0,0,0,0,0,1,0,0,0,0,0,0,0,0
350000.0,Иж 4,Симферополь,5692.0,350,бензин,41,0,0,0,1,0,0,0,0,0,0,0,0,0,0,0,0,0,0,0,0,0,1
350000.0,Suzuki GSX-R,Славянск-На-Кубани,34000.0,750,бензин,29,0,1,1,1,0,0,0,0,0,0,0,0,0,0,0,0,0,0,1,0,0,0
350000.0,Yamaha YBR 250,Япония<!-- --> <!-- -->→<!-- --> <!-- -->Иркутск,2989.0,250,бензин,13,0,1,1,1,0,0,0,0,0,0,0,0,0,0,0,0,0,0,0,0,1,0
350000.0,Honda CRF 450X,Свободный,1000.0,450,бензин,20,0,1,0,1,0,0,0,0,0,0,0,0,0,1,0,0,0,0,0,0,0,0
350000.0,Honda CB 400SF Version R,Бердск,53250.0,390,бензин,30,0,1,0,1,0,0,0,0,0,0,0,0,0,1,0,0,0,0,0,0,0,0
350000.0,Kews K16 NC300S,Хабаровск,11.0,300,бензин,2,0,1,0,1,0,0,0,0,0,0,0,0,0,0,0,0,0,0,0,0,0,1
350000.0,Honda CRF 250L,Уссурийск,37164.0,250,бензин,13,0,1,1,1,0,0,0,0,0,0,0,0,0,1,0,0,0,0,0,0,0,0
350000.0,Honda CB 400SFV,Половинное,29852.0,399,бензин,23,0,1,0,1,0,0,0,0,0,0,0,0,0,1,0,0,0,0,0,0,0,0
350000.0,Yamaha V-Max 1200,Находка,27000.0,1200,бензин,33,0,1,0,1,0,0,0,0,0,0,0,0,0,0,0,0,0,0,0,0,1,0
350000.0,Honda CR 125,Москва,1.0,125,бензин,11,0,0,0,0,0,1,0,0,0,0,0,0,0,1,0,0,0,0,0,0,0,0
350000.0,Honda CB 400SF,Калуга,36278.0,400,бензин,31,0,1,0,1,0,0,0,0,0,0,0,0,0,1,0,0,0,0,0,0,0,0
350000.0,Avantis Enduro 250 Pro EFI,Иркутск,60.0,250,бензин,4,0,1,1,1,0,0,0,0,0,0,0,0,0,0,0,0,0,0,0,0,0,1
350000.0,Suzuki DR-Z 400S,Красноярск,15000.0,400,бензин,21,0,1,0,0,0,0,0,1,0,0,0,0,0,0,0,0,0,0,1,0,0,0
350000.0,Honda Steed 400VLX,Артём,20000.0,400,бензин,26,0,1,0,1,0,0,0,0,0,0,0,0,0,1,0,0,0,0,0,0,0,0
350000.0,Kawasaki KLX 250,Уссурийск,25000.0,249,бензин,10,0,1,1,1,0,0,0,0,0,0,0,0,0,0,0,1,0,0,0,0,0,0
350000.0,Kawasaki Versys 650,Находка,63900.0,650,бензин,16,0,1,1,1,0,0,0,0,0,0,0,0,0,0,0,1,0,0,0,0,0,0
350000.0,Ducati ST2,Нерюнгри,40000.0,950,бензин,24,0,1,1,1,0,0,0,0,0,0,0,1,0,0,0,0,0,0,0,0,0,0
350000.0,Yamaha TDM 850,Омск,50000.0,850,бензин,25,0,1,0,0,0,0,0,1,0,0,0,0,0,0,0,0,0,0,0,0,1,0
350000.0,Honda CBR 1100XX,Владивосток,55000.0,1100,бензин,28,0,1,0,1,0,0,0,0,0,0,0,0,0,1,0,0,0,0,0,0,0,0
350000.0,Honda Shadow 1100,Тюмень,49000.0,1100,бензин,19,0,1,0,1,0,0,0,0,0,0,0,0,0,1,0,0,0,0,0,0,0,0
350000.0,Yamaha XJR 1300,Дунай,30000.0,1300,бензин,25,0,1,0,1,0,0,0,0,0,0,0,0,0,0,0,0,0,0,0,0,1,0
350000.0,Honda Shadow,Хабаровск,50000.0,600,бензин,28,0,1,0,1,0,0,0,0,0,0,0,0,0,1,0,0,0,0,0,0,0,0
350000.0,Honda Shadow 400,Ачинск,64000.0,400,бензин,22,0,1,0,1,0,0,0,0,0,0,0,0,0,1,0,0,0,0,0,0,0,0
350000.0,Honda CRF 250R,Красноярск,1.0,250,бензин,14,0,1,1,0,0,0,0,1,0,0,0,0,0,1,0,0,0,0,0,0,0,0
350000.0,Kawasaki ZR-7,Гуково,33800.0,750,бензин,25,0,1,0,1,0,0,0,0,0,0,0,0,0,0,0,1,0,0,0,0,0,0
350000.0,Suzuki VZ 400 Desperado,Тюмень,29300.0,400,бензин,25,0,1,0,1,0,0,0,0,0,0,0,0,0,0,0,0,0,0,1,0,0,0
350000.0,Honda CB 400,Барнаул,34000.0,400,бензин,25,0,1,0,1,0,0,0,0,0,0,0,0,0,1,0,0,0,0,0,0,0,0
350000.0,Honda CB 400SF Boldor,Комсомольск-на-Амуре,37000.0,400,бензин,19,0,1,0,1,0,0,0,0,0,0,0,0,0,1,0,0,0,0,0,0,0,0
350000.0,Yamaha XJ 900 Diversion,Луга,80000.0,900,бензин,27,0,1,0,0,1,0,0,0,0,0,0,0,0,0,0,0,0,0,0,0,1,0
350000.0,Suzuki Boulevard 400,Новосибирск,37000.0,400,бензин,20,0,1,0,0,0,0,0,1,0,0,0,0,0,0,0,0,0,0,1,0,0,0
350000.0,Regulmoto Alien Monster 300,Белгород,3800.0,300,бензин,5,0,1,1,1,0,0,0,0,0,0,0,0,0,0,0,0,0,0,0,0,0,1
350000.0,Honda XR 250,Железногорск-Илимский,14000.0,250,бензин,18,0,1,0,1,0,0,0,0,0,0,0,0,0,1,0,0,0,0,0,0,0,0
350000.0,Kawasaki KL250 Super Sherpa,Севастополь,21000.0,250,бензин,18,0,1,0,1,0,0,0,0,0,0,0,0,0,0,0,1,0,0,0,0,0,0
350000.0,Yamaha Dragstar / V-Star / XVS,Владивосток,40000.0,400,бензин,26,0,1,0,1,0,0,0,0,0,0,0,0,0,0,0,0,0,0,0,0,1,0
350000.0,BMW F 650 GS,Свободный,34000.0,650,бензин,22,0,1,1,1,0,0,0,0,0,0,0,0,0,0,0,0,0,0,0,0,0,1
350000.0,Honda CBR 600RR,Тюмень,1000.0,599,бензин,13,0,1,1,1,0,0,0,0,0,0,0,0,0,1,0,0,0,0,0,0,0,0
350000.0,Husqvarna WR 125,Ижевск,99.0,125,бензин,12,0,0,0,1,0,0,0,0,0,0,0,0,0,0,0,0,0,0,0,0,0,1
350000.0,Honda VTR 1000F,Владивосток,43895.0,1000,бензин,19,0,1,0,1,0,0,0,0,0,0,0,0,0,1,0,0,0,0,0,0,0,0
350000.0,Suzuki DR-Z 400S,Ухта,6000.0,400,бензин,16,0,1,0,1,0,0,0,0,0,0,0,0,0,0,0,0,0,0,1,0,0,0
350000.0,Honda CRF 250L,Спасск-Дальний,1000.0,249,бензин,11,0,1,1,1,0,0,0,0,0,0,0,0,0,1,0,0,0,0,0,0,0,0
350000.0,Kawasaki ER-6F,Спасск-Дальний,40000.0,650,бензин,15,0,1,1,1,0,0,0,0,0,0,0,0,0,0,0,1,0,0,0,0,0,0
350000.0,Honda GB 500,Ливны,26000.0,500,бензин,28,0,1,0,1,0,0,0,0,0,0,0,0,0,1,0,0,0,0,0,0,0,0
350000.0,Suzuki DR 250,Нижний Куранах,4000.0,250,бензин,36,0,1,0,1,0,0,0,0,0,0,0,0,0,0,0,0,0,0,1,0,0,0
350000.0,Voge 300ACX,Промышленная,1026.0,300,бензин,2,0,1,1,1,0,0,0,0,0,0,0,0,0,0,0,0,0,0,0,0,0,1
350000.0,Yamaha Dragstar / V-Star / XVS,Хабаровск,32000.0,400,бензин,26,0,1,0,1,0,0,0,0,0,0,0,0,0,0,0,0,0,0,0,0,1,0
350000.0,Kawasaki ZZR 400,Кемерово,25000.0,400,бензин,24,0,1,0,1,0,0,0,0,0,0,0,0,0,0,0,1,0,0,0,0,0,0
350000.0,Yamaha R1,Томск,35000.0,998,бензин,26,0,1,0,1,0,0,0,0,0,0,0,0,0,0,0,0,0,0,0,0,1,0
350000.0,Kawasaki KLX 250,Кочубеевское,5313.0,250,бензин,31,0,1,0,1,0,0,0,0,0,0,0,0,0,0,0,1,0,0,0,0,0,0
350000.0,Восход 3М,Ленинск-Кузнецкий,1000.0,175,бензин,32,0,0,0,1,0,0,0,0,0,0,0,0,0,0,0,0,0,0,0,0,0,1
350000.0,Kawasaki KLX 250,Якутск,13546.0,250,бензин,20,0,1,0,1,0,0,0,0,0,0,0,0,0,0,0,1,0,0,0,0,0,0
350000.0,Yamaha XTZ 660 Tenere,Белогорск,24500.0,660,бензин,27,0,1,1,1,0,0,0,0,0,0,0,0,0,0,0,0,0,0,0,0,1,0
350000.0,Honda CB 1000SF,Белогорск,20000.0,1000,бензин,32,0,1,0,1,0,0,0,0,0,0,0,0,0,1,0,0,0,0,0,0,0,0
354000.0,Yamaha Serow,Владивосток,20671.0,249,бензин,20,0,1,0,1,0,0,0,0,0,0,0,0,0,0,0,0,0,0,0,0,1,0
355000.0,Kawasaki Ninja ZX-9R,Осинники,106000.0,900,бензин,26,0,1,0,1,0,0,0,0,0,0,0,0,0,0,0,1,0,0,0,0,0,0
355000.0,Yamaha Serow,Владивосток,1.0,249,бензин,11,0,1,1,1,0,0,0,0,0,0,0,0,0,0,0,0,0,0,0,0,1,0
355000.0,Kawasaki Ninja 250SL,Нижний Цасучей,4367.0,250,бензин,10,0,0,1,1,0,0,0,0,0,0,0,0,0,0,0,1,0,0,0,0,0,0
355000.0,Suzuki GSX 600F Katana,Елизаветинская,8500.0,599,бензин,23,0,1,0,1,0,0,0,0,0,0,0,0,0,0,0,0,0,0,1,0,0,0
355000.0,Yamaha FZ 600,Пятигорск,51200.0,600,бензин,23,0,1,0,1,0,0,0,0,0,0,0,0,0,0,0,0,0,0,0,0,1,0
355000.0,Suzuki RV 200 VanVan,Владивосток,18827.0,200,бензин,12,0,1,1,1,0,0,0,0,0,0,0,0,0,0,0,0,0,0,1,0,0,0
355000.0,Honda XR 250 Baja,Уссурийск,12000.0,250,бензин,23,0,1,0,1,0,0,0,0,0,0,0,0,0,1,0,0,0,0,0,0,0,0
355000.0,Yamaha Serow,Владивосток,15317.0,223,бензин,21,0,1,0,1,0,0,0,0,0,0,0,0,0,0,0,0,0,0,0,0,1,0
355000.0,Honda NC 750L,Находка,35400.0,750,бензин,12,0,1,1,1,0,0,0,0,0,0,0,0,0,1,0,0,0,0,0,0,0,0
355000.0,Honda NC 750L,Находка,42000.0,750,бензин,12,0,1,1,1,0,0,0,0,0,0,0,0,0,1,0,0,0,0,0,0,0,0
355000.0,Suzuki Djebel 250,Большой Камень,38000.0,250,бензин,23,0,1,0,1,0,0,0,0,0,0,0,0,0,0,0,0,0,0,1,0,0,0
355000.0,Suzuki RM-Z 450,Уссурийск,1.0,450,бензин,20,0,1,0,1,0,0,0,0,0,0,0,0,0,0,0,0,0,0,1,0,0,0
355000.0,Honda CB 400SF,Москва,76000.0,400,бензин,23,0,1,0,0,0,1,0,0,0,0,0,0,0,1,0,0,0,0,0,0,0,0
355000.0,Honda V 45 Magna,Курган,22000.0,750,бензин,43,0,1,0,1,0,0,0,0,0,0,0,0,0,1,0,0,0,0,0,0,0,0
355000.0,Honda CBR 919RR,Сальск,36000.0,893,бензин,28,0,1,0,1,0,0,0,0,0,0,0,0,0,1,0,0,0,0,0,0,0,0
357000.0,Husqvarna FE 350,Кемерово,800.0,350,бензин,10,0,1,1,1,0,0,0,0,0,0,0,0,0,0,0,0,0,0,0,0,0,1
358000.0,Kawasaki ER-4n,Находка,36700.0,400,бензин,15,0,1,1,1,0,0,0,0,0,0,0,0,0,0,0,1,0,0,0,0,0,0
359000.0,Yamaha FZS 600,Уссурийск,22143.0,600,бензин,24,0,1,0,1,0,0,0,0,0,0,0,0,0,0,0,0,0,0,0,0,1,0
359000.0,Kawasaki KLX 125,Владивосток,4109.0,125,бензин,9,0,1,1,1,0,0,0,0,0,0,0,0,0,0,0,1,0,0,0,0,0,0
360000.0,Kawasaki Ninja 400,Япония<!-- --> <!-- -->→<!-- --> <!-- -->Уссурийск,18605.0,400,бензин,11,0,1,1,1,0,0,0,0,0,0,0,0,0,0,0,1,0,0,0,0,0,0
360000.0,Suzuki SV 650S,Казань,50000.0,52,бензин,24,0,1,0,0,0,0,0,1,0,0,0,0,0,0,0,0,0,0,1,0,0,0
360000.0,Yamaha TT 250R,Находка,19263.0,250,бензин,32,0,1,0,1,0,0,0,0,0,0,0,0,0,0,0,0,0,0,0,0,1,0
360000.0,Yamaha Majesty 400,Братск,24235.0,394,бензин,19,1,1,1,1,0,0,0,0,0,0,0,0,0,0,0,0,0,0,0,0,1,0
360000.0,Gas Gas TXT,Владивосток,15.0,300,бензин,8,0,0,0,1,0,0,0,0,0,0,0,0,0,0,0,0,0,0,0,0,0,1
360000.0,Yamaha FZS 1000,Благовещенск,32000.0,1000,бензин,24,0,1,0,1,0,0,0,0,0,0,0,0,0,0,0,0,0,0,0,0,1,0
360000.0,Honda CB 400SF,Усолье-Сибирское,68000.0,400,бензин,18,0,1,0,1,0,0,0,0,0,0,0,0,0,1,0,0,0,0,0,0,0,0
360000.0,Progasi Race 300,Новосибирск,1000.0,300,бензин,2,0,1,0,0,0,0,0,1,0,0,0,0,0,0,0,0,0,0,0,0,0,1
360000.0,Yamaha TDM,Курган,36551.0,850,бензин,27,0,1,0,1,0,0,0,0,0,0,0,0,0,0,0,0,0,0,0,0,1,0
360000.0,Yamaha TDM 850,Владивосток,20000.0,850,бензин,27,0,1,0,1,0,0,0,0,0,0,0,0,0,0,0,0,0,0,0,0,1,0
360000.0,Yamaha YZF-R6,Хабаровск,19271.0,600,бензин,26,0,1,0,1,0,0,0,0,0,0,0,0,0,0,0,0,0,0,0,0,1,0
360000.0,Suzuki GSX 750F Katana,Муром,24878.0,750,бензин,25,0,1,0,1,0,0,0,0,0,0,0,0,0,0,0,0,0,0,1,0,0,0
360000.0,Kawasaki Ninja ZX-9R,Япония<!-- --> <!-- -->→<!-- --> <!-- -->Уссурийск,30897.0,900,бензин,26,0,1,0,1,0,0,0,0,0,0,0,0,0,0,0,1,0,0,0,0,0,0
360000.0,Kawasaki ER-6n,Москва,72000.0,650,бензин,19,0,1,1,0,0,1,0,0,0,0,0,0,0,0,0,1,0,0,0,0,0,0
360000.0,Yamaha Virago XV 750,Ачинск,86000.0,750,бензин,39,0,1,0,1,0,0,0,0,0,0,0,0,0,0,0,0,0,0,0,0,1,0
360000.0,BMW R 1150 R,Владивосток,85756.0,1130,бензин,24,0,1,1,1,0,0,0,0,0,0,0,0,0,0,0,0,0,0,0,0,0,1
360000.0,KTM RC 390,Япония<!-- --> <!-- -->→<!-- --> <!-- -->Владивосток,5379.0,390,бензин,8,0,1,1,1,0,0,0,0,0,0,0,0,0,0,0,0,0,0,0,0,0,1
360000.0,Suzuki RV 200 VanVan,Владивосток,9903.0,200,бензин,11,0,1,1,1,0,0,0,0,0,0,0,0,0,0,0,0,0,0,1,0,0,0
360000.0,Ducati Supersport 900,Владивосток,33683.0,900,бензин,24,0,1,1,1,0,0,0,0,0,0,0,1,0,0,0,0,0,0,0,0,0,0
360000.0,Honda CR 250R,Красноярск,33.0,250,бензин,20,0,0,0,0,0,0,0,1,0,0,0,0,0,1,0,0,0,0,0,0,0,0
360000.0,Урал ИМЗ 8.103-10,Киров,483.0,650,бензин,32,0,1,0,1,0,0,0,0,0,0,0,0,0,0,0,0,0,0,0,0,0,1
360000.0,Suzuki GSX 1100F,Екатеринбург,40125.0,1127,бензин,30,0,1,0,0,0,0,0,1,0,0,0,0,0,0,0,0,0,0,1,0,0,0
360000.0,Kawasaki Ninja ZX-6R,Междуреченск,30636.0,636,бензин,21,0,1,1,1,0,0,0,0,0,0,0,0,0,0,0,1,0,0,0,0,0,0
360000.0,Yamaha TDM 850,Артём,22060.0,850,бензин,26,0,1,0,1,0,0,0,0,0,0,0,0,0,0,0,0,0,0,0,0,1,0
360000.0,Honda VT 1100,Томск,60300.0,1099,бензин,25,0,1,0,1,0,0,0,0,0,0,0,0,0,1,0,0,0,0,0,0,0,0
360000.0,Kawasaki KX 450F,Ванино,5000.0,450,бензин,14,0,1,1,1,0,0,0,0,0,0,0,0,0,0,0,1,0,0,0,0,0,0
360000.0,Bajaj Dominar 250,Красноярск,35.0,249,бензин,3,0,1,1,0,0,0,0,1,0,0,0,0,0,0,0,0,0,0,0,0,0,1
360000.0,Yamaha XJR 400,Иркутск,24000.0,400,бензин,18,0,1,0,1,0,0,0,0,0,0,0,0,0,0,0,0,0,0,0,0,1,0
360000.0,KTM 250 SX-F,Суворовская,80.0,250,бензин,11,0,1,1,1,0,0,0,0,0,0,0,0,0,0,0,0,0,0,0,0,0,1
360000.0,Honda CB 400SFV,Барнаул,94700.0,400,бензин,22,0,1,0,1,0,0,0,0,0,0,0,0,0,1,0,0,0,0,0,0,0,0
360000.0,Honda Shadow 400,Сочи,76000.0,400,бензин,18,0,1,0,1,0,0,0,0,0,0,0,0,0,1,0,0,0,0,0,0,0,0
360000.0,Kawasaki VN Vulcan 1500,Свободный,20039.0,1500,бензин,29,0,1,0,1,0,0,0,0,0,0,0,0,0,0,0,1,0,0,0,0,0,0
360000.0,Kawasaki VN Vulcan 800,Москва,70000.0,800,бензин,27,0,1,0,0,0,1,0,0,0,0,0,0,0,0,0,1,0,0,0,0,0,0
360000.0,BMW G 310 GS,Япония<!-- --> <!-- -->→<!-- --> <!-- -->Владивосток,6104.0,313,бензин,8,0,1,1,1,0,0,0,0,0,0,0,0,0,0,0,0,0,0,0,0,0,1
360000.0,Honda X11,Черемхово,35000.0,1037,бензин,25,0,1,1,1,0,0,0,0,0,0,0,0,0,1,0,0,0,0,0,0,0,0
360000.0,Yamaha V-Max 1200,Магнитогорск,73000.0,1200,бензин,34,0,1,0,1,0,0,0,0,0,0,0,0,0,0,0,0,0,0,0,0,1,0
360000.0,Suzuki VZ 800 Desperado,Владивосток,22000.0,800,бензин,28,0,1,0,1,0,0,0,0,0,0,0,0,0,0,0,0,0,0,1,0,0,0
362000.0,Yamaha XVS 400,Находка,54800.0,400,бензин,19,0,1,0,1,0,0,0,0,0,0,0,0,0,0,0,0,0,0,0,0,1,0
364000.0,Kawasaki Ninja 400R,Владивосток,22806.0,399,бензин,13,0,1,1,1,0,0,0,0,0,0,0,0,0,0,0,1,0,0,0,0,0,0
365000.0,Ducati ST3,Владивосток,30990.0,992,бензин,19,0,1,1,1,0,0,0,0,0,0,0,1,0,0,0,0,0,0,0,0,0,0
365000.0,Kawasaki KX 250F,Заозёрный,100.0,250,бензин,12,0,1,1,1,0,0,0,0,0,0,0,0,0,0,0,1,0,0,0,0,0,0
365000.0,Kawasaki KLX 250,Владивосток,49153.0,250,бензин,14,0,1,1,1,0,0,0,0,0,0,0,0,0,0,0,1,0,0,0,0,0,0
365000.0,Kawasaki KLX 250,Владивосток,2956.0,249,бензин,20,0,1,0,1,0,0,0,0,0,0,0,0,0,0,0,1,0,0,0,0,0,0
365000.0,Suzuki Bandit,Япония<!-- --> <!-- -->→<!-- --> <!-- -->Владивосток,23101.0,1200,бензин,19,0,1,1,1,0,0,0,0,0,0,0,0,0,0,0,0,0,0,1,0,0,0
365000.0,Ducati Monster 1000,Владивосток,25826.0,1000,бензин,22,0,1,1,1,0,0,0,0,0,0,0,1,0,0,0,0,0,0,0,0,0,0
365000.0,Honda CB 750,Красноярск,38000.0,750,бензин,23,0,1,0,0,0,0,0,1,0,0,0,0,0,1,0,0,0,0,0,0,0,0
365000.0,Yamaha XJR 1300,Барнаул,60000.0,1300,бензин,25,0,1,0,1,0,0,0,0,0,0,0,0,0,0,0,0,0,0,0,0,1,0
365000.0,Honda CB,Усолье-Сибирское,40500.0,400,бензин,21,0,1,0,1,0,0,0,0,0,0,0,0,0,1,0,0,0,0,0,0,0,0
365000.0,KTM RC 390,Япония<!-- --> <!-- -->→<!-- --> <!-- -->Владивосток,6176.0,375,бензин,8,0,1,1,1,0,0,0,0,0,0,0,0,0,0,0,0,0,0,0,0,0,1
365000.0,Ducati ST4,Владивосток,36753.0,916,бензин,22,0,1,1,1,0,0,0,0,0,0,0,1,0,0,0,0,0,0,0,0,0,0
365000.0,KTM 250 EXC,Владивосток,8005.0,250,бензин,17,0,1,0,1,0,0,0,0,0,0,0,0,0,0,0,0,0,0,0,0,0,1
365000.0,Honda CRF 450R,Барнаул,10000.0,450,бензин,20,0,1,0,1,0,0,0,0,0,0,0,0,0,1,0,0,0,0,0,0,0,0
365000.0,Honda CRF 250R,Кировский,1.0,250,бензин,10,0,1,1,1,0,0,0,0,0,0,0,0,0,1,0,0,0,0,0,0,0,0
365000.0,Kawasaki KLX 250,Уссурийск,12000.0,250,бензин,16,0,1,1,1,0,0,0,0,0,0,0,0,0,0,0,1,0,0,0,0,0,0
365000.0,Kawasaki Zephyr 750,Томск,32587.0,750,бензин,35,0,1,0,1,0,0,0,0,0,0,0,0,0,0,0,1,0,0,0,0,0,0
365000.0,Suzuki SFV 650A Gladius,Владивосток,112766.0,645,бензин,15,0,1,1,1,0,0,0,0,0,0,0,0,0,0,0,0,0,0,1,0,0,0
365000.0,Kawasaki ER-6n,Владивосток,41794.0,649,бензин,19,0,1,1,1,0,0,0,0,0,0,0,0,0,0,0,1,0,0,0,0,0,0
365000.0,Yamaha Dragstar / V-Star / XVS,Санкт-Петербург,53000.0,400,бензин,22,0,1,0,0,0,0,0,0,1,0,0,0,0,0,0,0,0,0,0,0,1,0
367000.0,Kawasaki KLX 125,Владивосток,3316.0,125,бензин,9,0,1,1,1,0,0,0,0,0,0,0,0,0,0,0,1,0,0,0,0,0,0
368000.0,Honda XR 250,Владивосток,7000.0,250,бензин,20,0,1,0,1,0,0,0,0,0,0,0,0,0,1,0,0,0,0,0,0,0,0
369000.0,KTM 250 Racing,Владивосток,113.0,249,бензин,20,0,1,0,1,0,0,0,0,0,0,0,0,0,0,0,0,0,0,0,0,0,1
369000.0,Suzuki SFV 400 Gladius,Владивосток,35901.0,398,бензин,13,0,1,1,1,0,0,0,0,0,0,0,0,0,0,0,0,0,0,1,0,0,0
369000.0,Yamaha V-Max 1200,Владивосток,23744.0,1198,бензин,27,0,1,0,1,0,0,0,0,0,0,0,0,0,0,0,0,0,0,0,0,1,0
369000.0,Suzuki V-Strom 250,Владивосток,41694.0,250,бензин,7,0,1,1,1,0,0,0,0,0,0,0,0,0,0,0,0,0,0,1,0,0,0
369000.0,Kawasaki ER-6F,Владивосток,75833.0,600,бензин,18,0,1,1,1,0,0,0,0,0,0,0,0,0,0,0,1,0,0,0,0,0,0
369000.0,Yamaha XJR 1200,Барнаул,48554.0,1200,бензин,31,0,1,0,1,0,0,0,0,0,0,0,0,0,0,0,0,0,0,0,0,1,0
370000.0,Suzuki SFV 400 Gladius,Уссурийск,57000.0,400,бензин,11,0,1,1,1,0,0,0,0,0,0,0,0,0,0,0,0,0,0,1,0,0,0
370000.0,Honda CRF 250L,Владивосток,57403.0,249,бензин,11,0,1,1,1,0,0,0,0,0,0,0,0,0,1,0,0,0,0,0,0,0,0
370000.0,Sharmax ExpertPro 320,Прокопьевск,400.0,320,бензин,1,0,1,0,1,0,0,0,0,0,0,0,0,0,0,0,0,0,0,0,0,0,1
370000.0,KTM 250 Duke,Краснодар,14000.0,250,бензин,9,0,1,1,0,0,0,0,1,0,0,0,0,0,0,0,0,0,0,0,0,0,1
370000.0,Suzuki GSR 600,Владивосток,28655.0,600,бензин,19,0,1,1,1,0,0,0,0,0,0,0,0,0,0,0,0,0,0,1,0,0,0
370000.0,Yamaha FZS 1000,Япония<!-- --> <!-- -->→<!-- --> <!-- -->Уссурийск,18455.0,1000,бензин,24,0,1,0,1,0,0,0,0,0,0,0,0,0,0,0,0,0,0,0,0,1,0
370000.0,Kawasaki D-Tracker X,Владивосток,38766.0,250,бензин,17,0,1,0,1,0,0,0,0,0,0,0,0,0,0,0,1,0,0,0,0,0,0
370000.0,Suzuki SV 650,Омск,27000.0,650,бензин,22,0,1,1,0,0,0,0,1,0,0,0,0,0,0,0,0,0,0,1,0,0,0
370000.0,Honda CB 400SF VTEC-3,Топки,60000.0,399,бензин,21,0,1,0,1,0,0,0,0,0,0,0,0,0,1,0,0,0,0,0,0,0,0
370000.0,Kawasaki Ninja 400R,Серпухов,23000.0,400,бензин,14,0,1,1,0,0,0,1,0,0,0,0,0,0,0,0,1,0,0,0,0,0,0
370000.0,Kawasaki Ninja 250R,Чита,9400.0,248,бензин,13,0,0,1,1,0,0,0,0,0,0,0,0,0,0,0,1,0,0,0,0,0,0
370000.0,Honda XR 250,Железногорск-Илимский,1300.0,250,бензин,32,0,1,0,1,0,0,0,0,0,0,0,0,0,1,0,0,0,0,0,0,0,0
370000.0,Ducati Multistrada 1000 DS,Владивосток,12173.0,998,бензин,20,0,1,1,1,0,0,0,0,0,0,0,1,0,0,0,0,0,0,0,0,0,0
370000.0,Yamaha YZF-R3,Владивосток,55469.0,321,бензин,9,0,1,1,1,0,0,0,0,0,0,0,0,0,0,0,0,0,0,0,0,1,0
370000.0,Kawasaki Z 750S,Касли,50000.0,750,бензин,22,0,1,0,1,0,0,0,0,0,0,0,0,0,0,0,1,0,0,0,0,0,0
370000.0,Honda XL 1000V Varadero,Ангарск,52000.0,1000,бензин,26,1,1,0,1,0,0,0,0,0,0,0,0,0,1,0,0,0,0,0,0,0,0
370000.0,Honda NV 750,Ялта,42000.0,750,бензин,31,0,1,0,1,0,0,0,0,0,0,0,0,0,1,0,0,0,0,0,0,0,0
370000.0,Kawasaki KX 450F,Иркутск,87.0,449,бензин,10,0,1,1,1,0,0,0,0,0,0,0,0,0,0,0,1,0,0,0,0,0,0
370000.0,Yamaha YZ 250F,Владивосток,150.0,250,бензин,14,0,1,0,1,0,0,0,0,0,0,0,0,0,0,0,0,0,0,0,0,1,0
370000.0,Bajaj Dominar 400,Донецк,380.0,400,бензин,3,0,1,0,1,0,0,0,0,0,0,0,0,0,0,0,0,0,0,0,0,0,1
370000.0,Suzuki Boulevard 400,Красноярск,39000.0,400,бензин,20,0,1,0,0,0,0,0,1,0,0,0,0,0,0,0,0,0,0,1,0,0,0
370000.0,BMW F 800 S,Япония<!-- --> <!-- -->→<!-- --> <!-- -->Владивосток,18721.0,800,бензин,17,0,1,1,1,0,0,0,0,0,0,0,0,0,0,0,0,0,0,0,0,0,1
370000.0,Kawasaki Ninja 300,Кемерово,11051.0,300,бензин,11,0,1,1,1,0,0,0,0,0,0,0,0,0,0,0,1,0,0,0,0,0,0
370000.0,BMW K 100 LT,Ноябрьск,16000.0,1000,бензин,34,0,1,1,1,0,0,0,0,0,0,0,0,0,0,0,0,0,0,0,0,0,1
370000.0,Yamaha YZF-R125,Томск,24250.0,125,бензин,9,0,1,1,1,0,0,0,0,0,0,0,0,0,0,0,0,0,0,0,0,1,0
370000.0,Yamaha TT-R 250 Open Enduro,Иркутск,17000.0,250,бензин,21,0,1,0,1,0,0,0,0,0,0,0,0,0,0,0,0,0,0,0,0,1,0
370000.0,Suzuki VZ 800 Desperado,Санкт-Петербург,59000.0,800,бензин,26,0,1,0,0,0,0,0,0,1,0,0,0,0,0,0,0,0,0,1,0,0,0
370000.0,Yamaha YZF-R3,Уссурийск,30000.0,320,бензин,10,0,1,1,1,0,0,0,0,0,0,0,0,0,0,0,0,0,0,0,0,1,0
370000.0,Honda CBR 900RR,Чита,55000.0,900,бензин,27,0,1,0,1,0,0,0,0,0,0,0,0,0,1,0,0,0,0,0,0,0,0
370000.0,Kawasaki Ninja 400,Япония<!-- --> <!-- -->→<!-- --> <!-- -->Уссурийск,23385.0,400,бензин,8,0,1,1,1,0,0,0,0,0,0,0,0,0,0,0,1,0,0,0,0,0,0
370000.0,BMW F 650,Япония<!-- --> <!-- -->→<!-- --> <!-- -->Иркутск,50202.0,650,бензин,26,0,1,0,1,0,0,0,0,0,0,0,0,0,0,0,0,0,0,0,0,0,1
370000.0,Honda XR 650R,Свободный,10000.0,650,бензин,22,0,1,0,1,0,0,0,0,0,0,0,0,0,1,0,0,0,0,0,0,0,0
370000.0,Yamaha MT,Новосибирск,1500.0,155,бензин,4,0,1,1,0,0,0,0,1,0,0,0,0,0,0,0,0,0,0,0,0,1,0
370000.0,Kawasaki Ninja ZX-9R,Комсомольск-на-Амуре,29000.0,900,бензин,27,0,1,0,1,0,0,0,0,0,0,0,0,0,0,0,1,0,0,0,0,0,0
370000.0,Yamaha R1,Ангарск,25000.0,998,бензин,24,0,1,0,1,0,0,0,0,0,0,0,0,0,0,0,0,0,0,0,0,1,0
370000.0,Honda Silver Wing 400,Япония<!-- --> <!-- -->→<!-- --> <!-- -->Уссурийск,25349.0,400,бензин,13,1,1,1,1,0,0,0,0,0,0,0,0,0,1,0,0,0,0,0,0,0,0
370000.0,Suzuki GSF 400 Bandit,Иркутск,35000.0,400,бензин,30,0,1,0,1,0,0,0,0,0,0,0,0,0,0,0,0,0,0,1,0,0,0
370000.0,Kawasaki Ninja 400R,Владивосток,63000.0,400,бензин,13,0,1,1,1,0,0,0,0,0,0,0,0,0,0,0,1,0,0,0,0,0,0
370000.0,Honda Shadow 1100,Кемерово,48131.0,1100,бензин,33,0,1,0,1,0,0,0,0,0,0,0,0,0,1,0,0,0,0,0,0,0,0
370000.0,Honda CB 400SF VTEC-3,Топки,6000.0,399,бензин,21,0,1,0,1,0,0,0,0,0,0,0,0,0,1,0,0,0,0,0,0,0,0
370000.0,Kawasaki KLX 250,Чита,2000.0,250,бензин,18,0,1,0,1,0,0,0,0,0,0,0,0,0,0,0,1,0,0,0,0,0,0
370000.0,Kawasaki KLX 300,Абинск,10.0,300,бензин,19,0,1,0,1,0,0,0,0,0,0,0,0,0,0,0,1,0,0,0,0,0,0
370000.0,Ducati Monster 800,Владивосток,32589.0,802,бензин,22,0,1,1,1,0,0,0,0,0,0,0,1,0,0,0,0,0,0,0,0,0,0
370000.0,Suzuki SV 400,Минусинск,20000.0,400,бензин,20,0,1,0,1,0,0,0,0,0,0,0,0,0,0,0,0,0,0,1,0,0,0
370000.0,Suzuki GSF 1200S Bandit,Завитинск,26000.0,1200,бензин,23,0,1,0,1,0,0,0,0,0,0,0,0,0,0,0,0,0,0,1,0,0,0
373000.0,Honda CRF 450R,Иркутск,100.0,450,бензин,9,0,1,1,1,0,0,0,0,0,0,0,0,0,1,0,0,0,0,0,0,0,0
375000.0,Suzuki Djebel 200,Уяр,17000.0,200,бензин,22,0,1,0,1,0,0,0,0,0,0,0,0,0,0,0,0,0,0,1,0,0,0
375000.0,Kawasaki Ninja 400R,Владивосток,3386.0,399,бензин,14,0,1,1,1,0,0,0,0,0,0,0,0,0,0,0,1,0,0,0,0,0,0
375000.0,Suzuki Bandit,Япония<!-- --> <!-- -->→<!-- --> <!-- -->Владивосток,13444.0,1250,бензин,18,0,1,1,1,0,0,0,0,0,0,0,0,0,0,0,0,0,0,1,0,0,0
375000.0,Honda CBR 400R,Владивосток,50720.0,399,бензин,12,0,1,1,1,0,0,0,0,0,0,0,0,0,1,0,0,0,0,0,0,0,0
375000.0,Honda Steed 400,Северск,42000.0,400,бензин,27,0,1,0,1,0,0,0,0,0,0,0,0,0,1,0,0,0,0,0,0,0,0
375000.0,Honda Monkey,Владивосток,14669.0,125,бензин,4,0,1,1,1,0,0,0,0,0,0,0,0,0,1,0,0,0,0,0,0,0,0
375000.0,Suzuki GSF 1200S Bandit,Южноуральск,74000.0,1200,бензин,24,0,1,0,1,0,0,0,0,0,0,0,0,0,0,0,0,0,0,1,0,0,0
375000.0,Yamaha V-Max 1200,Владивосток,2844.0,1200,бензин,26,0,1,0,1,0,0,0,0,0,0,0,0,0,0,0,0,0,0,0,0,1,0
375000.0,Yamaha YZF-R3,Уссурийск,37234.0,325,бензин,9,0,1,1,1,0,0,0,0,0,0,0,0,0,0,0,0,0,0,0,0,1,0
375000.0,Suzuki SFV 400 Gladius,Япония<!-- --> <!-- -->→<!-- --> <!-- -->Владивосток,24990.0,400,бензин,15,0,1,1,1,0,0,0,0,0,0,0,0,0,0,0,0,0,0,1,0,0,0
375000.0,Yamaha XVS 1100,Владивосток,1.0,1063,бензин,25,0,1,0,1,0,0,0,0,0,0,0,0,0,0,0,0,0,0,0,0,1,0
375000.0,BMW R 1150 RS,Владивосток,51700.0,1130,бензин,24,0,1,1,1,0,0,0,0,0,0,0,0,0,0,0,0,0,0,0,0,0,1
375000.0,Yamaha Dragstar / V-Star / XVS,Хабаровск,33000.0,400,бензин,21,0,1,0,1,0,0,0,0,0,0,0,0,0,0,0,0,0,0,0,0,1,0
375000.0,Regulmoto Alien Monster 300,Излучинск,1000.0,300,бензин,2,0,1,1,1,0,0,0,0,0,0,0,0,0,0,0,0,0,0,0,0,0,1
375000.0,Honda CBR 600F3,Краснодар,63000.0,599,бензин,29,0,1,0,0,0,0,0,1,0,0,0,0,0,1,0,0,0,0,0,0,0,0
375000.0,Zuumav FX NC450,Новосибирск,30.0,450,бензин,1,0,1,0,0,0,0,0,1,0,0,0,0,0,0,0,0,0,0,0,0,0,1
377000.0,Honda CRM 250,Красноярск,3000.0,250,бензин,28,0,0,0,0,0,0,0,1,0,0,0,0,0,1,0,0,0,0,0,0,0,0
379000.0,Suzuki VZ 800 Desperado,Владивосток,15608.0,800,бензин,28,0,1,0,1,0,0,0,0,0,0,0,0,0,0,0,0,0,0,1,0,0,0
380000.0,Yamaha TT-R 250 Raid,Краснокаменск,1700.0,250,бензин,26,0,1,0,1,0,0,0,0,0,0,0,0,0,0,0,0,0,0,0,0,1,0
380000.0,CFMoto 300 SR,Иркутск,3000.0,292,бензин,2,0,1,1,1,0,0,0,0,0,0,1,0,0,0,0,0,0,0,0,0,0,0
380000.0,Suzuki Djebel 200,Новосибирск,12446.0,200,бензин,21,0,1,0,0,0,0,0,1,0,0,0,0,0,0,0,0,0,0,1,0,0,0
380000.0,Yamaha Serow,Вершино-Дарасунский,15853.0,250,бензин,19,0,1,0,1,0,0,0,0,0,0,0,0,0,0,0,0,0,0,0,0,1,0
380000.0,Kawasaki KLE 400,Тулун,42500.0,400,бензин,28,0,1,0,1,0,0,0,0,0,0,0,0,0,0,0,1,0,0,0,0,0,0
380000.0,Yamaha TDM 850,Елизаветинская,39200.0,849,бензин,22,0,1,0,1,0,0,0,0,0,0,0,0,0,0,0,0,0,0,0,0,1,0
380000.0,Yamaha WR 250F,Владивосток,5256.0,250,бензин,20,0,1,0,1,0,0,0,0,0,0,0,0,0,0,0,0,0,0,0,0,1,0
380000.0,Kawasaki Ninja 250,Владивосток,26744.0,250,бензин,11,0,1,1,1,0,0,0,0,0,0,0,0,0,0,0,1,0,0,0,0,0,0
380000.0,Yamaha XG250 Tricker,Новосибирск,25715.0,250,бензин,20,0,1,0,0,0,0,0,1,0,0,0,0,0,0,0,0,0,0,0,0,1,0
380000.0,Kawasaki KLX 230,Артём,8000.0,230,бензин,5,0,1,1,1,0,0,0,0,0,0,0,0,0,0,0,1,0,0,0,0,0,0
380000.0,Suzuki SV 650,Кемерово,26012.0,650,бензин,22,0,1,1,1,0,0,0,0,0,0,0,0,0,0,0,0,0,0,1,0,0,0
380000.0,Suzuki SFV 400 Gladius,Новосибирск,22000.0,399,бензин,15,0,1,1,0,0,0,0,1,0,0,0,0,0,0,0,0,0,0,1,0,0,0
380000.0,KTM 390 Duke,Уссурийск,14000.0,373,бензин,9,0,1,1,1,0,0,0,0,0,0,0,0,0,0,0,0,0,0,0,0,0,1
380000.0,Yamaha XJR 1200,Владивосток,80000.0,1200,бензин,31,0,1,0,1,0,0,0,0,0,0,0,0,0,0,0,0,0,0,0,0,1,0
380000.0,Honda VTR 1000F,Чита,70000.0,1000,бензин,24,0,1,0,1,0,0,0,0,0,0,0,0,0,1,0,0,0,0,0,0,0,0
380000.0,Suzuki GSX 250R,Екатеринбург,8100.0,250,бензин,10,0,1,1,0,0,0,0,1,0,0,0,0,0,0,0,0,0,0,1,0,0,0
380000.0,Honda CRF 250L,Ялуторовск,13700.0,250,бензин,13,0,1,1,1,0,0,0,0,0,0,0,0,0,1,0,0,0,0,0,0,0,0
380000.0,Honda Steed 600VLX,Новосибирск,73000.0,600,бензин,34,0,1,0,0,0,0,0,1,0,0,0,0,0,1,0,0,0,0,0,0,0,0
380000.0,Suzuki VX 800,Екатеринбург,42782.0,805,бензин,29,0,1,0,0,0,0,0,1,0,0,0,0,0,0,0,0,0,0,1,0,0,0
380000.0,KTM 450 EXC,Борзя,10000.0,450,бензин,20,0,1,0,1,0,0,0,0,0,0,0,0,0,0,0,0,0,0,0,0,0,1
380000.0,Honda VTR 1000F,Тобольск,48984.0,1000,бензин,25,0,1,0,1,0,0,0,0,0,0,0,0,0,1,0,0,0,0,0,0,0,0
380000.0,Koshine XN320,Владивосток,1000.0,320,бензин,2,0,0,0,1,0,0,0,0,0,0,0,0,0,0,0,0,0,0,0,0,0,1
380000.0,Ducati Multistrada 1100,Япония<!-- --> <!-- -->→<!-- --> <!-- -->Владивосток,25329.0,1100,бензин,18,0,1,1,1,0,0,0,0,0,0,0,1,0,0,0,0,0,0,0,0,0,0
380000.0,Yamaha YZF 1000,Дубовка,35000.0,1000,бензин,28,0,1,0,1,0,0,0,0,0,0,0,0,0,0,0,0,0,0,0,0,1,0
380000.0,Kawasaki Ninja 250R,Краснодар,22000.0,250,бензин,16,0,1,1,0,0,0,0,1,0,0,0,0,0,0,0,1,0,0,0,0,0,0
380000.0,Yamaha XJR 400,Бердск,22000.0,400,бензин,27,0,1,0,1,0,0,0,0,0,0,0,0,0,0,0,0,0,0,0,0,1,0
380000.0,Ява 500,Чита,10.0,500,бензин,5,0,1,0,1,0,0,0,0,0,0,0,0,0,0,0,0,0,0,0,0,0,1
380000.0,Yamaha WR 450F,Томск,38.0,450,бензин,22,0,1,0,1,0,0,0,0,0,0,0,0,0,0,0,0,0,0,0,0,1,0
380000.0,Kawasaki ER-6n,Усть-Илимск,34000.0,650,бензин,13,0,1,1,1,0,0,0,0,0,0,0,0,0,0,0,1,0,0,0,0,0,0
380000.0,Yamaha YZF 600,Красноярск,66208.0,599,бензин,19,0,1,0,0,0,0,0,1,0,0,0,0,0,0,0,0,0,0,0,0,1,0
380000.0,BMW F 650 GS,Владивосток,20000.0,650,бензин,23,0,1,1,1,0,0,0,0,0,0,0,0,0,0,0,0,0,0,0,0,0,1
380000.0,Suzuki GSR 600,Бийск,48000.0,600,бензин,17,0,1,1,1,0,0,0,0,0,0,0,0,0,0,0,0,0,0,1,0,0,0
380000.0,Honda CRF 250L,Владивосток,41373.0,250,бензин,11,0,1,1,1,0,0,0,0,0,0,0,0,0,1,0,0,0,0,0,0,0,0
380000.0,Yamaha YZF-R6,Омутинское,36500.0,600,бензин,24,0,1,0,1,0,0,0,0,0,0,0,0,0,0,0,0,0,0,0,0,1,0
380000.0,Kawasaki Ninja 400,Уссурийск,52121.0,400,бензин,11,0,1,1,1,0,0,0,0,0,0,0,0,0,0,0,1,0,0,0,0,0,0
380000.0,Suzuki VZ 800 Desperado,Ставрополь,39000.0,800,бензин,26,0,1,0,1,0,0,0,0,0,0,0,0,0,0,0,0,0,0,1,0,0,0
380000.0,Kawasaki ZZR 1200,Прокопьевск,48000.0,1164,бензин,23,0,1,0,1,0,0,0,0,0,0,0,0,0,0,0,1,0,0,0,0,0,0
380000.0,Honda CRF 250R,Южно-Сахалинск,3000.0,250,бензин,9,0,1,1,1,0,0,0,0,0,0,0,0,0,1,0,0,0,0,0,0,0,0
380000.0,Kawasaki Ninja ZX-10 Tomcat,Тогучин,43000.0,1000,бензин,30,0,1,0,1,0,0,0,0,0,0,0,0,0,0,0,1,0,0,0,0,0,0
380000.0,Yamaha TDM 850,Урай,68000.0,850,бензин,24,0,1,0,1,0,0,0,0,0,0,0,0,0,0,0,0,0,0,0,0,1,0
380000.0,Иж Юпитер 3,Красноярск,1500.0,347,бензин,49,0,0,0,0,0,0,0,1,0,0,0,0,0,0,0,0,0,0,0,0,0,1
380000.0,Yamaha YZ 250F,Новосибирск,9999.0,250,бензин,11,0,1,1,0,0,0,0,1,0,0,0,0,0,0,0,0,0,0,0,0,1,0
380000.0,Yamaha TDM 850,Иркутск,47320.0,850,бензин,25,0,1,0,1,0,0,0,0,0,0,0,0,0,0,0,0,0,0,0,0,1,0
380000.0,Suzuki Bandit,Кемерово,34000.0,1200,бензин,25,0,1,0,1,0,0,0,0,0,0,0,0,0,0,0,0,0,0,1,0,0,0
380000.0,Honda CRF 450R,Улан-Удэ,1.0,450,бензин,14,0,1,1,1,0,0,0,0,0,0,0,0,0,1,0,0,0,0,0,0,0,0
380000.0,Yamaha FZS 600,Белореченск,47000.0,600,бензин,24,0,1,0,1,0,0,0,0,0,0,0,0,0,0,0,0,0,0,0,0,1,0
380000.0,Suzuki GSF 600 Bandit,Белгород,27400.0,600,бензин,25,0,1,0,1,0,0,0,0,0,0,0,0,0,0,0,0,0,0,1,0,0,0
380000.0,Kawasaki ER-6F,Питкяранта,43000.0,650,бензин,18,0,1,1,1,0,0,0,0,0,0,0,0,0,0,0,1,0,0,0,0,0,0
380000.0,Koshine KN320,Уссурийск,110.0,320,бензин,2,0,0,0,1,0,0,0,0,0,0,0,0,0,0,0,0,0,0,0,0,0,1
380000.0,Kawasaki Ninja 250,Япония<!-- --> <!-- -->→<!-- --> <!-- -->Иркутск,20987.0,250,бензин,11,0,1,1,1,0,0,0,0,0,0,0,0,0,0,0,1,0,0,0,0,0,0
384000.0,Kawasaki Ninja 400R,Владивосток,18328.0,399,бензин,14,0,1,1,1,0,0,0,0,0,0,0,0,0,0,0,1,0,0,0,0,0,0
385000.0,KTM 390 Duke,Краснодар,42000.0,373,бензин,12,0,1,1,0,0,0,0,1,0,0,0,0,0,0,0,0,0,0,0,0,0,1
385000.0,Honda CBR 250R,Новосибирск,42411.0,250,бензин,9,0,1,1,0,0,0,0,1,0,0,0,0,0,1,0,0,0,0,0,0,0,0
385000.0,Kawasaki Ninja 400R,Япония<!-- --> <!-- -->→<!-- --> <!-- -->Уссурийск,12297.0,400,бензин,13,0,1,1,1,0,0,0,0,0,0,0,0,0,0,0,1,0,0,0,0,0,0
385000.0,Ducati Multistrada 1100,Владивосток,36744.0,1100,бензин,18,0,1,1,1,0,0,0,0,0,0,0,1,0,0,0,0,0,0,0,0,0,0
385000.0,Yamaha TDM 900,Владивосток,92197.0,900,бензин,20,0,1,1,1,0,0,0,0,0,0,0,0,0,0,0,0,0,0,0,0,1,0
385000.0,Yamaha Dragstar / V-Star / XVS,Красноярск,34000.0,399,бензин,29,0,1,0,0,0,0,0,1,0,0,0,0,0,0,0,0,0,0,0,0,1,0
385000.0,Honda ST 1100,Владивосток,59551.0,1085,бензин,26,0,1,0,1,0,0,0,0,0,0,0,0,0,1,0,0,0,0,0,0,0,0
385000.0,Kawasaki KLX 250,Владивосток,25055.0,249,бензин,13,0,1,1,1,0,0,0,0,0,0,0,0,0,0,0,1,0,0,0,0,0,0
385000.0,Honda CBR 919RR,Находка,66000.0,919,бензин,26,0,1,0,1,0,0,0,0,0,0,0,0,0,1,0,0,0,0,0,0,0,0
385000.0,Kawasaki Ninja 400,Владивосток,1.0,399,бензин,11,0,1,1,1,0,0,0,0,0,0,0,0,0,0,0,1,0,0,0,0,0,0
385000.0,Kawasaki Ninja 400,Уссурийск,42000.0,400,бензин,10,0,1,1,1,0,0,0,0,0,0,0,0,0,0,0,1,0,0,0,0,0,0
385000.0,BMW R 1150 R,Владивосток,37461.0,1150,бензин,24,0,1,1,1,0,0,0,0,0,0,0,0,0,0,0,0,0,0,0,0,0,1
385000.0,Suzuki GSR 600,Находка,59700.0,600,бензин,19,0,1,1,1,0,0,0,0,0,0,0,0,0,0,0,0,0,0,1,0,0,0
385000.0,Suzuki Djebel 250,Уссурийск,17000.0,250,бензин,21,0,1,0,1,0,0,0,0,0,0,0,0,0,0,0,0,0,0,1,0,0,0
385000.0,KTM 200 Duke,Новосибирск,33619.0,200,бензин,12,0,1,1,0,0,0,0,1,0,0,0,0,0,0,0,0,0,0,0,0,0,1
385000.0,Honda CRF 450X,Екатеринбург,25.0,450,бензин,17,0,1,0,0,0,0,0,1,0,0,0,0,0,1,0,0,0,0,0,0,0,0
385000.0,Kawasaki Ninja 400R,Владивосток,13000.0,400,бензин,11,0,1,1,1,0,0,0,0,0,0,0,0,0,0,0,1,0,0,0,0,0,0
385000.0,Suzuki RF 900R,Старая Русса,59550.0,937,бензин,28,0,1,0,1,0,0,0,0,0,0,0,0,0,0,0,0,0,0,1,0,0,0
385000.0,Suzuki Djebel 250,Уссурийск,30000.0,250,бензин,23,0,1,0,1,0,0,0,0,0,0,0,0,0,0,0,0,0,0,1,0,0,0
385000.0,Aprilia Pegaso 650,Челябинск,29000.0,652,бензин,21,0,1,1,0,0,0,0,1,0,0,0,0,0,0,0,0,0,0,0,0,0,1
385000.0,Honda VTR 1000F,Саяногорск,50000.0,995,бензин,28,0,1,0,1,0,0,0,0,0,0,0,0,0,1,0,0,0,0,0,0,0,0
385000.0,Suzuki Bandit,Япония<!-- --> <!-- -->→<!-- --> <!-- -->Владивосток,10665.0,1200,бензин,19,0,1,1,1,0,0,0,0,0,0,0,0,0,0,0,0,0,0,1,0,0,0
387500.0,Kawasaki KLX 250,Хабаровск,30000.0,250,бензин,9,0,1,1,1,0,0,0,0,0,0,0,0,0,0,0,1,0,0,0,0,0,0
388000.0,Progasi Hardcore 450,Новоалтайск,150.0,450,бензин,1,0,1,0,1,0,0,0,0,0,0,0,0,0,0,0,0,0,0,0,0,0,1
389999.0,Yamaha TDM 850,Иркутск,52000.0,850,бензин,27,0,1,0,1,0,0,0,0,0,0,0,0,0,0,0,0,0,0,0,0,1,0
390000.0,Kawasaki KX 250F,Вилючинск,10.0,250,бензин,13,0,1,1,1,0,0,0,0,0,0,0,0,0,0,0,1,0,0,0,0,0,0
390000.0,Suzuki VS 1400 Intruder,Владивосток,45000.0,1400,бензин,31,0,1,0,1,0,0,0,0,0,0,0,0,0,0,0,0,0,0,1,0,0,0
390000.0,Kawasaki Ninja 400R,Владивосток,21869.0,399,бензин,13,0,1,1,1,0,0,0,0,0,0,0,0,0,0,0,1,0,0,0,0,0,0
390000.0,Honda XL 600V,Екатеринбург,46925.0,583,бензин,29,0,1,0,0,0,0,0,1,0,0,0,0,0,1,0,0,0,0,0,0,0,0
390000.0,Kawasaki Ninja 400R,Япония<!-- --> <!-- -->→<!-- --> <!-- -->Владивосток,5874.0,399,бензин,14,0,1,1,1,0,0,0,0,0,0,0,0,0,0,0,1,0,0,0,0,0,0
390000.0,Honda CBR 1000RR Fireblade,Новороссийск,250000.0,1000,бензин,18,0,1,1,1,0,0,0,0,0,0,0,0,0,1,0,0,0,0,0,0,0,0
390000.0,Honda CRF,Спасск-Дальний,14000.0,250,бензин,11,0,1,1,1,0,0,0,0,0,0,0,0,0,1,0,0,0,0,0,0,0,0
390000.0,Yamaha YZ 250F,Новосибирск,5.0,250,бензин,11,0,1,1,0,0,0,0,1,0,0,0,0,0,0,0,0,0,0,0,0,1,0
390000.0,Honda VFR 800,Ярославль,71000.0,800,бензин,23,0,1,1,1,0,0,0,0,0,0,0,0,0,1,0,0,0,0,0,0,0,0
390000.0,Honda SL 230,Новосибирск,344.0,250,бензин,26,0,1,0,0,0,0,0,1,0,0,0,0,0,1,0,0,0,0,0,0,0,0
390000.0,Bajaj Dominar 250,Владивосток,1.0,248,бензин,3,0,1,1,1,0,0,0,0,0,0,0,0,0,0,0,0,0,0,0,0,0,1
390000.0,Suzuki GSR 400,Кудиново,43000.0,400,бензин,18,0,1,1,1,0,0,0,0,0,0,0,0,0,0,0,0,0,0,1,0,0,0
390000.0,Yamaha TT-R,Курагино,20000.0,250,бензин,30,0,1,0,1,0,0,0,0,0,0,0,0,0,0,0,0,0,0,0,0,1,0
390000.0,Suzuki GSF 1200S Bandit,Уссурийск,34178.0,1200,бензин,19,0,1,0,1,0,0,0,0,0,0,0,0,0,0,0,0,0,0,1,0,0,0
390000.0,Honda CBR 1000RR Fireblade,Горно-Алтайск,40000.0,1000,бензин,21,0,1,1,1,0,0,0,0,0,0,0,0,0,1,0,0,0,0,0,0,0,0
390000.0,Honda CRF 250L,Якутск,18000.0,250,бензин,13,0,1,1,1,0,0,0,0,0,0,0,0,0,1,0,0,0,0,0,0,0,0
390000.0,KTM 350 SX-F,Ирбит,68.0,350,бензин,10,0,1,1,1,0,0,0,0,0,0,0,0,0,0,0,0,0,0,0,0,0,1
390000.0,Yamaha TDM 850,Иркутск,268000.0,850,бензин,26,0,1,0,1,0,0,0,0,0,0,0,0,0,0,0,0,0,0,0,0,1,0
390000.0,Suzuki SV 1000S,Владивосток,35029.0,996,бензин,22,0,1,1,1,0,0,0,0,0,0,0,0,0,0,0,0,0,0,1,0,0,0
390000.0,Suzuki VS 1400 Intruder,Саяногорск,15000.0,1398,бензин,30,0,1,0,1,0,0,0,0,0,0,0,0,0,0,0,0,0,0,1,0,0,0
390000.0,Regulmoto Thor 400,Челябинск,2750.0,400,бензин,2,0,1,1,0,0,0,0,1,0,0,0,0,0,0,0,0,0,0,0,0,0,1
390000.0,Yamaha Virago XV 1100,Нижний Новгород,50912.0,1100,бензин,30,0,1,0,0,0,0,0,1,0,0,0,0,0,0,0,0,0,0,0,0,1,0
390000.0,Kawasaki ZR-7S,Екатеринбург,37731.0,738,бензин,24,0,1,0,0,0,0,0,1,0,0,0,0,0,0,0,1,0,0,0,0,0,0
390000.0,Yamaha FZ1,Япония<!-- --> <!-- -->→<!-- --> <!-- -->Владивосток,38000.0,1000,бензин,19,0,1,1,1,0,0,0,0,0,0,0,0,0,0,0,0,0,0,0,0,1,0
390000.0,Suzuki Djebel 250,Магдагачи,25000.0,250,бензин,18,0,1,0,1,0,0,0,0,0,0,0,0,0,0,0,0,0,0,1,0,0,0
390000.0,Honda CB 400SS,Новосибирск,17600.0,400,бензин,19,0,1,0,0,0,0,0,1,0,0,0,0,0,1,0,0,0,0,0,0,0,0
390000.0,Honda XR 400,Маслянино,5555.0,400,бензин,25,0,1,0,1,0,0,0,0,0,0,0,0,0,1,0,0,0,0,0,0,0,0
390000.0,KTM 390 Duke,Япония<!-- --> <!-- -->→<!-- --> <!-- -->Владивосток,14951.0,390,бензин,7,0,1,1,1,0,0,0,0,0,0,0,0,0,0,0,0,0,0,0,0,0,1
390000.0,Yamaha TT-R 250,Находка,1256.0,250,бензин,28,0,1,0,1,0,0,0,0,0,0,0,0,0,0,0,0,0,0,0,0,1,0
390000.0,Honda CB 600F Hornet,Краснодар,38000.0,600,бензин,23,0,1,0,0,0,0,0,1,0,0,0,0,0,1,0,0,0,0,0,0,0,0
390000.0,Honda CRF 250L,Спасск-Дальний,23000.0,250,бензин,13,0,1,1,1,0,0,0,0,0,0,0,0,0,1,0,0,0,0,0,0,0,0
390000.0,Honda CB 400,Чита,25000.0,400,бензин,20,0,1,0,1,0,0,0,0,0,0,0,0,0,1,0,0,0,0,0,0,0,0
390000.0,Honda CBF 500,Елизаветинская,26000.0,499,бензин,18,0,1,0,1,0,0,0,0,0,0,0,0,0,1,0,0,0,0,0,0,0,0
390000.0,Suzuki GSF 1200S Bandit,Владивосток,24500.0,1200,бензин,24,0,1,0,1,0,0,0,0,0,0,0,0,0,0,0,0,0,0,1,0,0,0
390000.0,Yamaha FZR 1000,Большой Камень,40000.0,1000,бензин,23,0,1,0,1,0,0,0,0,0,0,0,0,0,0,0,0,0,0,0,0,1,0
390000.0,Honda VFR 800,Сочи,75000.0,781,бензин,25,0,1,1,1,0,0,0,0,0,0,0,0,0,1,0,0,0,0,0,0,0,0
390000.0,Kawasaki Ninja 400,Уссурийск,20548.0,400,бензин,10,0,1,1,1,0,0,0,0,0,0,0,0,0,0,0,1,0,0,0,0,0,0
394000.0,Suzuki SFV 650 Gladius,Владивосток,67403.0,650,бензин,14,0,1,1,1,0,0,0,0,0,0,0,0,0,0,0,0,0,0,1,0,0,0
395000.0,Bajaj Pulsar N 250,Киров,4000.0,250,бензин,2,0,1,1,1,0,0,0,0,0,0,0,0,0,0,0,0,0,0,0,0,0,1
395000.0,Yamaha XJ 900 Diversion,Екатеринбург,35965.0,892,бензин,30,0,1,0,0,0,0,0,1,0,0,0,0,0,0,0,0,0,0,0,0,1,0
395000.0,Honda Shadow 750,Владивосток,201022.0,750,бензин,19,0,1,0,1,0,0,0,0,0,0,0,0,0,1,0,0,0,0,0,0,0,0
395000.0,Yamaha V-Max 1200,Япония<!-- --> <!-- -->→<!-- --> <!-- -->Иркутск,36637.0,1200,бензин,22,0,1,0,1,0,0,0,0,0,0,0,0,0,0,0,0,0,0,0,0,1,0
395000.0,Suzuki DR 200,Владивосток,4.0,200,бензин,6,0,1,0,1,0,0,0,0,0,0,0,0,0,0,0,0,0,0,1,0,0,0
395000.0,Honda X4,Владивосток,29768.0,1300,бензин,28,0,1,0,1,0,0,0,0,0,0,0,0,0,1,0,0,0,0,0,0,0,0
395000.0,KTM 200 Duke,Екатеринбург,4017.0,200,бензин,4,0,1,1,0,0,0,0,1,0,0,0,0,0,0,0,0,0,0,0,0,0,1
395000.0,Kawasaki ER-6F,Артём,46600.0,650,бензин,12,0,1,1,1,0,0,0,0,0,0,0,0,0,0,0,1,0,0,0,0,0,0
395000.0,Suzuki DR 200,Владивосток,6.0,200,бензин,6,0,1,0,1,0,0,0,0,0,0,0,0,0,0,0,0,0,0,1,0,0,0
395000.0,Kawasaki Ninja 900,Хабаровск,21883.0,900,бензин,26,0,1,0,1,0,0,0,0,0,0,0,0,0,0,0,1,0,0,0,0,0,0
395000.0,Suzuki VL400 Intruder,Черногорск,50000.0,1400,бензин,25,0,1,0,1,0,0,0,0,0,0,0,0,0,0,0,0,0,0,1,0,0,0
395000.0,Kawasaki Ninja 650,Владивосток,46622.0,650,бензин,13,0,1,1,1,0,0,0,0,0,0,0,0,0,0,0,1,0,0,0,0,0,0
395000.0,Kawasaki Ninja 400,Япония<!-- --> <!-- -->→<!-- --> <!-- -->Уссурийск,24360.0,400,бензин,11,0,1,1,1,0,0,0,0,0,0,0,0,0,0,0,1,0,0,0,0,0,0
395000.0,Yamaha YZF-R6,Уссурийск,32054.0,600,бензин,24,0,1,0,1,0,0,0,0,0,0,0,0,0,0,0,0,0,0,0,0,1,0
395000.0,Honda XL 1000V Varadero,Екатеринбург,64844.0,1000,бензин,27,0,1,0,0,0,0,0,1,0,0,0,0,0,1,0,0,0,0,0,0,0,0
395000.0,Honda XR 230,Владивосток,11293.0,230,бензин,17,0,1,0,1,0,0,0,0,0,0,0,0,0,1,0,0,0,0,0,0,0,0
395000.0,Bajaj Dominar 400,Бийск,8357.0,400,бензин,5,0,1,1,1,0,0,0,0,0,0,0,0,0,0,0,0,0,0,0,0,0,1
399000.0,Suzuki Boulevard 400,Владивосток,15614.0,400,бензин,13,0,1,1,1,0,0,0,0,0,0,0,0,0,0,0,0,0,0,1,0,0,0
399000.0,KTM 390 Duke,Находка,21500.0,390,бензин,7,0,1,1,1,0,0,0,0,0,0,0,0,0,0,0,0,0,0,0,0,0,1
399000.0,Honda CBR 1100XX,Владивосток,24529.0,1137,бензин,27,0,1,0,1,0,0,0,0,0,0,0,0,0,1,0,0,0,0,0,0,0,0
399000.0,BMW F 800 ST,Владивосток,24823.0,800,бензин,18,0,1,1,1,0,0,0,0,0,0,0,0,0,0,0,0,0,0,0,0,0,1
399000.0,BMW F 800 S,Иркутск,39038.0,800,бензин,19,0,1,1,1,0,0,0,0,0,0,0,0,0,0,0,0,0,0,0,0,0,1
399000.0,Yamaha XJ 600 S Diversion,Владивосток,158207.0,600,бензин,13,0,1,1,1,0,0,0,0,0,0,0,0,0,0,0,0,0,0,0,0,1,0
399000.0,Honda CB 400SF,Владивосток,45972.0,399,бензин,7,0,1,1,1,0,0,0,0,0,0,0,0,0,1,0,0,0,0,0,0,0,0
399000.0,Kawasaki KX 450F,Осинники,10.0,450,бензин,11,0,1,1,1,0,0,0,0,0,0,0,0,0,0,0,1,0,0,0,0,0,0
399000.0,Yamaha V-Max,Хабаровск,23910.0,1200,бензин,32,0,1,0,1,0,0,0,0,0,0,0,0,0,0,0,0,0,0,0,0,1,0
399000.0,Honda X4,Владивосток,98369.0,1300,бензин,23,0,1,0,1,0,0,0,0,0,0,0,0,0,1,0,0,0,0,0,0,0,0
399000.0,Honda CB 400SF,Владивосток,44529.0,399,бензин,7,0,1,1,1,0,0,0,0,0,0,0,0,0,1,0,0,0,0,0,0,0,0
399000.0,Honda CB 400SF,Владивосток,43961.0,399,бензин,7,0,1,1,1,0,0,0,0,0,0,0,0,0,1,0,0,0,0,0,0,0,0
399000.0,Suzuki Boulevard 400,Владивосток,29541.0,400,бензин,19,0,1,0,1,0,0,0,0,0,0,0,0,0,0,0,0,0,0,1,0,0,0
399000.0,Honda NC 700S,Япония<!-- --> <!-- -->→<!-- --> <!-- -->Уссурийск,50926.0,700,бензин,13,0,1,1,1,0,0,0,0,0,0,0,0,0,1,0,0,0,0,0,0,0,0
399000.0,Kawasaki KLX 250,Владивосток,24237.0,249,бензин,9,0,1,1,1,0,0,0,0,0,0,0,0,0,0,0,1,0,0,0,0,0,0
399000.0,Suzuki VL400 Intruder,Омск,50000.0,400,бензин,19,0,1,0,0,0,0,0,1,0,0,0,0,0,0,0,0,0,0,1,0,0,0
399099.0,Yamaha XVS 400,Новосибирск,59900.0,400,бензин,22,0,1,0,0,0,0,0,1,0,0,0,0,0,0,0,0,0,0,0,0,1,0
399800.0,Kawasaki Ninja ZX-9R,Хабаровск,33057.0,900,бензин,24,0,1,0,1,0,0,0,0,0,0,0,0,0,0,0,1,0,0,0,0,0,0
399999.0,Honda XR 400,Находка,1000.0,400,бензин,23,0,1,0,1,0,0,0,0,0,0,0,0,0,1,0,0,0,0,0,0,0,0
399999.0,Kawasaki VN Vulcan 1500 Classic,Япония<!-- --> <!-- -->→<!-- --> <!-- -->Хабаровск,44575.0,1500,бензин,28,0,1,0,1,0,0,0,0,0,0,0,0,0,0,0,1,0,0,0,0,0,0
400000.0,BMW G 310 GS,Краснодар,17000.0,310,бензин,6,0,1,1,0,0,0,0,1,0,0,0,0,0,0,0,0,0,0,0,0,0,1
400000.0,KTM 250 EXC-F,Ангарск,4000.0,250,бензин,16,0,1,0,1,0,0,0,0,0,0,0,0,0,0,0,0,0,0,0,0,0,1
400000.0,Yamaha YZF-R1,Бийск,40000.0,1000,бензин,26,0,1,1,1,0,0,0,0,0,0,0,0,0,0,0,0,0,0,0,0,1,0
400000.0,Honda CRF 450R,Красноярск,10000.0,450,бензин,14,0,1,1,0,0,0,0,1,0,0,0,0,0,1,0,0,0,0,0,0,0,0
400000.0,Yamaha FZS 1000,Феодосия,50000.0,1000,бензин,22,0,1,0,1,0,0,0,0,0,0,0,0,0,0,0,0,0,0,0,0,1,0
400000.0,Suzuki RM-Z 450,Гусиноозёрск,1.0,449,бензин,15,1,1,1,1,0,0,0,0,0,0,0,0,0,0,0,0,0,0,1,0,0,0
400000.0,Honda XR 400,Кушва,14000.0,400,бензин,20,0,1,0,1,0,0,0,0,0,0,0,0,0,1,0,0,0,0,0,0,0,0
400000.0,Suzuki SV 1000S,Новокузнецк,46000.0,1000,бензин,20,0,1,1,1,0,0,0,0,0,0,0,0,0,0,0,0,0,0,1,0,0,0
400000.0,Yamaha XVS 400,Нижний Новгород,30000.0,400,бензин,26,0,1,0,0,0,0,0,1,0,0,0,0,0,0,0,0,0,0,0,0,1,0
400000.0,Yamaha YZF-R1,Коченёво,25000.0,998,бензин,24,0,1,0,1,0,0,0,0,0,0,0,0,0,0,0,0,0,0,0,0,1,0
400000.0,Kawasaki VN Vulcan 1500 Classic,Анжеро-Судженск,20000.0,1500,бензин,25,0,1,0,1,0,0,0,0,0,0,0,0,0,0,0,1,0,0,0,0,0,0
400000.0,BMW G 310 R,Москва,10387.0,313,бензин,6,0,1,1,0,0,1,0,0,0,0,0,0,0,0,0,0,0,0,0,0,0,1
400000.0,BMW K 1200 RS,Орджоникидзе,80000.0,1200,бензин,27,0,1,1,1,0,0,0,0,0,0,0,0,0,0,0,0,0,0,0,0,0,1
400000.0,Honda VFR 800,Новоалтайск,85972.0,800,бензин,27,0,1,1,1,0,0,0,0,0,0,0,0,0,1,0,0,0,0,0,0,0,0
400000.0,Triumph Daytona 600,Москва,28137.0,599,бензин,21,0,1,1,0,0,1,0,0,0,0,0,0,0,0,0,0,0,0,0,1,0,0
400000.0,Honda Steed,Новосибирск,15000.0,400,бензин,30,0,1,0,0,0,0,0,1,0,0,0,0,0,1,0,0,0,0,0,0,0,0
400000.0,Honda CB 400F,Владивосток,11500.0,399,бензин,12,0,1,1,1,0,0,0,0,0,0,0,0,0,1,0,0,0,0,0,0,0,0
400000.0,BMW G 310 R,Москва,20700.0,315,бензин,6,0,1,1,0,0,1,0,0,0,0,0,0,0,0,0,0,0,0,0,0,0,1
400000.0,Yamaha XJR 1200,Байкальск,44000.0,1200,бензин,31,0,1,0,1,0,0,0,0,0,0,0,0,0,0,0,0,0,0,0,0,1,0
400000.0,Honda CBR 1100XX,Новосибирск,74000.0,1137,бензин,27,0,1,0,0,0,0,0,1,0,0,0,0,0,1,0,0,0,0,0,0,0,0
400000.0,Honda VFR 750,Красноярск,42000.0,750,бензин,32,0,1,0,0,0,0,0,1,0,0,0,0,0,1,0,0,0,0,0,0,0,0
400000.0,Honda VF 250 Magna,Николаевка,58700.0,250,бензин,31,0,1,0,1,0,0,0,0,0,0,0,0,0,1,0,0,0,0,0,0,0,0
400000.0,KTM 350 SX-F,Хабаровск,22.0,350,бензин,13,0,1,1,1,0,0,0,0,0,0,0,0,0,0,0,0,0,0,0,0,0,1
400000.0,Yamaha Dragstar / V-Star / XVS,Ванино,1600.0,1100,бензин,26,0,1,0,1,0,0,0,0,0,0,0,0,0,0,0,0,0,0,0,0,1,0
400000.0,Kawasaki VN Vulcan 1500 Classic Tourer,Долинск,60000.0,1500,бензин,27,0,1,0,1,0,0,0,0,0,0,0,0,0,0,0,1,0,0,0,0,0,0
400000.0,Yamaha YZF-R1,Улан-Удэ,37539.0,1000,бензин,24,0,1,0,1,0,0,0,0,0,0,0,0,0,0,0,0,0,0,0,0,1,0
400000.0,Kawasaki Ninja 400R,Улан-Удэ,29000.0,400,бензин,14,0,1,1,1,0,0,0,0,0,0,0,0,0,0,0,1,0,0,0,0,0,0
400000.0,Honda CBR 400R,Томск,30963.0,399,бензин,10,0,1,1,1,0,0,0,0,0,0,0,0,0,1,0,0,0,0,0,0,0,0
400000.0,Suzuki DR-Z 400SM,Красноярск,22000.0,400,бензин,21,0,1,0,0,0,0,0,1,0,0,0,0,0,0,0,0,0,0,1,0,0,0
400000.0,Урал М-62,Пермь,5000.0,650,бензин,60,0,1,0,0,0,0,0,1,0,0,0,0,0,0,0,0,0,0,0,0,0,1
400000.0,Kawasaki Ninja ZX-9R,Уссурийск,34000.0,900,бензин,24,0,1,0,1,0,0,0,0,0,0,0,0,0,0,0,1,0,0,0,0,0,0
400000.0,Kawasaki Ninja ZX,Пермь,5000.0,900,бензин,23,0,1,0,0,0,0,0,1,0,0,0,0,0,0,0,1,0,0,0,0,0,0
400000.0,Kawasaki D-Tracker 250,Хабаровск,11000.0,250,бензин,16,0,1,1,1,0,0,0,0,0,0,0,0,0,0,0,1,0,0,0,0,0,0
400000.0,Kawasaki KLX 250S,Благовещенск,32000.0,250,бензин,15,0,1,1,1,0,0,0,0,0,0,0,0,0,0,0,1,0,0,0,0,0,0
400000.0,Yamaha WR 450F,Мирный,5600.0,450,бензин,13,0,1,1,0,0,0,1,0,0,0,0,0,0,0,0,0,0,0,0,0,1,0
400000.0,Suzuki Bandit,Райчихинск,20000.0,1200,бензин,18,0,1,0,1,0,0,0,0,0,0,0,0,0,0,0,0,0,0,1,0,0,0
400000.0,Kawasaki ER-6n,Стерлитамак,15000.0,650,бензин,11,0,1,1,1,0,0,0,0,0,0,0,0,0,0,0,1,0,0,0,0,0,0
400000.0,Yamaha WR 450F,Ангарск,10.0,450,бензин,18,0,1,0,1,0,0,0,0,0,0,0,0,0,0,0,0,0,0,0,0,1,0
400000.0,Kawasaki VN Vulcan 1500 Classic,Челябинск,62000.0,1500,бензин,26,0,1,0,0,0,0,0,1,0,0,0,0,0,0,0,1,0,0,0,0,0,0
400000.0,Honda VF 750 Magna,Краснодар,32717.0,750,бензин,30,0,1,0,0,0,0,0,1,0,0,0,0,0,1,0,0,0,0,0,0,0,0
400000.0,Honda CB 1000SF,Ужур,35000.0,93,бензин,29,0,1,0,1,0,0,0,0,0,0,0,0,0,1,0,0,0,0,0,0,0,0
400000.0,Ajerra S8 NB300,Пролетарский,45.0,300,бензин,1,0,1,0,1,0,0,0,0,0,0,0,0,0,0,0,0,0,0,0,0,0,1
400000.0,Honda CRF,Вихоревка,300.0,450,бензин,13,0,1,1,1,0,0,0,0,0,0,0,0,0,1,0,0,0,0,0,0,0,0
400000.0,Kawasaki Ninja 250,Япония<!-- --> <!-- -->→<!-- --> <!-- -->Иркутск,4029.0,250,бензин,8,0,1,1,1,0,0,0,0,0,0,0,0,0,0,0,1,0,0,0,0,0,0
400000.0,Yamaha Dragstar / V-Star / XVS,Поспелиха,35000.0,400,бензин,25,0,1,0,1,0,0,0,0,0,0,0,0,0,0,0,0,0,0,0,0,1,0
400000.0,Suzuki SV 650,Екатеринбург,56387.0,650,бензин,23,0,1,0,0,0,0,0,1,0,0,0,0,0,0,0,0,0,0,1,0,0,0
400000.0,Yamaha YZF-R3,Екатеринбург,31112.0,320,бензин,9,0,1,1,0,0,0,0,1,0,0,0,0,0,0,0,0,0,0,0,0,1,0
400000.0,Honda CBR 600F,Сочи,67000.0,600,бензин,25,0,1,0,1,0,0,0,0,0,0,0,0,0,1,0,0,0,0,0,0,0,0
400000.0,Buell XB9SX Lightning CityX,Москва,80000.0,900,бензин,20,0,1,1,0,0,1,0,0,0,0,0,0,0,0,0,0,0,0,0,0,0,1
400000.0,Voge 300R,Канск,640.0,292,бензин,2,0,1,1,1,0,0,0,0,0,0,0,0,0,0,0,0,0,0,0,0,0,1
400000.0,Honda ST 1100,Красноярск,60000.0,1100,бензин,24,0,1,0,0,0,0,0,1,0,0,0,0,0,1,0,0,0,0,0,0,0,0
400000.0,Kawasaki KLX 250,Владивосток,10000.0,250,бензин,31,0,1,0,1,0,0,0,0,0,0,0,0,0,0,0,1,0,0,0,0,0,0
400000.0,Yamaha 450,Иркутск,3000.0,450,бензин,18,0,1,0,1,0,0,0,0,0,0,0,0,0,0,0,0,0,0,0,0,1,0
400000.0,Yamaha Tenere,Нерюнгри,33000.0,660,бензин,25,0,1,1,1,0,0,0,0,0,0,0,0,0,0,0,0,0,0,0,0,1,0
400000.0,Kawasaki Ninja ZX-9R,Чита,40000.0,900,бензин,26,0,1,0,1,0,0,0,0,0,0,0,0,0,0,0,1,0,0,0,0,0,0
400000.0,Suzuki Djebel 250,Чита,12000.0,250,бензин,22,0,1,0,1,0,0,0,0,0,0,0,0,0,0,0,0,0,0,1,0,0,0
400000.0,Yamaha XT 660X,Усть-Илимск,30000.0,660,бензин,17,0,1,1,1,0,0,0,0,0,0,0,0,0,0,0,0,0,0,0,0,1,0
400000.0,Yamaha WR 250F,Хабаровск,1.0,250,бензин,20,0,1,0,1,0,0,0,0,0,0,0,0,0,0,0,0,0,0,0,0,1,0
400000.0,Honda CB 400SF,Магнитогорск,30000.0,399,бензин,24,0,1,0,1,0,0,0,0,0,0,0,0,0,1,0,0,0,0,0,0,0,0
400000.0,Honda Gold Wing,Лучегорск,33000.0,1500,бензин,37,0,1,0,1,0,0,0,0,0,0,0,0,0,1,0,0,0,0,0,0,0,0
400000.0,Kawasaki KLX 250,Лесозаводск,24970.0,250,бензин,11,0,1,1,1,0,0,0,0,0,0,0,0,0,0,0,1,0,0,0,0,0,0
400000.0,Honda CBR 600RR,Южно-Сахалинск,26000.0,600,бензин,14,0,1,1,1,0,0,0,0,0,0,0,0,0,1,0,0,0,0,0,0,0,0
400000.0,Yamaha Dragstar / V-Star / XVS,Якутск,50000.0,400,бензин,4,0,1,0,1,0,0,0,0,0,0,0,0,0,0,0,0,0,0,0,0,1,0
400000.0,Suzuki SV 650S,Бердск,60470.0,650,бензин,19,0,1,1,1,0,0,0,0,0,0,0,0,0,0,0,0,0,0,1,0,0,0
400000.0,Yamaha YZF-R6,Хабаровск,93000.0,600,бензин,22,0,1,0,1,0,0,0,0,0,0,0,0,0,0,0,0,0,0,0,0,1,0
400000.0,Kawasaki Ninja 400,Владивосток,27000.0,399,бензин,6,0,1,1,1,0,0,0,0,0,0,0,0,0,0,0,1,0,0,0,0,0,0
400000.0,Suzuki GSF 650 Bandit,Воронеж,44000.0,650,бензин,19,0,1,0,0,0,0,0,1,0,0,0,0,0,0,0,0,0,0,1,0,0,0
400000.0,Kawasaki Ninja 400R,Томск,9362.0,400,бензин,14,0,1,1,1,0,0,0,0,0,0,0,0,0,0,0,1,0,0,0,0,0,0
400000.0,Suzuki Djebel 250,Екатеринбург,15600.0,250,бензин,18,0,1,0,0,0,0,0,1,0,0,0,0,0,0,0,0,0,0,1,0,0,0
400000.0,Honda VTR 1000F,Чита,59999.0,1000,бензин,26,0,1,0,1,0,0,0,0,0,0,0,0,0,1,0,0,0,0,0,0,0,0
400000.0,Honda CBR 600F,Новосибирск,14000.0,600,бензин,27,0,1,0,0,0,0,0,1,0,0,0,0,0,1,0,0,0,0,0,0,0,0
400000.0,Suzuki Bandit,Майкоп,56000.0,1200,бензин,19,0,1,0,1,0,0,0,0,0,0,0,0,0,0,0,0,0,0,1,0,0,0
400000.0,Suzuki SV 650S,Комсомольск-на-Амуре,19180.0,650,бензин,16,0,1,1,1,0,0,0,0,0,0,0,0,0,0,0,0,0,0,1,0,0,0
400000.0,Honda RVT 1000,Магдагачи,27000.0,1000,бензин,27,0,1,0,1,0,0,0,0,0,0,0,0,0,1,0,0,0,0,0,0,0,0
400000.0,Yamaha YZ 450F,Красноярск,1000.0,450,бензин,13,0,1,1,0,0,0,0,1,0,0,0,0,0,0,0,0,0,0,0,0,1,0
400000.0,Kawasaki KLX 250ES,Красноярск,11000.0,250,бензин,20,0,1,0,0,0,0,0,1,0,0,0,0,0,0,0,1,0,0,0,0,0,0
400000.0,BMW R 1200 C,Владивосток,45000.0,1200,бензин,25,0,1,1,1,0,0,0,0,0,0,0,0,0,0,0,0,0,0,0,0,0,1
400000.0,Honda Steed 600VLX,Махачкала,30000.0,600,бензин,32,0,1,0,1,0,0,0,0,0,0,0,0,0,1,0,0,0,0,0,0,0,0
400000.0,Suzuki GSX 650F,Благовещенск,10900.0,650,бензин,17,0,1,1,1,0,0,0,0,0,0,0,0,0,0,0,0,0,0,1,0,0,0
400000.0,GR GR8 T300L Enduro Pro,Тюмень,1.0,300,бензин,2,0,0,0,1,0,0,0,0,0,0,0,0,0,0,0,0,0,0,0,0,0,1
400000.0,Kawasaki ZZR,Ангарск,32384.0,1200,бензин,22,0,1,0,1,0,0,0,0,0,0,0,0,0,0,0,1,0,0,0,0,0,0
400000.0,BMW R 1100 RT,Свободный,26000.0,1100,бензин,25,0,0,1,1,0,0,0,0,0,0,0,0,0,0,0,0,0,0,0,0,0,1
400000.0,Voge 350AC,Омск,5100.0,350,бензин,2,0,1,1,0,0,0,0,1,0,0,0,0,0,0,0,0,0,0,0,0,0,1
400000.0,Kawasaki ER-6n,Чита,33000.0,650,бензин,19,0,1,1,1,0,0,0,0,0,0,0,0,0,0,0,1,0,0,0,0,0,0
400000.0,Bajaj Dominar 400,Новосибирск,5936.0,400,бензин,4,0,1,1,0,0,0,0,1,0,0,0,0,0,0,0,0,0,0,0,0,0,1
400000.0,Yamaha V-Max 1200,Сыктывкар,48000.0,1200,бензин,20,0,1,0,1,0,0,0,0,0,0,0,0,0,0,0,0,0,0,0,0,1,0
400000.0,KTM RC 390,Магадан,15000.0,400,бензин,10,0,1,1,1,0,0,0,0,0,0,0,0,0,0,0,0,0,0,0,0,0,1
400000.0,Honda CB 400SFV,Новосибирск,24865.0,399,бензин,15,0,1,0,0,0,0,0,1,0,0,0,0,0,1,0,0,0,0,0,0,0,0
400000.0,JHL Z8,Иркутск,1.0,300,бензин,1,0,1,0,1,0,0,0,0,0,0,0,0,0,0,0,0,0,0,0,0,0,1
405000.0,Ducati Scrambler,Япония<!-- --> <!-- -->→<!-- --> <!-- -->Владивосток,19210.0,400,бензин,9,0,1,1,1,0,0,0,0,0,0,0,1,0,0,0,0,0,0,0,0,0,0
405000.0,Honda CBR 400R,Уссурийск,18193.0,400,бензин,11,0,1,1,1,0,0,0,0,0,0,0,0,0,1,0,0,0,0,0,0,0,0
405000.0,KTM 390 Duke,Япония<!-- --> <!-- -->→<!-- --> <!-- -->Владивосток,5679.0,390,бензин,5,0,1,1,1,0,0,0,0,0,0,0,0,0,0,0,0,0,0,0,0,0,1
405000.0,Honda CBR 400R,Япония<!-- --> <!-- -->→<!-- --> <!-- -->Владивосток,8914.0,400,бензин,12,0,1,1,1,0,0,0,0,0,0,0,0,0,1,0,0,0,0,0,0,0,0
405000.0,Avantis Enduro 300 Pro EFI ARS,Барнаул,1671.0,300,бензин,4,0,1,1,1,0,0,0,0,0,0,0,0,0,0,0,0,0,0,0,0,0,1
405000.0,Kawasaki ER-4n,Япония<!-- --> <!-- -->→<!-- --> <!-- -->Иркутск,17429.0,400,бензин,14,0,1,1,1,0,0,0,0,0,0,0,0,0,0,0,1,0,0,0,0,0,0
405000.0,Kawasaki Ninja 400,Уссурийск,15466.0,400,бензин,9,0,1,1,1,0,0,0,0,0,0,0,0,0,0,0,1,0,0,0,0,0,0
405000.0,Honda CBR 929RR,Киров,70000.0,929,бензин,24,0,1,1,1,0,0,0,0,0,0,0,0,0,1,0,0,0,0,0,0,0,0
405000.0,KTM 350 SX-F,Уфа,800.0,350,бензин,13,0,1,1,0,0,0,0,1,0,0,0,0,0,0,0,0,0,0,0,0,0,1
406000.0,Kawasaki Ninja 400,Владивосток,3021.0,399,бензин,14,0,1,1,1,0,0,0,0,0,0,0,0,0,0,0,1,0,0,0,0,0,0
409000.0,Kawasaki Ninja 400,Владивосток,32500.0,400,бензин,11,0,1,1,1,0,0,0,0,0,0,0,0,0,0,0,1,0,0,0,0,0,0
410000.0,Honda Shadow 1100,Артём,32200.0,1100,бензин,25,0,1,0,1,0,0,0,0,0,0,0,0,0,1,0,0,0,0,0,0,0,0
410000.0,Yamaha FZ 6,Калтан,80000.0,600,бензин,20,0,1,1,1,0,0,0,0,0,0,0,0,0,0,0,0,0,0,0,0,1,0
410000.0,Yamaha Roadstar 1600,Осинники,40000.0,1600,бензин,26,0,1,0,1,0,0,0,0,0,0,0,0,0,0,0,0,0,0,0,0,1,0
410000.0,Yamaha FZS 1000,Комсомольск-на-Амуре,33000.0,1000,бензин,22,0,1,0,1,0,0,0,0,0,0,0,0,0,0,0,0,0,0,0,0,1,0
410000.0,BMW G 310 R,Япония<!-- --> <!-- -->→<!-- --> <!-- -->Владивосток,4037.0,310,бензин,2,0,1,1,1,0,0,0,0,0,0,0,0,0,0,0,0,0,0,0,0,0,1
410000.0,Yamaha YZF-R1,Усолье-Сибирское,19000.0,1000,бензин,20,0,1,1,1,0,0,0,0,0,0,0,0,0,0,0,0,0,0,0,0,1,0
410000.0,Hengjian Z300,Хабаровск,60.0,300,бензин,2,0,0,0,1,0,0,0,0,0,0,0,0,0,0,0,0,0,0,0,0,0,1
410000.0,Yamaha YZ 250F,Уссурийск,1.0,250,бензин,14,0,1,0,1,0,0,0,0,0,0,0,0,0,0,0,0,0,0,0,0,1,0
410000.0,Kawasaki Ninja 900,Хабаровск,21880.0,900,бензин,26,0,1,0,1,0,0,0,0,0,0,0,0,0,0,0,1,0,0,0,0,0,0
410000.0,Kawasaki ER-4n,Владивосток,11641.0,400,бензин,13,0,1,1,1,0,0,0,0,0,0,0,0,0,0,0,1,0,0,0,0,0,0
410000.0,Harley-Davidson Street 750 XG750,Япония<!-- --> <!-- -->→<!-- --> <!-- -->Владивосток,25000.0,750,бензин,9,0,1,1,1,0,0,0,0,0,0,0,0,1,0,0,0,0,0,0,0,0,0
410000.0,Kawasaki Ninja 900,Уссурийск,26000.0,900,бензин,25,0,1,0,1,0,0,0,0,0,0,0,0,0,0,0,1,0,0,0,0,0,0
410000.0,Hyosung GT650,Москва,30000.0,650,бензин,13,0,1,1,0,0,1,0,0,0,0,0,0,0,0,0,0,0,0,0,0,0,1
410000.0,Yamaha 450,Усть-Абакан,1.0,450,бензин,15,0,1,1,1,0,0,0,0,0,0,0,0,0,0,0,0,0,0,0,0,1,0
410000.0,Kawasaki Ninja 400R,Владивосток,13970.0,400,бензин,12,0,1,1,1,0,0,0,0,0,0,0,0,0,0,0,1,0,0,0,0,0,0
410000.0,Yamaha XJR 1300,Омск,22000.0,1300,бензин,26,0,1,0,0,0,0,0,1,0,0,0,0,0,0,0,0,0,0,0,0,1,0
410000.0,Regulmoto Nibbi,Прокопьевск,990.0,300,бензин,1,0,1,0,1,0,0,0,0,0,0,0,0,0,0,0,0,0,0,0,0,0,1
410000.0,Kawasaki ER-6n,Астрахань,34000.0,650,бензин,16,0,0,1,1,0,0,0,0,0,0,0,0,0,0,0,1,0,0,0,0,0,0
430000.0,Yamaha XVS 400,Выселки,78000.0,400,бензин,26,0,1,0,1,0,0,0,0,0,0,0,0,0,0,0,0,0,0,0,0,1,0
410000.0,Kawasaki Ninja 400R,Владивосток,15516.0,400,бензин,12,0,1,1,1,0,0,0,0,0,0,0,0,0,0,0,1,0,0,0,0,0,0
411111.0,Honda VFR 750,Санкт-Петербург,45000.0,750,бензин,28,0,1,0,0,0,0,0,0,1,0,0,0,0,1,0,0,0,0,0,0,0,0
415000.0,Yamaha Dragstar / V-Star / XVS,Екатеринбург,13500.0,400,бензин,18,0,1,0,0,0,0,0,1,0,0,0,0,0,0,0,0,0,0,0,0,1,0
415000.0,Honda ST 1100,Люберцы,31000.0,1100,бензин,27,0,1,0,0,0,0,1,0,0,0,0,0,0,1,0,0,0,0,0,0,0,0
415000.0,Kawasaki Z 400,Артём,40000.0,400,бензин,6,0,1,1,1,0,0,0,0,0,0,0,0,0,0,0,1,0,0,0,0,0,0
415000.0,Honda NT650V Deauville,Екатеринбург,42599.0,647,бензин,26,0,1,0,0,0,0,0,1,0,0,0,0,0,1,0,0,0,0,0,0,0,0
415000.0,BMW G 310 GS,Япония<!-- --> <!-- -->→<!-- --> <!-- -->Владивосток,7913.0,313,бензин,7,0,1,1,1,0,0,0,0,0,0,0,0,0,0,0,0,0,0,0,0,0,1
415000.0,Ducati Monster 696,Япония<!-- --> <!-- -->→<!-- --> <!-- -->Владивосток,9749.0,696,бензин,16,0,1,1,1,0,0,0,0,0,0,0,1,0,0,0,0,0,0,0,0,0,0
415000.0,Kawasaki ER-4n,Горячий Ключ,14900.0,400,бензин,14,0,1,1,1,0,0,0,0,0,0,0,0,0,0,0,1,0,0,0,0,0,0
415000.0,Honda XL 600V,Екатеринбург,64550.0,583,бензин,29,0,1,0,0,0,0,0,1,0,0,0,0,0,1,0,0,0,0,0,0,0,0
415000.0,Honda CRF 250L,Уссурийск,10000.0,250,бензин,12,0,1,1,1,0,0,0,0,0,0,0,0,0,1,0,0,0,0,0,0,0,0
415000.0,Kawasaki Ninja 400R,Омск,16000.0,400,бензин,15,0,1,1,0,0,0,0,1,0,0,0,0,0,0,0,1,0,0,0,0,0,0
415000.0,Kawasaki Ninja ZX-6R,Торопец,29081.0,599,бензин,24,0,1,0,1,0,0,0,0,0,0,0,0,0,0,0,1,0,0,0,0,0,0
415000.0,KTM 625 SMC,Севастополь,20000.0,625,бензин,20,0,1,0,1,0,0,0,0,0,0,0,0,0,0,0,0,0,0,0,0,0,1
415000.0,KTM 390 Duke,Япония<!-- --> <!-- -->→<!-- --> <!-- -->Владивосток,6409.0,390,бензин,7,0,1,1,1,0,0,0,0,0,0,0,0,0,0,0,0,0,0,0,0,0,1
415000.0,Suzuki RM-Z 450,Елизово,200.0,52,бензин,20,0,1,0,1,0,0,0,0,0,0,0,0,0,0,0,0,0,0,1,0,0,0
415000.0,Honda ST 1100,Киселёвск,60000.0,1100,бензин,24,0,1,0,1,0,0,0,0,0,0,0,0,0,1,0,0,0,0,0,0,0,0
415000.0,Kawasaki Ninja 400R,Япония<!-- --> <!-- -->→<!-- --> <!-- -->Иркутск,12473.0,400,бензин,14,0,1,1,1,0,0,0,0,0,0,0,0,0,0,0,1,0,0,0,0,0,0
415000.0,Kawasaki KL250 Super Sherpa,Владивосток,16440.0,250,бензин,19,0,1,0,1,0,0,0,0,0,0,0,0,0,0,0,1,0,0,0,0,0,0
415000.0,Yamaha Tmax,Иваново,32800.0,500,бензин,18,1,1,1,1,0,0,0,0,0,0,0,0,0,0,0,0,0,0,0,0,1,0
415000.0,Yamaha Serow,Владивосток,16255.0,249,бензин,17,0,1,1,1,0,0,0,0,0,0,0,0,0,0,0,0,0,0,0,0,1,0
415000.0,Kawasaki Ninja 400,Япония<!-- --> <!-- -->→<!-- --> <!-- -->Уссурийск,18061.0,400,бензин,8,0,1,1,1,0,0,0,0,0,0,0,0,0,0,0,1,0,0,0,0,0,0
415000.0,Yamaha MT-03,Абакан,20000.0,320,бензин,7,0,1,1,1,0,0,0,0,0,0,0,0,0,0,0,0,0,0,0,0,1,0
415000.0,Yamaha XJR 1300,Владивосток,67726.0,1250,бензин,21,0,1,0,1,0,0,0,0,0,0,0,0,0,0,0,0,0,0,0,0,1,0
415000.0,Yamaha YZ 250F,Новокузнецк,1000.0,250,бензин,9,0,1,1,1,0,0,0,0,0,0,0,0,0,0,0,0,0,0,0,0,1,0
415000.0,Suzuki Bandit,Япония<!-- --> <!-- -->→<!-- --> <!-- -->Владивосток,37318.0,1200,бензин,19,0,1,1,1,0,0,0,0,0,0,0,0,0,0,0,0,0,0,1,0,0,0
417000.0,Suzuki SFV 400 Gladius,Владивосток,10421.0,398,бензин,11,0,1,1,1,0,0,0,0,0,0,0,0,0,0,0,0,0,0,1,0,0,0
417000.0,Honda CRF 250L,Новый Уренгой,18000.0,250,бензин,10,0,1,1,1,0,0,0,0,0,0,0,0,0,1,0,0,0,0,0,0,0,0
419000.0,Honda CBR 900RR,Ярославль,6384.0,893,бензин,29,0,1,0,1,0,0,0,0,0,0,0,0,0,1,0,0,0,0,0,0,0,0
419000.0,Yamaha FZR 250,Ангарск,5590.0,250,бензин,7,0,1,1,1,0,0,0,0,0,0,0,0,0,0,0,0,0,0,0,0,1,0
419000.0,KTM 390 Duke,Кемерово,28000.0,373,бензин,11,0,1,1,1,0,0,0,0,0,0,0,0,0,0,0,0,0,0,0,0,0,1
419000.0,Kawasaki KLX 250,Владивосток,13269.0,249,бензин,15,0,1,1,1,0,0,0,0,0,0,0,0,0,0,0,1,0,0,0,0,0,0
420000.0,Kawasaki Ninja,Чегдомын,38000.0,900,бензин,29,0,1,0,1,0,0,0,0,0,0,0,0,0,0,0,1,0,0,0,0,0,0
420000.0,Kawasaki ZZR 1100 Ninja,Барнаул,37000.0,1100,бензин,31,0,1,0,1,0,0,0,0,0,0,0,0,0,0,0,1,0,0,0,0,0,0
420000.0,Honda CBR 929RR,Армавир,65000.0,1000,бензин,25,0,1,1,1,0,0,0,0,0,0,0,0,0,1,0,0,0,0,0,0,0,0
420000.0,Suzuki Bandit,Япония<!-- --> <!-- -->→<!-- --> <!-- -->Владивосток,30609.0,1250,бензин,17,0,1,1,1,0,0,0,0,0,0,0,0,0,0,0,0,0,0,1,0,0,0
420000.0,KTM 990 Super Duke,Япония<!-- --> <!-- -->→<!-- --> <!-- -->Владивосток,6729.0,999,бензин,13,0,1,1,1,0,0,0,0,0,0,0,0,0,0,0,0,0,0,0,0,0,1
420000.0,Yamaha R1,Южно-Сахалинск,95000.0,1000,бензин,25,0,1,0,1,0,0,0,0,0,0,0,0,0,0,0,0,0,0,0,0,1,0
420000.0,Yamaha Dragstar / V-Star / XVS,Новосибирск,35000.0,400,бензин,21,0,1,0,0,0,0,0,1,0,0,0,0,0,0,0,0,0,0,0,0,1,0
420000.0,Suzuki Intruder,Комсомольск-на-Амуре,20000.0,400,бензин,18,0,1,0,1,0,0,0,0,0,0,0,0,0,0,0,0,0,0,1,0,0,0
420000.0,Bajaj Dominar 400,Ногинск,15300.0,400,бензин,4,0,1,1,0,0,0,1,0,0,0,0,0,0,0,0,0,0,0,0,0,0,1
420000.0,Kawasaki Ninja 400R,Япония<!-- --> <!-- -->→<!-- --> <!-- -->Иркутск,19788.0,400,бензин,12,0,1,1,1,0,0,0,0,0,0,0,0,0,0,0,1,0,0,0,0,0,0
420000.0,Honda CRF 250R,Уссурийск,1.0,250,бензин,16,0,1,0,1,0,0,0,0,0,0,0,0,0,1,0,0,0,0,0,0,0,0
420000.0,Yamaha Virago XV 750,Красноярск,36000.0,55,бензин,32,0,1,0,0,0,0,0,1,0,0,0,0,0,0,0,0,0,0,0,0,1,0
420000.0,Honda X11,Барнаул,50000.0,1137,бензин,25,0,1,1,1,0,0,0,0,0,0,0,0,0,1,0,0,0,0,0,0,0,0
420000.0,Yamaha YZ 450F,Новокузнецк,1000.0,450,бензин,14,0,1,1,1,0,0,0,0,0,0,0,0,0,0,0,0,0,0,0,0,1,0
420000.0,Suzuki DR-Z 400S,Хабаровск,2500.0,400,бензин,20,0,1,0,1,0,0,0,0,0,0,0,0,0,0,0,0,0,0,1,0,0,0
420000.0,Honda CB 400F,Санкт-Петербург,35000.0,400,бензин,12,0,1,1,0,0,0,0,0,1,0,0,0,0,1,0,0,0,0,0,0,0,0
420000.0,Kawasaki ZZR 1100C,Хабаровск,11313.0,1100,бензин,33,0,1,0,1,0,0,0,0,0,0,0,0,0,0,0,1,0,0,0,0,0,0
420000.0,Kawasaki VN Vulcan 1500 Classic,Вяземский,70.0,1500,бензин,25,0,1,0,1,0,0,0,0,0,0,0,0,0,0,0,1,0,0,0,0,0,0
420000.0,KTM RC 390,Санкт-Петербург,12000.0,390,бензин,10,0,1,1,0,0,0,0,0,1,0,0,0,0,0,0,0,0,0,0,0,0,1
420000.0,Yamaha V-Max 1200,Япония<!-- --> <!-- -->→<!-- --> <!-- -->Иркутск,26000.0,1200,бензин,28,0,1,0,1,0,0,0,0,0,0,0,0,0,0,0,0,0,0,0,0,1,0
420000.0,Honda CBR 600F4i,Тамбов,30000.0,600,бензин,21,0,1,1,1,0,0,0,0,0,0,0,0,0,1,0,0,0,0,0,0,0,0
420000.0,Kawasaki KLX 250,Владивосток,11405.0,250,бензин,19,0,1,0,1,0,0,0,0,0,0,0,0,0,0,0,1,0,0,0,0,0,0
420000.0,Husqvarna TE 250,Владивосток,394.0,250,бензин,9,0,0,0,1,0,0,0,0,0,0,0,0,0,0,0,0,0,0,0,0,0,1
420000.0,Kawasaki KX 85-II,Находка,1.0,85,бензин,10,0,0,0,1,0,0,0,0,0,0,0,0,0,0,0,1,0,0,0,0,0,0
420000.0,Yamaha Dragstar / V-Star / XVS,Благовещенск,17000.0,399,бензин,23,0,1,0,1,0,0,0,0,0,0,0,0,0,0,0,0,0,0,0,0,1,0
420000.0,Honda ST 1100,Владивосток,45085.0,1100,бензин,25,0,1,0,1,0,0,0,0,0,0,0,0,0,1,0,0,0,0,0,0,0,0
420000.0,Kawasaki ER-6F,Иркутск,25700.0,650,бензин,19,0,1,1,1,0,0,0,0,0,0,0,0,0,0,0,1,0,0,0,0,0,0
420000.0,Yamaha FZS 1000,Абакан,43000.0,1000,бензин,23,0,1,0,1,0,0,0,0,0,0,0,0,0,0,0,0,0,0,0,0,1,0
420000.0,Suzuki GSR 400,Новосибирск,40692.0,398,бензин,18,0,1,1,0,0,0,0,1,0,0,0,0,0,0,0,0,0,0,1,0,0,0
420000.0,Yamaha FZS 1000,Владивосток,6000.0,1000,бензин,24,0,1,0,1,0,0,0,0,0,0,0,0,0,0,0,0,0,0,0,0,1,0
420000.0,Honda VTR 1000F,Заозёрный,28000.0,1000,бензин,24,0,1,0,1,0,0,0,0,0,0,0,0,0,1,0,0,0,0,0,0,0,0
420000.0,Honda CBR 1100XX,Смоленское,72000.0,1137,бензин,28,0,1,0,1,0,0,0,0,0,0,0,0,0,1,0,0,0,0,0,0,0,0
420000.0,Honda CB 400SF VTEC-3,Барнаул,21000.0,400,бензин,21,0,1,0,1,0,0,0,0,0,0,0,0,0,1,0,0,0,0,0,0,0,0
420000.0,Yamaha XJ 900 Diversion,Улан-Удэ,67427.0,900,бензин,29,0,1,0,1,0,0,0,0,0,0,0,0,0,0,0,0,0,0,0,0,1,0
420000.0,Kawasaki KLX 250S,Владивосток,12700.0,250,бензин,15,0,1,1,1,0,0,0,0,0,0,0,0,0,0,0,1,0,0,0,0,0,0
420000.0,Suzuki Djebel 250,Свободный,6600.0,250,бензин,27,0,1,0,1,0,0,0,0,0,0,0,0,0,0,0,0,0,0,1,0,0,0
420000.0,Triumph Speed Four,Екатеринбург,39449.0,599,бензин,20,0,1,1,0,0,0,0,1,0,0,0,0,0,0,0,0,0,0,0,1,0,0
420000.0,Ducati Monster 800 S2R,Владивосток,20500.0,803,бензин,18,0,1,1,1,0,0,0,0,0,0,0,1,0,0,0,0,0,0,0,0,0,0
420000.0,Honda CRF 450R,Владивосток,100.0,450,бензин,10,0,1,1,1,0,0,0,0,0,0,0,0,0,1,0,0,0,0,0,0,0,0
420000.0,Suzuki SV 1000S,Бийск,70000.0,1000,бензин,21,0,1,1,1,0,0,0,0,0,0,0,0,0,0,0,0,0,0,1,0,0,0
420000.0,Honda Shadow 750,Владивосток,1.0,745,бензин,21,0,1,0,1,0,0,0,0,0,0,0,0,0,1,0,0,0,0,0,0,0,0
420000.0,Yamaha YZF 600,Новосибирск,72000.0,599,бензин,25,0,1,0,0,0,0,0,1,0,0,0,0,0,0,0,0,0,0,0,0,1,0
420000.0,Honda CBR 600F4,Абакан,50000.0,600,бензин,25,0,1,0,1,0,0,0,0,0,0,0,0,0,1,0,0,0,0,0,0,0,0
420000.0,Kawasaki KLX 250S,Красноярск,16920.0,250,бензин,10,0,1,1,0,0,0,0,1,0,0,0,0,0,0,0,1,0,0,0,0,0,0
420000.0,Yamaha TDM 900,Владивосток,58274.0,900,бензин,23,0,1,1,1,0,0,0,0,0,0,0,0,0,0,0,0,0,0,0,0,1,0
420000.0,BMW R 1150 R,Реж,65121.0,1150,бензин,24,0,1,1,1,0,0,0,0,0,0,0,0,0,0,0,0,0,0,0,0,0,1
420000.0,Yamaha TDM 850,Япония<!-- --> <!-- -->→<!-- --> <!-- -->Иркутск,38351.0,850,бензин,27,0,1,0,1,0,0,0,0,0,0,0,0,0,0,0,0,0,0,0,0,1,0
420000.0,Ducati Monster 696,Япония<!-- --> <!-- -->→<!-- --> <!-- -->Владивосток,10597.0,696,бензин,10,0,1,1,1,0,0,0,0,0,0,0,1,0,0,0,0,0,0,0,0,0,0
420000.0,Honda VTR 1000F,Комсомольск-на-Амуре,52000.0,998,бензин,27,0,1,0,1,0,0,0,0,0,0,0,0,0,1,0,0,0,0,0,0,0,0
425000.0,Honda X4,Красноярск,25000.0,1300,бензин,28,0,1,0,0,0,0,0,1,0,0,0,0,0,1,0,0,0,0,0,0,0,0
425000.0,Suzuki GSR 400,Абакан,23500.0,398,бензин,17,0,1,1,1,0,0,0,0,0,0,0,0,0,0,0,0,0,0,1,0,0,0
425000.0,Honda CB 1300,Владивосток,28334.0,1300,бензин,25,0,1,0,1,0,0,0,0,0,0,0,0,0,1,0,0,0,0,0,0,0,0
425000.0,Kawasaki Ninja ZX-9R,Япония<!-- --> <!-- -->→<!-- --> <!-- -->Уссурийск,27674.0,900,бензин,25,0,1,0,1,0,0,0,0,0,0,0,0,0,0,0,1,0,0,0,0,0,0
425000.0,KTM 390 Duke,Япония<!-- --> <!-- -->→<!-- --> <!-- -->Владивосток,3188.0,390,бензин,6,0,1,1,1,0,0,0,0,0,0,0,0,0,0,0,0,0,0,0,0,0,1
425000.0,Yamaha TDM 900,Калининград,73000.0,897,бензин,19,0,1,1,1,0,0,0,0,0,0,0,0,0,0,0,0,0,0,0,0,1,0
425000.0,Honda Transalp 650,Томск,86500.0,650,бензин,24,0,1,0,1,0,0,0,0,0,0,0,0,0,1,0,0,0,0,0,0,0,0
425000.0,Honda CBR 600F4i,Москва,58160.0,599,бензин,24,0,1,1,0,0,1,0,0,0,0,0,0,0,1,0,0,0,0,0,0,0,0
425000.0,Honda CRF 250L,Находка,11085.0,250,бензин,7,0,1,1,1,0,0,0,0,0,0,0,0,0,1,0,0,0,0,0,0,0,0
425000.0,Suzuki SV 650S,Прокопьевск,40000.0,650,бензин,17,0,1,1,1,0,0,0,0,0,0,0,0,0,0,0,0,0,0,1,0,0,0
425000.0,Ява 350-634,Усть-Лабинск,12000.0,350,бензин,41,0,0,0,1,0,0,0,0,0,0,0,0,0,0,0,0,0,0,0,0,0,1
425000.0,Honda CRF 450R,Барнаул,500.0,450,бензин,12,0,1,1,1,0,0,0,0,0,0,0,0,0,1,0,0,0,0,0,0,0,0
425000.0,Kawasaki Ninja 250R,Япония<!-- --> <!-- -->→<!-- --> <!-- -->Иркутск,15370.0,250,бензин,8,0,1,1,1,0,0,0,0,0,0,0,0,0,0,0,1,0,0,0,0,0,0
425000.0,Kawasaki Voyager,Городец,77000.0,1200,бензин,28,0,1,0,1,0,0,0,0,0,0,0,0,0,0,0,1,0,0,0,0,0,0
427000.0,Honda CBR 400R,Ростов-на-Дону,42000.0,399,бензин,12,0,1,1,0,0,0,0,1,0,0,0,0,0,1,0,0,0,0,0,0,0,0
427000.0,Kawasaki Ninja 400R,Владивосток,20473.0,399,бензин,10,0,1,1,1,0,0,0,0,0,0,0,0,0,0,0,1,0,0,0,0,0,0
427500.0,Yamaha YZF-R3,Хабаровск,21755.0,320,бензин,7,0,1,1,1,0,0,0,0,0,0,0,0,0,0,0,0,0,0,0,0,1,0
428000.0,BMW R 1150 RT,Находка,55500.0,1150,бензин,22,0,1,1,1,0,0,0,0,0,0,0,0,0,0,0,0,0,0,0,0,0,1
429000.0,Honda VFR 800,Санкт-Петербург,30000.0,800,бензин,25,0,1,1,0,0,0,0,0,1,0,0,0,0,1,0,0,0,0,0,0,0,0
429990.0,BMW G 310 R,Москва,4996.0,313,бензин,8,0,1,1,0,0,1,0,0,0,0,0,0,0,0,0,0,0,0,0,0,0,1
429999.0,KTM 125 Duke,Тамбов,39999.0,124,бензин,11,0,1,1,1,0,0,0,0,0,0,0,0,0,0,0,0,0,0,0,0,0,1
430000.0,Bajaj Dominar 400,Красноярск,2900.0,400,бензин,4,0,1,1,0,0,0,0,1,0,0,0,0,0,0,0,0,0,0,0,0,0,1
430000.0,Yamaha Serow,Домодедово,3840.0,250,бензин,19,0,1,0,0,0,0,1,0,0,0,0,0,0,0,0,0,0,0,0,0,1,0
430000.0,Yamaha YZF-R1,Благовещенск,29000.0,998,бензин,23,0,1,1,1,0,0,0,0,0,0,0,0,0,0,0,0,0,0,0,0,1,0
430000.0,Kawasaki Ninja 400R,Владивосток,8841.0,400,бензин,12,0,1,1,1,0,0,0,0,0,0,0,0,0,0,0,1,0,0,0,0,0,0
430000.0,Kawasaki Ninja ZX-9R,Япония<!-- --> <!-- -->→<!-- --> <!-- -->Иркутск,22106.0,900,бензин,27,0,1,0,1,0,0,0,0,0,0,0,0,0,0,0,1,0,0,0,0,0,0
430000.0,Kawasaki Ninja 400,Томск,8068.0,400,бензин,11,0,1,1,1,0,0,0,0,0,0,0,0,0,0,0,1,0,0,0,0,0,0
430000.0,Honda CB 750,Хабаровск,20646.0,750,бензин,18,0,1,0,1,0,0,0,0,0,0,0,0,0,1,0,0,0,0,0,0,0,0
430000.0,Honda VTR 1000F,Владивосток,15133.0,998,бензин,27,0,1,0,1,0,0,0,0,0,0,0,0,0,1,0,0,0,0,0,0,0,0
430000.0,Honda CBR 1100XX,Минск,50205.0,1137,бензин,27,0,1,0,1,0,0,0,0,0,0,0,0,0,1,0,0,0,0,0,0,0,0
430000.0,Suzuki GSX 600F Katana,Абакан,39000.0,600,бензин,20,0,1,0,1,0,0,0,0,0,0,0,0,0,0,0,0,0,0,1,0,0,0
430000.0,Yamaha YZ 450F,Краснокаменск,160.0,450,бензин,10,0,1,1,1,0,0,0,0,0,0,0,0,0,0,0,0,0,0,0,0,1,0
430000.0,Suzuki SFV 400 Gladius,Владивосток,33820.0,400,бензин,15,0,1,1,1,0,0,0,0,0,0,0,0,0,0,0,0,0,0,1,0,0,0
430000.0,Kawasaki KX 450F,Заозёрный,100.0,450,бензин,8,0,1,1,1,0,0,0,0,0,0,0,0,0,0,0,1,0,0,0,0,0,0
430000.0,Voge 350AC,Звенигород,3089.0,321,бензин,2,0,1,1,0,0,0,1,0,0,0,0,0,0,0,0,0,0,0,0,0,0,1
430000.0,Kawasaki Z 300,Москва,21136.0,300,бензин,10,0,1,1,0,0,1,0,0,0,0,0,0,0,0,0,1,0,0,0,0,0,0
430000.0,Honda CBR 400R,Ангарск,30000.0,400,бензин,12,1,1,1,1,0,0,0,0,0,0,0,0,0,1,0,0,0,0,0,0,0,0
430000.0,Honda X11,Барнаул,70000.0,1158,бензин,26,0,1,1,1,0,0,0,0,0,0,0,0,0,1,0,0,0,0,0,0,0,0
430000.0,Kawasaki Ninja 400R,Москва,44000.0,399,бензин,14,0,0,1,0,0,1,0,0,0,0,0,0,0,0,0,1,0,0,0,0,0,0
430000.0,Honda CB 400F,Томск,12049.0,399,бензин,11,0,1,1,1,0,0,0,0,0,0,0,0,0,1,0,0,0,0,0,0,0,0
430000.0,Kawasaki Versys-X 250,Новосибирск,5468.0,250,бензин,7,0,1,1,0,0,0,0,1,0,0,0,0,0,0,0,1,0,0,0,0,0,0
430000.0,Yamaha FZS 1000,Комсомольск-на-Амуре,43000.0,1000,бензин,23,0,1,0,1,0,0,0,0,0,0,0,0,0,0,0,0,0,0,0,0,1,0
430000.0,BMW K 1200 LT,Пермь,65000.0,1171,бензин,26,0,1,1,0,0,0,0,1,0,0,0,0,0,0,0,0,0,0,0,0,0,1
430000.0,Honda VFR 800F,Абакан,40000.0,800,бензин,25,0,1,1,1,0,0,0,0,0,0,0,0,0,1,0,0,0,0,0,0,0,0
430000.0,Kawasaki Ninja 400R,Кольчугино,18400.0,400,бензин,14,0,0,1,1,0,0,0,0,0,0,0,0,0,0,0,1,0,0,0,0,0,0
430000.0,Honda CRF 250X,Ноябрьск,1000.0,250,бензин,19,0,1,0,1,0,0,0,0,0,0,0,0,0,1,0,0,0,0,0,0,0,0
430000.0,Honda XL 1000V Varadero,Хабаровск,38000.0,996,бензин,25,0,1,0,1,0,0,0,0,0,0,0,0,0,1,0,0,0,0,0,0,0,0
430000.0,KTM 390 Duke,Благовещенск,6500.0,400,бензин,6,0,1,1,1,0,0,0,0,0,0,0,0,0,0,0,0,0,0,0,0,0,1
430000.0,Yamaha YZ 450F,Красноярск,90.0,450,бензин,11,0,1,1,0,0,0,0,1,0,0,0,0,0,0,0,0,0,0,0,0,1,0
430000.0,Kawasaki Ninja ZX-6R,Сочи,59500.0,600,бензин,18,0,1,1,1,0,0,0,0,0,0,0,0,0,0,0,1,0,0,0,0,0,0
430000.0,KTM 390 Duke,Томск,24233.0,390,бензин,5,0,1,1,1,0,0,0,0,0,0,0,0,0,0,0,0,0,0,0,0,0,1
430000.0,Suzuki DR-Z 400,Хороль,50000.0,400,бензин,23,0,1,0,1,0,0,0,0,0,0,0,0,0,0,0,0,0,0,1,0,0,0
430000.0,Honda Hornet,Новосибирск,56000.0,600,бензин,26,0,1,0,0,0,0,0,1,0,0,0,0,0,1,0,0,0,0,0,0,0,0
430000.0,Voge 500R,Москва,15600.0,471,бензин,5,0,1,1,0,0,1,0,0,0,0,0,0,0,0,0,0,0,0,0,0,0,1
430000.0,Kawasaki Ninja 400R,Владивосток,32200.0,400,бензин,13,0,1,1,1,0,0,0,0,0,0,0,0,0,0,0,1,0,0,0,0,0,0
430000.0,Honda CB 400F,Томск,13547.0,399,бензин,11,0,1,1,1,0,0,0,0,0,0,0,0,0,1,0,0,0,0,0,0,0,0
430000.0,Yamaha Dragstar / V-Star / XVS,Япония<!-- --> <!-- -->→<!-- --> <!-- -->Владивосток,22000.0,400,бензин,13,0,1,1,1,0,0,0,0,0,0,0,0,0,0,0,0,0,0,0,0,1,0
430000.0,Honda CBR 929RR,Кемерово,35440.0,929,бензин,24,0,1,1,1,0,0,0,0,0,0,0,0,0,1,0,0,0,0,0,0,0,0
430000.0,CFMoto 400 NK,Братск,6000.0,400,бензин,6,0,1,1,1,0,0,0,0,0,0,1,0,0,0,0,0,0,0,0,0,0,0
430000.0,Yamaha V-Max 1200,Япония<!-- --> <!-- -->→<!-- --> <!-- -->Иркутск,16581.0,1200,бензин,26,0,1,0,1,0,0,0,0,0,0,0,0,0,0,0,0,0,0,0,0,1,0
430000.0,Suzuki GSX-R 250,Сочи,853.0,250,бензин,6,0,1,1,1,0,0,0,0,0,0,0,0,0,0,0,0,0,0,1,0,0,0
430000.0,BMW R 1150 RT,Уссурийск,23000.0,1150,бензин,24,0,1,1,1,0,0,0,0,0,0,0,0,0,0,0,0,0,0,0,0,0,1
430000.0,Suzuki GSF 1200S Bandit,Абакан,74000.0,1200,бензин,18,0,1,0,1,0,0,0,0,0,0,0,0,0,0,0,0,0,0,1,0,0,0
430000.0,Kawasaki Ninja 400R,Чита,6000.0,400,бензин,12,0,1,1,1,0,0,0,0,0,0,0,0,0,0,0,1,0,0,0,0,0,0
430000.0,Yamaha WR 450F,Благовещенск,5000.0,450,бензин,17,0,1,0,1,0,0,0,0,0,0,0,0,0,0,0,0,0,0,0,0,1,0
430000.0,Honda XR 400,Орск,40000.0,400,бензин,18,0,1,0,1,0,0,0,0,0,0,0,0,0,1,0,0,0,0,0,0,0,0
430000.0,Husqvarna Svartpilen 401,Япония<!-- --> <!-- -->→<!-- --> <!-- -->Владивосток,13000.0,400,бензин,7,0,1,1,1,0,0,0,0,0,0,0,0,0,0,0,0,0,0,0,0,0,1
432000.0,BMW F 800 ST,Москва,31000.0,800,бензин,17,0,1,1,0,0,1,0,0,0,0,0,0,0,0,0,0,0,0,0,0,0,1
435000.0,Yamaha Dragstar / V-Star / XVS,Белово,19100.0,400,бензин,29,0,1,0,1,0,0,0,0,0,0,0,0,0,0,0,0,0,0,0,0,1,0
435000.0,Kawasaki Ninja ZX-9R,Хабаровск,44000.0,900,бензин,22,0,1,0,1,0,0,0,0,0,0,0,0,0,0,0,1,0,0,0,0,0,0
435000.0,Yamaha XVS 1100,Оренбург,22.0,1100,бензин,22,0,1,0,1,0,0,0,0,0,0,0,0,0,0,0,0,0,0,0,0,1,0
435000.0,Honda CBR 400R,Иркутск,10500.0,399,бензин,12,0,1,1,1,0,0,0,0,0,0,0,0,0,1,0,0,0,0,0,0,0,0
435000.0,Kawasaki KX 250F,Бийск,30.0,250,бензин,5,0,1,1,1,0,0,0,0,0,0,0,0,0,0,0,1,0,0,0,0,0,0
435000.0,Yamaha FZS 1000,Джанкой,40000.0,998,бензин,24,0,1,0,1,0,0,0,0,0,0,0,0,0,0,0,0,0,0,0,0,1,0
435000.0,Yamaha WR 450F,Находка,20.0,450,бензин,18,0,1,0,1,0,0,0,0,0,0,0,0,0,0,0,0,0,0,0,0,1,0
435000.0,Yamaha YZF-R1,Бийск,50000.0,1000,бензин,23,0,1,1,1,0,0,0,0,0,0,0,0,0,0,0,0,0,0,0,0,1,0
435000.0,Kawasaki KX 250X,Бийск,30.0,250,бензин,5,0,1,1,1,0,0,0,0,0,0,0,0,0,0,0,1,0,0,0,0,0,0
435000.0,Yamaha YZF-R3,Япония<!-- --> <!-- -->→<!-- --> <!-- -->Владивосток,10771.0,320,бензин,3,0,1,1,1,0,0,0,0,0,0,0,0,0,0,0,0,0,0,0,0,1,0
436000.0,Kawasaki Z 1000,Находка,41100.0,1000,бензин,22,0,1,1,1,0,0,0,0,0,0,0,0,0,0,0,1,0,0,0,0,0,0
438000.0,Beta Xtrainer 250,Владивосток,704.0,249,бензин,9,0,0,0,1,0,0,0,0,0,0,0,0,0,0,0,0,0,0,0,0,0,1
439000.0,BMW R 1150 RT,Владивосток,32687.0,1150,бензин,23,0,1,1,1,0,0,0,0,0,0,0,0,0,0,0,0,0,0,0,0,0,1
439000.0,Kawasaki Z 1000,Уссурийск,46412.0,1000,бензин,22,0,1,1,1,0,0,0,0,0,0,0,0,0,0,0,1,0,0,0,0,0,0
440000.0,Kawasaki Ninja 400R,Владивосток,6285.0,400,бензин,14,0,1,1,1,0,0,0,0,0,0,0,0,0,0,0,1,0,0,0,0,0,0
440000.0,Урал М-72,Серов,11111.0,750,бензин,71,0,1,0,1,0,0,0,0,0,0,0,0,0,0,0,0,0,0,0,0,0,1
440000.0,Yamaha YZF 600,Кемерово,47000.0,600,бензин,23,0,1,0,1,0,0,0,0,0,0,0,0,0,0,0,0,0,0,0,0,1,0
440000.0,Suzuki GSF 650 Bandit,Екатеринбург,45853.0,650,бензин,17,0,1,1,0,0,0,0,1,0,0,0,0,0,0,0,0,0,0,1,0,0,0
440000.0,Bajaj Dominar 400,Томск,4200.0,323,бензин,2,0,1,1,1,0,0,0,0,0,0,0,0,0,0,0,0,0,0,0,0,0,1
440000.0,Kawasaki ER-4n,Москва,10595.0,400,бензин,11,0,1,1,0,0,1,0,0,0,0,0,0,0,0,0,1,0,0,0,0,0,0
440000.0,Kawasaki Ninja ZX-9R,Красноярск,12883.0,900,бензин,27,0,1,0,0,0,0,0,1,0,0,0,0,0,0,0,1,0,0,0,0,0,0
440000.0,Honda NC 700 Integra,Находка,46713.0,700,бензин,12,1,1,1,1,0,0,0,0,0,0,0,0,0,1,0,0,0,0,0,0,0,0
440000.0,Kawasaki Ninja ZX-9R,Промышленная,40000.0,900,бензин,27,0,1,0,1,0,0,0,0,0,0,0,0,0,0,0,1,0,0,0,0,0,0
440000.0,Suzuki DR-Z 400E,Петропавловск-Камчатский,2500.0,400,бензин,22,0,1,0,1,0,0,0,0,0,0,0,0,0,0,0,0,0,0,1,0,0,0
440000.0,Yamaha XT 250,Находка,24297.0,250,бензин,14,0,1,1,1,0,0,0,0,0,0,0,0,0,0,0,0,0,0,0,0,1,0
440000.0,Ducati Monster 900 i.e.,Новокузнецк,19000.0,900,бензин,23,0,1,1,1,0,0,0,0,0,0,0,1,0,0,0,0,0,0,0,0,0,0
440000.0,Honda X4,Москва,24500.0,1300,бензин,28,0,1,0,0,0,1,0,0,0,0,0,0,0,1,0,0,0,0,0,0,0,0
440000.0,Honda CRF,Владивосток,16000.0,250,бензин,11,0,1,1,1,0,0,0,0,0,0,0,0,0,1,0,0,0,0,0,0,0,0
440000.0,Kawasaki Versys 650,Ангарск,26000.0,650,бензин,12,0,1,1,1,0,0,0,0,0,0,0,0,0,0,0,1,0,0,0,0,0,0
440000.0,Kawasaki Versys 650,Новосибирск,57000.0,650,бензин,15,1,1,1,0,0,0,0,1,0,0,0,0,0,0,0,1,0,0,0,0,0,0
440000.0,KTM 390 Duke,Япония<!-- --> <!-- -->→<!-- --> <!-- -->Владивосток,136.0,390,бензин,4,0,1,1,1,0,0,0,0,0,0,0,0,0,0,0,0,0,0,0,0,0,1
440000.0,Suzuki Bandit,Япония<!-- --> <!-- -->→<!-- --> <!-- -->Владивосток,37708.0,1250,бензин,18,0,1,1,1,0,0,0,0,0,0,0,0,0,0,0,0,0,0,1,0,0,0
440000.0,Triumph Speed Triple,Япония<!-- --> <!-- -->→<!-- --> <!-- -->Владивосток,28488.0,1050,бензин,20,0,1,1,1,0,0,0,0,0,0,0,0,0,0,0,0,0,0,0,1,0,0
440000.0,Honda NC 700S,Япония<!-- --> <!-- -->→<!-- --> <!-- -->Уссурийск,23407.0,700,бензин,12,0,1,1,1,0,0,0,0,0,0,0,0,0,1,0,0,0,0,0,0,0,0
440000.0,Honda Shadow Spirit,Курагино,54000.0,750,бензин,20,0,1,0,1,0,0,0,0,0,0,0,0,0,1,0,0,0,0,0,0,0,0
440000.0,Suzuki DR 200,Владивосток,821.0,200,бензин,6,0,1,0,1,0,0,0,0,0,0,0,0,0,0,0,0,0,0,1,0,0,0
440000.0,Kawasaki KX 450F,Москва,60.0,450,бензин,11,0,1,1,0,0,1,0,0,0,0,0,0,0,0,0,1,0,0,0,0,0,0
440000.0,Honda X11,Анапа,70000.0,1100,бензин,25,0,1,1,1,0,0,0,0,0,0,0,0,0,1,0,0,0,0,0,0,0,0
440000.0,Yamaha FZR 600,Краснодар,60000.0,600,бензин,20,0,1,1,0,0,0,0,1,0,0,0,0,0,0,0,0,0,0,0,0,1,0
444000.0,Yamaha V-Max,Хабаровск,300000.0,1200,бензин,30,0,1,0,1,0,0,0,0,0,0,0,0,0,0,0,0,0,0,0,0,1,0
444000.0,Ducati Multistrada 1000 DS,Омск,44450.0,1000,бензин,21,0,1,1,0,0,0,0,1,0,0,0,1,0,0,0,0,0,0,0,0,0,0
445000.0,Ducati Monster 796,Япония<!-- --> <!-- -->→<!-- --> <!-- -->Владивосток,16641.0,796,бензин,11,0,1,1,1,0,0,0,0,0,0,0,1,0,0,0,0,0,0,0,0,0,0
445000.0,KTM 125 EXC,Бийск,5.0,125,бензин,10,0,0,0,1,0,0,0,0,0,0,0,0,0,0,0,0,0,0,0,0,0,1
445000.0,BMW F 800 ST,Абакан,31000.0,798,бензин,18,0,1,1,1,0,0,0,0,0,0,0,0,0,0,0,0,0,0,0,0,0,1
445000.0,Yamaha Serow,Владивосток,7000.0,250,бензин,9,0,1,1,1,0,0,0,0,0,0,0,0,0,0,0,0,0,0,0,0,1,0
445000.0,Honda CBR 400R,Мариинск,5496.0,399,бензин,9,0,1,1,1,0,0,0,0,0,0,0,0,0,1,0,0,0,0,0,0,0,0
445000.0,Honda NC 700X,Владивосток,89754.0,669,бензин,12,0,1,1,1,0,0,0,0,0,0,0,0,0,1,0,0,0,0,0,0,0,0
445000.0,Yamaha WR 250F,Спасск-Дальний,6658.0,250,бензин,22,0,1,0,1,0,0,0,0,0,0,0,0,0,0,0,0,0,0,0,0,1,0
445000.0,Yamaha FZ6R,Хабаровск,32000.0,600,бензин,16,0,1,1,1,0,0,0,0,0,0,0,0,0,0,0,0,0,0,0,0,1,0
445000.0,Suzuki Boulevard 400,Железногорск,32100.0,400,бензин,20,0,1,0,1,0,0,0,0,0,0,0,0,0,0,0,0,0,0,1,0,0,0
445000.0,Suzuki SFV 400 Gladius,Томск,8446.0,399,бензин,13,0,1,1,1,0,0,0,0,0,0,0,0,0,0,0,0,0,0,1,0,0,0
445000.0,KTM 390 Duke,Владивосток,24444.0,390,бензин,5,0,1,1,1,0,0,0,0,0,0,0,0,0,0,0,0,0,0,0,0,0,1
445000.0,Honda CRF 250L,Евпатория,9500.0,250,бензин,11,0,1,1,1,0,0,0,0,0,0,0,0,0,1,0,0,0,0,0,0,0,0
445000.0,Kawasaki Ninja 400R,Владивосток,8050.0,400,бензин,8,0,1,1,1,0,0,0,0,0,0,0,0,0,0,0,1,0,0,0,0,0,0
445000.0,Yamaha YZF-R1,Иркутск,34500.0,998,бензин,27,0,1,0,1,0,0,0,0,0,0,0,0,0,0,0,0,0,0,0,0,1,0
445555.0,Suzuki GSF 650 Bandit,Улан-Удэ,50000.0,650,бензин,18,0,1,1,1,0,0,0,0,0,0,0,0,0,0,0,0,0,0,1,0,0,0
448000.0,Yamaha MT,Гродно,19000.0,125,бензин,3,0,1,1,1,0,0,0,0,0,0,0,0,0,0,0,0,0,0,0,0,1,0
449000.0,Yamaha YZF-R1,Япония<!-- --> <!-- -->→<!-- --> <!-- -->Уссурийск,47942.0,1000,бензин,24,0,1,0,1,0,0,0,0,0,0,0,0,0,0,0,0,0,0,0,0,1,0
449000.0,BMW G 310 GS,Владивосток,16076.0,313,бензин,5,0,1,1,1,0,0,0,0,0,0,0,0,0,0,0,0,0,0,0,0,0,1
449000.0,BMW F 800 R,Владивосток,69901.0,800,бензин,15,0,1,1,1,0,0,0,0,0,0,0,0,0,0,0,0,0,0,0,0,0,1
449000.0,Honda GL 1500,Благовещенск,39000.0,1500,бензин,35,0,1,0,1,0,0,0,0,0,0,0,0,0,1,0,0,0,0,0,0,0,0
449000.0,Gas Gas EC 250,Владивосток,2193.0,249,бензин,15,0,0,0,1,0,0,0,0,0,0,0,0,0,0,0,0,0,0,0,0,0,1
449000.0,Suzuki GSX-R 600,Москва,15000.0,600,бензин,11,0,1,1,0,0,1,0,0,0,0,0,0,0,0,0,0,0,0,1,0,0,0
450000.0,Honda CMX 250 Rebel,Владивосток,11500.0,250,бензин,8,0,1,1,1,0,0,0,0,0,0,0,0,0,1,0,0,0,0,0,0,0,0
450000.0,Honda CB 600F Hornet,Ханты-Мансийск,50000.0,600,бензин,23,0,1,0,1,0,0,0,0,0,0,0,0,0,1,0,0,0,0,0,0,0,0
450000.0,Honda NC 700SA,Иркутск,13350.0,700,бензин,13,0,1,1,1,0,0,0,0,0,0,0,0,0,1,0,0,0,0,0,0,0,0
450000.0,Voge 500AC,Москва,17000.0,500,бензин,3,0,1,1,0,0,1,0,0,0,0,0,0,0,0,0,0,0,0,0,0,0,1
450000.0,Honda CRF 250L,Екатеринбург,10000.0,249,бензин,13,0,1,1,0,0,0,0,1,0,0,0,0,0,1,0,0,0,0,0,0,0,0
450000.0,Honda XRV 750 Africa Twin,Хабаровск,36000.0,750,бензин,27,0,1,0,1,0,0,0,0,0,0,0,0,0,1,0,0,0,0,0,0,0,0
450000.0,Honda Shadow 400,Сочи,30000.0,398,бензин,24,0,1,0,1,0,0,0,0,0,0,0,0,0,1,0,0,0,0,0,0,0,0
450000.0,Honda CB 750,Москва,67800.0,749,бензин,21,0,1,0,0,0,1,0,0,0,0,0,0,0,1,0,0,0,0,0,0,0,0
450000.0,Honda CRF 250L,Благовещенск,1200.0,249,бензин,11,0,1,1,1,0,0,0,0,0,0,0,0,0,1,0,0,0,0,0,0,0,0
450000.0,Aprilia Shiver 750,Новосибирск,14000.0,749,бензин,16,0,1,1,0,0,0,0,1,0,0,0,0,0,0,0,0,0,0,0,0,0,1
450000.0,Ява 350-640,Санкт-Петербург,7700.0,350,бензин,14,0,0,0,0,0,0,0,0,1,0,0,0,0,0,0,0,0,0,0,0,0,1
450000.0,BMW F 650 GS,Южно-Сахалинск,30000.0,650,бензин,22,0,1,1,1,0,0,0,0,0,0,0,0,0,0,0,0,0,0,0,0,0,1
450000.0,Yamaha YZF-R25,Астрахань,16800.0,250,бензин,6,0,1,1,1,0,0,0,0,0,0,0,0,0,0,0,0,0,0,0,0,1,0
450000.0,Yamaha XJR 1200,Искитим,40000.0,1188,бензин,28,0,1,0,1,0,0,0,0,0,0,0,0,0,0,0,0,0,0,0,0,1,0
450000.0,BMW F 650 GS Dakar,Новосибирск,56473.0,650,бензин,22,0,1,1,0,0,0,0,1,0,0,0,0,0,0,0,0,0,0,0,0,0,1
450000.0,Suzuki Gixxer 250,Владивосток,1700.0,250,бензин,2,0,1,1,1,0,0,0,0,0,0,0,0,0,0,0,0,0,0,1,0,0,0
450000.0,Yamaha WR 450F,Новосибирск,9000.0,450,бензин,17,0,1,0,0,0,0,0,1,0,0,0,0,0,0,0,0,0,0,0,0,1,0
450000.0,Ducati Monster S4,Екатеринбург,40000.0,916,бензин,22,0,1,1,0,0,0,0,1,0,0,0,1,0,0,0,0,0,0,0,0,0,0
450000.0,Kawasaki VN Vulcan 800 Classic,Находка,17000.0,800,бензин,24,0,1,0,1,0,0,0,0,0,0,0,0,0,0,0,1,0,0,0,0,0,0
450000.0,Honda CBR 600F4i,Краснодар,90.0,600,бензин,23,0,1,1,0,0,0,0,1,0,0,0,0,0,1,0,0,0,0,0,0,0,0
450000.0,Yamaha FZ 6,Жуковский,42000.0,600,бензин,19,0,1,1,0,0,0,1,0,0,0,0,0,0,0,0,0,0,0,0,0,1,0
450000.0,Yamaha R1,Новосибирск,86569.0,998,бензин,25,0,1,0,0,0,0,0,1,0,0,0,0,0,0,0,0,0,0,0,0,1,0
450000.0,BMW R 1150 RT,Красноярск,75000.0,1150,бензин,23,0,1,1,0,0,0,0,1,0,0,0,0,0,0,0,0,0,0,0,0,0,1
450000.0,Yamaha FZ6S,Краснодар,45000.0,600,бензин,20,0,1,1,0,0,0,0,1,0,0,0,0,0,0,0,0,0,0,0,0,1,0
450000.0,Honda Steed 600,Петропавловск-Камчатский,37000.0,583,бензин,32,0,0,0,1,0,0,0,0,0,0,0,0,0,1,0,0,0,0,0,0,0,0
450000.0,Yamaha FZX 750,Благовещенск,16000.0,750,бензин,25,0,1,0,1,0,0,0,0,0,0,0,0,0,0,0,0,0,0,0,0,1,0
450000.0,Honda CBR 1100XX,Лангепас,71000.0,1100,бензин,23,0,1,1,1,0,0,0,0,0,0,0,0,0,1,0,0,0,0,0,0,0,0
450000.0,Honda Africa Twin,Стерлибашево,51032.0,750,бензин,27,0,1,0,1,0,0,0,0,0,0,0,0,0,1,0,0,0,0,0,0,0,0
450000.0,Honda VTR 1000F,Новосибирск,25000.0,1000,бензин,26,0,1,0,0,0,0,0,1,0,0,0,0,0,1,0,0,0,0,0,0,0,0
450000.0,Triumph Street Twin,Япония<!-- --> <!-- -->→<!-- --> <!-- -->Владивосток,25000.0,900,бензин,9,0,1,1,1,0,0,0,0,0,0,0,0,0,0,0,0,0,0,0,1,0,0
450000.0,Honda CR 250R,Находка,150.0,250,бензин,21,0,0,0,1,0,0,0,0,0,0,0,0,0,1,0,0,0,0,0,0,0,0
450000.0,Yamaha XJR 1300,Ивантеевка,76000.0,1300,бензин,22,0,1,0,0,0,0,1,0,0,0,0,0,0,0,0,0,0,0,0,0,1,0
450000.0,Honda NC 700X,Япония<!-- --> <!-- -->→<!-- --> <!-- -->Владивосток,22752.0,700,бензин,13,0,1,1,1,0,0,0,0,0,0,0,0,0,1,0,0,0,0,0,0,0,0
450000.0,Suzuki GSF 1250S Bandit,Комсомольск-на-Амуре,43000.0,1250,бензин,16,0,1,1,1,0,0,0,0,0,0,0,0,0,0,0,0,0,0,1,0,0,0
450000.0,Benelli TRK 502 X,Чита,19000.0,500,бензин,6,0,1,1,1,0,0,0,0,0,1,0,0,0,0,0,0,0,0,0,0,0,0
450000.0,Bajaj Dominar 400,Омск,1900.0,400,бензин,1,0,1,1,0,0,0,0,1,0,0,0,0,0,0,0,0,0,0,0,0,0,1
450000.0,Yamaha Dragstar / V-Star / XVS,Волгодонск,19000.0,650,бензин,21,0,1,0,1,0,0,0,0,0,0,0,0,0,0,0,0,0,0,0,0,1,0
450000.0,Kawasaki Ninja ZX-9R,Владивосток,26145.0,900,бензин,25,0,1,1,1,0,0,0,0,0,0,0,0,0,0,0,1,0,0,0,0,0,0
450000.0,BMW K 1200 GT,Чита,90000.0,1200,бензин,22,0,1,1,1,0,0,0,0,0,0,0,0,0,0,0,0,0,0,0,0,0,1
450000.0,Kews K23 NX250,Кавалерово,30.0,250,бензин,1,0,1,0,1,0,0,0,0,0,0,0,0,0,0,0,0,0,0,0,0,0,1
450000.0,Honda X4,Благовещенск,58000.0,1300,бензин,26,0,1,0,1,0,0,0,0,0,0,0,0,0,1,0,0,0,0,0,0,0,0
450000.0,Suzuki DR 650,Новосибирск,36000.0,650,бензин,31,0,1,0,0,0,0,0,1,0,0,0,0,0,0,0,0,0,0,1,0,0,0
450000.0,Kawasaki Ninja 400R,Кемерово,24000.0,400,бензин,13,0,1,1,1,0,0,0,0,0,0,0,0,0,0,0,1,0,0,0,0,0,0
450000.0,Yamaha YZF-R3,Ачинск,5000.0,320,бензин,8,0,1,1,1,0,0,0,0,0,0,0,0,0,0,0,0,0,0,0,0,1,0
450000.0,Kawasaki ZZR 1200,Канск,31800.0,1200,бензин,23,0,1,0,1,0,0,0,0,0,0,0,0,0,0,0,1,0,0,0,0,0,0
450000.0,CFMoto 250 NK,Симферополь,4150.0,250,бензин,2,0,1,1,1,0,0,0,0,0,0,1,0,0,0,0,0,0,0,0,0,0,0
450000.0,Honda NC 700S,Новокузнецк,37142.0,669,бензин,13,0,1,1,1,0,0,0,0,0,0,0,0,0,1,0,0,0,0,0,0,0,0
450000.0,Honda CBF 600,Омск,40000.0,600,бензин,25,0,1,0,0,0,0,0,1,0,0,0,0,0,1,0,0,0,0,0,0,0,0
450000.0,Kawasaki KLX 450R,Бийск,5000.0,450,бензин,17,0,1,0,1,0,0,0,0,0,0,0,0,0,0,0,1,0,0,0,0,0,0
475000.0,Hyosung GV250,Краснодар,6300.0,249,бензин,13,0,1,0,0,0,0,0,1,0,0,0,0,0,0,0,0,0,0,0,0,0,1
450000.0,CFMoto 300 SR,Уфа,3200.0,300,бензин,1,0,1,1,0,0,0,0,1,0,0,1,0,0,0,0,0,0,0,0,0,0,0
450000.0,Honda Transalp 650,Салават,15000.0,650,бензин,21,0,1,0,1,0,0,0,0,0,0,0,0,0,1,0,0,0,0,0,0,0,0
450000.0,Yamaha XVS 1100,Хабаровск,64869.0,1100,бензин,23,0,1,0,1,0,0,0,0,0,0,0,0,0,0,0,0,0,0,0,0,1,0
450000.0,Kawasaki VN Vulcan 1500,Санкт-Петербург,30000.0,1500,бензин,27,0,1,0,0,0,0,0,0,1,0,0,0,0,0,0,1,0,0,0,0,0,0
450000.0,Honda XR 650L,Владивосток,10000.0,650,бензин,17,0,1,0,1,0,0,0,0,0,0,0,0,0,1,0,0,0,0,0,0,0,0
450000.0,Yamaha FZ6S,Барнаул,38941.0,600,бензин,17,0,1,1,1,0,0,0,0,0,0,0,0,0,0,0,0,0,0,0,0,1,0
450000.0,Yamaha Dragstar / V-Star / XVS,Омск,43000.0,400,бензин,25,0,1,0,0,0,0,0,1,0,0,0,0,0,0,0,0,0,0,0,0,1,0
450000.0,Honda VFR 800,Артём,81041.0,782,бензин,23,0,1,1,1,0,0,0,0,0,0,0,0,0,1,0,0,0,0,0,0,0,0
450000.0,Honda Steed,Хабаровск,17000.0,400,бензин,31,0,1,0,1,0,0,0,0,0,0,0,0,0,1,0,0,0,0,0,0,0,0
450000.0,Suzuki V-Strom 1000,Владивосток,40000.0,1000,бензин,20,0,1,1,1,0,0,0,0,0,0,0,0,0,0,0,0,0,0,1,0,0,0
450000.0,KTM 390 Duke,Владивосток,9000.0,400,бензин,6,0,1,1,1,0,0,0,0,0,0,0,0,0,0,0,0,0,0,0,0,0,1
450000.0,Yamaha MT-03,Чита,30000.0,660,бензин,17,0,1,1,1,0,0,0,0,0,0,0,0,0,0,0,0,0,0,0,0,1,0
450000.0,Yamaha WR 450F,Чита,1000.0,449,бензин,16,0,1,0,1,0,0,0,0,0,0,0,0,0,0,0,0,0,0,0,0,1,0
450000.0,BMW R 1100 RT,Екатеринбург,85000.0,1100,бензин,26,0,1,1,0,0,0,0,1,0,0,0,0,0,0,0,0,0,0,0,0,0,1
450000.0,BMW F 800 ST,Новокузнецк,39000.0,800,бензин,17,0,1,1,1,0,0,0,0,0,0,0,0,0,0,0,0,0,0,0,0,0,1
450000.0,Bajaj Dominar 400,Владикавказ,2800.0,400,бензин,3,0,1,1,1,0,0,0,0,0,0,0,0,0,0,0,0,0,0,0,0,0,1
450000.0,Honda CRF 450X,Петропавловск-Камчатский,1.0,450,бензин,18,0,1,0,1,0,0,0,0,0,0,0,0,0,1,0,0,0,0,0,0,0,0
450000.0,Kawasaki Versys 650,Владивосток,40000.0,650,бензин,17,0,1,1,1,0,0,0,0,0,0,0,0,0,0,0,1,0,0,0,0,0,0
450000.0,Honda CBR 929RR,Новокузнецк,50000.0,929,бензин,24,1,1,1,1,0,0,0,0,0,0,0,0,0,1,0,0,0,0,0,0,0,0
450000.0,Yamaha Dragstar / V-Star / XVS,Алдан,6100.0,650,бензин,16,0,1,0,1,0,0,0,0,0,0,0,0,0,0,0,0,0,0,0,0,1,0
450000.0,Honda VFR 800F,Барнаул,69000.0,800,бензин,25,0,1,1,1,0,0,0,0,0,0,0,0,0,1,0,0,0,0,0,0,0,0
450000.0,Honda CB 1300,Карымское,35000.0,1300,бензин,27,0,1,0,1,0,0,0,0,0,0,0,0,0,1,0,0,0,0,0,0,0,0
450000.0,Honda Varadero,Гурьевск,100000.0,1000,бензин,26,0,1,0,1,0,0,0,0,0,0,0,0,0,1,0,0,0,0,0,0,0,0
450000.0,Ducati Monster 800 S2R,Москва,12741.0,800,бензин,20,0,1,1,0,0,1,0,0,0,0,0,1,0,0,0,0,0,0,0,0,0,0
450000.0,Suzuki GSX-R 750,Туапсе,80000.0,750,бензин,28,0,1,0,1,0,0,0,0,0,0,0,0,0,0,0,0,0,0,1,0,0,0
450000.0,Honda X4,Уссурийск,24000.0,1300,бензин,22,0,1,0,1,0,0,0,0,0,0,0,0,0,1,0,0,0,0,0,0,0,0
450000.0,Kawasaki KLX 230,Владивосток,5250.0,232,бензин,5,0,1,1,1,0,0,0,0,0,0,0,0,0,0,0,1,0,0,0,0,0,0
450000.0,Kawasaki Ninja ZX-6R,Алейск,36000.0,600,бензин,27,0,1,0,1,0,0,0,0,0,0,0,0,0,0,0,1,0,0,0,0,0,0
450000.0,Yamaha FZ6N,Москва,52949.0,599,бензин,19,0,1,1,0,0,1,0,0,0,0,0,0,0,0,0,0,0,0,0,0,1,0
450000.0,Yamaha YZF-R6,Япония<!-- --> <!-- -->→<!-- --> <!-- -->Иркутск,15471.0,600,бензин,25,0,1,0,1,0,0,0,0,0,0,0,0,0,0,0,0,0,0,0,0,1,0
450000.0,Honda CRF 250L,Владивосток,10000.0,250,бензин,11,0,1,1,1,0,0,0,0,0,0,0,0,0,1,0,0,0,0,0,0,0,0
450000.0,Ducati Monster 400 i.e.,Находка,15314.0,400,бензин,20,0,1,1,1,0,0,0,0,0,0,0,1,0,0,0,0,0,0,0,0,0,0
450000.0,Suzuki V-Strom 1000,Красноярск,56607.0,1000,бензин,21,0,1,1,0,0,0,0,1,0,0,0,0,0,0,0,0,0,0,1,0,0,0
450000.0,BMW F 800 S,Тюмень,44985.0,798,бензин,19,0,1,1,1,0,0,0,0,0,0,0,0,0,0,0,0,0,0,0,0,0,1
450000.0,Honda ST 1300,Владивосток,1.0,1300,бензин,21,0,1,1,1,0,0,0,0,0,0,0,0,0,1,0,0,0,0,0,0,0,0
450000.0,KTM 390 Duke,Краснодар,30000.0,390,бензин,10,0,1,1,0,0,0,0,1,0,0,0,0,0,0,0,0,0,0,0,0,0,1
450000.0,Kawasaki VN Vulcan 1500,Ленинск-Кузнецкий,12000.0,1500,бензин,25,0,1,0,1,0,0,0,0,0,0,0,0,0,0,0,1,0,0,0,0,0,0
450000.0,Honda CBR 954RR,Уват,50000.0,954,бензин,23,0,1,1,1,0,0,0,0,0,0,0,0,0,1,0,0,0,0,0,0,0,0
450000.0,Yamaha YZF-R1,Красноярск,43000.0,1000,бензин,26,0,1,0,0,0,0,0,1,0,0,0,0,0,0,0,0,0,0,0,0,1,0
450000.0,Yamaha XJR 1300,Белорецк,30000.0,1300,бензин,25,0,1,0,1,0,0,0,0,0,0,0,0,0,0,0,0,0,0,0,0,1,0
450000.0,BMW R 1100 S,Новосибирск,21984.0,1100,бензин,23,0,1,1,0,0,0,0,1,0,0,0,0,0,0,0,0,0,0,0,0,0,1
450000.0,Yamaha FZ 600,Сковородино,76796.0,600,бензин,22,0,1,0,1,0,0,0,0,0,0,0,0,0,0,0,0,0,0,0,0,1,0
450000.0,Suzuki GSF 1200S Bandit,Новосибирск,34000.0,1157,бензин,20,0,1,0,0,0,0,0,1,0,0,0,0,0,0,0,0,0,0,1,0,0,0
450000.0,Kawasaki ZR,Советская Гавань,39000.0,1000,бензин,18,0,1,1,1,0,0,0,0,0,0,0,0,0,0,0,1,0,0,0,0,0,0
450000.0,Suzuki GSF 1250S Bandit,Хабаровск,50550.0,1250,бензин,17,0,1,1,1,0,0,0,0,0,0,0,0,0,0,0,0,0,0,1,0,0,0
450000.0,Yamaha FZS 1000,Омск,25900.0,1000,бензин,24,0,1,0,0,0,0,0,1,0,0,0,0,0,0,0,0,0,0,0,0,1,0
450000.0,Honda CRF 250L,Усолье-Сибирское,8000.0,250,бензин,12,0,1,1,1,0,0,0,0,0,0,0,0,0,1,0,0,0,0,0,0,0,0
450000.0,Suzuki SFV 400 Gladius,Промышленная,39999.0,400,бензин,15,0,1,1,1,0,0,0,0,0,0,0,0,0,0,0,0,0,0,1,0,0,0
450000.0,Yamaha FZ 6,Москва,42000.0,600,бензин,19,0,1,1,0,0,1,0,0,0,0,0,0,0,0,0,0,0,0,0,0,1,0
450000.0,Yamaha V-Max 1200,Прокопьевск,20000.0,1200,бензин,25,0,1,0,1,0,0,0,0,0,0,0,0,0,0,0,0,0,0,0,0,1,0
450000.0,Kawasaki Voyager,Благовещенск,36000.0,1200,бензин,37,0,1,0,1,0,0,0,0,0,0,0,0,0,0,0,1,0,0,0,0,0,0
450000.0,KTM 450 SX-F,Алушта,270.0,449,бензин,10,0,1,1,1,0,0,0,0,0,0,0,0,0,0,0,0,0,0,0,0,0,1
450000.0,Suzuki VS 1400 Intruder,Владивосток,17000.0,1400,бензин,29,0,1,0,1,0,0,0,0,0,0,0,0,0,0,0,0,0,0,1,0,0,0
450000.0,Yamaha FZS 1000,Северодвинск,56000.0,1000,бензин,24,0,1,0,1,0,0,0,0,0,0,0,0,0,0,0,0,0,0,0,0,1,0
450000.0,CFMoto 400 NK,Иркутск,4000.0,400,бензин,6,0,1,1,1,0,0,0,0,0,0,1,0,0,0,0,0,0,0,0,0,0,0
450000.0,Honda VFR 800,Москва,47000.0,800,бензин,23,0,1,1,0,0,1,0,0,0,0,0,0,0,1,0,0,0,0,0,0,0,0
450000.0,Bajaj Dominar 400,Белово,2500.0,400,бензин,3,0,1,1,1,0,0,0,0,0,0,0,0,0,0,0,0,0,0,0,0,0,1
450000.0,CZ 350,Новочебоксарск,8023.0,350,бензин,36,0,0,0,1,0,0,0,0,0,0,0,0,0,0,0,0,0,0,0,0,0,1
450000.0,Suzuki VS 800 Intruder,Хабаровск,40021.0,800,бензин,24,0,1,1,1,0,0,0,0,0,0,0,0,0,0,0,0,0,0,1,0,0,0
450000.0,Kawasaki Z 400,Красноярск,77000.0,400,бензин,6,0,1,1,0,0,0,0,1,0,0,0,0,0,0,0,1,0,0,0,0,0,0
450000.0,Honda CB 400SF VTEC-3,Новосибирск,8400.0,400,бензин,18,0,1,0,0,0,0,0,1,0,0,0,0,0,1,0,0,0,0,0,0,0,0
451000.0,Kawasaki Z 650,Краснодар,15540.0,649,бензин,8,0,1,1,0,0,0,0,1,0,0,0,0,0,0,0,1,0,0,0,0,0,0
455000.0,KTM 250 EXC-F,Владивосток,13107.0,250,бензин,14,0,1,0,1,0,0,0,0,0,0,0,0,0,0,0,0,0,0,0,0,0,1
455000.0,Ducati Monster 696,Япония<!-- --> <!-- -->→<!-- --> <!-- -->Владивосток,17076.0,969,бензин,6,0,1,1,1,0,0,0,0,0,0,0,1,0,0,0,0,0,0,0,0,0,0
455000.0,KTM Freeride 250 R,Владивосток,1.0,250,бензин,9,0,0,0,1,0,0,0,0,0,0,0,0,0,0,0,0,0,0,0,0,0,1
455000.0,Honda CB 1300 Boldor,Хабаровск,83000.0,1300,бензин,20,0,1,1,1,0,0,0,0,0,0,0,0,0,1,0,0,0,0,0,0,0,0
455000.0,Ducati Multistrada 1000 DS,Новосибирск,13789.0,1000,бензин,21,0,1,1,0,0,0,0,1,0,0,0,1,0,0,0,0,0,0,0,0,0,0
455000.0,Suzuki GSF 1200S Bandit,Владивосток,59787.0,1200,бензин,18,0,1,0,1,0,0,0,0,0,0,0,0,0,0,0,0,0,0,1,0,0,0
455000.0,Honda CBR 1100XX,Владивосток,51295.0,1100,бензин,24,0,1,1,1,0,0,0,0,0,0,0,0,0,1,0,0,0,0,0,0,0,0
455000.0,Ducati Monster 796,Япония<!-- --> <!-- -->→<!-- --> <!-- -->Владивосток,18789.0,796,бензин,15,0,1,1,1,0,0,0,0,0,0,0,1,0,0,0,0,0,0,0,0,0,0
455000.0,Honda CB 400SF Boldor,Чита,22500.0,400,бензин,18,0,1,0,1,0,0,0,0,0,0,0,0,0,1,0,0,0,0,0,0,0,0
455000.0,Kawasaki Z 1000,Уссурийск,28403.0,1000,бензин,20,0,1,1,1,0,0,0,0,0,0,0,0,0,0,0,1,0,0,0,0,0,0
455000.0,KTM 390 Duke,Владивосток,3500.0,390,бензин,6,0,1,1,1,0,0,0,0,0,0,0,0,0,0,0,0,0,0,0,0,0,1
455000.0,Honda GL 1500 Gold Wing,Томск,2717.0,1520,бензин,37,0,1,0,1,0,0,0,0,0,0,0,0,0,1,0,0,0,0,0,0,0,0
455000.0,Kawasaki KLX 250S,Прокопьевск,13900.0,250,бензин,9,0,1,1,1,0,0,0,0,0,0,0,0,0,0,0,1,0,0,0,0,0,0
455000.0,BMW R 1200 C,Владивосток,63447.0,1170,бензин,27,0,1,1,1,0,0,0,0,0,0,0,0,0,0,0,0,0,0,0,0,0,1
455000.0,Kawasaki Ninja 400,Томск,34938.0,399,бензин,9,0,1,1,1,0,0,0,0,0,0,0,0,0,0,0,1,0,0,0,0,0,0
455555.0,Kawasaki KX 250,Владивосток,7000.0,250,бензин,10,0,1,1,1,0,0,0,0,0,0,0,0,0,0,0,1,0,0,0,0,0,0
459000.0,Yamaha XVS 1100,Владивосток,16142.0,1100,бензин,22,0,1,0,1,0,0,0,0,0,0,0,0,0,0,0,0,0,0,0,0,1,0
459000.0,Honda NC 700X,Владивосток,84129.0,669,бензин,13,0,1,1,1,0,0,0,0,0,0,0,0,0,1,0,0,0,0,0,0,0,0
459000.0,Yamaha XVS 1100,Владивосток,29048.0,1063,бензин,23,0,1,0,1,0,0,0,0,0,0,0,0,0,0,0,0,0,0,0,0,1,0
460000.0,Yamaha FZ6N,Владивосток,21720.0,600,бензин,19,0,1,1,1,0,0,0,0,0,0,0,0,0,0,0,0,0,0,0,0,1,0
460000.0,Triumph Street Triple,Находка,26500.0,675,бензин,16,0,1,1,1,0,0,0,0,0,0,0,0,0,0,0,0,0,0,0,1,0,0
460000.0,BMW R 1150 RT,Екатеринбург,122758.0,1130,бензин,23,0,1,1,0,0,0,0,1,0,0,0,0,0,0,0,0,0,0,0,0,0,1
460000.0,Kawasaki Ninja 650R,Омск,22700.0,650,бензин,14,0,1,1,0,0,0,0,1,0,0,0,0,0,0,0,1,0,0,0,0,0,0
460000.0,Yamaha XVS 1100,Владивосток,48616.0,1063,бензин,20,0,1,0,1,0,0,0,0,0,0,0,0,0,0,0,0,0,0,0,0,1,0
460000.0,Yamaha MT-03,Сочи,37008.0,300,бензин,10,0,1,1,1,0,0,0,0,0,0,0,0,0,0,0,0,0,0,0,0,1,0
460000.0,Honda CBR 954RR,Владивосток,35000.0,954,бензин,22,0,1,1,1,0,0,0,0,0,0,0,0,0,1,0,0,0,0,0,0,0,0
460000.0,Yamaha MT-03,Красноярск,57000.0,321,бензин,6,0,1,1,0,0,0,0,1,0,0,0,0,0,0,0,0,0,0,0,0,1,0
460000.0,Kawasaki KX 450F,Кемерово,200.0,450,бензин,7,0,1,1,1,0,0,0,0,0,0,0,0,0,0,0,1,0,0,0,0,0,0
460000.0,Yamaha FZS 1000,Благовещенск,25000.0,998,бензин,21,0,1,0,1,0,0,0,0,0,0,0,0,0,0,0,0,0,0,0,0,1,0
460000.0,Honda NC 700X,Япония<!-- --> <!-- -->→<!-- --> <!-- -->Владивосток,13423.0,700,бензин,13,0,1,1,1,0,0,0,0,0,0,0,0,0,1,0,0,0,0,0,0,0,0
460000.0,Honda NT650V Deauville,Екатеринбург,77863.0,647,бензин,23,0,1,0,0,0,0,0,1,0,0,0,0,0,1,0,0,0,0,0,0,0,0
460000.0,Kawasaki Ninja ZX-9R,Белогорск,41000.0,900,бензин,27,0,1,0,1,0,0,0,0,0,0,0,0,0,0,0,1,0,0,0,0,0,0
460000.0,Bajaj Dominar 400,Долгопрудный,8000.0,400,бензин,2,0,1,1,0,0,0,1,0,0,0,0,0,0,0,0,0,0,0,0,0,0,1
460000.0,Kawasaki ZZR 1200,Благовещенск,45000.0,1196,бензин,21,0,1,0,1,0,0,0,0,0,0,0,0,0,0,0,1,0,0,0,0,0,0
460000.0,Honda NC 700S,Владивосток,37122.0,669,бензин,13,0,1,1,1,0,0,0,0,0,0,0,0,0,1,0,0,0,0,0,0,0,0
460000.0,BMW F 650 GS,Владивосток,1.0,798,бензин,16,0,1,1,1,0,0,0,0,0,0,0,0,0,0,0,0,0,0,0,0,0,1
460000.0,Honda CB 400F,Владивосток,9593.0,400,бензин,12,0,1,1,1,0,0,0,0,0,0,0,0,0,1,0,0,0,0,0,0,0,0
460000.0,Suzuki GSX-R 1000,Истра,59350.0,1000,бензин,22,0,1,1,0,0,0,1,0,0,0,0,0,0,0,0,0,0,0,1,0,0,0
460000.0,Kawasaki Ninja 300,Маршала Жукова,20344.0,296,бензин,11,0,1,1,1,0,0,0,0,0,0,0,0,0,0,0,1,0,0,0,0,0,0
460000.0,Kawasaki ER-4n,Омск,23000.0,399,бензин,15,0,1,1,0,0,0,0,1,0,0,0,0,0,0,0,1,0,0,0,0,0,0
463000.0,Suzuki GSF 1200S Bandit,Биробиджан,45000.0,1200,бензин,17,0,1,0,1,0,0,0,0,0,0,0,0,0,0,0,0,0,0,1,0,0,0
464000.0,Kawasaki ER-4n,Краснообск,24000.0,399,бензин,14,0,1,1,1,0,0,0,0,0,0,0,0,0,0,0,1,0,0,0,0,0,0
465000.0,KTM 690 Duke,Владивосток,8122.0,690,бензин,13,0,1,1,1,0,0,0,0,0,0,0,0,0,0,0,0,0,0,0,0,0,1
465000.0,Yamaha XJ 600 S Diversion,Владивосток,25600.0,600,бензин,16,0,1,1,1,0,0,0,0,0,0,0,0,0,0,0,0,0,0,0,0,1,0
465000.0,Ducati Monster S2R 1000,Улан-Удэ,14000.0,1000,бензин,20,0,1,1,1,0,0,0,0,0,0,0,1,0,0,0,0,0,0,0,0,0,0
465000.0,Kawasaki Versys-X 250,Томск,26515.0,250,бензин,8,0,1,1,1,0,0,0,0,0,0,0,0,0,0,0,1,0,0,0,0,0,0
465000.0,Yamaha WR 250R,Кемерово,13900.0,250,бензин,12,0,1,1,1,0,0,0,0,0,0,0,0,0,0,0,0,0,0,0,0,1,0
465000.0,Suzuki Bandit,Новосибирск,68518.0,1200,бензин,20,0,1,0,0,0,0,0,1,0,0,0,0,0,0,0,0,0,0,1,0,0,0
465000.0,Yamaha V-Max 1200,Кемерово,51435.0,1200,бензин,32,0,1,0,1,0,0,0,0,0,0,0,0,0,0,0,0,0,0,0,0,1,0
465000.0,Ducati Scrambler,Владивосток,41660.0,399,бензин,9,0,1,1,1,0,0,0,0,0,0,0,1,0,0,0,0,0,0,0,0,0,0
465000.0,Yamaha YZF-R3,Чита,16000.0,321,бензин,10,0,1,1,1,0,0,0,0,0,0,0,0,0,0,0,0,0,0,0,0,1,0
465000.0,Suzuki Djebel 250,Уссурийск,12000.0,250,бензин,18,0,1,0,1,0,0,0,0,0,0,0,0,0,0,0,0,0,0,1,0,0,0
465000.0,Yamaha Royal Star,Владивосток,25142.0,1300,бензин,27,0,1,0,1,0,0,0,0,0,0,0,0,0,0,0,0,0,0,0,0,1,0
465000.0,Ява 350-638,Дальнереченск,15500.0,350,бензин,39,0,0,0,1,0,0,0,0,0,0,0,0,0,0,0,0,0,0,0,0,0,1
465000.0,Honda Africa Twin,Барнаул,65000.0,750,бензин,32,0,1,0,1,0,0,0,0,0,0,0,0,0,1,0,0,0,0,0,0,0,0
465000.0,BMW G 310 GS,Эстония<!-- --> <!-- -->→<!-- --> <!-- -->Владивосток,4463.0,310,бензин,3,0,1,1,1,0,0,0,0,0,0,0,0,0,0,0,0,0,0,0,0,0,1
465000.0,Honda CBR 600F4i,Спасск-Дальний,53000.0,600,бензин,19,0,1,1,1,0,0,0,0,0,0,0,0,0,1,0,0,0,0,0,0,0,0
465000.0,KTM 690 Duke,Среднеуральск,17000.0,690,бензин,12,0,1,1,1,0,0,0,0,0,0,0,0,0,0,0,0,0,0,0,0,0,1
465000.0,Ducati Monster 1000,Новосибирск,21409.0,1000,бензин,22,0,1,0,0,0,0,0,1,0,0,0,1,0,0,0,0,0,0,0,0,0,0
465000.0,Kawasaki Ninja 250,Япония<!-- --> <!-- -->→<!-- --> <!-- -->Иркутск,994.0,250,бензин,9,0,1,1,1,0,0,0,0,0,0,0,0,0,0,0,1,0,0,0,0,0,0
465000.0,Suzuki GSX 1300R Hayabusa,Владивосток,51314.0,1299,бензин,24,0,1,1,1,0,0,0,0,0,0,0,0,0,0,0,0,0,0,1,0,0,0
465000.0,Kawasaki Ninja 400,Барнаул,15507.0,400,бензин,11,0,1,1,1,0,0,0,0,0,0,0,0,0,0,0,1,0,0,0,0,0,0
465000.0,Kawasaki Ninja 400,Япония<!-- --> <!-- -->→<!-- --> <!-- -->Владивосток,15846.0,400,бензин,7,0,1,1,1,0,0,0,0,0,0,0,0,0,0,0,1,0,0,0,0,0,0
465000.0,Ducati Scrambler,Япония<!-- --> <!-- -->→<!-- --> <!-- -->Владивосток,19198.0,400,бензин,6,0,1,1,1,0,0,0,0,0,0,0,1,0,0,0,0,0,0,0,0,0,0
467000.0,Kawasaki Ninja ZX-9R,Прокопьевск,60000.0,900,бензин,25,0,1,0,1,0,0,0,0,0,0,0,0,0,0,0,1,0,0,0,0,0,0
468000.0,Suzuki GSX 1300R Hayabusa,Находка,128800.0,1300,бензин,22,0,1,1,1,0,0,0,0,0,0,0,0,0,0,0,0,0,0,1,0,0,0
469000.0,Kawasaki Z 1000,Владивосток,23095.0,953,бензин,20,0,1,1,1,0,0,0,0,0,0,0,0,0,0,0,1,0,0,0,0,0,0
469000.0,BMW R 1200 C,Владивосток,60131.0,1170,бензин,26,0,1,1,1,0,0,0,0,0,0,0,0,0,0,0,0,0,0,0,0,0,1
469000.0,Honda CBR 1100XX,Смоленск,62000.0,1100,бензин,25,0,1,1,1,0,0,0,0,0,0,0,0,0,1,0,0,0,0,0,0,0,0
469000.0,BMW R 1150 RT,Владивосток,25540.0,1130,бензин,21,0,1,1,1,0,0,0,0,0,0,0,0,0,0,0,0,0,0,0,0,0,1
470000.0,Yamaha WR 450F,Петропавловск-Камчатский,1000.0,450,бензин,17,0,1,0,1,0,0,0,0,0,0,0,0,0,0,0,0,0,0,0,0,1,0
470000.0,KTM 390 Duke,Москва,16670.0,390,бензин,6,0,1,1,0,0,1,0,0,0,0,0,0,0,0,0,0,0,0,0,0,0,1
470000.0,Suzuki GSX-R 750,Красноярск,18259.0,750,бензин,25,0,1,0,0,0,0,0,1,0,0,0,0,0,0,0,0,0,0,1,0,0,0
470000.0,BMW K 1200 LT,Новосибирск,41494.0,1200,бензин,26,0,1,1,0,0,0,0,1,0,0,0,0,0,0,0,0,0,0,0,0,0,1
470000.0,Yamaha TDM 900,Владивосток,21000.0,900,бензин,20,0,1,1,1,0,0,0,0,0,0,0,0,0,0,0,0,0,0,0,0,1,0
470000.0,Kawasaki Ninja 400,Владивосток,17422.0,400,бензин,11,0,1,1,1,0,0,0,0,0,0,0,0,0,0,0,1,0,0,0,0,0,0
470000.0,Yamaha YZF-R1,Арсеньев,73000.0,1000,бензин,25,0,1,0,1,0,0,0,0,0,0,0,0,0,0,0,0,0,0,0,0,1,0
470000.0,Kawasaki VN Vulcan 900,Краснодар,28000.0,900,бензин,17,0,1,1,0,0,0,0,1,0,0,0,0,0,0,0,1,0,0,0,0,0,0
470000.0,KTM 990 Super Duke,Хабаровск,32000.0,990,бензин,16,0,1,1,1,0,0,0,0,0,0,0,0,0,0,0,0,0,0,0,0,0,1
470000.0,Kawasaki ZZR 400 2,Южно-Сахалинск,28000.0,399,бензин,20,0,1,0,1,0,0,0,0,0,0,0,0,0,0,0,1,0,0,0,0,0,0
470000.0,Suzuki SV 650S,Владивосток,10824.0,650,бензин,18,0,1,1,1,0,0,0,0,0,0,0,0,0,0,0,0,0,0,1,0,0,0
470000.0,Honda X4,Сургут,4000.0,1300,бензин,28,0,1,1,1,0,0,0,0,0,0,0,0,0,1,0,0,0,0,0,0,0,0
470000.0,Honda CBF 600N,Самара,54654.0,600,бензин,21,0,1,0,0,0,0,0,1,0,0,0,0,0,1,0,0,0,0,0,0,0,0
470000.0,Triumph Street Triple,Москва,35000.0,675,бензин,13,0,1,1,0,0,1,0,0,0,0,0,0,0,0,0,0,0,0,0,1,0,0
470000.0,KTM 390 Adventure,Владивосток,10000.0,390,бензин,5,0,1,1,1,0,0,0,0,0,0,0,0,0,0,0,0,0,0,0,0,0,1
470000.0,Honda Shadow Aero,Артём,62800.0,1100,бензин,25,0,1,0,1,0,0,0,0,0,0,0,0,0,1,0,0,0,0,0,0,0,0
470000.0,BMW R 1150 RT,Владивосток,34032.0,1150,бензин,22,0,1,1,1,0,0,0,0,0,0,0,0,0,0,0,0,0,0,0,0,0,1
470000.0,Honda VFR 800,Петровск-Забайкальский,78000.0,800,бензин,21,0,1,1,1,0,0,0,0,0,0,0,0,0,1,0,0,0,0,0,0,0,0
470000.0,Yamaha BT 1100 Bulldog,Иркутск,28500.0,1100,бензин,21,0,1,0,1,0,0,0,0,0,0,0,0,0,0,0,0,0,0,0,0,1,0
470000.0,Yamaha V-Max 1200,Каз,30500.0,1200,бензин,27,0,1,0,1,0,0,0,0,0,0,0,0,0,0,0,0,0,0,0,0,1,0
470000.0,Zontes ZT350-V1,Кемерово,3100.0,349,бензин,2,0,1,1,1,0,0,0,0,0,0,0,0,0,0,0,0,0,0,0,0,0,1
470000.0,KTM 250 Duke,Краснодар,1600.0,250,бензин,8,0,1,1,0,0,0,0,1,0,0,0,0,0,0,0,0,0,0,0,0,0,1
470000.0,Kawasaki Ninja 400,Япония<!-- --> <!-- -->→<!-- --> <!-- -->Уссурийск,28108.0,400,бензин,7,0,1,1,1,0,0,0,0,0,0,0,0,0,0,0,1,0,0,0,0,0,0
470000.0,Honda CRF 250L,Благовещенск,4000.0,250,бензин,8,0,1,1,1,0,0,0,0,0,0,0,0,0,1,0,0,0,0,0,0,0,0
470000.0,BMW F 800 ST,Берёзовский,92000.0,800,бензин,17,0,1,1,1,0,0,0,0,0,0,0,0,0,0,0,0,0,0,0,0,0,1
470000.0,Zontes ZT350-V1,Кемерово,12500.0,349,бензин,2,0,1,1,1,0,0,0,0,0,0,0,0,0,0,0,0,0,0,0,0,0,1
470000.0,Honda Shadow 750,Барнаул,25000.0,750,бензин,24,0,1,0,1,0,0,0,0,0,0,0,0,0,1,0,0,0,0,0,0,0,0
470000.0,Honda CBR 929RR,Чебоксары,39122.0,929,бензин,24,0,1,1,1,0,0,0,0,0,0,0,0,0,1,0,0,0,0,0,0,0,0
470000.0,BMW F 650 GS Dakar,Междуреченск,22000.0,650,бензин,23,0,1,1,1,0,0,0,0,0,0,0,0,0,0,0,0,0,0,0,0,0,1
470000.0,Zontes ZT350-VX,Краснодар,8500.0,350,бензин,2,0,1,1,0,0,0,0,1,0,0,0,0,0,0,0,0,0,0,0,0,0,1
470000.0,Suzuki GSX-R 750,Коктебель,41000.0,750,бензин,24,0,1,1,1,0,0,0,0,0,0,0,0,0,0,0,0,0,0,1,0,0,0
470000.0,Kawasaki Ninja ZX-9R,Новобурейский,11000.0,899,бензин,27,0,1,0,1,0,0,0,0,0,0,0,0,0,0,0,1,0,0,0,0,0,0
470000.0,Honda CBR 1100XX,Новосибирск,28000.0,1137,бензин,23,0,1,1,0,0,0,0,1,0,0,0,0,0,1,0,0,0,0,0,0,0,0
470000.0,Yamaha V-Max,Япония<!-- --> <!-- -->→<!-- --> <!-- -->Иркутск,34397.0,1200,бензин,23,0,1,0,1,0,0,0,0,0,0,0,0,0,0,0,0,0,0,0,0,1,0
470000.0,Yamaha WR 450F,Барнаул,100.0,450,бензин,16,0,1,0,1,0,0,0,0,0,0,0,0,0,0,0,0,0,0,0,0,1,0
470000.0,Kawasaki KLX 250,Листвянка,18500.0,250,бензин,11,0,1,1,1,0,0,0,0,0,0,0,0,0,0,0,1,0,0,0,0,0,0
470000.0,Yamaha FZ6S,Симферополь,51300.0,600,бензин,18,0,1,1,1,0,0,0,0,0,0,0,0,0,0,0,0,0,0,0,0,1,0
475000.0,Honda CB 1300,Красноярск,47000.0,1300,бензин,27,0,1,0,0,0,0,0,1,0,0,0,0,0,1,0,0,0,0,0,0,0,0
475000.0,Suzuki SV 650A,Владивосток,85286.0,650,бензин,4,0,1,1,1,0,0,0,0,0,0,0,0,0,0,0,0,0,0,1,0,0,0
475000.0,Yamaha XT 250,Новосибирск,43674.0,250,бензин,17,0,1,1,0,0,0,0,1,0,0,0,0,0,0,0,0,0,0,0,0,1,0
475000.0,Suzuki SV 650S,Салават,36000.0,74,бензин,22,0,1,1,1,0,0,0,0,0,0,0,0,0,0,0,0,0,0,1,0,0,0
475000.0,Suzuki GSX-R 600,Комсомольск-на-Амуре,39000.0,600,бензин,21,0,1,1,1,0,0,0,0,0,0,0,0,0,0,0,0,0,0,1,0,0,0
475000.0,Triumph Daytona,Новосибирск,41300.0,955,бензин,20,0,1,1,0,0,0,0,1,0,0,0,0,0,0,0,0,0,0,0,1,0,0
475000.0,Kawasaki Z 400,Япония<!-- --> <!-- -->→<!-- --> <!-- -->Владивосток,17194.0,398,бензин,3,0,1,1,1,0,0,0,0,0,0,0,0,0,0,0,1,0,0,0,0,0,0
475000.0,Honda CBR 1100XX,Комсомольск-на-Амуре,20650.0,1137,бензин,28,0,1,0,1,0,0,0,0,0,0,0,0,0,1,0,0,0,0,0,0,0,0
475000.0,KTM 390 Duke,Владивосток,21910.0,373,бензин,6,0,1,1,1,0,0,0,0,0,0,0,0,0,0,0,0,0,0,0,0,0,1
475000.0,Kawasaki Ninja 400,Уссурийск,33950.0,400,бензин,7,0,1,1,1,0,0,0,0,0,0,0,0,0,0,0,1,0,0,0,0,0,0
475000.0,BMW R 1200 C,Владивосток,49649.0,1170,бензин,27,0,1,1,1,0,0,0,0,0,0,0,0,0,0,0,0,0,0,0,0,0,1
475000.0,Yamaha Royal Star,Владивосток,12381.0,1300,бензин,28,0,1,0,1,0,0,0,0,0,0,0,0,0,0,0,0,0,0,0,0,1,0
475000.0,Honda XR 400,Чита,12500.0,397,бензин,20,0,1,0,1,0,0,0,0,0,0,0,0,0,1,0,0,0,0,0,0,0,0
475000.0,Honda CRF 250 Rally,Уссурийск,4600.0,2500,бензин,8,0,1,1,1,0,0,0,0,0,0,0,0,0,1,0,0,0,0,0,0,0,0
475000.0,Kawasaki Ninja,Уссурийск,32000.0,400,бензин,7,0,1,1,1,0,0,0,0,0,0,0,0,0,0,0,1,0,0,0,0,0,0
475000.0,Honda 400XA,Владивосток,44048.0,400,бензин,9,0,1,1,1,0,0,0,0,0,0,0,0,0,1,0,0,0,0,0,0,0,0
477000.0,Honda V 65 Magna,Хабаровск,100000.0,1100,бензин,38,0,1,0,1,0,0,0,0,0,0,0,0,0,1,0,0,0,0,0,0,0,0
477000.0,Suzuki SFV 650 Gladius,Владивосток,59693.0,650,бензин,11,0,1,1,1,0,0,0,0,0,0,0,0,0,0,0,0,0,0,1,0,0,0
478000.0,Honda CBR 929RR,Владивосток,30308.0,929,бензин,25,0,1,1,1,0,0,0,0,0,0,0,0,0,1,0,0,0,0,0,0,0,0
478500.0,KTM Freeride 250 R,Хабаровск,6512.0,250,бензин,9,0,0,0,1,0,0,0,0,0,0,0,0,0,0,0,0,0,0,0,0,0,1
478500.0,BMW K 1200 GT,Хабаровск,41345.0,1200,бензин,21,0,1,1,1,0,0,0,0,0,0,0,0,0,0,0,0,0,0,0,0,0,1
479000.0,Suzuki SFV 650 Gladius,Владивосток,36389.0,650,бензин,16,0,1,1,1,0,0,0,0,0,0,0,0,0,0,0,0,0,0,1,0,0,0
479000.0,Kawasaki Z 400,Красноярск,2981.0,400,бензин,6,0,1,1,0,0,0,0,1,0,0,0,0,0,0,0,1,0,0,0,0,0,0
479000.0,BMW F 650 GS,Владивосток,58861.0,798,бензин,16,0,1,1,1,0,0,0,0,0,0,0,0,0,0,0,0,0,0,0,0,0,1
480000.0,BMW G 310 GS,Новосибирск,8385.0,310,бензин,7,0,1,1,0,0,0,0,1,0,0,0,0,0,0,0,0,0,0,0,0,0,1
480000.0,Ducati Monster 696,Япония<!-- --> <!-- -->→<!-- --> <!-- -->Владивосток,13507.0,696,бензин,15,0,1,1,1,0,0,0,0,0,0,0,1,0,0,0,0,0,0,0,0,0,0
480000.0,Honda VTR 1000,Москва,58000.0,999,бензин,25,0,1,1,0,0,1,0,0,0,0,0,0,0,1,0,0,0,0,0,0,0,0
480000.0,Honda NC 700S,Краснодар,35000.0,700,бензин,13,0,1,1,0,0,0,0,1,0,0,0,0,0,1,0,0,0,0,0,0,0,0
480000.0,Bajaj Dominar 400,Снежинск,7000.0,400,бензин,3,0,1,1,1,0,0,0,0,0,0,0,0,0,0,0,0,0,0,0,0,0,1
480000.0,Honda Steed 400,Владивосток,13000.0,400,бензин,31,0,1,0,1,0,0,0,0,0,0,0,0,0,1,0,0,0,0,0,0,0,0
480000.0,Yamaha V-Max 1200,Барнаул,21900.0,1200,бензин,31,0,1,0,1,0,0,0,0,0,0,0,0,0,0,0,0,0,0,0,0,1,0
480000.0,Suzuki GSX-R 600,Якутск,43000.0,599,бензин,20,0,1,1,1,0,0,0,0,0,0,0,0,0,0,0,0,0,0,1,0,0,0
480000.0,Yamaha YZF-R3,Япония<!-- --> <!-- -->→<!-- --> <!-- -->Владивосток,2719.0,320,бензин,5,0,1,1,1,0,0,0,0,0,0,0,0,0,0,0,0,0,0,0,0,1,0
480000.0,Honda CBR 929RR,Чита,32000.0,929,бензин,25,0,1,1,1,0,0,0,0,0,0,0,0,0,1,0,0,0,0,0,0,0,0
480000.0,Suzuki GSF 1200S Bandit,Новокузнецк,27000.0,1200,бензин,19,0,1,0,1,0,0,0,0,0,0,0,0,0,0,0,0,0,0,1,0,0,0
480000.0,Yamaha WR 250R,Новокузнецк,20000.0,250,бензин,13,0,1,1,1,0,0,0,0,0,0,0,0,0,0,0,0,0,0,0,0,1,0
480000.0,KTM 450 EXC,Кызыл,1700.0,450,бензин,12,1,1,1,1,0,0,0,0,0,0,0,0,0,0,0,0,0,0,0,0,0,1
480000.0,Honda NC 700X,Владивосток,9000.0,700,бензин,12,0,1,1,1,0,0,0,0,0,0,0,0,0,1,0,0,0,0,0,0,0,0
480000.0,Yamaha YZF-R1,Арсеньев,35000.0,998,бензин,26,0,1,0,1,0,0,0,0,0,0,0,0,0,0,0,0,0,0,0,0,1,0
480000.0,Suzuki VZ 800 Marauder,Новокузнецк,17000.0,805,бензин,26,0,1,0,1,0,0,0,0,0,0,0,0,0,0,0,0,0,0,1,0,0,0
480000.0,BMW R 1150 RT,Омск,24000.0,1150,бензин,22,0,1,1,0,0,0,0,1,0,0,0,0,0,0,0,0,0,0,0,0,0,1
480000.0,Honda CBR 600F4,Челбасская,45000.0,600,бензин,26,0,1,0,1,0,0,0,0,0,0,0,0,0,1,0,0,0,0,0,0,0,0
480000.0,Honda NC 750S,Владивосток,85946.0,745,бензин,11,0,1,1,1,0,0,0,0,0,0,0,0,0,1,0,0,0,0,0,0,0,0
480000.0,Suzuki SV 1000S,Красноярск,57000.0,1000,бензин,22,0,1,1,0,0,0,0,1,0,0,0,0,0,0,0,0,0,0,1,0,0,0
480000.0,Kawasaki Versys,Япония<!-- --> <!-- -->→<!-- --> <!-- -->Владивосток,23602.0,650,бензин,14,0,1,1,1,0,0,0,0,0,0,0,0,0,0,0,1,0,0,0,0,0,0
480000.0,Suzuki Bandit,Япония<!-- --> <!-- -->→<!-- --> <!-- -->Владивосток,11802.0,1250,бензин,13,0,1,1,1,0,0,0,0,0,0,0,0,0,0,0,0,0,0,1,0,0,0
480000.0,Suzuki GSR 400,Новосибирск,41920.0,400,бензин,19,0,1,1,0,0,0,0,1,0,0,0,0,0,0,0,0,0,0,1,0,0,0
480000.0,Bajaj Dominar 400,Остров,12754.0,400,бензин,2,0,1,1,1,0,0,0,0,0,0,0,0,0,0,0,0,0,0,0,0,0,1
480000.0,Honda VFR 800,Москва,33000.0,800,бензин,23,0,1,1,0,0,1,0,0,0,0,0,0,0,1,0,0,0,0,0,0,0,0
480000.0,Kawasaki KLX 250,Красноярск,2273.0,250,бензин,11,0,1,1,0,0,0,0,1,0,0,0,0,0,0,0,1,0,0,0,0,0,0
480000.0,Yamaha FZ1-N,Владивосток,46000.0,1000,бензин,17,0,1,1,1,0,0,0,0,0,0,0,0,0,0,0,0,0,0,0,0,1,0
480000.0,Honda Varadero,Хабаровск,35493.0,1000,бензин,22,0,1,0,1,0,0,0,0,0,0,0,0,0,1,0,0,0,0,0,0,0,0
480000.0,Honda CBF 600S,Новосибирск,33156.0,600,бензин,16,0,1,1,0,0,0,0,1,0,0,0,0,0,1,0,0,0,0,0,0,0,0
480000.0,Triumph Daytona 675,Япония<!-- --> <!-- -->→<!-- --> <!-- -->Владивосток,22766.0,675,бензин,16,0,1,1,1,0,0,0,0,0,0,0,0,0,0,0,0,0,0,0,1,0,0
480000.0,Honda VFR 800,Улан-Удэ,49156.0,800,бензин,21,0,1,1,1,0,0,0,0,0,0,0,0,0,1,0,0,0,0,0,0,0,0
480000.0,BMW K 1100 RS,Ангарск,40000.0,1100,бензин,32,0,1,1,1,0,0,0,0,0,0,0,0,0,0,0,0,0,0,0,0,0,1
480000.0,Yamaha FZS 1000,Владивосток,21000.0,1000,бензин,23,0,1,0,1,0,0,0,0,0,0,0,0,0,0,0,0,0,0,0,0,1,0
480000.0,Honda CRF 450X,Новосибирск,99.0,450,бензин,20,0,1,0,0,0,0,0,1,0,0,0,0,0,1,0,0,0,0,0,0,0,0
482000.0,Honda GL 1500 Gold Wing,Тайшет,49783.0,1500,бензин,30,0,1,0,1,0,0,0,0,0,0,0,0,0,1,0,0,0,0,0,0,0,0
485000.0,BMW G 310 GS,Владивосток,10039.0,309,бензин,6,0,1,1,1,0,0,0,0,0,0,0,0,0,0,0,0,0,0,0,0,0,1
485000.0,Yamaha Royal Star Tour Classic,Хабаровск,29865.0,1300,бензин,25,0,1,0,1,0,0,0,0,0,0,0,0,0,0,0,0,0,0,0,0,1,0
485000.0,Honda CRF 250L,Находка,2687.0,250,бензин,6,0,1,1,1,0,0,0,0,0,0,0,0,0,1,0,0,0,0,0,0,0,0
485000.0,Honda Shadow Ace,Иркутск,14000.0,750,бензин,22,0,1,0,1,0,0,0,0,0,0,0,0,0,1,0,0,0,0,0,0,0,0
485000.0,Suzuki V-Strom 650,Находка,56000.0,650,бензин,20,0,1,1,1,0,0,0,0,0,0,0,0,0,0,0,0,0,0,1,0,0,0
485000.0,KTM 390 Duke,Новосибирск,11448.0,390,бензин,11,0,1,1,0,0,0,0,1,0,0,0,0,0,0,0,0,0,0,0,0,0,1
485000.0,BMW G 310 GS,Краснодар,11000.0,310,бензин,7,0,1,1,0,0,0,0,1,0,0,0,0,0,0,0,0,0,0,0,0,0,1
485000.0,Suzuki DR-Z 400SM,Уссурийск,20000.0,400,бензин,19,0,1,0,1,0,0,0,0,0,0,0,0,0,0,0,0,0,0,1,0,0,0
485000.0,Kawasaki ER-6n,Владивосток,32000.0,649,бензин,15,0,1,1,1,0,0,0,0,0,0,0,0,0,0,0,1,0,0,0,0,0,0
485000.0,Kawasaki ZZR 1200,Находка,45900.0,1200,бензин,23,0,1,1,1,0,0,0,0,0,0,0,0,0,0,0,1,0,0,0,0,0,0
485000.0,Kawasaki Ninja 400,Япония<!-- --> <!-- -->→<!-- --> <!-- -->Владивосток,12027.0,400,бензин,5,0,1,1,1,0,0,0,0,0,0,0,0,0,0,0,1,0,0,0,0,0,0
485000.0,Yamaha Dragstar / V-Star / XVS,Владивосток,15000.0,1100,бензин,20,0,1,0,1,0,0,0,0,0,0,0,0,0,0,0,0,0,0,0,0,1,0
485000.0,Honda CRF 250L,Иркутск,9689.0,250,бензин,8,0,1,1,1,0,0,0,0,0,0,0,0,0,1,0,0,0,0,0,0,0,0
485000.0,BMW G 310 GS,Таштагол,7801.0,313,бензин,7,0,1,1,1,0,0,0,0,0,0,0,0,0,0,0,0,0,0,0,0,0,1
485000.0,Suzuki GSX-R 600,Алейск,33000.0,600,бензин,27,0,1,0,1,0,0,0,0,0,0,0,0,0,0,0,0,0,0,1,0,0,0
485000.0,Kawasaki Versys-X 250,Владивосток,16403.0,250,бензин,6,0,1,1,1,0,0,0,0,0,0,0,0,0,0,0,1,0,0,0,0,0,0
485000.0,Honda XL 1000V Varadero,Саяногорск,90333.0,1000,бензин,26,0,1,0,1,0,0,0,0,0,0,0,0,0,1,0,0,0,0,0,0,0,0
485000.0,Kawasaki Ninja 400,Новосибирск,28696.0,399,бензин,11,0,1,1,0,0,0,0,1,0,0,0,0,0,0,0,1,0,0,0,0,0,0
485000.0,Kawasaki Ninja 400,Тюмень,25998.0,399,бензин,11,1,1,1,1,0,0,0,0,0,0,0,0,0,0,0,1,0,0,0,0,0,0
485000.0,Hengjian Z300,Улан-Удэ,10.0,297,бензин,0,0,0,0,1,0,0,0,0,0,0,0,0,0,0,0,0,0,0,0,0,0,1
485000.0,Kawasaki KLX 250S,Абакан,7000.0,250,бензин,12,0,1,1,1,0,0,0,0,0,0,0,0,0,0,0,1,0,0,0,0,0,0
485000.0,BMW R 1150 GS,Владивосток,23146.0,1130,бензин,26,0,1,1,1,0,0,0,0,0,0,0,0,0,0,0,0,0,0,0,0,0,1
485000.0,Yamaha YZF-R1,Хабаровск,9324.0,1000,бензин,23,0,1,0,1,0,0,0,0,0,0,0,0,0,0,0,0,0,0,0,0,1,0
487000.0,Honda X4,Красноярск,21000.0,1300,бензин,28,0,1,0,0,0,0,0,1,0,0,0,0,0,1,0,0,0,0,0,0,0,0
487500.0,Yamaha YZF-R1,Хабаровск,28000.0,1000,бензин,25,0,1,0,1,0,0,0,0,0,0,0,0,0,0,0,0,0,0,0,0,1,0
488000.0,Honda CBR 250RR,Находка,30200.0,250,бензин,5,0,1,1,1,0,0,0,0,0,0,0,0,0,1,0,0,0,0,0,0,0,0
489000.0,BMW R 1100 RT,Красноярск,60000.0,1085,бензин,28,0,1,1,0,0,0,0,1,0,0,0,0,0,0,0,0,0,0,0,0,0,1
489000.0,Honda CRF 250L,Бийск,26000.0,250,бензин,6,0,1,1,1,0,0,0,0,0,0,0,0,0,1,0,0,0,0,0,0,0,0
489000.0,Honda CRF 250R,Химки,165.0,250,бензин,8,0,1,1,0,0,0,1,0,0,0,0,0,0,1,0,0,0,0,0,0,0,0
489000.0,Suzuki V-Strom 650,Владивосток,106891.0,645,бензин,11,0,1,1,1,0,0,0,0,0,0,0,0,0,0,0,0,0,0,1,0,0,0
490000.0,Yamaha YZF-R1,Новосибирск,49000.0,1000,бензин,25,0,1,0,0,0,0,0,1,0,0,0,0,0,0,0,0,0,0,0,0,1,0
490000.0,Ducati Streetfighter 848,Япония<!-- --> <!-- -->→<!-- --> <!-- -->Владивосток,21000.0,848,бензин,11,0,1,1,1,0,0,0,0,0,0,0,1,0,0,0,0,0,0,0,0,0,0
490000.0,Kawasaki KLX 250S,Благовещенск,5000.0,250,бензин,17,0,1,1,1,0,0,0,0,0,0,0,0,0,0,0,1,0,0,0,0,0,0
490000.0,BMW K 1200 LT,Барабинск,34000.0,1200,бензин,24,0,1,1,1,0,0,0,0,0,0,0,0,0,0,0,0,0,0,0,0,0,1
490000.0,Yamaha Dragstar / V-Star / XVS,Тайшет,43000.0,650,бензин,23,0,1,0,1,0,0,0,0,0,0,0,0,0,0,0,0,0,0,0,0,1,0
490000.0,Honda CB 900SF,Новосибирск,68000.0,919,бензин,22,1,1,1,0,0,0,0,1,0,0,0,0,0,1,0,0,0,0,0,0,0,0
490000.0,Kawasaki Ninja 400,Екатеринбург,34000.0,399,бензин,11,0,1,1,0,0,0,0,1,0,0,0,0,0,0,0,1,0,0,0,0,0,0
490000.0,Yamaha XVS 400,Кемерово,72000.0,400,бензин,26,0,1,0,1,0,0,0,0,0,0,0,0,0,0,0,0,0,0,0,0,1,0
490000.0,Honda VRX 400 Roadster,Лесозаводск,80000.0,400,бензин,30,0,1,0,1,0,0,0,0,0,0,0,0,0,1,0,0,0,0,0,0,0,0
490000.0,BMW F 800 S,Ленинск-Кузнецкий,26000.0,800,бензин,19,0,1,1,1,0,0,0,0,0,0,0,0,0,0,0,0,0,0,0,0,0,1
490000.0,Kawasaki Ninja ZX-9R,Владивосток,16100.0,900,бензин,25,0,1,0,1,0,0,0,0,0,0,0,0,0,0,0,1,0,0,0,0,0,0
490000.0,Honda CB 750,Япония<!-- --> <!-- -->→<!-- --> <!-- -->Владивосток,35000.0,750,бензин,26,0,1,0,1,0,0,0,0,0,0,0,0,0,1,0,0,0,0,0,0,0,0
490000.0,Kawasaki Z 750,Москва,80000.0,748,бензин,20,0,1,1,0,0,1,0,0,0,0,0,0,0,0,0,1,0,0,0,0,0,0
490000.0,Honda CBR 1100XX,Эльбан,73300.0,1100,бензин,25,0,1,1,1,0,0,0,0,0,0,0,0,0,1,0,0,0,0,0,0,0,0
490000.0,Honda VFR 800,Абакан,90000.0,800,бензин,19,0,1,1,1,0,0,0,0,0,0,0,0,0,1,0,0,0,0,0,0,0,0
490000.0,Honda CRF 250L,Новокузнецк,3400.0,300,бензин,11,0,1,1,1,0,0,0,0,0,0,0,0,0,1,0,0,0,0,0,0,0,0
490000.0,KTM 390 Adventure,Владивосток,36885.0,373,бензин,5,0,1,1,1,0,0,0,0,0,0,0,0,0,0,0,0,0,0,0,0,0,1
490000.0,Honda CBR 600F4i,Владивосток,20000.0,600,бензин,20,0,1,1,1,0,0,0,0,0,0,0,0,0,1,0,0,0,0,0,0,0,0
490000.0,Honda Magna,Сочи,42000.0,750,бензин,23,0,1,0,1,0,0,0,0,0,0,0,0,0,1,0,0,0,0,0,0,0,0
490000.0,Kawasaki Ninja 400,Москва,26572.0,399,бензин,9,0,1,1,0,0,1,0,0,0,0,0,0,0,0,0,1,0,0,0,0,0,0
490000.0,Yamaha FZ6N,Тобольск,47163.0,600,бензин,19,0,1,1,1,0,0,0,0,0,0,0,0,0,0,0,0,0,0,0,0,1,0
490000.0,Yamaha XJR 1200,Екатеринбург,50000.0,1200,бензин,30,0,1,0,0,0,0,0,1,0,0,0,0,0,0,0,0,0,0,0,0,1,0
490000.0,Honda VFR 800,Талица,60000.0,800,бензин,21,0,1,1,1,0,0,0,0,0,0,0,0,0,1,0,0,0,0,0,0,0,0
490000.0,Yamaha Serow,Япония<!-- --> <!-- -->→<!-- --> <!-- -->Владивосток,2341.0,250,бензин,6,0,1,1,1,0,0,0,0,0,0,0,0,0,0,0,0,0,0,0,0,1,0
490000.0,BMW R 1100 RT,Новосибирск,20754.0,1100,бензин,26,0,1,1,0,0,0,0,1,0,0,0,0,0,0,0,0,0,0,0,0,0,1
490000.0,Kawasaki Ninja 400,Япония<!-- --> <!-- -->→<!-- --> <!-- -->Иркутск,15871.0,400,бензин,11,0,1,1,1,0,0,0,0,0,0,0,0,0,0,0,1,0,0,0,0,0,0
490000.0,Kawasaki KLX 250S,Япония<!-- --> <!-- -->→<!-- --> <!-- -->Владивосток,8249.0,250,бензин,7,0,1,1,1,0,0,0,0,0,0,0,0,0,0,0,1,0,0,0,0,0,0
490000.0,Kawasaki ER-4n,Новосибирск,18644.0,400,бензин,14,0,1,1,0,0,0,0,1,0,0,0,0,0,0,0,1,0,0,0,0,0,0
490000.0,Yamaha WR 450F,Красноярск,2000.0,450,бензин,11,0,1,1,0,0,0,0,1,0,0,0,0,0,0,0,0,0,0,0,0,1,0
490000.0,Suzuki Intruder,Благовещенск,19000.0,805,бензин,29,0,1,0,1,0,0,0,0,0,0,0,0,0,0,0,0,0,0,1,0,0,0
490000.0,Yamaha FZ 600,Белгород,36000.0,600,бензин,18,0,1,1,1,0,0,0,0,0,0,0,0,0,0,0,0,0,0,0,0,1,0
490000.0,Yamaha V-Max 1200,Барнаул,29000.0,1200,бензин,28,0,1,0,1,0,0,0,0,0,0,0,0,0,0,0,0,0,0,0,0,1,0
490000.0,Honda NC 750S,Япония<!-- --> <!-- -->→<!-- --> <!-- -->Владивосток,12957.0,750,бензин,10,0,1,1,1,0,0,0,0,0,0,0,0,0,1,0,0,0,0,0,0,0,0
495000.0,Yamaha YZF-R6,Владивосток,22222.0,600,бензин,21,0,1,1,1,0,0,0,0,0,0,0,0,0,0,0,0,0,0,0,0,1,0
495000.0,BMW K 1200 R,Владивосток,30363.0,1157,бензин,19,0,1,1,1,0,0,0,0,0,0,0,0,0,0,0,0,0,0,0,0,0,1
495000.0,Kawasaki Z 750,Владивосток,1061.0,750,бензин,19,0,1,1,1,0,0,0,0,0,0,0,0,0,0,0,1,0,0,0,0,0,0
495000.0,Honda CBR 1100XX,Барнаул,75000.0,1130,бензин,24,0,1,1,1,0,0,0,0,0,0,0,0,0,1,0,0,0,0,0,0,0,0
495000.0,Yamaha FJR 1300,Иркутск,97686.0,1300,бензин,25,0,1,1,1,0,0,0,0,0,0,0,0,0,0,0,0,0,0,0,0,1,0
495000.0,Honda Transalp 650,Якутск,35000.0,650,бензин,21,0,1,0,1,0,0,0,0,0,0,0,0,0,1,0,0,0,0,0,0,0,0
495000.0,Yamaha WR 155R,Красноярск,3300.0,155,бензин,4,0,1,1,0,0,0,0,1,0,0,0,0,0,0,0,0,0,0,0,0,1,0
495000.0,Honda X4,Абинск,28500.0,1300,бензин,26,0,1,0,1,0,0,0,0,0,0,0,0,0,1,0,0,0,0,0,0,0,0
495000.0,Husqvarna TE 250,Владивосток,5938.0,250,бензин,8,0,0,0,1,0,0,0,0,0,0,0,0,0,0,0,0,0,0,0,0,0,1
495000.0,Ducati Monster 696,Казань,23500.0,696,бензин,16,0,1,1,0,0,0,0,1,0,0,0,1,0,0,0,0,0,0,0,0,0,0
495000.0,Yamaha Dragstar / V-Star / XVS,Иркутск,27450.0,1100,бензин,25,0,1,0,1,0,0,0,0,0,0,0,0,0,0,0,0,0,0,0,0,1,0
495000.0,Kawasaki Ninja 400,Япония<!-- --> <!-- -->→<!-- --> <!-- -->Иркутск,20430.0,400,бензин,8,0,1,1,1,0,0,0,0,0,0,0,0,0,0,0,1,0,0,0,0,0,0
495000.0,Honda CRF 250L,Владивосток,18400.0,250,бензин,7,0,1,1,1,0,0,0,0,0,0,0,0,0,1,0,0,0,0,0,0,0,0
495000.0,Suzuki GSF 1250SA Bandit,Владивосток,48154.0,1250,бензин,16,0,1,1,1,0,0,0,0,0,0,0,0,0,0,0,0,0,0,1,0,0,0
495000.0,Suzuki DR 650SE,Биробиджан,28000.0,650,бензин,22,0,1,0,1,0,0,0,0,0,0,0,0,0,0,0,0,0,0,1,0,0,0
495000.0,Honda CBR 1000F Hurricane,Хабаровск,18300.0,998,бензин,30,0,1,0,1,0,0,0,0,0,0,0,0,0,1,0,0,0,0,0,0,0,0
495000.0,Honda GL 1500,Абакан,60000.0,1500,бензин,34,0,1,0,1,0,0,0,0,0,0,0,0,0,1,0,0,0,0,0,0,0,0
495000.0,Yamaha WR 250R,Прокопьевск,6300.0,250,бензин,14,0,1,1,1,0,0,0,0,0,0,0,0,0,0,0,0,0,0,0,0,1,0
495000.0,Honda XR 650L,Канск,8320.0,650,бензин,19,0,1,0,1,0,0,0,0,0,0,0,0,0,1,0,0,0,0,0,0,0,0
495000.0,BMW G 310 R,Севастополь,24500.0,313,бензин,4,0,1,1,1,0,0,0,0,0,0,0,0,0,0,0,0,0,0,0,0,0,1
495000.0,Honda CB 250,Анапа,11500.0,250,бензин,4,0,1,1,1,0,0,0,0,0,0,0,0,0,1,0,0,0,0,0,0,0,0
497500.0,KTM 250 EXC-F Six Days,Хабаровск,14.0,250,бензин,12,0,1,0,1,0,0,0,0,0,0,0,0,0,0,0,0,0,0,0,0,0,1
498000.0,Honda X4,Владивосток,31000.0,1300,бензин,24,0,1,0,1,0,0,0,0,0,0,0,0,0,1,0,0,0,0,0,0,0,0
498500.0,Kawasaki ER-6F,Новосибирск,30500.0,650,бензин,14,0,1,1,0,0,0,0,1,0,0,0,0,0,0,0,1,0,0,0,0,0,0
498700.0,Yamaha WR 450F,Хабаровск,3852.0,450,бензин,20,0,1,0,1,0,0,0,0,0,0,0,0,0,0,0,0,0,0,0,0,1,0
499000.0,Kawasaki Ninja ZX-12R,Екатеринбург,10200.0,1165,бензин,22,1,1,1,0,0,0,0,1,0,0,0,0,0,0,0,1,0,0,0,0,0,0
499000.0,Yamaha V-Max 1200,Новосибирск,42000.0,1200,бензин,24,0,1,0,0,0,0,0,1,0,0,0,0,0,0,0,0,0,0,0,0,1,0
499000.0,Suzuki Bandit,Иркутск,28500.0,1250,бензин,16,0,1,1,1,0,0,0,0,0,0,0,0,0,0,0,0,0,0,1,0,0,0
499000.0,Kawasaki Ninja ZX-12R,Находка,25200.0,1200,бензин,25,0,1,1,1,0,0,0,0,0,0,0,0,0,0,0,1,0,0,0,0,0,0
499000.0,Kawasaki Z 750,Иркутск,25000.0,750,бензин,18,0,1,1,1,0,0,0,0,0,0,0,0,0,0,0,1,0,0,0,0,0,0
499000.0,Honda CRF 250L,Томск,30507.0,250,бензин,13,0,1,1,1,0,0,0,0,0,0,0,0,0,1,0,0,0,0,0,0,0,0
499000.0,Kawasaki ER-6n,Красноярск,20123.0,650,бензин,11,0,1,1,0,0,0,0,1,0,0,0,0,0,0,0,1,0,0,0,0,0,0
499000.0,Honda CB 400X,Екатеринбург,37000.0,400,бензин,11,1,1,1,0,0,0,0,1,0,0,0,0,0,1,0,0,0,0,0,0,0,0
499000.0,Kawasaki Ninja 400,Черниговка,7300.0,400,бензин,6,0,1,1,1,0,0,0,0,0,0,0,0,0,0,0,1,0,0,0,0,0,0
499000.0,Yamaha FZ6S,Волгоград,16000.0,600,бензин,20,0,1,1,0,0,0,0,1,0,0,0,0,0,0,0,0,0,0,0,0,1,0
499000.0,Yamaha FZ6S,Новосибирск,19000.0,600,бензин,16,0,1,1,0,0,0,0,1,0,0,0,0,0,0,0,0,0,0,0,0,1,0
499000.0,Yamaha YZF-R6,Владивосток,25288.0,600,бензин,22,0,1,1,1,0,0,0,0,0,0,0,0,0,0,0,0,0,0,0,0,1,0
499000.0,Honda CBR 400R,Томск,11808.0,399,бензин,8,0,1,1,1,0,0,0,0,0,0,0,0,0,1,0,0,0,0,0,0,0,0
499829.0,Honda VRX 400 Roadster,Краснодар,76400.0,398,бензин,28,0,1,0,0,0,0,0,1,0,0,0,0,0,1,0,0,0,0,0,0,0,0
499999.0,Yamaha WR 250R,Свободный,17885.0,250,бензин,18,0,1,1,1,0,0,0,0,0,0,0,0,0,0,0,0,0,0,0,0,1,0
499999.0,Kawasaki VN Vulcan 1500 Classic Tourer,Япония<!-- --> <!-- -->→<!-- --> <!-- -->Хабаровск,47800.0,1500,бензин,25,0,1,0,1,0,0,0,0,0,0,0,0,0,0,0,1,0,0,0,0,0,0
499999.0,Honda CB 400X,Москва,24713.0,400,бензин,10,0,1,1,0,0,1,0,0,0,0,0,0,0,1,0,0,0,0,0,0,0,0
499999.0,KTM 390 Duke,Новосибирск,469.0,390,бензин,4,1,1,1,0,0,0,0,1,0,0,0,0,0,0,0,0,0,0,0,0,0,1
499999.0,Suzuki DR-Z 400SM,Сергиев Посад,14445.0,400,бензин,19,0,1,0,0,0,0,1,0,0,0,0,0,0,0,0,0,0,0,1,0,0,0
500000.0,Honda CRF 450R,Находка,1.0,450,бензин,21,0,1,0,1,0,0,0,0,0,0,0,0,0,1,0,0,0,0,0,0,0,0
500000.0,Yamaha FZ6N,Балашиха,39203.0,600,бензин,20,0,1,1,0,0,0,1,0,0,0,0,0,0,0,0,0,0,0,0,0,1,0
500000.0,Kawasaki Ninja 400,Красноярск,7100.0,400,бензин,9,0,1,1,0,0,0,0,1,0,0,0,0,0,0,0,1,0,0,0,0,0,0
500000.0,Suzuki SV 650S,Павловск,14400.0,650,бензин,19,0,1,1,1,0,0,0,0,0,0,0,0,0,0,0,0,0,0,1,0,0,0
500000.0,Ducati Monster 696,Иркутск,31051.0,696,бензин,16,0,1,1,1,0,0,0,0,0,0,0,1,0,0,0,0,0,0,0,0,0,0
500000.0,Honda CRF 250 Rally,Благовещенск,15000.0,250,бензин,7,0,1,1,1,0,0,0,0,0,0,0,0,0,1,0,0,0,0,0,0,0,0
500000.0,KTM 450 EXC,Япония<!-- --> <!-- -->→<!-- --> <!-- -->Владивосток,12058.0,450,бензин,15,0,1,0,1,0,0,0,0,0,0,0,0,0,0,0,0,0,0,0,0,0,1
510000.0,Kawasaki Ninja 400,Япония<!-- --> <!-- -->→<!-- --> <!-- -->Томск,15200.0,399,бензин,7,0,1,1,1,0,0,0,0,0,0,0,0,0,0,0,1,0,0,0,0,0,0
500000.0,Honda CBF 600S,Минеральные Воды,42000.0,599,бензин,19,0,1,0,1,0,0,0,0,0,0,0,0,0,1,0,0,0,0,0,0,0,0
500000.0,Honda XR 650R,Красноярск,31000.0,649,бензин,19,0,1,0,0,0,0,0,1,0,0,0,0,0,1,0,0,0,0,0,0,0,0
500000.0,Ducati Scrambler,Япония<!-- --> <!-- -->→<!-- --> <!-- -->Владивосток,15389.0,803,бензин,10,0,1,1,1,0,0,0,0,0,0,0,1,0,0,0,0,0,0,0,0,0,0
500000.0,Honda NC 700X,Улан-Удэ,34000.0,700,бензин,13,0,1,1,1,0,0,0,0,0,0,0,0,0,1,0,0,0,0,0,0,0,0
500000.0,Yamaha YZ 450F,Промышленная,230.0,450,бензин,7,0,1,1,1,0,0,0,0,0,0,0,0,0,0,0,0,0,0,0,0,1,0
500000.0,BMW G 310 GS,Новосибирск,18000.0,310,бензин,6,0,1,1,0,0,0,0,1,0,0,0,0,0,0,0,0,0,0,0,0,0,1
500000.0,Suzuki DR 650SE,Усть-Кут,17000.0,650,бензин,19,0,1,0,1,0,0,0,0,0,0,0,0,0,0,0,0,0,0,1,0,0,0
500000.0,Aprilia Shiver 750,Москва,57221.0,750,бензин,15,0,1,1,0,0,1,0,0,0,0,0,0,0,0,0,0,0,0,0,0,0,1
500000.0,Kawasaki Ninja 400R,Томск,34000.0,400,бензин,8,0,1,1,1,0,0,0,0,0,0,0,0,0,0,0,1,0,0,0,0,0,0
500000.0,Honda CRF 250L,Благовещенск,15000.0,250,бензин,7,0,1,1,1,0,0,0,0,0,0,0,0,0,1,0,0,0,0,0,0,0,0
500000.0,Triumph Sprint ST,Екатеринбург,42520.0,1050,бензин,20,0,1,1,0,0,0,0,1,0,0,0,0,0,0,0,0,0,0,0,1,0,0
500000.0,Honda CRF 250L,Корсаков,12000.0,250,бензин,10,0,1,1,1,0,0,0,0,0,0,0,0,0,1,0,0,0,0,0,0,0,0
500000.0,Rieju MR 300 Pro,Павлодар,116.0,300,бензин,3,0,0,0,1,0,0,0,0,0,0,0,0,0,0,0,0,0,0,0,0,0,1
500000.0,Yamaha WR 250F,Барнаул,14000.0,250,бензин,13,0,1,0,1,0,0,0,0,0,0,0,0,0,0,0,0,0,0,0,0,1,0
500000.0,Honda CBR 1100XX,Хабаровск,56000.0,1137,бензин,26,0,1,1,1,0,0,0,0,0,0,0,0,0,1,0,0,0,0,0,0,0,0
500000.0,Yamaha YZF-R3,Барнаул,12000.0,320,бензин,9,0,1,1,1,0,0,0,0,0,0,0,0,0,0,0,0,0,0,0,0,1,0
500000.0,Buell XB9S Lightning,Иркутск,40000.0,1000,бензин,22,0,1,1,1,0,0,0,0,0,0,0,0,0,0,0,0,0,0,0,0,0,1
500000.0,Victory Kingpin,Улан-Удэ,30000.0,1640,бензин,18,0,1,1,1,0,0,0,0,0,0,0,0,0,0,0,0,0,0,0,0,0,1
500000.0,Suzuki GSF 1200S Bandit,Майкоп,57000.0,1200,бензин,19,0,1,0,1,0,0,0,0,0,0,0,0,0,0,0,0,0,0,1,0,0,0
500000.0,Yamaha XVS 1100,Зима,83000.0,1100,бензин,19,0,1,0,1,0,0,0,0,0,0,0,0,0,0,0,0,0,0,0,0,1,0
500000.0,Suzuki GSX-R 1000,Иркутск,30000.0,1000,бензин,24,0,1,1,1,0,0,0,0,0,0,0,0,0,0,0,0,0,0,1,0,0,0
500000.0,Kawasaki Versys 650,Коммунарка,86700.0,650,бензин,10,0,1,1,1,0,0,0,0,0,0,0,0,0,0,0,1,0,0,0,0,0,0
500000.0,Kawasaki Ninja ZX-6R,Хабаровск,42000.0,636,бензин,20,0,1,1,1,0,0,0,0,0,0,0,0,0,0,0,1,0,0,0,0,0,0
500000.0,Honda X11,Кемерово,20000.0,1100,бензин,25,0,1,1,1,0,0,0,0,0,0,0,0,0,1,0,0,0,0,0,0,0,0
500000.0,Honda CRF 450R,Топки,35.0,450,бензин,10,0,1,1,1,0,0,0,0,0,0,0,0,0,1,0,0,0,0,0,0,0,0
500000.0,KTM 50 SX,Владивосток,20.0,50,бензин,1,0,0,0,1,0,0,0,0,0,0,0,0,0,0,0,0,0,0,0,0,0,1
500000.0,Honda CBR 600F4i,Саяногорск,50000.0,600,бензин,19,0,1,1,1,0,0,0,0,0,0,0,0,0,1,0,0,0,0,0,0,0,0
500000.0,Honda VFR 800,Улан-Удэ,68764.0,800,бензин,20,0,1,1,1,0,0,0,0,0,0,0,0,0,1,0,0,0,0,0,0,0,0
500000.0,Honda CRF 250L,Жирекен,26162.0,250,бензин,14,0,1,1,1,0,0,0,0,0,0,0,0,0,1,0,0,0,0,0,0,0,0
500000.0,Honda VFR 800,Абакан,70000.0,800,бензин,19,0,1,1,1,0,0,0,0,0,0,0,0,0,1,0,0,0,0,0,0,0,0
500000.0,Suzuki Bandit,Япония<!-- --> <!-- -->→<!-- --> <!-- -->Владивосток,11737.0,1250,бензин,17,0,1,1,1,0,0,0,0,0,0,0,0,0,0,0,0,0,0,1,0,0,0
500000.0,Kawasaki Z 1000,Благовещенск,65000.0,1000,бензин,16,0,1,1,1,0,0,0,0,0,0,0,0,0,0,0,1,0,0,0,0,0,0
500000.0,Honda 400XA,Улан-Удэ,50000.0,400,бензин,7,0,1,1,1,0,0,0,0,0,0,0,0,0,1,0,0,0,0,0,0,0,0
500000.0,KTM 125 SX,Благовещенск,100.0,125,бензин,2,0,0,1,1,0,0,0,0,0,0,0,0,0,0,0,0,0,0,0,0,0,1
500000.0,Honda CBR 929RR,Киров,53000.0,929,бензин,25,0,1,1,1,0,0,0,0,0,0,0,0,0,1,0,0,0,0,0,0,0,0
500000.0,Kawasaki Versys 650,Екатеринбург,35772.0,649,бензин,16,0,1,1,0,0,0,0,1,0,0,0,0,0,0,0,1,0,0,0,0,0,0
500000.0,Kawasaki W650,Москва,32000.0,650,бензин,20,0,1,0,0,0,1,0,0,0,0,0,0,0,0,0,1,0,0,0,0,0,0
500000.0,Buell XB9R Firebolt,Обь,35000.0,985,бензин,22,0,1,1,1,0,0,0,0,0,0,0,0,0,0,0,0,0,0,0,0,0,1
500000.0,Yamaha XT 250,Спасск-Дальний,12190.0,250,бензин,9,0,1,1,1,0,0,0,0,0,0,0,0,0,0,0,0,0,0,0,0,1,0
500000.0,Suzuki GSX,Тюмень,14325.0,250,бензин,8,0,1,1,1,0,0,0,0,0,0,0,0,0,0,0,0,0,0,1,0,0,0
500000.0,Honda CB 1000SF,Екатеринбург,61400.0,1000,бензин,31,0,1,0,0,0,0,0,1,0,0,0,0,0,1,0,0,0,0,0,0,0,0
500000.0,Yamaha FZ6N,Новосибирск,41245.0,600,бензин,21,0,1,1,0,0,0,0,1,0,0,0,0,0,0,0,0,0,0,0,0,1,0
500000.0,Honda NC 700X,Иркутск,30000.0,669,бензин,13,0,1,1,1,0,0,0,0,0,0,0,0,0,1,0,0,0,0,0,0,0,0
500000.0,Suzuki GSF 1200S Bandit,Петровск-Забайкальский,38000.0,1200,бензин,19,0,1,0,1,0,0,0,0,0,0,0,0,0,0,0,0,0,0,1,0,0,0
500000.0,Kawasaki Voyager,Уссурийск,68000.0,1300,бензин,27,0,1,1,1,0,0,0,0,0,0,0,0,0,0,0,1,0,0,0,0,0,0
500000.0,Yamaha FZ6N,Новосибирск,42780.0,600,бензин,20,0,1,1,0,0,0,0,1,0,0,0,0,0,0,0,0,0,0,0,0,1,0
500000.0,KTM 390 Duke,Владивосток,6000.0,375,бензин,4,0,1,1,1,0,0,0,0,0,0,0,0,0,0,0,0,0,0,0,0,0,1
500000.0,Honda X4,Томск,38500.0,1300,бензин,28,0,1,0,1,0,0,0,0,0,0,0,0,0,1,0,0,0,0,0,0,0,0
500000.0,Honda X4,Смоленка,51000.0,1300,бензин,27,0,1,0,1,0,0,0,0,0,0,0,0,0,1,0,0,0,0,0,0,0,0
500000.0,KTM 390 Duke,Москва,5536.0,390,бензин,6,0,1,1,0,0,1,0,0,0,0,0,0,0,0,0,0,0,0,0,0,0,1
500000.0,Kawasaki Z 1000,Лысьва,24000.0,1000,бензин,22,0,1,1,1,0,0,0,0,0,0,0,0,0,0,0,1,0,0,0,0,0,0
500000.0,Ява 350-638,Оренбург,20000.0,350,бензин,36,0,0,0,1,0,0,0,0,0,0,0,0,0,0,0,0,0,0,0,0,0,1
500000.0,Yamaha MT-03,Красноярск,25508.0,321,бензин,9,0,1,1,0,0,0,0,1,0,0,0,0,0,0,0,0,0,0,0,0,1,0
500000.0,BMW R 1100 RT,Змеиногорск,80000.0,1100,бензин,28,0,1,1,1,0,0,0,0,0,0,0,0,0,0,0,0,0,0,0,0,0,1
500000.0,KTM RC 390,Хабаровск,19571.0,375,бензин,7,0,1,1,1,0,0,0,0,0,0,0,0,0,0,0,0,0,0,0,0,0,1
500000.0,Suzuki GSF 1200S Bandit,Владивосток,18000.0,1200,бензин,24,0,1,1,1,0,0,0,0,0,0,0,0,0,0,0,0,0,0,1,0,0,0
500000.0,Honda CBR 600RR,Саяногорск,40000.0,600,бензин,21,0,1,1,1,0,0,0,0,0,0,0,0,0,1,0,0,0,0,0,0,0,0
500000.0,Honda Africa Twin,Магадан,41000.0,750,бензин,29,0,1,0,1,0,0,0,0,0,0,0,0,0,1,0,0,0,0,0,0,0,0
500000.0,Kawasaki Ninja 400R,Якутск,15000.0,399,бензин,8,0,1,1,1,0,0,0,0,0,0,0,0,0,0,0,1,0,0,0,0,0,0
500000.0,Suzuki GSF 650 Bandit,Екатеринбург,66993.0,656,бензин,18,0,1,0,0,0,0,0,1,0,0,0,0,0,0,0,0,0,0,1,0,0,0
500000.0,Suzuki DR-Z 400S,Хабаровск,27731.0,398,бензин,23,0,1,0,1,0,0,0,0,0,0,0,0,0,0,0,0,0,0,1,0,0,0
500000.0,KTM 390 Duke,Владивосток,6000.0,373,бензин,7,0,1,1,1,0,0,0,0,0,0,0,0,0,0,0,0,0,0,0,0,0,1
500000.0,Kawasaki Ninja 650R,Владивосток,50000.0,650,бензин,14,0,1,1,1,0,0,0,0,0,0,0,0,0,0,0,1,0,0,0,0,0,0
500000.0,Ducati Streetfighter,Япония<!-- --> <!-- -->→<!-- --> <!-- -->Владивосток,18626.0,1098,бензин,13,0,1,1,1,0,0,0,0,0,0,0,1,0,0,0,0,0,0,0,0,0,0
500000.0,Honda X4,Новосибирск,42000.0,1284,бензин,27,0,1,0,0,0,0,0,1,0,0,0,0,0,1,0,0,0,0,0,0,0,0
500000.0,Honda VFR 800,Новосибирск,25000.0,781,бензин,25,0,1,1,0,0,0,0,1,0,0,0,0,0,1,0,0,0,0,0,0,0,0
500000.0,Suzuki SV 650,Япония<!-- --> <!-- -->→<!-- --> <!-- -->Владивосток,10322.0,650,бензин,7,0,1,1,1,0,0,0,0,0,0,0,0,0,0,0,0,0,0,1,0,0,0
500000.0,Honda CBR 1100XX,Чита,49315.0,1100,бензин,25,0,1,1,1,0,0,0,0,0,0,0,0,0,1,0,0,0,0,0,0,0,0
500000.0,Voge 350AC,Кемерово,1800.0,321,бензин,1,0,1,1,1,0,0,0,0,0,0,0,0,0,0,0,0,0,0,0,0,0,1
500000.0,BMW G 650 X,Новокузнецк,50000.0,650,бензин,18,0,1,1,1,0,0,0,0,0,0,0,0,0,0,0,0,0,0,0,0,0,1
500000.0,BMW K 1200 RS,Челябинск,16000.0,1200,бензин,25,0,1,1,0,0,0,0,1,0,0,0,0,0,0,0,0,0,0,0,0,0,1
500000.0,Ducati Multistrada 1100,Красноярск,31000.0,1100,бензин,16,0,1,1,0,0,0,0,1,0,0,0,1,0,0,0,0,0,0,0,0,0,0
500000.0,Honda CRF 250L,Благовещенск,3000.0,250,бензин,8,0,1,1,1,0,0,0,0,0,0,0,0,0,1,0,0,0,0,0,0,0,0
500000.0,Kawasaki Ninja 400,Мирный,11000.0,400,бензин,11,0,1,1,0,0,0,1,0,0,0,0,0,0,0,0,1,0,0,0,0,0,0
500000.0,Honda CRF,Красноярск,10.0,450,бензин,12,0,1,1,0,0,0,0,1,0,0,0,0,0,1,0,0,0,0,0,0,0,0
500000.0,Suzuki GSX 1250FA,Владивосток,53214.0,1254,бензин,13,0,1,1,1,0,0,0,0,0,0,0,0,0,0,0,0,0,0,1,0,0,0
500000.0,KTM 390 Duke,Новосибирск,19500.0,373,бензин,7,0,1,1,0,0,0,0,1,0,0,0,0,0,0,0,0,0,0,0,0,0,1
500000.0,Yamaha Dragstar / V-Star / XVS,Ангарск,8000.0,1100,бензин,24,0,1,0,1,0,0,0,0,0,0,0,0,0,0,0,0,0,0,0,0,1,0
500000.0,Honda GL 1500SE,Магнитогорск,32000.0,1500,бензин,20,0,1,0,1,0,0,0,0,0,0,0,0,0,1,0,0,0,0,0,0,0,0
500000.0,BMW R 1200 CL,Шелехов,60000.0,1189,бензин,23,0,1,1,1,0,0,0,0,0,0,0,0,0,0,0,0,0,0,0,0,0,1
500000.0,Yamaha YZ 250F,Канск,700.0,250,бензин,8,0,1,1,1,0,0,0,0,0,0,0,0,0,0,0,0,0,0,0,0,1,0
505000.0,Yamaha FZ1,Красноярск,49000.0,1000,бензин,19,0,1,1,0,0,0,0,1,0,0,0,0,0,0,0,0,0,0,0,0,1,0
505000.0,Yamaha MT-03,Феодосия,32300.0,660,бензин,17,0,1,1,1,0,0,0,0,0,0,0,0,0,0,0,0,0,0,0,0,1,0
505000.0,Kawasaki KX 250F,Новосибирск,3000.0,250,бензин,8,0,1,1,0,0,0,0,1,0,0,0,0,0,0,0,1,0,0,0,0,0,0
505000.0,Yamaha Dragstar / V-Star / XVS,Иркутск,40000.0,1100,бензин,26,0,1,0,1,0,0,0,0,0,0,0,0,0,0,0,0,0,0,0,0,1,0
505000.0,Honda CRF 250L,Благовещенск,1924.0,250,бензин,13,0,1,1,1,0,0,0,0,0,0,0,0,0,1,0,0,0,0,0,0,0,0
505000.0,Honda CBR 400R,Новосибирск,13723.0,400,бензин,12,0,1,1,0,0,0,0,1,0,0,0,0,0,1,0,0,0,0,0,0,0,0
505000.0,Suzuki Bandit,Япония<!-- --> <!-- -->→<!-- --> <!-- -->Владивосток,32516.0,1250,бензин,14,0,1,1,1,0,0,0,0,0,0,0,0,0,0,0,0,0,0,1,0,0,0
508000.0,Kawasaki ER-6n,Хабаровск,18000.0,650,бензин,11,0,1,1,1,0,0,0,0,0,0,0,0,0,0,0,1,0,0,0,0,0,0
509000.0,Victory Kingpin,Минск,30150.0,1507,бензин,21,0,1,1,1,0,0,0,0,0,0,0,0,0,0,0,0,0,0,0,0,0,1
510000.0,BMW G 310 GS,Новосибирск,6000.0,313,бензин,8,0,1,1,0,0,0,0,1,0,0,0,0,0,0,0,0,0,0,0,0,0,1
510000.0,Honda CRF 250L,Новосибирск,44000.0,250,бензин,11,0,1,1,0,0,0,0,1,0,0,0,0,0,1,0,0,0,0,0,0,0,0
510000.0,Husqvarna Vitpilen 401,Владивосток,2127.0,370,бензин,6,0,1,1,1,0,0,0,0,0,0,0,0,0,0,0,0,0,0,0,0,0,1
510000.0,KTM 390 Adventure,Япония<!-- --> <!-- -->→<!-- --> <!-- -->Владивосток,588.0,390,бензин,5,0,1,1,1,0,0,0,0,0,0,0,0,0,0,0,0,0,0,0,0,0,1
510000.0,Kawasaki Ninja 400,Новосибирск,28000.0,400,бензин,11,0,1,1,0,0,0,0,1,0,0,0,0,0,0,0,1,0,0,0,0,0,0
510000.0,Kawasaki ER-6n,Екатеринбург,42591.0,649,бензин,12,0,1,1,0,0,0,0,1,0,0,0,0,0,0,0,1,0,0,0,0,0,0
510000.0,Honda VRX 400 Roadster,Новосибирск,26783.0,400,бензин,30,0,1,0,0,0,0,0,1,0,0,0,0,0,1,0,0,0,0,0,0,0,0
510000.0,BMW R 1200 GS,Владивосток,39800.0,1200,бензин,20,0,1,1,1,0,0,0,0,0,0,0,0,0,0,0,0,0,0,0,0,0,1
510000.0,Honda Shadow Spirit,Владивосток,48000.0,1100,бензин,18,0,1,0,1,0,0,0,0,0,0,0,0,0,1,0,0,0,0,0,0,0,0
510000.0,Yamaha WR 450F,Биробиджан,1000.0,450,бензин,12,0,1,1,1,0,0,0,0,0,0,0,0,0,0,0,0,0,0,0,0,1,0
510000.0,Yamaha YZF-R3,Владивосток,7500.0,320,бензин,3,0,0,1,1,0,0,0,0,0,0,0,0,0,0,0,0,0,0,0,0,1,0
510000.0,Suzuki DR-Z 400SM,Новосибирск,21200.0,400,бензин,18,0,1,0,0,0,0,0,1,0,0,0,0,0,0,0,0,0,0,1,0,0,0
510000.0,Kawasaki Ninja ZX-6R,Владивосток,15426.0,599,бензин,17,0,1,1,1,0,0,0,0,0,0,0,0,0,0,0,1,0,0,0,0,0,0
510000.0,Suzuki DR-Z 400S,Ишим,27000.0,400,бензин,18,0,1,0,1,0,0,0,0,0,0,0,0,0,0,0,0,0,0,1,0,0,0
510000.0,Kawasaki Ninja 400R,Новосибирск,26410.0,400,бензин,10,0,1,1,0,0,0,0,1,0,0,0,0,0,0,0,1,0,0,0,0,0,0
510000.0,Kawasaki Ninja 400R,Новосибирск,11787.0,400,бензин,12,0,1,1,0,0,0,0,1,0,0,0,0,0,0,0,1,0,0,0,0,0,0
510000.0,Yamaha FJR 1300,Новосибирск,53000.0,1300,бензин,23,0,1,1,0,0,0,0,1,0,0,0,0,0,0,0,0,0,0,0,0,1,0
510000.0,Yamaha TDM 900,Благовещенск,33000.0,900,бензин,17,0,1,1,1,0,0,0,0,0,0,0,0,0,0,0,0,0,0,0,0,1,0
510000.0,KTM 390 Duke,Москва,9753.0,390,бензин,7,0,1,1,0,0,1,0,0,0,0,0,0,0,0,0,0,0,0,0,0,0,1
510000.0,Kawasaki Ninja 400,Красноярск,16500.0,400,бензин,11,0,1,1,0,0,0,0,1,0,0,0,0,0,0,0,1,0,0,0,0,0,0
510000.0,Honda CBR 600F4i,Уссурийск,36000.0,600,бензин,23,0,1,1,1,0,0,0,0,0,0,0,0,0,1,0,0,0,0,0,0,0,0
510000.0,BMW F 800 ST,Япония<!-- --> <!-- -->→<!-- --> <!-- -->Иркутск,17020.0,800,бензин,18,0,1,1,1,0,0,0,0,0,0,0,0,0,0,0,0,0,0,0,0,0,1
510000.0,BMW K 1200 RS,Симферополь,51000.0,1200,бензин,24,0,1,1,1,0,0,0,0,0,0,0,0,0,0,0,0,0,0,0,0,0,1
510000.0,Kawasaki ER-6n,Волгодонск,24000.0,650,бензин,12,0,1,1,1,0,0,0,0,0,0,0,0,0,0,0,1,0,0,0,0,0,0
510000.0,Yamaha FZ6S,Казань,50000.0,600,бензин,20,0,1,1,0,0,0,0,1,0,0,0,0,0,0,0,0,0,0,0,0,1,0
510000.0,Honda CRF 250L,Владивосток,5000.0,250,бензин,7,0,1,1,1,0,0,0,0,0,0,0,0,0,1,0,0,0,0,0,0,0,0
515000.0,Ducati Monster 696,Новосибирск,17000.0,696,бензин,16,0,1,1,0,0,0,0,1,0,0,0,1,0,0,0,0,0,0,0,0,0,0
515000.0,Suzuki GSR,Екатеринбург,33000.0,600,бензин,19,0,1,1,0,0,0,0,1,0,0,0,0,0,0,0,0,0,0,1,0,0,0
515000.0,Husqvarna SM 450R,Красноярск,1.0,450,бензин,19,0,1,0,0,0,0,0,1,0,0,0,0,0,0,0,0,0,0,0,0,0,1
515000.0,Kawasaki EN650,Волгоград,28000.0,400,бензин,35,0,1,0,0,0,0,0,1,0,0,0,0,0,0,0,1,0,0,0,0,0,0
515000.0,Honda Shadow 400,Япония<!-- --> <!-- -->→<!-- --> <!-- -->Владивосток,17217.0,400,бензин,18,0,1,0,1,0,0,0,0,0,0,0,0,0,1,0,0,0,0,0,0,0,0
515000.0,Suzuki Intruder,Япония<!-- --> <!-- -->→<!-- --> <!-- -->Владивосток,9702.0,400,бензин,13,0,1,0,1,0,0,0,0,0,0,0,0,0,0,0,0,0,0,1,0,0,0
515000.0,Honda NC 700X,Япония<!-- --> <!-- -->→<!-- --> <!-- -->Владивосток,23670.0,700,бензин,13,0,1,1,1,0,0,0,0,0,0,0,0,0,1,0,0,0,0,0,0,0,0
515000.0,Kawasaki Ninja 400,Владивосток,12000.0,400,бензин,8,0,1,1,1,0,0,0,0,0,0,0,0,0,0,0,1,0,0,0,0,0,0
516000.0,Kawasaki KLE 500,Владивосток,14331.0,500,бензин,20,0,1,0,1,0,0,0,0,0,0,0,0,0,0,0,1,0,0,0,0,0,0
516000.0,Kawasaki Z 750S,Москва,40000.0,750,бензин,19,0,1,1,0,0,1,0,0,0,0,0,0,0,0,0,1,0,0,0,0,0,0
517500.0,Honda CB 1300,Хабаровск,39999.0,1300,бензин,24,0,1,0,1,0,0,0,0,0,0,0,0,0,1,0,0,0,0,0,0,0,0
518000.0,Yamaha YZF-R3,Владивосток,6509.0,300,бензин,5,0,1,1,1,0,0,0,0,0,0,0,0,0,0,0,0,0,0,0,0,1,0
520000.0,Kawasaki Ninja 400,Хабаровск,23000.0,400,бензин,8,0,1,1,1,0,0,0,0,0,0,0,0,0,0,0,1,0,0,0,0,0,0
520000.0,KTM 390 Duke,Новосибирск,47000.0,373,бензин,8,0,1,1,0,0,0,0,1,0,0,0,0,0,0,0,0,0,0,0,0,0,1
520000.0,Yamaha BT 1100 Bulldog,Ангарск,37500.0,1100,бензин,21,0,1,0,1,0,0,0,0,0,0,0,0,0,0,0,0,0,0,0,0,1,0
520000.0,Honda NC 750S,Япония<!-- --> <!-- -->→<!-- --> <!-- -->Владивосток,15153.0,750,бензин,9,0,1,1,1,0,0,0,0,0,0,0,0,0,1,0,0,0,0,0,0,0,0
520000.0,KTM 690 Duke,Владивосток,12000.0,690,бензин,9,0,1,1,1,0,0,0,0,0,0,0,0,0,0,0,0,0,0,0,0,0,1
520000.0,Kawasaki VN Vulcan 900 Classic,Калуга,16000.0,903,бензин,17,0,1,1,1,0,0,0,0,0,0,0,0,0,0,0,1,0,0,0,0,0,0
520000.0,Harley-Davidson Street 750 XG750,Япония<!-- --> <!-- -->→<!-- --> <!-- -->Владивосток,2300.0,750,бензин,9,0,1,1,1,0,0,0,0,0,0,0,0,1,0,0,0,0,0,0,0,0,0
520000.0,BMW F 800 ST,Севастополь,32000.0,800,бензин,17,0,1,1,1,0,0,0,0,0,0,0,0,0,0,0,0,0,0,0,0,0,1
520000.0,Yamaha MT-03,Чита,12800.0,320,бензин,7,0,1,1,1,0,0,0,0,0,0,0,0,0,0,0,0,0,0,0,0,1,0
520000.0,Kawasaki Ninja ZX-9R,Заринск,86000.0,900,бензин,25,0,1,0,1,0,0,0,0,0,0,0,0,0,0,0,1,0,0,0,0,0,0
520000.0,Kawasaki Z 1000,Япония<!-- --> <!-- -->→<!-- --> <!-- -->Владивосток,25796.0,1000,бензин,17,0,1,1,1,0,0,0,0,0,0,0,0,0,0,0,1,0,0,0,0,0,0
520000.0,BMW G 310 R,Ленинск-Кузнецкий,13300.0,310,бензин,5,0,1,1,1,0,0,0,0,0,0,0,0,0,0,0,0,0,0,0,0,0,1
520000.0,Kawasaki KLX 250S,Новокузнецк,5818.0,249,бензин,8,0,1,1,1,0,0,0,0,0,0,0,0,0,0,0,1,0,0,0,0,0,0
520000.0,Yamaha FZ,Тюмень,15400.0,250,бензин,6,0,1,1,1,0,0,0,0,0,0,0,0,0,0,0,0,0,0,0,0,1,0
520000.0,Yamaha XJ,Бородино,23943.0,600,бензин,14,0,1,1,1,0,0,0,0,0,0,0,0,0,0,0,0,0,0,0,0,1,0
520000.0,Honda NC 700X,Владивосток,43843.0,669,бензин,13,0,1,1,1,0,0,0,0,0,0,0,0,0,1,0,0,0,0,0,0,0,0
520000.0,BMW R 1150 GS Adventure,Калуга,124000.0,1150,бензин,21,0,1,1,1,0,0,0,0,0,0,0,0,0,0,0,0,0,0,0,0,0,1
520000.0,Honda CB 600F Hornet,Владивосток,47079.0,600,бензин,14,0,1,1,1,0,0,0,0,0,0,0,0,0,1,0,0,0,0,0,0,0,0
520000.0,Honda CBR 600F4i,Челябинск,30000.0,600,бензин,24,0,1,1,0,0,0,0,1,0,0,0,0,0,1,0,0,0,0,0,0,0,0
520000.0,Yamaha FZ6R,Новосибирск,25000.0,600,бензин,14,0,1,1,0,0,0,0,1,0,0,0,0,0,0,0,0,0,0,0,0,1,0
520000.0,BMW G 310 R,Иркутск,600.0,310,бензин,4,0,1,1,1,0,0,0,0,0,0,0,0,0,0,0,0,0,0,0,0,0,1
520000.0,Ducati Hypermotard 796,Япония<!-- --> <!-- -->→<!-- --> <!-- -->Владивосток,25782.0,796,бензин,15,0,1,1,1,0,0,0,0,0,0,0,1,0,0,0,0,0,0,0,0,0,0
520000.0,Kawasaki ER-6n,Барнаул,30231.0,650,бензин,12,0,0,1,1,0,0,0,0,0,0,0,0,0,0,0,1,0,0,0,0,0,0
520000.0,Honda NM4,Владивосток,40000.0,750,бензин,11,1,1,1,1,0,0,0,0,0,0,0,0,0,1,0,0,0,0,0,0,0,0
520000.0,Honda CRF 250L,Находка,8500.0,250,бензин,4,0,1,1,1,0,0,0,0,0,0,0,0,0,1,0,0,0,0,0,0,0,0
520000.0,Yamaha MT-03,Алушта,24000.0,660,бензин,16,0,1,1,1,0,0,0,0,0,0,0,0,0,0,0,0,0,0,0,0,1,0
520000.0,Honda VTR 1000,Екатеринбург,34430.0,996,бензин,21,0,1,0,0,0,0,0,1,0,0,0,0,0,1,0,0,0,0,0,0,0,0
520000.0,Honda CBR 400R,Красноярск,35500.0,400,бензин,9,0,1,1,0,0,0,0,1,0,0,0,0,0,1,0,0,0,0,0,0,0,0
520000.0,Honda 400XA,Новосибирск,41461.0,400,бензин,12,0,1,1,0,0,0,0,1,0,0,0,0,0,1,0,0,0,0,0,0,0,0
520000.0,Honda CBR 1000RR Fireblade,Владивосток,30139.0,998,бензин,20,0,1,1,1,0,0,0,0,0,0,0,0,0,1,0,0,0,0,0,0,0,0
520000.0,Yamaha YZ 250F,Уссурийск,1.0,250,бензин,10,0,1,1,1,0,0,0,0,0,0,0,0,0,0,0,0,0,0,0,0,1,0
520000.0,KTM 250 Adventure,Бийск,1700.0,250,бензин,3,0,1,1,1,0,0,0,0,0,0,0,0,0,0,0,0,0,0,0,0,0,1
520000.0,Honda VT 1100C2,Москва,64000.0,1100,бензин,24,0,1,0,0,0,1,0,0,0,0,0,0,0,1,0,0,0,0,0,0,0,0
520000.0,Honda Shadow 1100,Владивосток,30000.0,1100,бензин,22,0,1,0,1,0,0,0,0,0,0,0,0,0,1,0,0,0,0,0,0,0,0
520000.0,BMW R 1100 S,Обь,70000.0,1100,бензин,21,0,1,1,1,0,0,0,0,0,0,0,0,0,0,0,0,0,0,0,0,0,1
520000.0,Honda Shadow 750,Находка,32325.0,750,бензин,23,0,1,0,1,0,0,0,0,0,0,0,0,0,1,0,0,0,0,0,0,0,0
520000.0,Kawasaki Ninja 400R,Новосибирск,30828.0,400,бензин,11,0,1,1,0,0,0,0,1,0,0,0,0,0,0,0,1,0,0,0,0,0,0
520000.0,Yamaha Royal Star,Красноярск,9000.0,1300,бензин,29,0,1,0,0,0,0,0,1,0,0,0,0,0,0,0,0,0,0,0,0,1,0
520000.0,Suzuki Gixxer 250,Анапа,600.0,250,бензин,4,0,1,1,1,0,0,0,0,0,0,0,0,0,0,0,0,0,0,1,0,0,0
525000.0,Honda CRF 250L,Тюмень,31000.0,249,бензин,7,0,1,1,1,0,0,0,0,0,0,0,0,0,1,0,0,0,0,0,0,0,0
525000.0,Suzuki VS 800 Intruder,Симферополь,42164.0,805,бензин,20,0,1,1,1,0,0,0,0,0,0,0,0,0,0,0,0,0,0,1,0,0,0
525000.0,Suzuki Boulevard C50,Пятигорск,20800.0,800,бензин,19,0,1,1,1,0,0,0,0,0,0,0,0,0,0,0,0,0,0,1,0,0,0
525000.0,Ducati Monster 1100 Evo,Япония<!-- --> <!-- -->→<!-- --> <!-- -->Владивосток,14925.0,1100,бензин,13,0,1,1,1,0,0,0,0,0,0,0,1,0,0,0,0,0,0,0,0,0,0
525000.0,Honda VFR 800F,Новошахтинск,47000.0,782,бензин,26,0,1,1,1,0,0,0,0,0,0,0,0,0,1,0,0,0,0,0,0,0,0
525000.0,Suzuki GSR 750,Владивосток,57509.0,750,бензин,11,0,1,1,1,0,0,0,0,0,0,0,0,0,0,0,0,0,0,1,0,0,0
525000.0,Yamaha Serow,Владивосток,5369.0,250,бензин,6,0,1,1,1,0,0,0,0,0,0,0,0,0,0,0,0,0,0,0,0,1,0
525000.0,Kawasaki Ninja ZX-9R,Саянск,52000.0,899,бензин,22,0,1,0,1,0,0,0,0,0,0,0,0,0,0,0,1,0,0,0,0,0,0
525000.0,Honda CMX 250 Rebel,Сочи,9200.0,300,бензин,4,0,0,1,1,0,0,0,0,0,0,0,0,0,1,0,0,0,0,0,0,0,0
525000.0,BMW R 1200 CL,Анжеро-Судженск,21500.0,1200,бензин,23,0,1,1,1,0,0,0,0,0,0,0,0,0,0,0,0,0,0,0,0,0,1
525000.0,Suzuki VS 1400 Intruder,Новосибирск,13600.0,1400,бензин,19,0,1,0,0,0,0,0,1,0,0,0,0,0,0,0,0,0,0,1,0,0,0
525000.0,Yamaha FZ6S,Барнаул,8425.0,600,бензин,17,0,1,1,1,0,0,0,0,0,0,0,0,0,0,0,0,0,0,0,0,1,0
525000.0,BMW R 1150 RT,Тюмень,57000.0,1130,бензин,24,0,1,1,1,0,0,0,0,0,0,0,0,0,0,0,0,0,0,0,0,0,1
525000.0,Ducati Scrambler,Владивосток,19000.0,400,бензин,7,0,1,1,1,0,0,0,0,0,0,0,1,0,0,0,0,0,0,0,0,0,0
525000.0,Kawasaki KLX 250,Уссурийск,4000.0,250,бензин,9,0,1,1,1,0,0,0,0,0,0,0,0,0,0,0,1,0,0,0,0,0,0
525000.0,Kawasaki Versys 650,Сочи,42000.0,650,бензин,12,0,1,1,1,0,0,0,0,0,0,0,0,0,0,0,1,0,0,0,0,0,0
525000.0,Honda CRF 250L,Владивосток,2134.0,250,бензин,6,0,1,1,1,0,0,0,0,0,0,0,0,0,1,0,0,0,0,0,0,0,0
525000.0,Honda CBR 1100XX,Сургут,54000.0,1100,бензин,23,0,1,1,1,0,0,0,0,0,0,0,0,0,1,0,0,0,0,0,0,0,0
525000.0,Kawasaki Ninja 400,Владивосток,27000.0,399,бензин,7,0,1,1,1,0,0,0,0,0,0,0,0,0,0,0,1,0,0,0,0,0,0
525000.0,KTM 390 Duke,Красноярск,6800.0,400,бензин,6,0,1,1,0,0,0,0,1,0,0,0,0,0,0,0,0,0,0,0,0,0,1
525000.0,KTM 390 Adventure,Япония<!-- --> <!-- -->→<!-- --> <!-- -->Владивосток,9720.0,373,бензин,5,0,1,1,1,0,0,0,0,0,0,0,0,0,0,0,0,0,0,0,0,0,1
527500.0,Suzuki Boulevard 400,Хабаровск,49000.0,400,бензин,9,0,1,1,1,0,0,0,0,0,0,0,0,0,0,0,0,0,0,1,0,0,0
528000.0,Yamaha MT-07,Владивосток,38000.0,700,бензин,11,0,1,1,1,0,0,0,0,0,0,0,0,0,0,0,0,0,0,0,0,1,0
528000.0,Yamaha MT-25,Анапа,5250.0,250,бензин,4,0,1,1,1,0,0,0,0,0,0,0,0,0,0,0,0,0,0,0,0,1,0
530000.0,Yamaha V-Max 1200,Томск,21000.0,1200,бензин,25,0,1,0,1,0,0,0,0,0,0,0,0,0,0,0,0,0,0,0,0,1,0
530000.0,GR GR400,Артём,2650.0,400,бензин,2,0,1,1,1,0,0,0,0,0,0,0,0,0,0,0,0,0,0,0,0,0,1
530000.0,Honda VTR 1000,Новосибирск,33500.0,1000,бензин,25,0,1,0,0,0,0,0,1,0,0,0,0,0,1,0,0,0,0,0,0,0,0
530000.0,Yamaha MT-03,Тюмень,21000.0,320,бензин,5,0,1,1,1,0,0,0,0,0,0,0,0,0,0,0,0,0,0,0,0,1,0
530000.0,Yamaha BT 1100 Bulldog,Находка,17478.0,1100,бензин,23,0,1,0,1,0,0,0,0,0,0,0,0,0,0,0,0,0,0,0,0,1,0
530000.0,Honda CBR 1000RR Fireblade,Владивосток,45047.0,998,бензин,21,0,1,1,1,0,0,0,0,0,0,0,0,0,1,0,0,0,0,0,0,0,0
530000.0,Suzuki V-Strom 650,Барнаул,98000.0,650,бензин,18,0,1,1,1,0,0,0,0,0,0,0,0,0,0,0,0,0,0,1,0,0,0
530000.0,Honda Shadow 750,Улан-Удэ,26000.0,750,бензин,20,0,1,0,1,0,0,0,0,0,0,0,0,0,1,0,0,0,0,0,0,0,0
530000.0,Honda Shadow Aero,Новосибирск,54169.0,750,бензин,19,0,1,0,0,0,0,0,1,0,0,0,0,0,1,0,0,0,0,0,0,0,0
530000.0,KTM 390 Duke,Красноярск,1900.0,375,бензин,7,0,1,1,0,0,0,0,1,0,0,0,0,0,0,0,0,0,0,0,0,0,1
530000.0,Suzuki GSR 600,Новосибирск,40000.0,599,бензин,17,0,1,1,0,0,0,0,1,0,0,0,0,0,0,0,0,0,0,1,0,0,0
530000.0,KTM 390 Duke,Владивосток,1100.0,373,бензин,4,0,1,1,1,0,0,0,0,0,0,0,0,0,0,0,0,0,0,0,0,0,1
530000.0,Suzuki Bandit,Красноярск,27000.0,1250,бензин,18,0,1,1,0,0,0,0,1,0,0,0,0,0,0,0,0,0,0,1,0,0,0
530000.0,Kawasaki Ninja 1000R,Хабаровск,33159.0,1000,бензин,21,0,1,1,1,0,0,0,0,0,0,0,0,0,0,0,1,0,0,0,0,0,0
530000.0,Ducati Hypermotard,Япония<!-- --> <!-- -->→<!-- --> <!-- -->Владивосток,8324.0,821,бензин,11,0,1,1,1,0,0,0,0,0,0,0,1,0,0,0,0,0,0,0,0,0,0
530000.0,Yamaha X-Max 250,Владивосток,11000.0,250,бензин,5,0,1,1,1,0,0,0,0,0,0,0,0,0,0,0,0,0,0,0,0,1,0
530000.0,Honda VFR 800F,Донской,57506.0,800,бензин,20,0,1,1,1,0,0,0,0,0,0,0,0,0,1,0,0,0,0,0,0,0,0
530000.0,Suzuki DR-Z 400SM,Новосибирск,15000.0,400,бензин,20,0,1,0,0,0,0,0,1,0,0,0,0,0,0,0,0,0,0,1,0,0,0
530000.0,Yamaha TDM 900,Верхняя Тура,90000.0,900,бензин,16,0,1,1,1,0,0,0,0,0,0,0,0,0,0,0,0,0,0,0,0,1,0
530000.0,Kawasaki VN Vulcan 900,Япония<!-- --> <!-- -->→<!-- --> <!-- -->Владивосток,28376.0,900,бензин,13,0,1,1,1,0,0,0,0,0,0,0,0,0,0,0,1,0,0,0,0,0,0
530000.0,Honda CBR 1100XX,Ялта,96000.0,150,бензин,23,0,1,1,1,0,0,0,0,0,0,0,0,0,1,0,0,0,0,0,0,0,0
530000.0,Honda CBR 1100XX,Чита,85000.0,1137,бензин,24,0,1,1,1,0,0,0,0,0,0,0,0,0,1,0,0,0,0,0,0,0,0
530000.0,Honda Transalp,Хабаровск,30000.0,700,бензин,17,0,1,1,1,0,0,0,0,0,0,0,0,0,1,0,0,0,0,0,0,0,0
530000.0,Honda CB 300F,Новосибирск,10000.0,300,бензин,7,0,1,1,0,0,0,0,1,0,0,0,0,0,1,0,0,0,0,0,0,0,0
530000.0,Kawasaki ER-6n,Иркутск,20000.0,650,бензин,14,0,1,1,1,0,0,0,0,0,0,0,0,0,0,0,1,0,0,0,0,0,0
531000.0,Honda NC 700X,Иркутск,26000.0,700,бензин,12,0,1,1,1,0,0,0,0,0,0,0,0,0,1,0,0,0,0,0,0,0,0
535000.0,Kawasaki Ninja 400R,Новосибирск,24550.0,400,бензин,10,0,1,1,0,0,0,0,1,0,0,0,0,0,0,0,1,0,0,0,0,0,0
535000.0,KTM 690 Duke,Краснодар,15000.0,690,бензин,16,0,1,1,0,0,0,0,1,0,0,0,0,0,0,0,0,0,0,0,0,0,1
535000.0,Suzuki Boulevard 400,Япония<!-- --> <!-- -->→<!-- --> <!-- -->Владивосток,22640.0,400,бензин,15,0,1,1,1,0,0,0,0,0,0,0,0,0,0,0,0,0,0,1,0,0,0
535000.0,Suzuki DR-Z 400SM,Екатеринбург,44200.0,400,бензин,17,0,1,0,0,0,0,0,1,0,0,0,0,0,0,0,0,0,0,1,0,0,0
535000.0,Kawasaki VN Vulcan 1500,Хабаровск,31617.0,1500,бензин,23,0,1,1,1,0,0,0,0,0,0,0,0,0,0,0,1,0,0,0,0,0,0
535000.0,Kawasaki Versys 650,Томск,12500.0,650,бензин,13,0,1,1,1,0,0,0,0,0,0,0,0,0,0,0,1,0,0,0,0,0,0
535000.0,BMW G 650 X,Красноярск,24000.0,650,бензин,17,0,1,1,0,0,0,0,1,0,0,0,0,0,0,0,0,0,0,0,0,0,1
535000.0,BMW G 310 GS,Новосибирск,32738.0,310,бензин,6,0,1,1,0,0,0,0,1,0,0,0,0,0,0,0,0,0,0,0,0,0,1
535000.0,Honda CBR 600RR,Канск,10000.0,599,бензин,22,0,1,1,1,0,0,0,0,0,0,0,0,0,1,0,0,0,0,0,0,0,0
536000.0,Honda CBR 1100XX,Находка,46100.0,1100,бензин,26,0,1,1,1,0,0,0,0,0,0,0,0,0,1,0,0,0,0,0,0,0,0
538000.0,Yamaha MT-25,Тюмень,1757.0,250,бензин,8,0,1,1,1,0,0,0,0,0,0,0,0,0,0,0,0,0,0,0,0,1,0
539990.0,BMW K 1200 S,Москва,91000.0,1200,бензин,20,0,1,1,0,0,1,0,0,0,0,0,0,0,0,0,0,0,0,0,0,0,1
540000.0,Yamaha Dragstar / V-Star / XVS,Владивосток,20000.0,1100,бензин,22,0,1,0,1,0,0,0,0,0,0,0,0,0,0,0,0,0,0,0,0,1,0
540000.0,Yamaha MT-03,Хабаровск,6000.0,321,бензин,5,0,1,1,1,0,0,0,0,0,0,0,0,0,0,0,0,0,0,0,0,1,0
540000.0,Husqvarna FC 250,Владивосток,180.0,250,бензин,7,0,1,1,1,0,0,0,0,0,0,0,0,0,0,0,0,0,0,0,0,0,1
540000.0,Honda VTX 1300,Владивосток,23000.0,1300,бензин,19,0,1,0,1,0,0,0,0,0,0,0,0,0,1,0,0,0,0,0,0,0,0
540000.0,KTM Freeride 250 R,Зеленогорск,1500.0,250,бензин,9,0,0,0,1,0,0,0,0,0,0,0,0,0,0,0,0,0,0,0,0,0,1
540000.0,BMW G 310 GS,Новосибирск,21620.0,310,бензин,8,0,1,1,0,0,0,0,1,0,0,0,0,0,0,0,0,0,0,0,0,0,1
540000.0,Honda NC 750X,Владивосток,31072.0,745,бензин,11,0,1,1,1,0,0,0,0,0,0,0,0,0,1,0,0,0,0,0,0,0,0
540000.0,Yamaha YZF-R6,Иркутск,67000.0,600,бензин,20,0,1,1,1,0,0,0,0,0,0,0,0,0,0,0,0,0,0,0,0,1,0
540000.0,Sherco 300 SE-R,Красноярск,185.0,300,бензин,6,0,0,0,0,0,0,0,1,0,0,0,0,0,0,0,0,0,0,0,0,0,1
540000.0,Yamaha FZ6S,Хабаровск,62000.0,600,бензин,17,0,1,1,1,0,0,0,0,0,0,0,0,0,0,0,0,0,0,0,0,1,0
540000.0,Honda NC 700X,Владивосток,29718.0,669,бензин,13,0,1,1,1,0,0,0,0,0,0,0,0,0,1,0,0,0,0,0,0,0,0
540000.0,Honda X4,Барнаул,33120.0,1284,бензин,28,0,1,0,1,0,0,0,0,0,0,0,0,0,1,0,0,0,0,0,0,0,0
540000.0,Honda CRF 250M,Евпатория,11000.0,250,бензин,8,0,1,1,1,0,0,0,0,0,0,0,0,0,1,0,0,0,0,0,0,0,0
540000.0,Honda NC 700S,Кирсанов,41000.0,700,бензин,14,0,1,1,1,0,0,0,0,0,0,0,0,0,1,0,0,0,0,0,0,0,0
540000.0,Yamaha FZ6S,Улан-Удэ,44000.0,600,бензин,16,0,1,1,1,0,0,0,0,0,0,0,0,0,0,0,0,0,0,0,0,1,0
540000.0,Suzuki DR-Z 400SM,Арсеньев,19000.0,400,бензин,21,0,1,0,1,0,0,0,0,0,0,0,0,0,0,0,0,0,0,1,0,0,0
540000.0,Kawasaki Ninja 400,Владивосток,8269.0,400,бензин,5,0,1,1,1,0,0,0,0,0,0,0,0,0,0,0,1,0,0,0,0,0,0
540000.0,Honda CBR 1100XX,Курган,85000.0,1100,бензин,23,0,1,1,1,0,0,0,0,0,0,0,0,0,1,0,0,0,0,0,0,0,0
540000.0,Honda CBR 600RR,Уссурийск,34000.0,600,бензин,21,0,1,1,1,0,0,0,0,0,0,0,0,0,1,0,0,0,0,0,0,0,0
540000.0,KTM 390 Duke,Омск,4071.0,390,бензин,4,0,1,1,0,0,0,0,1,0,0,0,0,0,0,0,0,0,0,0,0,0,1
540000.0,Yamaha Royal Star,Япония<!-- --> <!-- -->→<!-- --> <!-- -->Иркутск,8802.0,1300,бензин,29,0,1,0,1,0,0,0,0,0,0,0,0,0,0,0,0,0,0,0,0,1,0
540000.0,Suzuki SV 650A,Владивосток,48139.0,645,бензин,9,0,1,1,1,0,0,0,0,0,0,0,0,0,0,0,0,0,0,1,0,0,0
540000.0,Honda CBR 600F4,Чита,18000.0,600,бензин,24,0,1,1,1,0,0,0,0,0,0,0,0,0,1,0,0,0,0,0,0,0,0
540007.0,Triumph Speedmaster,Владивосток,15900.0,835,бензин,18,0,1,0,1,0,0,0,0,0,0,0,0,0,0,0,0,0,0,0,1,0,0
545000.0,Honda CB 1300,Новосибирск,59000.0,1300,бензин,26,0,1,0,0,0,0,0,1,0,0,0,0,0,1,0,0,0,0,0,0,0,0
545000.0,Kawasaki Ninja 400,Япония<!-- --> <!-- -->→<!-- --> <!-- -->Владивосток,7394.0,400,бензин,3,0,1,1,1,0,0,0,0,0,0,0,0,0,0,0,1,0,0,0,0,0,0
545000.0,Kawasaki Ninja 400,Япония<!-- --> <!-- -->→<!-- --> <!-- -->Владивосток,10736.0,400,бензин,7,0,1,1,1,0,0,0,0,0,0,0,0,0,0,0,1,0,0,0,0,0,0
545000.0,KTM 390 Adventure,Япония<!-- --> <!-- -->→<!-- --> <!-- -->Владивосток,9838.0,390,бензин,5,0,1,1,1,0,0,0,0,0,0,0,0,0,0,0,0,0,0,0,0,0,1
545000.0,Honda CB 350RS,Барнаул,300.0,350,бензин,2,0,1,1,1,0,0,0,0,0,0,0,0,0,1,0,0,0,0,0,0,0,0
545000.0,Honda CB 1100,Владивосток,55531.0,1100,бензин,15,0,1,1,1,0,0,0,0,0,0,0,0,0,1,0,0,0,0,0,0,0,0
545000.0,Kawasaki Z 1000,Находка,55800.0,1000,бензин,16,0,1,1,1,0,0,0,0,0,0,0,0,0,0,0,1,0,0,0,0,0,0
545000.0,Kawasaki VN Vulcan,Хабаровск,55451.0,650,бензин,9,0,1,1,1,0,0,0,0,0,0,0,0,0,0,0,1,0,0,0,0,0,0
545000.0,Honda CB 400X,Владивосток,5800.0,400,бензин,8,0,1,1,1,0,0,0,0,0,0,0,0,0,1,0,0,0,0,0,0,0,0
545000.0,Honda CB 1300SF,Владивосток,25397.0,1300,бензин,26,0,1,0,1,0,0,0,0,0,0,0,0,0,1,0,0,0,0,0,0,0,0
545000.0,Yamaha XJ 900 Diversion,Нижний Новгород,31325.0,600,бензин,16,0,1,1,0,0,0,0,1,0,0,0,0,0,0,0,0,0,0,0,0,1,0
545000.0,Suzuki GSR 750A,Владивосток,123402.0,749,бензин,10,0,1,1,1,0,0,0,0,0,0,0,0,0,0,0,0,0,0,1,0,0,0
548000.0,Yamaha XT 250,Находка,34000.0,250,бензин,6,0,1,1,1,0,0,0,0,0,0,0,0,0,0,0,0,0,0,0,0,1,0
548000.0,Honda NC 700 Integra,Находка,41400.0,700,бензин,13,1,1,1,1,0,0,0,0,0,0,0,0,0,1,0,0,0,0,0,0,0,0
549000.0,Yamaha TDM 900,Владивосток,1.0,897,бензин,15,0,1,1,1,0,0,0,0,0,0,0,0,0,0,0,0,0,0,0,0,1,0
549000.0,Honda NC 750S,Владивосток,30825.0,750,бензин,9,0,1,1,1,0,0,0,0,0,0,0,0,0,1,0,0,0,0,0,0,0,0
549000.0,Yamaha YZ 250FX,Владивосток,70.0,249,бензин,9,0,1,1,1,0,0,0,0,0,0,0,0,0,0,0,0,0,0,0,0,1,0
549000.0,Suzuki GSX 1300R Hayabusa,Владивосток,1.0,1300,бензин,24,0,1,1,1,0,0,0,0,0,0,0,0,0,0,0,0,0,0,1,0,0,0
549000.0,Honda CBR 600RR,Владивосток,30181.0,599,бензин,22,0,1,1,1,0,0,0,0,0,0,0,0,0,1,0,0,0,0,0,0,0,0
549000.0,Kawasaki Ninja 400,Абакан,15000.0,400,бензин,10,0,1,1,1,0,0,0,0,0,0,0,0,0,0,0,1,0,0,0,0,0,0
549000.0,Yamaha FZ 1,Владивосток,22175.0,998,бензин,18,0,1,1,1,0,0,0,0,0,0,0,0,0,0,0,0,0,0,0,0,1,0
549990.0,Honda CRF 250L,Новосибирск,8600.0,250,бензин,10,0,1,1,0,0,0,0,1,0,0,0,0,0,1,0,0,0,0,0,0,0,0
549999.0,Harley-Davidson Street 750 XG750,Красноярск,10700.0,750,бензин,10,0,1,1,0,0,0,0,1,0,0,0,0,1,0,0,0,0,0,0,0,0,0
550000.0,Yamaha BT 1100 Bulldog,Екатеринбург,36277.0,1063,бензин,23,0,1,0,0,0,0,0,1,0,0,0,0,0,0,0,0,0,0,0,0,1,0
550000.0,Honda ST 1300,Хабаровск,17867.0,1300,бензин,17,0,1,1,1,0,0,0,0,0,0,0,0,0,1,0,0,0,0,0,0,0,0
550000.0,Honda CBR 600RR,Артём,32000.0,600,бензин,22,0,1,1,1,0,0,0,0,0,0,0,0,0,1,0,0,0,0,0,0,0,0
550000.0,Honda CBR 929RR,Уссурийск,30498.0,929,бензин,24,0,1,1,1,0,0,0,0,0,0,0,0,0,1,0,0,0,0,0,0,0,0
550000.0,Suzuki DR-Z 400S,Рубцовск,27869.0,400,бензин,21,0,1,0,1,0,0,0,0,0,0,0,0,0,0,0,0,0,0,1,0,0,0
550000.0,Honda VT 1100C2,Якутск,30000.0,1100,бензин,21,0,1,0,1,0,0,0,0,0,0,0,0,0,1,0,0,0,0,0,0,0,0
550000.0,Yamaha Serow,Хилок,18842.0,250,бензин,6,0,1,1,1,0,0,0,0,0,0,0,0,0,0,0,0,0,0,0,0,1,0
550000.0,Triumph Sprint ST 1050,Краснодар,42760.0,126,бензин,19,0,1,1,0,0,0,0,1,0,0,0,0,0,0,0,0,0,0,0,1,0,0
550000.0,Suzuki GSX-R 600,Япония<!-- --> <!-- -->→<!-- --> <!-- -->Владивосток,21728.0,600,бензин,18,0,1,1,1,0,0,0,0,0,0,0,0,0,0,0,0,0,0,1,0,0,0
550000.0,Suzuki SV 650X,Владивосток,20000.0,650,бензин,6,0,1,1,1,0,0,0,0,0,0,0,0,0,0,0,0,0,0,1,0,0,0
550000.0,Kawasaki ER-6n,Новосибирск,43470.0,649,бензин,13,0,1,1,0,0,0,0,1,0,0,0,0,0,0,0,1,0,0,0,0,0,0
550000.0,Honda CRF,Советская Гавань,220.0,450,бензин,7,0,1,1,1,0,0,0,0,0,0,0,0,0,1,0,0,0,0,0,0,0,0
550000.0,BMW R 1150 RT,Ливны,46000.0,1150,бензин,22,0,1,1,1,0,0,0,0,0,0,0,0,0,0,0,0,0,0,0,0,0,1
550000.0,Yamaha XVS 1100,Ивантеевка,52000.0,1100,бензин,21,0,1,0,0,0,0,1,0,0,0,0,0,0,0,0,0,0,0,0,0,1,0
550000.0,Honda Africa Twin,Бердск,30000.0,650,бензин,37,0,1,0,1,0,0,0,0,0,0,0,0,0,1,0,0,0,0,0,0,0,0
550000.0,Kawasaki Ninja 650,Владивосток,32000.0,650,бензин,13,0,1,1,1,0,0,0,0,0,0,0,0,0,0,0,1,0,0,0,0,0,0
550000.0,KTM 690 SMC,Япония<!-- --> <!-- -->→<!-- --> <!-- -->Владивосток,13740.0,690,бензин,17,0,1,0,1,0,0,0,0,0,0,0,0,0,0,0,0,0,0,0,0,0,1
550000.0,Suzuki SV 650S,Екатеринбург,44627.0,645,бензин,17,0,1,1,0,0,0,0,1,0,0,0,0,0,0,0,0,0,0,1,0,0,0
550000.0,Kawasaki Z 1000,Екатеринбург,47000.0,953,бензин,18,0,1,1,0,0,0,0,1,0,0,0,0,0,0,0,1,0,0,0,0,0,0
550000.0,Suzuki VL1500 Intruder,Хабаровск,48935.0,1500,бензин,25,0,1,0,1,0,0,0,0,0,0,0,0,0,0,0,0,0,0,1,0,0,0
550000.0,Suzuki Bandit,Япония<!-- --> <!-- -->→<!-- --> <!-- -->Владивосток,2833.0,1250,бензин,14,0,1,1,1,0,0,0,0,0,0,0,0,0,0,0,0,0,0,1,0,0,0
550000.0,Honda CMX,Москва,13907.0,300,бензин,8,0,1,1,0,0,1,0,0,0,0,0,0,0,1,0,0,0,0,0,0,0,0
550000.0,Honda Shadow 1100,Новосибирск,58000.0,1099,бензин,23,0,1,0,0,0,0,0,1,0,0,0,0,0,1,0,0,0,0,0,0,0,0
550000.0,Kawasaki ER-6n,Кемерово,30000.0,650,бензин,13,0,1,1,1,0,0,0,0,0,0,0,0,0,0,0,1,0,0,0,0,0,0
550000.0,CFMoto 650 GT,Бийск,2000.0,650,бензин,3,0,1,1,1,0,0,0,0,0,0,1,0,0,0,0,0,0,0,0,0,0,0
550000.0,Kawasaki VN Vulcan 1500 Classic,Сургут,36000.0,1500,бензин,22,0,1,0,1,0,0,0,0,0,0,0,0,0,0,0,1,0,0,0,0,0,0
550000.0,Honda CB 600F Hornet,Братск,34300.0,600,бензин,17,0,1,1,1,0,0,0,0,0,0,0,0,0,1,0,0,0,0,0,0,0,0
550000.0,Yamaha XJR 1200,Япония<!-- --> <!-- -->→<!-- --> <!-- -->Красноярск,9000.0,1200,бензин,31,0,1,0,1,0,0,0,0,0,0,0,0,0,0,0,0,0,0,0,0,1,0
550000.0,Suzuki VL1500 Intruder,Хороль,46.0,1500,бензин,26,0,1,0,1,0,0,0,0,0,0,0,0,0,0,0,0,0,0,1,0,0,0
550000.0,Kawasaki VN Vulcan 1600,Красноярск,28000.0,1600,бензин,21,0,0,1,0,0,0,0,1,0,0,0,0,0,0,0,1,0,0,0,0,0,0
550000.0,Kawasaki Ninja ZX,Томск,10000.0,636,бензин,17,0,1,1,1,0,0,0,0,0,0,0,0,0,0,0,1,0,0,0,0,0,0
550000.0,Suzuki Boulevard M50,Канск,17500.0,800,бензин,16,0,1,1,1,0,0,0,0,0,0,0,0,0,0,0,0,0,0,1,0,0,0
550000.0,Husqvarna FE 350,Владивосток,5000.0,350,бензин,7,0,1,1,1,0,0,0,0,0,0,0,0,0,0,0,0,0,0,0,0,0,1
550000.0,Ducati Hypermotard 821,Япония<!-- --> <!-- -->→<!-- --> <!-- -->Владивосток,18612.0,821,бензин,10,0,0,1,1,0,0,0,0,0,0,0,1,0,0,0,0,0,0,0,0,0,0
550000.0,Suzuki RM-Z 450,Таксимо,50.0,450,бензин,13,0,1,1,1,0,0,0,0,0,0,0,0,0,0,0,0,0,0,1,0,0,0
550000.0,Suzuki V-Strom 650,Минусинск,59000.0,650,бензин,12,0,1,1,1,0,0,0,0,0,0,0,0,0,0,0,0,0,0,1,0,0,0
550000.0,Yamaha FZ 1,Владивосток,31621.0,998,бензин,18,0,1,1,1,0,0,0,0,0,0,0,0,0,0,0,0,0,0,0,0,1,0
550000.0,Yamaha MT-03,Красноярск,11400.0,320,бензин,4,0,1,1,0,0,0,0,1,0,0,0,0,0,0,0,0,0,0,0,0,1,0
550000.0,Honda CBR 1100XX,Яя,30000.0,1137,бензин,26,0,1,1,1,0,0,0,0,0,0,0,0,0,1,0,0,0,0,0,0,0,0
550000.0,Kawasaki Z 1000,Златоуст,32000.0,1000,бензин,19,0,1,1,1,0,0,0,0,0,0,0,0,0,0,0,1,0,0,0,0,0,0
550000.0,Suzuki SV 1000,Благовещенск,1000.0,1000,бензин,20,0,1,1,1,0,0,0,0,0,0,0,0,0,0,0,0,0,0,1,0,0,0
550000.0,Yamaha Dragstar / V-Star / XVS,Япония<!-- --> <!-- -->→<!-- --> <!-- -->Владивосток,19177.0,400,бензин,20,0,1,0,1,0,0,0,0,0,0,0,0,0,0,0,0,0,0,0,0,1,0
550000.0,Kawasaki Ninja ZX-10R,Константиновка,32000.0,1000,бензин,20,0,1,1,1,0,0,0,0,0,0,0,0,0,0,0,1,0,0,0,0,0,0
550000.0,Honda X11,Москва,24884.0,1137,бензин,24,0,1,1,0,0,1,0,0,0,0,0,0,0,1,0,0,0,0,0,0,0,0
550000.0,Yamaha Dragstar / V-Star / XVS,Барнаул,60.0,1100,бензин,22,0,1,0,1,0,0,0,0,0,0,0,0,0,0,0,0,0,0,0,0,1,0
550000.0,Honda CRF 250L,Осинники,12000.0,250,бензин,6,0,1,1,1,0,0,0,0,0,0,0,0,0,1,0,0,0,0,0,0,0,0
550000.0,Husqvarna FE 350,Дальнереченск,100.0,350,бензин,7,0,1,1,1,0,0,0,0,0,0,0,0,0,0,0,0,0,0,0,0,0,1
550000.0,Kawasaki ER-6F,Абакан,30000.0,650,бензин,15,0,1,1,1,0,0,0,0,0,0,0,0,0,0,0,1,0,0,0,0,0,0
550000.0,Suzuki GSF 1250S Bandit,Тюмень,54000.0,1255,бензин,18,0,1,1,1,0,0,0,0,0,0,0,0,0,0,0,0,0,0,1,0,0,0
550000.0,Honda X11,Новосибирск,52800.0,1100,бензин,22,0,1,1,0,0,0,0,1,0,0,0,0,0,1,0,0,0,0,0,0,0,0
550000.0,BMW R 1100 S,Курган,80000.0,1100,бензин,24,0,1,1,1,0,0,0,0,0,0,0,0,0,0,0,0,0,0,0,0,0,1
550000.0,Honda XR 600R,Кингисепп,14092.0,600,бензин,29,0,1,0,0,1,0,0,0,0,0,0,0,0,1,0,0,0,0,0,0,0,0
550000.0,Suzuki Boulevard M50,Ангарск,25000.0,800,бензин,19,0,1,1,1,0,0,0,0,0,0,0,0,0,0,0,0,0,0,1,0,0,0
550000.0,Kawasaki VN Vulcan 900,Омск,23000.0,900,бензин,18,0,1,1,0,0,0,0,1,0,0,0,0,0,0,0,1,0,0,0,0,0,0
550000.0,Yamaha TDM 900,Яйва,32933.0,897,бензин,23,0,1,1,1,0,0,0,0,0,0,0,0,0,0,0,0,0,0,0,0,1,0
550000.0,Harley-Davidson Sportster 883,Казань,30000.0,883,бензин,22,0,0,0,0,0,0,0,1,0,0,0,0,1,0,0,0,0,0,0,0,0,0
550000.0,Honda CBR 1100XX,Северская,77000.0,1100,бензин,23,0,1,1,1,0,0,0,0,0,0,0,0,0,1,0,0,0,0,0,0,0,0
550000.0,Kawasaki Ninja 650,Владивосток,30000.0,649,бензин,13,0,1,1,1,0,0,0,0,0,0,0,0,0,0,0,1,0,0,0,0,0,0
550000.0,Honda CBR 929RR,совхоза Комсомолец,52400.0,929,бензин,24,0,1,1,1,0,0,0,0,0,0,0,0,0,1,0,0,0,0,0,0,0,0
550000.0,Yamaha YZ 250FX,Владивосток,260.0,249,бензин,8,0,1,1,1,0,0,0,0,0,0,0,0,0,0,0,0,0,0,0,0,1,0
550000.0,Yamaha YZ 250F,Находка,1.0,250,бензин,9,0,1,1,1,0,0,0,0,0,0,0,0,0,0,0,0,0,0,0,0,1,0
550000.0,Honda VFR 800A,Хабаровск,26000.0,800,бензин,19,0,1,1,1,0,0,0,0,0,0,0,0,0,1,0,0,0,0,0,0,0,0
550000.0,KTM 450 EXC-F,Кудряшовский,8500.0,450,бензин,10,0,1,1,1,0,0,0,0,0,0,0,0,0,0,0,0,0,0,0,0,0,1
550000.0,Yamaha XJR 1200,Новокузнецк,5700.0,1200,бензин,28,0,1,0,1,0,0,0,0,0,0,0,0,0,0,0,0,0,0,0,0,1,0
550000.0,Suzuki GSX S1000GT,Назрань,8800.0,1000,бензин,17,0,1,1,1,0,0,0,0,0,0,0,0,0,0,0,0,0,0,1,0,0,0
550000.0,Husqvarna SM 450R,Оренбург,5000.0,449,бензин,14,0,1,1,1,0,0,0,0,0,0,0,0,0,0,0,0,0,0,0,0,0,1
550000.0,Kawasaki Ninja ZX-12R,Минусинск,22579.0,1200,бензин,22,0,1,1,1,0,0,0,0,0,0,0,0,0,0,0,1,0,0,0,0,0,0
550000.0,Honda VTX 1300S,Краснодар,49000.0,1300,бензин,22,0,1,0,0,0,0,0,1,0,0,0,0,0,1,0,0,0,0,0,0,0,0
550000.0,KTM 450 SX-F,Тюмень,210.0,450,бензин,7,0,1,1,1,0,0,0,0,0,0,0,0,0,0,0,0,0,0,0,0,0,1
550000.0,Husqvarna SM 450R,Новосибирск,6442.0,450,бензин,21,0,1,1,0,0,0,0,1,0,0,0,0,0,0,0,0,0,0,0,0,0,1
550000.0,Yamaha MT-03,Люберцы,22220.0,321,бензин,6,0,0,1,0,0,0,1,0,0,0,0,0,0,0,0,0,0,0,0,0,1,0
550000.0,Yamaha YZF-R6,Ангарск,25000.0,600,бензин,22,0,1,1,1,0,0,0,0,0,0,0,0,0,0,0,0,0,0,0,0,1,0
550000.0,Kawasaki Ninja 400,Томск,34824.0,400,бензин,5,0,1,1,1,0,0,0,0,0,0,0,0,0,0,0,1,0,0,0,0,0,0
550000.0,Suzuki GSX-R 750,Нерюнгри,58000.0,750,бензин,20,0,1,1,1,0,0,0,0,0,0,0,0,0,0,0,0,0,0,1,0,0,0
550000.0,Yamaha YZF-R1,Хабаровск,29000.0,1000,бензин,21,0,1,1,1,0,0,0,0,0,0,0,0,0,0,0,0,0,0,0,0,1,0
550000.0,Honda CBR 600RR,Большой Камень,65000.0,600,бензин,18,0,1,1,1,0,0,0,0,0,0,0,0,0,1,0,0,0,0,0,0,0,0
550000.0,Benelli TRK 502,Краснодар,4500.0,500,бензин,3,0,1,1,0,0,0,0,1,0,1,0,0,0,0,0,0,0,0,0,0,0,0
550000.0,Suzuki GSF 1200S Bandit,Новосибирск,26555.0,1200,бензин,19,0,1,0,0,0,0,0,1,0,0,0,0,0,0,0,0,0,0,1,0,0,0
550000.0,Honda GL 1500SE,Москва,14000.0,1500,бензин,37,0,1,0,0,0,1,0,0,0,0,0,0,0,1,0,0,0,0,0,0,0,0
550000.0,Suzuki V-Strom 650,Владивосток,27000.0,650,бензин,14,0,1,1,1,0,0,0,0,0,0,0,0,0,0,0,0,0,0,1,0,0,0
550000.0,Yamaha FJR 1300,Владивосток,74393.0,1300,бензин,20,0,1,1,1,0,0,0,0,0,0,0,0,0,0,0,0,0,0,0,0,1,0
550000.0,Honda CRF 250L,Саяногорск,6000.0,250,бензин,11,0,1,1,1,0,0,0,0,0,0,0,0,0,1,0,0,0,0,0,0,0,0
550000.0,Honda NC 700X,Севастополь,62000.0,700,бензин,13,0,1,1,1,0,0,0,0,0,0,0,0,0,1,0,0,0,0,0,0,0,0
550000.0,Kawasaki Ninja 400,Омск,10000.0,400,бензин,11,0,1,1,0,0,0,0,1,0,0,0,0,0,0,0,1,0,0,0,0,0,0
550000.0,Honda NC 700X,Минск,39980.0,680,бензин,13,0,1,1,1,0,0,0,0,0,0,0,0,0,1,0,0,0,0,0,0,0,0
550000.0,Honda NM4,Владивосток,44266.0,745,бензин,8,1,1,1,1,0,0,0,0,0,0,0,0,0,1,0,0,0,0,0,0,0,0
550000.0,BMW R 1150 GS,Новосибирск,48358.0,1150,бензин,23,0,1,1,0,0,0,0,1,0,0,0,0,0,0,0,0,0,0,0,0,0,1
550000.0,Honda VT 750,Москва,36000.0,750,бензин,21,0,1,0,0,0,1,0,0,0,0,0,0,0,1,0,0,0,0,0,0,0,0
554000.0,Suzuki SV 650,Владивосток,14916.0,650,бензин,9,0,1,1,1,0,0,0,0,0,0,0,0,0,0,0,0,0,0,1,0,0,0
555000.0,Honda NC 700S,Красноярск,5000.0,669,бензин,13,0,1,1,0,0,0,0,1,0,0,0,0,0,1,0,0,0,0,0,0,0,0
555000.0,Kawasaki VN Vulcan 900 Classic,Япония<!-- --> <!-- -->→<!-- --> <!-- -->Владивосток,22366.0,900,бензин,15,0,1,1,1,0,0,0,0,0,0,0,0,0,0,0,1,0,0,0,0,0,0
555000.0,Honda NC 700S,Владивосток,20322.0,669,бензин,13,0,1,1,1,0,0,0,0,0,0,0,0,0,1,0,0,0,0,0,0,0,0
555000.0,Suzuki V-Strom 250,Анапа,5740.0,250,бензин,7,0,1,1,1,0,0,0,0,0,0,0,0,0,0,0,0,0,0,1,0,0,0
555000.0,Honda X4,Уссурийск,39000.0,1300,бензин,24,0,1,0,1,0,0,0,0,0,0,0,0,0,1,0,0,0,0,0,0,0,0
555000.0,BMW R 1200 ST,Заречный,81000.0,1170,бензин,19,0,1,1,1,0,0,0,0,0,0,0,0,0,0,0,0,0,0,0,0,0,1
555000.0,Ducati Monster 797,Япония<!-- --> <!-- -->→<!-- --> <!-- -->Владивосток,15031.0,803,бензин,7,0,1,1,1,0,0,0,0,0,0,0,1,0,0,0,0,0,0,0,0,0,0
555555.0,Honda XL 1000V Varadero,Хабаровск,70000.0,998,бензин,21,0,1,1,1,0,0,0,0,0,0,0,0,0,1,0,0,0,0,0,0,0,0
555555.0,Honda CB 600F Hornet,Москва,30000.0,600,бензин,17,0,1,1,0,0,1,0,0,0,0,0,0,0,1,0,0,0,0,0,0,0,0
555700.0,Suzuki DR-Z 400S,Хабаровск,17000.0,400,бензин,24,0,1,0,1,0,0,0,0,0,0,0,0,0,0,0,0,0,0,1,0,0,0
558000.0,Yamaha XJR 1300,Красноярск,14780.0,1300,бензин,24,0,1,0,0,0,0,0,1,0,0,0,0,0,0,0,0,0,0,0,0,1,0
559000.0,Kawasaki Ninja ZX-10R,Владивосток,221.0,998,бензин,20,0,1,1,1,0,0,0,0,0,0,0,0,0,0,0,1,0,0,0,0,0,0
559000.0,Kawasaki ZZR 1400,Владивосток,47226.0,1352,бензин,17,0,1,1,1,0,0,0,0,0,0,0,0,0,0,0,1,0,0,0,0,0,0
560000.0,Honda NC 700XA,Омск,69500.0,700,бензин,11,0,1,1,0,0,0,0,1,0,0,0,0,0,1,0,0,0,0,0,0,0,0
560000.0,Yamaha FJR 1300,Новосибирск,90000.0,1300,бензин,22,0,1,1,0,0,0,0,1,0,0,0,0,0,0,0,0,0,0,0,0,1,0
560000.0,Ducati Scrambler,Япония<!-- --> <!-- -->→<!-- --> <!-- -->Владивосток,11702.0,803,бензин,9,0,1,1,1,0,0,0,0,0,0,0,1,0,0,0,0,0,0,0,0,0,0
560000.0,Suzuki RM-Z 250,Уссурийск,1.0,250,бензин,3,0,1,1,1,0,0,0,0,0,0,0,0,0,0,0,0,0,0,1,0,0,0
560000.0,BMW K 1200 RS,Одинцово,18500.0,1200,бензин,24,0,1,1,0,0,0,1,0,0,0,0,0,0,0,0,0,0,0,0,0,0,1
560000.0,Ducati Hypermotard,Новосибирск,42000.0,1100,бензин,17,0,1,1,0,0,0,0,1,0,0,0,1,0,0,0,0,0,0,0,0,0,0
560000.0,Yamaha YZF-R6,Омск,26500.0,600,бензин,21,0,1,1,0,0,0,0,1,0,0,0,0,0,0,0,0,0,0,0,0,1,0
560000.0,Ducati Scrambler,Япония<!-- --> <!-- -->→<!-- --> <!-- -->Владивосток,6610.0,803,бензин,7,0,1,1,1,0,0,0,0,0,0,0,1,0,0,0,0,0,0,0,0,0,0
560000.0,Honda X4,Фёдоровский,31149.0,1299,бензин,28,0,1,0,1,0,0,0,0,0,0,0,0,0,1,0,0,0,0,0,0,0,0
560000.0,Suzuki SV 650,Япония<!-- --> <!-- -->→<!-- --> <!-- -->Владивосток,11123.0,650,бензин,6,0,1,1,1,0,0,0,0,0,0,0,0,0,0,0,0,0,0,1,0,0,0
560000.0,Honda NC 700SA,Киров,48726.0,700,бензин,12,0,1,1,1,0,0,0,0,0,0,0,0,0,1,0,0,0,0,0,0,0,0
560000.0,Kawasaki VN Vulcan 900,Япония<!-- --> <!-- -->→<!-- --> <!-- -->Владивосток,8121.0,900,бензин,16,0,1,1,1,0,0,0,0,0,0,0,0,0,0,0,1,0,0,0,0,0,0
560000.0,Ducati Scrambler,Япония<!-- --> <!-- -->→<!-- --> <!-- -->Владивосток,8595.0,803,бензин,10,0,1,1,1,0,0,0,0,0,0,0,1,0,0,0,0,0,0,0,0,0,0
560000.0,Ducati Streetfighter,Япония<!-- --> <!-- -->→<!-- --> <!-- -->Владивосток,4928.0,1100,бензин,14,0,1,1,1,0,0,0,0,0,0,0,1,0,0,0,0,0,0,0,0,0,0
560000.0,Yamaha MT-01,Кемерово,36000.0,1700,бензин,20,0,1,1,1,0,0,0,0,0,0,0,0,0,0,0,0,0,0,0,0,1,0
560000.0,Honda CBR 600F4i,Кемерово,45000.0,599,бензин,22,0,1,1,1,0,0,0,0,0,0,0,0,0,1,0,0,0,0,0,0,0,0
560000.0,Ducati Monster 696,Новосибирск,14759.0,696,бензин,15,0,1,1,0,0,0,0,1,0,0,0,1,0,0,0,0,0,0,0,0,0,0
565000.0,Ducati Streetfighter 848,Япония<!-- --> <!-- -->→<!-- --> <!-- -->Владивосток,15774.0,848,бензин,13,0,1,1,1,0,0,0,0,0,0,0,1,0,0,0,0,0,0,0,0,0,0
565000.0,Suzuki GSF 1250SA Bandit,Санкт-Петербург,39000.0,1250,бензин,16,0,1,1,0,0,0,0,0,1,0,0,0,0,0,0,0,0,0,1,0,0,0
565000.0,Yamaha Dragstar / V-Star / XVS,Благовещенск,15900.0,1100,бензин,19,0,1,0,1,0,0,0,0,0,0,0,0,0,0,0,0,0,0,0,0,1,0
565000.0,Honda CRF 450R,Красноярск,1000.0,450,бензин,8,0,1,1,0,0,0,0,1,0,0,0,0,0,1,0,0,0,0,0,0,0,0
565000.0,Ducati Scrambler,Япония<!-- --> <!-- -->→<!-- --> <!-- -->Владивосток,9424.0,803,бензин,10,0,1,1,1,0,0,0,0,0,0,0,1,0,0,0,0,0,0,0,0,0,0
580000.0,Kawasaki KX 112,Красноярск,1.0,112,бензин,1,0,0,0,0,0,0,0,1,0,0,0,0,0,0,0,1,0,0,0,0,0,0
565000.0,MV Agusta Brutale 1000,Япония<!-- --> <!-- -->→<!-- --> <!-- -->Владивосток,11669.0,1078,бензин,13,0,1,1,1,0,0,0,0,0,0,0,0,0,0,0,0,1,0,0,0,0,0
565000.0,Yamaha FJR 1300,Владивосток,70000.0,1300,бензин,24,0,1,1,1,0,0,0,0,0,0,0,0,0,0,0,0,0,0,0,0,1,0
565000.0,Honda CRF 250L,Новосибирск,4500.0,250,бензин,12,0,1,1,0,0,0,0,1,0,0,0,0,0,1,0,0,0,0,0,0,0,0
565000.0,Triumph Tiger 1050,Владивосток,60246.0,1050,бензин,15,0,1,1,1,0,0,0,0,0,0,0,0,0,0,0,0,0,0,0,1,0,0
565565.0,Honda Africa Twin,Хабаровск,60661.0,750,бензин,22,0,1,1,1,0,0,0,0,0,0,0,0,0,1,0,0,0,0,0,0,0,0
569000.0,BMW R 1200 C,Ангарск,30000.0,1200,бензин,27,0,1,1,1,0,0,0,0,0,0,0,0,0,0,0,0,0,0,0,0,0,1
569000.0,Honda Hornet,Тюмень,37890.0,600,бензин,16,0,1,1,1,0,0,0,0,0,0,0,0,0,1,0,0,0,0,0,0,0,0
569000.0,Yamaha FZS 1000,Кемерово,43000.0,998,бензин,24,0,1,0,1,0,0,0,0,0,0,0,0,0,0,0,0,0,0,0,0,1,0
570000.0,Honda CBR 1100XX,Тында,20000.0,1137,бензин,24,0,1,1,1,0,0,0,0,0,0,0,0,0,1,0,0,0,0,0,0,0,0
570000.0,Yamaha Dragstar / V-Star / XVS,Иркутск,29164.0,1100,бензин,22,0,1,0,1,0,0,0,0,0,0,0,0,0,0,0,0,0,0,0,0,1,0
570000.0,Yamaha FZ 1,Новосибирск,38000.0,1000,бензин,16,0,1,1,0,0,0,0,1,0,0,0,0,0,0,0,0,0,0,0,0,1,0
570000.0,Honda NC 750X,Томск,28153.0,745,бензин,10,0,1,1,1,0,0,0,0,0,0,0,0,0,1,0,0,0,0,0,0,0,0
570000.0,Suzuki SV 650X,Япония<!-- --> <!-- -->→<!-- --> <!-- -->Владивосток,5466.0,650,бензин,5,0,1,1,1,0,0,0,0,0,0,0,0,0,0,0,0,0,0,1,0,0,0
570000.0,Yamaha XVS 950,Владивосток,20000.0,950,бензин,14,0,1,1,1,0,0,0,0,0,0,0,0,0,0,0,0,0,0,0,0,1,0
570000.0,Ducati Streetfighter 848,Япония<!-- --> <!-- -->→<!-- --> <!-- -->Владивосток,6915.0,848,бензин,13,0,1,1,1,0,0,0,0,0,0,0,1,0,0,0,0,0,0,0,0,0,0
570000.0,Yamaha XTZ 660 Tenere,Новосибирск,16248.0,660,бензин,26,0,1,0,0,0,0,0,1,0,0,0,0,0,0,0,0,0,0,0,0,1,0
570000.0,Yamaha XVS 1100,Хабаровск,29000.0,1100,бензин,19,0,1,0,1,0,0,0,0,0,0,0,0,0,0,0,0,0,0,0,0,1,0
570000.0,Yamaha Dragstar / V-Star / XVS,Новосибирск,18975.0,1100,бензин,19,0,1,0,0,0,0,0,1,0,0,0,0,0,0,0,0,0,0,0,0,1,0
570000.0,Yamaha TDM 900,Япония<!-- --> <!-- -->→<!-- --> <!-- -->Иркутск,53355.0,900,бензин,15,0,1,1,1,0,0,0,0,0,0,0,0,0,0,0,0,0,0,0,0,1,0
570000.0,Kawasaki Ninja,Братск,16600.0,650,бензин,11,0,0,1,1,0,0,0,0,0,0,0,0,0,0,0,1,0,0,0,0,0,0
570000.0,Honda X4,Райчихинск,19000.0,1300,бензин,27,0,1,0,1,0,0,0,0,0,0,0,0,0,1,0,0,0,0,0,0,0,0
570000.0,Yamaha Dragstar / V-Star / XVS,Япония<!-- --> <!-- -->→<!-- --> <!-- -->Владивосток,15000.0,1100,бензин,16,0,1,0,1,0,0,0,0,0,0,0,0,0,0,0,0,0,0,0,0,1,0
570000.0,Yamaha YZF-R6,Япония<!-- --> <!-- -->→<!-- --> <!-- -->Владивосток,42000.0,600,бензин,21,0,1,1,1,0,0,0,0,0,0,0,0,0,0,0,0,0,0,0,0,1,0
570000.0,Honda NC 750S,Петропавловск-Камчатский,4700.0,750,бензин,9,0,1,1,1,0,0,0,0,0,0,0,0,0,1,0,0,0,0,0,0,0,0
570000.0,Honda NC 700S,Находка,11041.0,700,бензин,12,0,1,1,1,0,0,0,0,0,0,0,0,0,1,0,0,0,0,0,0,0,0
570000.0,Triumph Street Triple,Томск,11423.0,675,бензин,16,0,1,1,1,0,0,0,0,0,0,0,0,0,0,0,0,0,0,0,1,0,0
570000.0,Honda X4,Минусинск,24000.0,1300,бензин,27,0,1,0,1,0,0,0,0,0,0,0,0,0,1,0,0,0,0,0,0,0,0
573000.0,Honda CB 400X,Ангарск,10000.0,400,бензин,11,0,1,1,1,0,0,0,0,0,0,0,0,0,1,0,0,0,0,0,0,0,0
575000.0,Honda NC 750X,Владивосток,25522.0,745,бензин,11,0,1,1,1,0,0,0,0,0,0,0,0,0,1,0,0,0,0,0,0,0,0
575000.0,Harley-Davidson Street 750 XG750,Владивосток,16710.0,749,бензин,11,0,1,1,1,0,0,0,0,0,0,0,0,1,0,0,0,0,0,0,0,0,0
575000.0,Kawasaki Ninja 400,Япония<!-- --> <!-- -->→<!-- --> <!-- -->Владивосток,2612.0,400,бензин,3,0,1,1,1,0,0,0,0,0,0,0,0,0,0,0,1,0,0,0,0,0,0
575000.0,Yamaha FZ 1,Владивосток,45000.0,1000,бензин,16,0,1,1,1,0,0,0,0,0,0,0,0,0,0,0,0,0,0,0,0,1,0
575000.0,Honda NC 700,Москва,50000.0,700,бензин,15,0,1,1,0,0,1,0,0,0,0,0,0,0,1,0,0,0,0,0,0,0,0
575000.0,Honda CBR 400R,Владивосток,15000.0,400,бензин,7,0,1,1,1,0,0,0,0,0,0,0,0,0,1,0,0,0,0,0,0,0,0
577000.0,Honda VF 1000,Спас-Деменск,43000.0,1100,бензин,41,0,1,0,1,0,0,0,0,0,0,0,0,0,1,0,0,0,0,0,0,0,0
579000.0,Suzuki SFV 650A Gladius,Черногорск,49000.0,650,бензин,14,0,1,1,1,0,0,0,0,0,0,0,0,0,0,0,0,0,0,1,0,0,0
579000.0,Yamaha FZ 1,Владивосток,26963.0,998,бензин,17,0,1,1,1,0,0,0,0,0,0,0,0,0,0,0,0,0,0,0,0,1,0
579000.0,Honda CB 1100,Владивосток,32736.0,1140,бензин,15,0,1,1,1,0,0,0,0,0,0,0,0,0,1,0,0,0,0,0,0,0,0
580000.0,Honda VTX 1800,Братск,125000.0,1800,бензин,24,0,1,1,1,0,0,0,0,0,0,0,0,0,1,0,0,0,0,0,0,0,0
580000.0,Honda CBR 1100XX,Камень-на-Оби,62000.0,1137,бензин,24,0,1,1,1,0,0,0,0,0,0,0,0,0,1,0,0,0,0,0,0,0,0
580000.0,Honda NC 700XD,Уссурийск,29670.0,700,бензин,13,1,1,1,1,0,0,0,0,0,0,0,0,0,1,0,0,0,0,0,0,0,0
580000.0,Honda CRF 250L,Анапа,7730.0,250,бензин,13,0,1,1,1,0,0,0,0,0,0,0,0,0,1,0,0,0,0,0,0,0,0
580000.0,Harley-Davidson Street Rod,Япония<!-- --> <!-- -->→<!-- --> <!-- -->Владивосток,985.0,749,бензин,9,0,1,1,1,0,0,0,0,0,0,0,0,1,0,0,0,0,0,0,0,0,0
580000.0,Yamaha Royal Star Tour Deluxe,Бугуруслан,75000.0,1300,бензин,28,0,1,0,1,0,0,0,0,0,0,0,0,0,0,0,0,0,0,0,0,1,0
580000.0,Yamaha YZF-R3,Япония<!-- --> <!-- -->→<!-- --> <!-- -->Владивосток,1538.0,320,бензин,5,0,1,1,1,0,0,0,0,0,0,0,0,0,0,0,0,0,0,0,0,1,0
580000.0,Yamaha XV950,Канск,4000.0,950,бензин,10,0,1,1,1,0,0,0,0,0,0,0,0,0,0,0,0,0,0,0,0,1,0
580000.0,Honda CRF 250 Rally,Хабаровск,6500.0,250,бензин,7,0,1,1,1,0,0,0,0,0,0,0,0,0,1,0,0,0,0,0,0,0,0
580000.0,Honda CB 1300,Тальменка,119000.0,1300,бензин,22,0,1,1,1,0,0,0,0,0,0,0,0,0,1,0,0,0,0,0,0,0,0
580000.0,Yamaha FZ 1,Москва,40000.0,1000,бензин,19,0,1,1,0,0,1,0,0,0,0,0,0,0,0,0,0,0,0,0,0,1,0
580000.0,Harley-Davidson Sportster 883 XL883,Уссурийск,60000.0,883,бензин,21,0,1,1,1,0,0,0,0,0,0,0,0,1,0,0,0,0,0,0,0,0,0
580000.0,BMW F 800 GS,Владивосток,24898.0,798,бензин,13,0,1,1,1,0,0,0,0,0,0,0,0,0,0,0,0,0,0,0,0,0,1
580000.0,Yamaha MT-03,Новосибирск,15851.0,320,бензин,5,0,1,1,0,0,0,0,1,0,0,0,0,0,0,0,0,0,0,0,0,1,0
580000.0,Yamaha FZ 1,Владивосток,46500.0,1000,бензин,15,0,1,1,1,0,0,0,0,0,0,0,0,0,0,0,0,0,0,0,0,1,0
580000.0,Yamaha YZF-R6,Барнаул,27000.0,599,бензин,24,0,1,1,1,0,0,0,0,0,0,0,0,0,0,0,0,0,0,0,0,1,0
580000.0,BMW K 1200 LT,Хабаровск,61000.0,1200,бензин,27,0,1,1,1,0,0,0,0,0,0,0,0,0,0,0,0,0,0,0,0,0,1
580000.0,Yamaha YZF-R3,Хабаровск,3000.0,321,бензин,6,0,1,1,1,0,0,0,0,0,0,0,0,0,0,0,0,0,0,0,0,1,0
580000.0,Harley-Davidson X500,Япония<!-- --> <!-- -->→<!-- --> <!-- -->Владивосток,1645.0,500,бензин,1,0,1,1,1,0,0,0,0,0,0,0,0,1,0,0,0,0,0,0,0,0,0
580000.0,Suzuki Bandit,Томск,35000.0,1250,бензин,16,0,1,1,1,0,0,0,0,0,0,0,0,0,0,0,0,0,0,1,0,0,0
580000.0,Honda CB 1300,Новосибирск,56355.0,1300,бензин,27,0,1,0,0,0,0,0,1,0,0,0,0,0,1,0,0,0,0,0,0,0,0
580000.0,Beta RR 2T 300,Красноярск,40000.0,300,бензин,5,0,0,0,0,0,0,0,1,0,0,0,0,0,0,0,0,0,0,0,0,0,1
580000.0,Honda Africa Twin,Чита,20000.0,750,бензин,25,0,1,0,1,0,0,0,0,0,0,0,0,0,1,0,0,0,0,0,0,0,0
580000.0,BMW R 1150 GS,Новосибирск,50329.0,1150,бензин,23,0,1,1,0,0,0,0,1,0,0,0,0,0,0,0,0,0,0,0,0,0,1
580000.0,Honda CRF 250L,Уссурийск,640.0,250,бензин,8,0,1,1,1,0,0,0,0,0,0,0,0,0,1,0,0,0,0,0,0,0,0
580000.0,Kawasaki Z 650,Новосибирск,57737.0,649,бензин,8,0,1,1,0,0,0,0,1,0,0,0,0,0,0,0,1,0,0,0,0,0,0
580000.0,Honda Shadow 1100,Владивосток,25000.0,1100,бензин,25,0,1,0,1,0,0,0,0,0,0,0,0,0,1,0,0,0,0,0,0,0,0
580000.0,Honda NC 700X,Краснодар,52000.0,700,бензин,13,0,1,1,0,0,0,0,1,0,0,0,0,0,1,0,0,0,0,0,0,0,0
580000.0,KTM 690 Duke,Красноярск,26000.0,690,бензин,13,0,1,1,0,0,0,0,1,0,0,0,0,0,0,0,0,0,0,0,0,0,1
580000.0,Suzuki RM-Z 250,Новосибирск,18.0,250,бензин,6,0,1,1,0,0,0,0,1,0,0,0,0,0,0,0,0,0,0,1,0,0,0
580000.0,Honda Shadow 750,Саяногорск,32500.0,750,бензин,17,0,1,1,1,0,0,0,0,0,0,0,0,0,1,0,0,0,0,0,0,0,0
580000.0,Yamaha XJ 6 N Diversion,Новокузнецк,30700.0,600,бензин,16,0,1,1,1,0,0,0,0,0,0,0,0,0,0,0,0,0,0,0,0,1,0
585000.0,KTM 950 Adventure,Сочи,80000.0,950,бензин,20,0,1,0,1,0,0,0,0,0,0,0,0,0,0,0,0,0,0,0,0,0,1
585000.0,Ducati Monster 797,Япония<!-- --> <!-- -->→<!-- --> <!-- -->Владивосток,8503.0,803,бензин,7,0,1,1,1,0,0,0,0,0,0,0,1,0,0,0,0,0,0,0,0,0,0
585000.0,Yamaha XG250 Tricker,Новосибирск,25460.0,250,бензин,7,0,1,1,0,0,0,0,1,0,0,0,0,0,0,0,0,0,0,0,0,1,0
585000.0,KTM RC 390,Новосибирск,5617.0,390,бензин,3,0,1,1,0,0,0,0,1,0,0,0,0,0,0,0,0,0,0,0,0,0,1
585000.0,Yamaha XT 250,Новосибирск,33379.0,250,бензин,8,0,1,1,0,0,0,0,1,0,0,0,0,0,0,0,0,0,0,0,0,1,0
585000.0,Suzuki GSX 1400,Владивосток,19560.0,1400,бензин,24,0,1,1,1,0,0,0,0,0,0,0,0,0,0,0,0,0,0,1,0,0,0
585000.0,Suzuki V-Strom 1000,Томск,71000.0,996,бензин,16,0,1,1,1,0,0,0,0,0,0,0,0,0,0,0,0,0,0,1,0,0,0
585000.0,Suzuki DR-Z 400S,Чита,16545.0,400,бензин,19,0,1,0,1,0,0,0,0,0,0,0,0,0,0,0,0,0,0,1,0,0,0
585000.0,Ducati Monster 1100,Екатеринбург,11500.0,1098,бензин,15,0,1,1,0,0,0,0,1,0,0,0,1,0,0,0,0,0,0,0,0,0,0
585000.0,Kawasaki Ninja 1000,Хабаровск,48000.0,1000,бензин,13,0,1,1,1,0,0,0,0,0,0,0,0,0,0,0,1,0,0,0,0,0,0
585000.0,Kawasaki KX 250,Красноярск,20.0,250,бензин,4,0,1,0,0,0,0,0,1,0,0,0,0,0,0,0,1,0,0,0,0,0,0
589999.0,Yamaha YZF-R6,Иркутск,38916.0,600,бензин,21,0,1,1,1,0,0,0,0,0,0,0,0,0,0,0,0,0,0,0,0,1,0
590000.0,Kawasaki VN Vulcan 900 Classic,Минусинск,40000.0,900,бензин,17,0,1,1,1,0,0,0,0,0,0,0,0,0,0,0,1,0,0,0,0,0,0
590000.0,Suzuki V-Strom 650,Владивосток,3183.0,650,бензин,13,0,1,1,1,0,0,0,0,0,0,0,0,0,0,0,0,0,0,1,0,0,0
590000.0,Suzuki GSX 1300R Hayabusa,Керчь,30000.0,1300,бензин,25,0,1,1,1,0,0,0,0,0,0,0,0,0,0,0,0,0,0,1,0,0,0
590000.0,BMW R 1200 ST,Севастополь,34093.0,1200,бензин,20,0,1,1,1,0,0,0,0,0,0,0,0,0,0,0,0,0,0,0,0,0,1
590000.0,Yamaha XVS 1100,Белореченск,12900.0,1100,бензин,18,0,1,0,1,0,0,0,0,0,0,0,0,0,0,0,0,0,0,0,0,1,0
590000.0,Yamaha YZF-R3,Владивосток,7436.0,320,бензин,7,0,1,1,1,0,0,0,0,0,0,0,0,0,0,0,0,0,0,0,0,1,0
590000.0,Yamaha YZ 250F,Москва,180.0,250,бензин,4,0,1,1,0,0,1,0,0,0,0,0,0,0,0,0,0,0,0,0,0,1,0
590000.0,Honda CB,Искитим,62000.0,1300,бензин,23,0,1,0,1,0,0,0,0,0,0,0,0,0,1,0,0,0,0,0,0,0,0
590000.0,Ducati Hypermotard 821,Япония<!-- --> <!-- -->→<!-- --> <!-- -->Владивосток,25900.0,821,бензин,11,0,1,1,1,0,0,0,0,0,0,0,1,0,0,0,0,0,0,0,0,0,0
590000.0,Honda NC 700X,Ижевск,32000.0,700,бензин,12,0,1,1,1,0,0,0,0,0,0,0,0,0,1,0,0,0,0,0,0,0,0
590000.0,Harley-Davidson Dyna Low Rider FXDL,Япония<!-- --> <!-- -->→<!-- --> <!-- -->Владивосток,15000.0,1450,бензин,26,0,1,0,1,0,0,0,0,0,0,0,0,1,0,0,0,0,0,0,0,0,0
590000.0,Honda NC 750S,Новосибирск,24000.0,750,бензин,11,0,1,1,0,0,0,0,1,0,0,0,0,0,1,0,0,0,0,0,0,0,0
590000.0,Ducati Monster 1100 Evo,Япония<!-- --> <!-- -->→<!-- --> <!-- -->Владивосток,17083.0,1100,бензин,10,0,1,1,1,0,0,0,0,0,0,0,1,0,0,0,0,0,0,0,0,0,0
590000.0,Yamaha FJR 1300,Владивосток,18271.0,1300,бензин,19,0,1,1,1,0,0,0,0,0,0,0,0,0,0,0,0,0,0,0,0,1,0
590000.0,KTM Freeride 250 R,Владивосток,961.0,250,бензин,9,0,0,0,1,0,0,0,0,0,0,0,0,0,0,0,0,0,0,0,0,0,1
590000.0,Honda CRF 250L,Владивосток,5000.0,250,бензин,4,0,1,1,1,0,0,0,0,0,0,0,0,0,1,0,0,0,0,0,0,0,0
590000.0,Yamaha Serow,Красноярск,22000.0,250,бензин,6,0,1,1,0,0,0,0,1,0,0,0,0,0,0,0,0,0,0,0,0,1,0
590000.0,Kawasaki 1400 GTR,Япония<!-- --> <!-- -->→<!-- --> <!-- -->Владивосток,33000.0,1400,бензин,18,0,1,1,1,0,0,0,0,0,0,0,0,0,0,0,1,0,0,0,0,0,0
590000.0,Honda CB,Владивосток,54000.0,400,бензин,30,0,1,0,1,0,0,0,0,0,0,0,0,0,1,0,0,0,0,0,0,0,0
590000.0,Suzuki V-Strom 650,Екатеринбург,54275.0,645,бензин,20,0,1,1,0,0,0,0,1,0,0,0,0,0,0,0,0,0,0,1,0,0,0
590000.0,Honda CBR 400R,Хабаровск,26483.0,399,бензин,5,0,1,1,1,0,0,0,0,0,0,0,0,0,1,0,0,0,0,0,0,0,0
590000.0,Kawasaki Ninja 400,Хабаровск,38811.0,398,бензин,5,0,1,1,1,0,0,0,0,0,0,0,0,0,0,0,1,0,0,0,0,0,0
590000.0,BMW R 1200 R,Япония<!-- --> <!-- -->→<!-- --> <!-- -->Владивосток,16702.0,1200,бензин,18,0,1,1,1,0,0,0,0,0,0,0,0,0,0,0,0,0,0,0,0,0,1
590007.0,Yamaha Royal Star Tour Classic,Владивосток,9600.0,1300,бензин,29,0,1,0,1,0,0,0,0,0,0,0,0,0,0,0,0,0,0,0,0,1,0
595000.0,Yamaha XJR 1300,Владивосток,24885.0,1300,бензин,17,0,1,1,1,0,0,0,0,0,0,0,0,0,0,0,0,0,0,0,0,1,0
595000.0,Honda CBR 600RR,Япония<!-- --> <!-- -->→<!-- --> <!-- -->Владивосток,59000.0,600,бензин,18,0,1,1,1,0,0,0,0,0,0,0,0,0,1,0,0,0,0,0,0,0,0
595000.0,Yamaha MT-03,Владивосток,2200.0,320,бензин,7,0,1,1,1,0,0,0,0,0,0,0,0,0,0,0,0,0,0,0,0,1,0
595000.0,Husqvarna Svartpilen 401,Находка,2150.0,373,бензин,4,0,1,1,1,0,0,0,0,0,0,0,0,0,0,0,0,0,0,0,0,0,1
595000.0,Triumph Street Triple,Япония<!-- --> <!-- -->→<!-- --> <!-- -->Владивосток,3238.0,675,бензин,9,0,1,1,1,0,0,0,0,0,0,0,0,0,0,0,0,0,0,0,1,0,0
595000.0,Honda NC 750XA,Иркутск,35536.0,750,бензин,11,0,1,1,1,0,0,0,0,0,0,0,0,0,1,0,0,0,0,0,0,0,0
595000.0,Suzuki GSX-R 600,Чита,35000.0,600,бензин,20,0,1,1,1,0,0,0,0,0,0,0,0,0,0,0,0,0,0,1,0,0,0
595000.0,Ducati Hypermotard,Япония<!-- --> <!-- -->→<!-- --> <!-- -->Владивосток,10792.0,820,бензин,11,0,1,1,1,0,0,0,0,0,0,0,1,0,0,0,0,0,0,0,0,0,0
595000.0,Yamaha XT 250,Красноярск,27000.0,250,бензин,5,0,1,1,0,0,0,0,1,0,0,0,0,0,0,0,0,0,0,0,0,1,0
595000.0,Honda NC 700S,Красноярск,15000.0,700,бензин,12,0,1,1,0,0,0,0,1,0,0,0,0,0,1,0,0,0,0,0,0,0,0
595000.0,KTM 390 Adventure,Владивосток,9700.0,390,бензин,4,0,1,1,1,0,0,0,0,0,0,0,0,0,0,0,0,0,0,0,0,0,1
595000.0,Honda NC 750X,Сочи,36000.0,750,бензин,10,0,1,1,1,0,0,0,0,0,0,0,0,0,1,0,0,0,0,0,0,0,0
595000.0,Kawasaki Z 800,Владивосток,27626.0,806,бензин,12,0,1,1,1,0,0,0,0,0,0,0,0,0,0,0,1,0,0,0,0,0,0
595000.0,Suzuki DR-Z 400SM,Владивосток,12000.0,400,бензин,7,0,1,0,1,0,0,0,0,0,0,0,0,0,0,0,0,0,0,1,0,0,0
597000.0,Yamaha MT-07,Красноярск,32000.0,700,бензин,11,0,1,1,0,0,0,0,1,0,0,0,0,0,0,0,0,0,0,0,0,1,0
597000.0,Suzuki GSX-R 600,Красноярск,5700.0,600,бензин,20,0,1,1,0,0,0,0,1,0,0,0,0,0,0,0,0,0,0,1,0,0,0
598000.0,Honda CBR 400R,Находка,2600.0,400,бензин,4,0,1,1,1,0,0,0,0,0,0,0,0,0,1,0,0,0,0,0,0,0,0
598700.0,Kawasaki VN Vulcan 900 Classic,Хабаровск,40102.0,900,бензин,17,0,1,1,1,0,0,0,0,0,0,0,0,0,0,0,1,0,0,0,0,0,0
598700.0,Yamaha XJR 1300,Хабаровск,19229.0,1300,бензин,19,0,1,0,1,0,0,0,0,0,0,0,0,0,0,0,0,0,0,0,0,1,0
599000.0,Honda NC 750S,Екатеринбург,62225.0,750,бензин,9,0,1,1,0,0,0,0,1,0,0,0,0,0,1,0,0,0,0,0,0,0,0
599000.0,Yamaha XVS 1100,Москва,35000.0,1100,бензин,26,0,1,0,0,0,1,0,0,0,0,0,0,0,0,0,0,0,0,0,0,1,0
599499.5,Triumph America,Пермь,14000.0,900,бензин,13,0,1,1,0,0,0,0,1,0,0,0,0,0,0,0,0,0,0,0,1,0,0
599000.0,Suzuki SFV 400 Gladius,Красноярск,6999.0,400,бензин,9,0,1,1,0,0,0,0,1,0,0,0,0,0,0,0,0,0,0,1,0,0,0
599000.0,Yamaha MT-07,Владивосток,28539.0,689,бензин,10,0,1,1,1,0,0,0,0,0,0,0,0,0,0,0,0,0,0,0,0,1,0
599000.0,Honda NC 700S,Омск,25000.0,700,бензин,13,0,1,1,0,0,0,0,1,0,0,0,0,0,1,0,0,0,0,0,0,0,0
599000.0,Honda CB 600F Hornet,Москва,29660.0,600,бензин,16,0,1,1,0,0,1,0,0,0,0,0,0,0,1,0,0,0,0,0,0,0,0
599000.0,Suzuki GSR 750A,Владивосток,45554.0,749,бензин,13,0,1,1,1,0,0,0,0,0,0,0,0,0,0,0,0,0,0,1,0,0,0
599000.0,Honda CBR 600F4i,Уссурийск,24563.0,599,бензин,22,0,1,1,1,0,0,0,0,0,0,0,0,0,1,0,0,0,0,0,0,0,0
599000.0,Harley-Davidson Street Glide FLHX,Владивосток,34956.0,1449,бензин,24,0,1,1,1,0,0,0,0,0,0,0,0,1,0,0,0,0,0,0,0,0,0
599000.0,Harley-Davidson Street 750 XG750,Владивосток,4988.0,749,бензин,9,0,1,1,1,0,0,0,0,0,0,0,0,1,0,0,0,0,0,0,0,0,0
599000.0,KTM 690 SMC,Ванино,15000.0,690,бензин,13,0,1,1,1,0,0,0,0,0,0,0,0,0,0,0,0,0,0,0,0,0,1
599000.0,Suzuki Bandit,Сочи,29000.0,1250,бензин,15,0,1,1,1,0,0,0,0,0,0,0,0,0,0,0,0,0,0,1,0,0,0
599000.0,Yamaha FZ6N,Махачкала,9950.0,600,бензин,16,0,1,1,1,0,0,0,0,0,0,0,0,0,0,0,0,0,0,0,0,1,0
599900.0,Kawasaki Ninja 400,Гомель,9500.0,399,бензин,2,0,1,1,1,0,0,0,0,0,0,0,0,0,0,0,1,0,0,0,0,0,0
599997.0,Honda VT 750S,Владивосток,30300.0,750,бензин,15,0,1,1,1,0,0,0,0,0,0,0,0,0,1,0,0,0,0,0,0,0,0
599999.0,Suzuki GSX 1300R Hayabusa,Владивосток,20000.0,1300,бензин,21,0,1,1,1,0,0,0,0,0,0,0,0,0,0,0,0,0,0,1,0,0,0
599999.0,Suzuki GSF 1250 Bandit,Москва,39000.0,1255,бензин,18,0,1,1,0,0,1,0,0,0,0,0,0,0,0,0,0,0,0,1,0,0,0
599999.0,Suzuki Boulevard M50,Уфа,42999.0,800,бензин,18,0,1,1,0,0,0,0,1,0,0,0,0,0,0,0,0,0,0,1,0,0,0
599999.0,Honda NC 700S,Владивосток,41500.0,700,бензин,12,0,1,1,1,0,0,0,0,0,0,0,0,0,1,0,0,0,0,0,0,0,0
599999.0,Kawasaki VN Vulcan 1500 Classic Tourer,Улан-Удэ,60000.0,1470,бензин,23,0,1,1,1,0,0,0,0,0,0,0,0,0,0,0,1,0,0,0,0,0,0
600000.0,Honda CBR 1000RR Fireblade,Южно-Сахалинск,6000.0,998,бензин,22,0,1,1,1,0,0,0,0,0,0,0,0,0,1,0,0,0,0,0,0,0,0
600000.0,Kawasaki VN Vulcan 900,Сочи,24000.0,903,бензин,17,0,1,1,1,0,0,0,0,0,0,0,0,0,0,0,1,0,0,0,0,0,0
600000.0,Yamaha XVS 950 Bolt,Новосибирск,50000.0,950,бензин,10,0,1,1,0,0,0,0,1,0,0,0,0,0,0,0,0,0,0,0,0,1,0
600000.0,Yamaha FZ6S,Екатеринбург,58324.0,600,бензин,19,0,1,1,0,0,0,0,1,0,0,0,0,0,0,0,0,0,0,0,0,1,0
600000.0,Honda VFR 800A,Москва,89000.0,800,бензин,16,0,1,1,0,0,1,0,0,0,0,0,0,0,1,0,0,0,0,0,0,0,0
600000.0,Honda CB 1300 Boldor,Тайшет,40000.0,1300,бензин,17,0,1,1,1,0,0,0,0,0,0,0,0,0,1,0,0,0,0,0,0,0,0
600000.0,Honda CBR 954RR,Минусинск,49000.0,954,бензин,22,0,1,1,1,0,0,0,0,0,0,0,0,0,1,0,0,0,0,0,0,0,0
600000.0,Honda CBR 600F4i,Новошахтинск,41000.0,600,бензин,24,0,1,1,1,0,0,0,0,0,0,0,0,0,1,0,0,0,0,0,0,0,0
600000.0,Kawasaki Ninja ZX-6R,Алдан,59000.0,600,бензин,14,0,1,1,1,0,0,0,0,0,0,0,0,0,0,0,1,0,0,0,0,0,0
600000.0,Yamaha FZ6S,Находка,24688.0,600,бензин,15,0,1,1,1,0,0,0,0,0,0,0,0,0,0,0,0,0,0,0,0,1,0
600000.0,Honda CRF 250L,Магадан,924.0,250,бензин,5,0,1,1,1,0,0,0,0,0,0,0,0,0,1,0,0,0,0,0,0,0,0
600000.0,Suzuki GSX 1300R Hayabusa,Благовещенск,32000.0,1300,бензин,25,0,1,1,1,0,0,0,0,0,0,0,0,0,0,0,0,0,0,1,0,0,0
600000.0,BMW G 310 GS,Красноярск,9200.0,310,бензин,6,0,1,1,0,0,0,0,1,0,0,0,0,0,0,0,0,0,0,0,0,0,1
600000.0,Suzuki GSR 750A,Владивосток,30825.0,750,бензин,12,0,1,1,1,0,0,0,0,0,0,0,0,0,0,0,0,0,0,1,0,0,0
600000.0,Kawasaki Ninja 650,Владивосток,33000.0,650,бензин,13,0,1,1,1,0,0,0,0,0,0,0,0,0,0,0,1,0,0,0,0,0,0
600000.0,Honda CB 900,Чита,35120.0,919,бензин,23,0,1,1,1,0,0,0,0,0,0,0,0,0,1,0,0,0,0,0,0,0,0
600000.0,Kawasaki Ninja 400,Япония<!-- --> <!-- -->→<!-- --> <!-- -->Иркутск,5786.0,400,бензин,7,0,1,1,1,0,0,0,0,0,0,0,0,0,0,0,1,0,0,0,0,0,0
600000.0,Yamaha Dragstar / V-Star / XVS,Барнаул,28000.0,1100,бензин,22,0,1,0,1,0,0,0,0,0,0,0,0,0,0,0,0,0,0,0,0,1,0
600000.0,Yamaha FZ 08,Москва,22500.0,800,бензин,13,0,1,1,0,0,1,0,0,0,0,0,0,0,0,0,0,0,0,0,0,1,0
600000.0,Yamaha FZ 08,Кемерово,47858.0,800,бензин,14,0,1,1,1,0,0,0,0,0,0,0,0,0,0,0,0,0,0,0,0,1,0
600000.0,Honda NC 700XA,Хабаровск,37420.0,700,бензин,13,0,1,1,1,0,0,0,0,0,0,0,0,0,1,0,0,0,0,0,0,0,0
600000.0,Gas Gas EC 300,Красноярск,200.0,300,бензин,8,0,0,0,0,0,0,0,1,0,0,0,0,0,0,0,0,0,0,0,0,0,1
600000.0,Kawasaki Z 1000,Братск,41000.0,1000,бензин,18,0,1,1,1,0,0,0,0,0,0,0,0,0,0,0,1,0,0,0,0,0,0
600000.0,Suzuki GSR 750A,Владивосток,27048.0,749,бензин,12,0,1,1,1,0,0,0,0,0,0,0,0,0,0,0,0,0,0,1,0,0,0
600000.0,Triumph Daytona 675,Япония<!-- --> <!-- -->→<!-- --> <!-- -->Владивосток,11233.0,675,бензин,13,0,1,1,1,0,0,0,0,0,0,0,0,0,0,0,0,0,0,0,1,0,0
600000.0,Honda CBR 929RR,Новосибирск,70000.0,929,бензин,25,0,1,1,0,0,0,0,1,0,0,0,0,0,1,0,0,0,0,0,0,0,0
600000.0,Honda CBR 1100XX,Япония<!-- --> <!-- -->→<!-- --> <!-- -->Иркутск,17085.0,1100,бензин,24,0,1,1,1,0,0,0,0,0,0,0,0,0,1,0,0,0,0,0,0,0,0
600000.0,Suzuki V-Strom 650,Япония<!-- --> <!-- -->→<!-- --> <!-- -->Владивосток,27585.0,650,бензин,13,0,1,1,1,0,0,0,0,0,0,0,0,0,0,0,0,0,0,1,0,0,0
600000.0,KTM 350 EXC-F,Аша,200.0,350,бензин,14,0,1,1,1,0,0,0,0,0,0,0,0,0,0,0,0,0,0,0,0,0,1
600000.0,Yamaha XJ 600 S Diversion,Тольятти,40000.0,600,бензин,12,0,1,1,1,0,0,0,0,0,0,0,0,0,0,0,0,0,0,0,0,1,0
600000.0,Triumph Street Triple,Нижний Новгород,22738.0,675,бензин,12,0,1,1,0,0,0,0,1,0,0,0,0,0,0,0,0,0,0,0,1,0,0
600000.0,Honda CRF 450X,Кемерово,5000.0,450,бензин,13,0,1,0,1,0,0,0,0,0,0,0,0,0,1,0,0,0,0,0,0,0,0
600000.0,Honda VTX 1300,Белокуриха,14189.0,1300,бензин,18,0,1,0,1,0,0,0,0,0,0,0,0,0,1,0,0,0,0,0,0,0,0
600000.0,Honda VT 1100C2,Сковородино,34000.0,1100,бензин,21,0,1,0,1,0,0,0,0,0,0,0,0,0,1,0,0,0,0,0,0,0,0
600000.0,Honda GL 1500 Gold Wing,Нерюнгри,666.0,1500,бензин,36,0,1,0,1,0,0,0,0,0,0,0,0,0,1,0,0,0,0,0,0,0,0
600000.0,Honda VFR 800,Красноярск,55555.0,800,бензин,23,0,1,1,0,0,0,0,1,0,0,0,0,0,1,0,0,0,0,0,0,0,0
600000.0,Honda CBF 600S,Екатеринбург,6883.0,599,бензин,21,0,1,0,0,0,0,0,1,0,0,0,0,0,1,0,0,0,0,0,0,0,0
600000.0,Suzuki GSX 1300R Hayabusa,Арсеньев,14473.0,1300,бензин,20,0,1,1,1,0,0,0,0,0,0,0,0,0,0,0,0,0,0,1,0,0,0
600000.0,Иж 49,Тула,100.0,346,бензин,68,0,0,0,1,0,0,0,0,0,0,0,0,0,0,0,0,0,0,0,0,0,1
600000.0,KTM 350 SX-F,Магадан,100.0,350,бензин,7,0,1,1,1,0,0,0,0,0,0,0,0,0,0,0,0,0,0,0,0,0,1
600000.0,Yamaha XJR 1300,Красноярск,39000.0,1300,бензин,27,0,1,0,0,0,0,0,1,0,0,0,0,0,0,0,0,0,0,0,0,1,0
600000.0,Kawasaki Z 650,Артём,42000.0,650,бензин,5,0,1,1,1,0,0,0,0,0,0,0,0,0,0,0,1,0,0,0,0,0,0
600000.0,Yamaha Dragstar / V-Star / XVS,Япония<!-- --> <!-- -->→<!-- --> <!-- -->Владивосток,13474.0,400,бензин,15,0,1,1,1,0,0,0,0,0,0,0,0,0,0,0,0,0,0,0,0,1,0
600000.0,Honda CBR 600RR,Александровское,60000.0,600,бензин,20,0,1,1,1,0,0,0,0,0,0,0,0,0,1,0,0,0,0,0,0,0,0
600000.0,Honda NC 750SA,Иркутск,30000.0,745,бензин,11,0,1,1,1,0,0,0,0,0,0,0,0,0,1,0,0,0,0,0,0,0,0
600000.0,Triumph Tiger 800,Москва,62000.0,800,бензин,14,0,1,1,0,0,1,0,0,0,0,0,0,0,0,0,0,0,0,0,1,0,0
600000.0,Yamaha WR 250F,Бийск,7000.0,250,бензин,12,0,1,0,1,0,0,0,0,0,0,0,0,0,0,0,0,0,0,0,0,1,0
600000.0,Honda NC 750SD,Хабаровск,21000.0,750,бензин,10,1,1,1,1,0,0,0,0,0,0,0,0,0,1,0,0,0,0,0,0,0,0
600000.0,Yamaha FJR 1300A,Красноярск,22100.0,1300,бензин,21,0,1,1,0,0,0,0,1,0,0,0,0,0,0,0,0,0,0,0,0,1,0
600000.0,BMW R 1200 C,Новосибирск,32000.0,1200,бензин,23,0,1,0,0,0,0,0,1,0,0,0,0,0,0,0,0,0,0,0,0,0,1
600000.0,BMW R 1200 GS,Югорск,75000.0,1200,бензин,21,0,1,1,1,0,0,0,0,0,0,0,0,0,0,0,0,0,0,0,0,0,1
600000.0,BMW G 310 GS,Шарыпово,2500.0,313,бензин,6,0,1,1,1,0,0,0,0,0,0,0,0,0,0,0,0,0,0,0,0,0,1
600000.0,BMW F 800 ST,Кемерово,19000.0,800,бензин,17,0,1,1,1,0,0,0,0,0,0,0,0,0,0,0,0,0,0,0,0,0,1
600000.0,Honda CBR 600RR,Комсомольск-на-Амуре,31000.0,600,бензин,19,0,1,1,1,0,0,0,0,0,0,0,0,0,1,0,0,0,0,0,0,0,0
600000.0,Yamaha XJR 1300,Алдан,30000.0,1300,бензин,12,0,1,1,1,0,0,0,0,0,0,0,0,0,0,0,0,0,0,0,0,1,0
600000.0,Kawasaki Ninja 400,Петропавловск-Камчатский,14200.0,398,бензин,6,0,1,1,1,0,0,0,0,0,0,0,0,0,0,0,1,0,0,0,0,0,0
600000.0,Honda CB 400SF Boldor,Япония<!-- --> <!-- -->→<!-- --> <!-- -->Владивосток,11634.0,400,бензин,14,0,1,0,1,0,0,0,0,0,0,0,0,0,1,0,0,0,0,0,0,0,0
600000.0,Yamaha FZ6R,Керчь,30000.0,600,бензин,15,0,1,1,1,0,0,0,0,0,0,0,0,0,0,0,0,0,0,0,0,1,0
600000.0,Honda CB 125R,Москва,10200.0,125,бензин,4,0,1,1,0,0,1,0,0,0,0,0,0,0,1,0,0,0,0,0,0,0,0
600000.0,BMW R 1150 RT,Новосибирск,39561.0,1150,бензин,21,0,1,1,0,0,0,0,1,0,0,0,0,0,0,0,0,0,0,0,0,0,1
600000.0,BMW K 1200 S,Волгоград,100.0,1200,бензин,18,0,1,1,0,0,0,0,1,0,0,0,0,0,0,0,0,0,0,0,0,0,1
600000.0,Suzuki Bandit,Сафоново,82000.0,1250,бензин,15,0,1,1,1,0,0,0,0,0,0,0,0,0,0,0,0,0,0,1,0,0,0
600000.0,Suzuki GSX 1300R Hayabusa,Киселёвск,50617.0,1300,бензин,20,0,1,1,1,0,0,0,0,0,0,0,0,0,0,0,0,0,0,1,0,0,0
600000.0,Suzuki GSF 1250SA Bandit,Томск,34980.0,1255,бензин,11,0,1,1,1,0,0,0,0,0,0,0,0,0,0,0,0,0,0,1,0,0,0
600000.0,Yamaha YZF-R1,Тюкалинск,1200.0,1000,бензин,22,0,1,1,1,0,0,0,0,0,0,0,0,0,0,0,0,0,0,0,0,1,0
600000.0,Honda CRF 250R,Ставрополь,100.0,250,бензин,6,0,1,1,1,0,0,0,0,0,0,0,0,0,1,0,0,0,0,0,0,0,0
603500.0,Triumph Tiger 1050,Япония<!-- --> <!-- -->→<!-- --> <!-- -->Владивосток,32000.0,1050,бензин,15,0,1,1,1,0,0,0,0,0,0,0,0,0,0,0,0,0,0,0,1,0,0
604000.0,Honda NC 700X,Владивосток,25215.0,700,бензин,12,0,1,1,1,0,0,0,0,0,0,0,0,0,1,0,0,0,0,0,0,0,0
605000.0,Honda NC 750X,Владивосток,36611.0,750,бензин,10,0,1,1,1,0,0,0,0,0,0,0,0,0,1,0,0,0,0,0,0,0,0
605000.0,BMW F 800 GT,Пенза,70500.0,800,бензин,12,0,1,1,1,0,0,0,0,0,0,0,0,0,0,0,0,0,0,0,0,0,1
605000.0,Kawasaki VN Vulcan 800 Classic,Барнаул,7965.0,800,бензин,29,0,1,0,1,0,0,0,0,0,0,0,0,0,0,0,1,0,0,0,0,0,0
605000.0,Yamaha FZ8-S,Хабаровск,38920.0,800,бензин,14,0,1,1,1,0,0,0,0,0,0,0,0,0,0,0,0,0,0,0,0,1,0
607000.0,Honda Gold Wing,Владивосток,33000.0,1500,бензин,28,0,1,0,1,0,0,0,0,0,0,0,0,0,1,0,0,0,0,0,0,0,0
610000.0,Kawasaki Ninja ZX-12R,Шилка,30000.0,1200,бензин,24,0,1,1,1,0,0,0,0,0,0,0,0,0,0,0,1,0,0,0,0,0,0
610000.0,Yamaha MT-07,Краснодар,36000.0,700,бензин,9,0,1,1,0,0,0,0,1,0,0,0,0,0,0,0,0,0,0,0,0,1,0
610000.0,BMW G 310 GS,Барнаул,2222.0,313,бензин,3,0,1,1,1,0,0,0,0,0,0,0,0,0,0,0,0,0,0,0,0,0,1
610000.0,Kawasaki VN Vulcan,Иркутск,28000.0,900,бензин,18,0,1,1,1,0,0,0,0,0,0,0,0,0,0,0,1,0,0,0,0,0,0
610000.0,BMW R 1150 R,Тула,59500.0,1130,бензин,24,0,1,1,1,0,0,0,0,0,0,0,0,0,0,0,0,0,0,0,0,0,1
610000.0,Honda X4,Томск,35000.0,1300,бензин,28,0,1,0,1,0,0,0,0,0,0,0,0,0,1,0,0,0,0,0,0,0,0
610000.0,BMW F 650 GS,Омск,47828.0,800,бензин,14,0,1,1,0,0,0,0,1,0,0,0,0,0,0,0,0,0,0,0,0,0,1
610000.0,Aprilia ETV 1200,Владивосток,68379.0,1200,бензин,11,0,1,1,1,0,0,0,0,0,0,0,0,0,0,0,0,0,0,0,0,0,1
610000.0,Yamaha YZ 250F,Владивосток,50.0,250,бензин,4,0,1,1,1,0,0,0,0,0,0,0,0,0,0,0,0,0,0,0,0,1,0
610000.0,Yamaha XVS 1300,Усть-Лабинск,56000.0,1300,бензин,17,0,1,1,1,0,0,0,0,0,0,0,0,0,0,0,0,0,0,0,0,1,0
610000.0,Triumph Daytona,Свободный,30000.0,675,бензин,15,0,1,1,1,0,0,0,0,0,0,0,0,0,0,0,0,0,0,0,1,0,0
610000.0,Honda CRF 250 Rally,Евпатория,9000.0,250,бензин,6,0,1,1,1,0,0,0,0,0,0,0,0,0,1,0,0,0,0,0,0,0,0
610000.0,Yamaha MT-07,Япония<!-- --> <!-- -->→<!-- --> <!-- -->Владивосток,6331.0,700,бензин,7,0,1,1,1,0,0,0,0,0,0,0,0,0,0,0,0,0,0,0,0,1,0
610000.0,Yamaha XVS 1300,Владивосток,18000.0,1300,бензин,17,0,1,1,1,0,0,0,0,0,0,0,0,0,0,0,0,0,0,0,0,1,0
610000.0,Harley-Davidson Sportster 883 Low XL883L,Зима,14303.0,883,бензин,15,0,1,1,1,0,0,0,0,0,0,0,0,1,0,0,0,0,0,0,0,0,0
610000.0,Honda CBR 600RR,Омск,43000.0,600,бензин,19,0,1,1,0,0,0,0,1,0,0,0,0,0,1,0,0,0,0,0,0,0,0
610000.0,Kawasaki Ninja ZX-10R,Саратов,59000.0,999,бензин,20,0,1,1,1,0,0,0,0,0,0,0,0,0,0,0,1,0,0,0,0,0,0
615000.0,Honda X11,Юрга,22800.0,1100,бензин,26,0,1,1,1,0,0,0,0,0,0,0,0,0,1,0,0,0,0,0,0,0,0
615000.0,Yamaha FZ1,Япония<!-- --> <!-- -->→<!-- --> <!-- -->Владивосток,19359.0,1000,бензин,14,0,1,1,1,0,0,0,0,0,0,0,0,0,0,0,0,0,0,0,0,1,0
615000.0,Yamaha XTZ 660 Tenere,Владивосток,75028.0,660,бензин,14,0,1,1,1,0,0,0,0,0,0,0,0,0,0,0,0,0,0,0,0,1,0
615000.0,Honda CBR 400R,Хабаровск,15000.0,400,бензин,5,0,1,1,1,0,0,0,0,0,0,0,0,0,1,0,0,0,0,0,0,0,0
615000.0,Yamaha MT-07,Владивосток,51512.0,700,бензин,9,0,1,1,1,0,0,0,0,0,0,0,0,0,0,0,0,0,0,0,0,1,0
615000.0,Yamaha Roadstar 1600,Барнаул,28000.0,1600,бензин,24,0,1,0,1,0,0,0,0,0,0,0,0,0,0,0,0,0,0,0,0,1,0
615000.0,Yamaha XVS 1100,Япония<!-- --> <!-- -->→<!-- --> <!-- -->Иркутск,18622.0,1100,бензин,19,0,1,0,1,0,0,0,0,0,0,0,0,0,0,0,0,0,0,0,0,1,0
615000.0,Ducati Hypermotard 1100 EVO,Санкт-Петербург,13000.0,1100,бензин,14,0,1,1,0,0,0,0,0,1,0,0,1,0,0,0,0,0,0,0,0,0,0
615000.0,Triumph Daytona 675,Москва,69000.0,675,бензин,14,0,1,1,0,0,1,0,0,0,0,0,0,0,0,0,0,0,0,0,1,0,0
619000.0,KTM 390 Adventure,Новосибирск,2708.0,390,бензин,5,0,1,1,0,0,0,0,1,0,0,0,0,0,0,0,0,0,0,0,0,0,1
620000.0,Kawasaki Z 650,Владивосток,8864.0,650,бензин,8,0,1,1,1,0,0,0,0,0,0,0,0,0,0,0,1,0,0,0,0,0,0
620000.0,Yamaha XJR 1200,Чернышевск,14000.0,1200,бензин,29,0,1,0,1,0,0,0,0,0,0,0,0,0,0,0,0,0,0,0,0,1,0
620000.0,Husqvarna TX 300,Хабаровск,234.0,300,бензин,8,0,0,0,1,0,0,0,0,0,0,0,0,0,0,0,0,0,0,0,0,0,1
620000.0,Kawasaki Versys 650,Новосибирск,21632.0,650,бензин,15,0,1,1,0,0,0,0,1,0,0,0,0,0,0,0,1,0,0,0,0,0,0
620000.0,BMW R 1200 R,Владивосток,65418.0,1200,бензин,13,0,1,1,1,0,0,0,0,0,0,0,0,0,0,0,0,0,0,0,0,0,1
620000.0,Kawasaki Ninja 650,Япония<!-- --> <!-- -->→<!-- --> <!-- -->Владивосток,3100.0,650,бензин,7,0,1,1,1,0,0,0,0,0,0,0,0,0,0,0,1,0,0,0,0,0,0
620000.0,Yamaha FZ 1,Владивосток,27754.0,1000,бензин,14,0,1,1,1,0,0,0,0,0,0,0,0,0,0,0,0,0,0,0,0,1,0
620000.0,Suzuki V-Strom 650,Владивосток,34789.0,650,бензин,11,0,1,1,1,0,0,0,0,0,0,0,0,0,0,0,0,0,0,1,0,0,0
620000.0,Suzuki V-Strom 1000,Япония<!-- --> <!-- -->→<!-- --> <!-- -->Владивосток,43000.0,1000,бензин,11,0,1,1,1,0,0,0,0,0,0,0,0,0,0,0,0,0,0,1,0,0,0
620000.0,Yamaha FZ6N,Томск,22000.0,600,бензин,19,0,1,1,1,0,0,0,0,0,0,0,0,0,0,0,0,0,0,0,0,1,0
620000.0,Honda VFR 800,Новосибирск,8500.0,800,бензин,19,0,1,1,0,0,0,0,1,0,0,0,0,0,1,0,0,0,0,0,0,0,0
620000.0,Honda NC 750X,Москва,27584.0,750,бензин,11,0,1,1,0,0,1,0,0,0,0,0,0,0,1,0,0,0,0,0,0,0,0
620000.0,Yamaha YZF-R1,Артём,27000.0,998,бензин,21,0,1,1,1,0,0,0,0,0,0,0,0,0,0,0,0,0,0,0,0,1,0
620000.0,KTM 790 Duke,Япония<!-- --> <!-- -->→<!-- --> <!-- -->Владивосток,5849.0,790,бензин,5,0,1,1,1,0,0,0,0,0,0,0,0,0,0,0,0,0,0,0,0,0,1
620000.0,Ducati Multistrada 1200 S,Япония<!-- --> <!-- -->→<!-- --> <!-- -->Владивосток,16000.0,1200,бензин,14,0,1,1,1,0,0,0,0,0,0,0,1,0,0,0,0,0,0,0,0,0,0
620000.0,Yamaha XJR 1300,Япония<!-- --> <!-- -->→<!-- --> <!-- -->Владивосток,27000.0,1300,бензин,18,0,1,1,1,0,0,0,0,0,0,0,0,0,0,0,0,0,0,0,0,1,0
620000.0,Honda CB 1100,Владивосток,34902.0,1100,бензин,15,0,1,1,1,0,0,0,0,0,0,0,0,0,1,0,0,0,0,0,0,0,0
620000.0,Honda NC 750S,Новосибирск,89291.0,750,бензин,9,0,1,1,0,0,0,0,1,0,0,0,0,0,1,0,0,0,0,0,0,0,0
620000.0,Honda X4,Братск,19700.0,1300,бензин,26,0,1,0,1,0,0,0,0,0,0,0,0,0,1,0,0,0,0,0,0,0,0
620000.0,Kawasaki Z 1000,Япония<!-- --> <!-- -->→<!-- --> <!-- -->Иркутск,25796.0,1000,бензин,17,0,1,1,1,0,0,0,0,0,0,0,0,0,0,0,1,0,0,0,0,0,0
620000.0,Suzuki V-Strom,Минеральные Воды,87000.0,650,бензин,13,0,1,1,1,0,0,0,0,0,0,0,0,0,0,0,0,0,0,1,0,0,0
620000.0,Honda GL 1500SE,Тюмень,48000.0,1500,бензин,31,0,1,0,1,0,0,0,0,0,0,0,0,0,1,0,0,0,0,0,0,0,0
620000.0,Ducati Streetfighter S,Япония<!-- --> <!-- -->→<!-- --> <!-- -->Владивосток,24863.0,1100,бензин,16,0,1,1,1,0,0,0,0,0,0,0,1,0,0,0,0,0,0,0,0,0,0
620000.0,Honda CMX,Япония<!-- --> <!-- -->→<!-- --> <!-- -->Владивосток,5499.0,500,бензин,7,0,1,1,1,0,0,0,0,0,0,0,0,0,1,0,0,0,0,0,0,0,0
620000.0,Honda VFR 800X Crossrunner,Находка,53400.0,800,бензин,13,0,1,1,1,0,0,0,0,0,0,0,0,0,1,0,0,0,0,0,0,0,0
620000.0,Yamaha YZF-R3,Истра,4000.0,321,бензин,8,0,1,1,0,0,0,1,0,0,0,0,0,0,0,0,0,0,0,0,0,1,0
625000.0,Yamaha Dragstar / V-Star / XVS,Хабаровск,33000.0,1100,бензин,17,0,1,0,1,0,0,0,0,0,0,0,0,0,0,0,0,0,0,0,0,1,0
625000.0,Yamaha FZ 1,Кемерово,30000.0,1000,бензин,17,0,1,1,1,0,0,0,0,0,0,0,0,0,0,0,0,0,0,0,0,1,0
625000.0,Kawasaki Ninja ZX-10R,Япония<!-- --> <!-- -->→<!-- --> <!-- -->Владивосток,22883.0,1000,бензин,19,0,1,1,1,0,0,0,0,0,0,0,0,0,0,0,1,0,0,0,0,0,0
625000.0,Suzuki SV 650,Владивосток,3500.0,650,бензин,4,0,1,1,1,0,0,0,0,0,0,0,0,0,0,0,0,0,0,1,0,0,0
625000.0,Yamaha XVS 1100,Иркутск,32000.0,1100,бензин,18,0,1,0,1,0,0,0,0,0,0,0,0,0,0,0,0,0,0,0,0,1,0
625000.0,Yamaha XVS 950 Bolt,Владивосток,10376.0,950,бензин,12,0,1,1,1,0,0,0,0,0,0,0,0,0,0,0,0,0,0,0,0,1,0
625000.0,Kawasaki Z 1000,Ростов-на-Дону,35000.0,1000,бензин,17,0,1,1,0,0,0,0,1,0,0,0,0,0,0,0,1,0,0,0,0,0,0
625000.0,Yamaha Dragstar / V-Star / XVS,Шахты,26000.0,1100,бензин,19,0,1,0,1,0,0,0,0,0,0,0,0,0,0,0,0,0,0,0,0,1,0
625000.0,KTM 250 SX,Красноярск,20.0,250,бензин,7,0,0,0,0,0,0,0,1,0,0,0,0,0,0,0,0,0,0,0,0,0,1
625000.0,Yamaha MT-07,Хабаровск,19000.0,689,бензин,11,0,1,1,1,0,0,0,0,0,0,0,0,0,0,0,0,0,0,0,0,1,0
625000.0,Yamaha XT 250,Благовещенск,9000.0,250,бензин,5,0,1,1,1,0,0,0,0,0,0,0,0,0,0,0,0,0,0,0,0,1,0
625000.0,Suzuki SV 650X,Япония<!-- --> <!-- -->→<!-- --> <!-- -->Владивосток,2915.0,650,бензин,4,0,1,1,1,0,0,0,0,0,0,0,0,0,0,0,0,0,0,1,0,0,0
625000.0,Honda VTX 1300,Владивосток,20000.0,1300,бензин,21,0,1,0,1,0,0,0,0,0,0,0,0,0,1,0,0,0,0,0,0,0,0
625000.0,Yamaha YZ 250FX,Владивосток,4000.0,250,бензин,6,1,1,1,1,0,0,0,0,0,0,0,0,0,0,0,0,0,0,0,0,1,0
640000.0,Ducati Scrambler,Владивосток,11000.0,803,бензин,10,0,1,1,1,0,0,0,0,0,0,0,1,0,0,0,0,0,0,0,0,0,0
625000.0,Kawasaki Versys 650,Москва,24960.0,650,бензин,13,0,1,1,0,0,1,0,0,0,0,0,0,0,0,0,1,0,0,0,0,0,0
625000.0,Kawasaki Z 1000,Омск,9277.0,953,бензин,17,0,1,1,0,0,0,0,1,0,0,0,0,0,0,0,1,0,0,0,0,0,0
627000.0,Honda NC 700X,Владивосток,19020.0,700,бензин,13,0,1,1,1,0,0,0,0,0,0,0,0,0,1,0,0,0,0,0,0,0,0
629000.0,Yamaha XVS 1100,Екатеринбург,36464.0,1100,бензин,21,0,1,0,0,0,0,0,1,0,0,0,0,0,0,0,0,0,0,0,0,1,0
629000.0,Ducati Monster 796,Новосибирск,29000.0,803,бензин,15,0,1,1,0,0,0,0,1,0,0,0,1,0,0,0,0,0,0,0,0,0,0
630000.0,Honda CBF 1000,Красноярск,33000.0,1000,бензин,17,0,1,1,0,0,0,0,1,0,0,0,0,0,1,0,0,0,0,0,0,0,0
630000.0,Yamaha SCR950,Санкт-Петербург,2900.0,950,бензин,9,0,1,1,0,0,0,0,0,1,0,0,0,0,0,0,0,0,0,0,0,1,0
630000.0,Suzuki Intruder,Япония<!-- --> <!-- -->→<!-- --> <!-- -->Владивосток,29959.0,400,бензин,17,0,1,0,1,0,0,0,0,0,0,0,0,0,0,0,0,0,0,1,0,0,0
630000.0,Honda NC 700XA,Новосибирск,17874.0,700,бензин,12,0,1,1,0,0,0,0,1,0,0,0,0,0,1,0,0,0,0,0,0,0,0
630000.0,Yamaha Royal Star Venture,Тюмень,46000.0,1300,бензин,26,0,1,0,1,0,0,0,0,0,0,0,0,0,0,0,0,0,0,0,0,1,0
630000.0,Yamaha Dragstar / V-Star / XVS,Томск,11247.0,1063,бензин,24,0,1,0,1,0,0,0,0,0,0,0,0,0,0,0,0,0,0,0,0,1,0
630000.0,Kawasaki Ninja 400,Новосибирск,17530.0,398,бензин,5,0,1,1,0,0,0,0,1,0,0,0,0,0,0,0,1,0,0,0,0,0,0
630000.0,Suzuki GSF 1250SA Bandit,Барнаул,37800.0,1250,бензин,13,0,1,1,1,0,0,0,0,0,0,0,0,0,0,0,0,0,0,1,0,0,0
630000.0,Honda CRF 250L,Иркутск,2800.0,250,бензин,4,0,1,1,1,0,0,0,0,0,0,0,0,0,1,0,0,0,0,0,0,0,0
630000.0,Honda NC 750,Тюмень,29000.0,750,бензин,11,0,1,1,1,0,0,0,0,0,0,0,0,0,1,0,0,0,0,0,0,0,0
630000.0,Husqvarna FE 350,Южно-Сахалинск,400.0,350,бензин,10,1,1,1,1,0,0,0,0,0,0,0,0,0,0,0,0,0,0,0,0,0,1
630000.0,Honda CBR 400R,Томск,10663.0,400,бензин,4,0,1,1,1,0,0,0,0,0,0,0,0,0,1,0,0,0,0,0,0,0,0
630000.0,Yamaha XVS 1100,Новосибирск,38800.0,1063,бензин,17,0,1,0,0,0,0,0,1,0,0,0,0,0,0,0,0,0,0,0,0,1,0
630000.0,Ducati Monster S4R,Новосибирск,19751.0,996,бензин,20,0,1,0,0,0,0,0,1,0,0,0,1,0,0,0,0,0,0,0,0,0,0
630000.0,Honda NC 750X,Темрюк,32000.0,745,бензин,10,0,1,1,1,0,0,0,0,0,0,0,0,0,1,0,0,0,0,0,0,0,0
630000.0,Triumph Street Triple,Находка,25000.0,675,бензин,12,0,1,1,1,0,0,0,0,0,0,0,0,0,0,0,0,0,0,0,1,0,0
630000.0,Suzuki V-Strom 250,Япония<!-- --> <!-- -->→<!-- --> <!-- -->Владивосток,2473.0,249,бензин,2,0,1,1,1,0,0,0,0,0,0,0,0,0,0,0,0,0,0,1,0,0,0
630000.0,Suzuki V-Strom 650,Владивосток,23000.0,650,бензин,9,0,1,1,1,0,0,0,0,0,0,0,0,0,0,0,0,0,0,1,0,0,0
630000.0,Honda VFR 800,Новосибирск,40000.0,800,бензин,22,0,1,1,0,0,0,0,1,0,0,0,0,0,1,0,0,0,0,0,0,0,0
630000.0,KTM 1050 Adventure,Могоча,75000.0,1050,бензин,10,0,1,1,1,0,0,0,0,0,0,0,0,0,0,0,0,0,0,0,0,0,1
630000.0,KTM 250 EXC-F Six Days,Уссурийск,3745.0,250,бензин,6,0,1,1,1,0,0,0,0,0,0,0,0,0,0,0,0,0,0,0,0,0,1
630000.0,Harley-Davidson Street 750 XG750,Владивосток,1230.0,749,бензин,10,0,1,1,1,0,0,0,0,0,0,0,0,1,0,0,0,0,0,0,0,0,0
630000.0,Yamaha WR 450F,Северодвинск,650.0,450,бензин,8,0,1,1,1,0,0,0,0,0,0,0,0,0,0,0,0,0,0,0,0,1,0
630000.0,Kawasaki KX 450F,Заозёрный,1000.0,450,бензин,5,0,1,1,1,0,0,0,0,0,0,0,0,0,0,0,1,0,0,0,0,0,0
630000.0,Honda CTX 700,Сочи,45000.0,700,бензин,11,0,1,1,1,0,0,0,0,0,0,0,0,0,1,0,0,0,0,0,0,0,0
630000.0,Kawasaki Vulcan S,Япония<!-- --> <!-- -->→<!-- --> <!-- -->Владивосток,4200.0,650,бензин,8,0,1,1,1,0,0,0,0,0,0,0,0,0,0,0,1,0,0,0,0,0,0
630000.0,Kawasaki Ninja 650,Томск,9300.0,650,бензин,8,0,1,1,1,0,0,0,0,0,0,0,0,0,0,0,1,0,0,0,0,0,0
630007.0,Honda Shadow 750,Владивосток,6561.0,750,бензин,19,0,1,0,1,0,0,0,0,0,0,0,0,0,1,0,0,0,0,0,0,0,0
632000.0,Harley-Davidson Sportster 883 Low XL883L,Находка,34500.0,883,бензин,13,0,1,1,1,0,0,0,0,0,0,0,0,1,0,0,0,0,0,0,0,0,0
635000.0,Honda CRF 450X,Ангарск,10.0,450,бензин,16,0,1,0,1,0,0,0,0,0,0,0,0,0,1,0,0,0,0,0,0,0,0
635000.0,Suzuki V-Strom 650XT,Иркутск,54160.0,650,бензин,10,0,1,1,1,0,0,0,0,0,0,0,0,0,0,0,0,0,0,1,0,0,0
635000.0,Triumph Daytona 675,Краснодар,20000.0,675,бензин,15,0,1,1,0,0,0,0,1,0,0,0,0,0,0,0,0,0,0,0,1,0,0
635000.0,Yamaha XVS 950 Bolt,Пенза,42100.0,950,бензин,11,0,1,1,1,0,0,0,0,0,0,0,0,0,0,0,0,0,0,0,0,1,0
635000.0,KTM 690 Duke,Иркутск,550.0,690,бензин,12,0,1,1,1,0,0,0,0,0,0,0,0,0,0,0,0,0,0,0,0,0,1
637500.0,BMW G 650 GS,Хабаровск,10914.0,650,бензин,13,0,1,1,1,0,0,0,0,0,0,0,0,0,0,0,0,0,0,0,0,0,1
638000.0,Yamaha XVS 1300,Минск,25700.0,1300,бензин,13,0,1,1,1,0,0,0,0,0,0,0,0,0,0,0,0,0,0,0,0,1,0
638700.0,Suzuki Bandit,Хабаровск,55686.0,1250,бензин,13,0,1,1,1,0,0,0,0,0,0,0,0,0,0,0,0,0,0,1,0,0,0
639000.0,Yamaha XJ 600 S Diversion,Владивосток,6520.0,600,бензин,13,0,1,1,1,0,0,0,0,0,0,0,0,0,0,0,0,0,0,0,0,1,0
639000.0,Yamaha MT-07,Хабаровск,29000.0,700,бензин,9,0,1,1,1,0,0,0,0,0,0,0,0,0,0,0,0,0,0,0,0,1,0
639000.0,Suzuki SV 650A,Иркутск,15500.0,650,бензин,5,0,1,1,1,0,0,0,0,0,0,0,0,0,0,0,0,0,0,1,0,0,0
640000.0,Kawasaki Ninja 400,Новосибирск,13720.0,400,бензин,6,0,1,1,0,0,0,0,1,0,0,0,0,0,0,0,1,0,0,0,0,0,0
640000.0,Kawasaki Ninja ZX-10R,Хабаровск,22750.0,1000,бензин,20,0,1,1,1,0,0,0,0,0,0,0,0,0,0,0,1,0,0,0,0,0,0
640000.0,Suzuki V-Strom 650,Богучаны,22069.0,650,бензин,15,0,1,1,1,0,0,0,0,0,0,0,0,0,0,0,0,0,0,1,0,0,0
640000.0,Honda NC 700X,Новосибирск,23392.0,700,бензин,12,0,1,1,0,0,0,0,1,0,0,0,0,0,1,0,0,0,0,0,0,0,0
640000.0,Moto Guzzi V7,Москва,21000.0,750,бензин,9,0,1,1,0,0,1,0,0,0,0,0,0,0,0,0,0,0,0,0,0,0,1
640000.0,Ducati Scrambler,Владивосток,9000.0,800,бензин,10,0,1,1,1,0,0,0,0,0,0,0,1,0,0,0,0,0,0,0,0,0,0
640000.0,Honda CB 1100,Владивосток,55856.0,1100,бензин,13,0,1,1,1,0,0,0,0,0,0,0,0,0,1,0,0,0,0,0,0,0,0
640000.0,Ducati Hypermotard 1100 EVO,Новосибирск,16895.0,1100,бензин,14,0,1,1,0,0,0,0,1,0,0,0,1,0,0,0,0,0,0,0,0,0,0
640000.0,Yamaha MT-07,Владивосток,13000.0,700,бензин,11,0,1,1,1,0,0,0,0,0,0,0,0,0,0,0,0,0,0,0,0,1,0
640000.0,MV Agusta Brutale 800,Владивосток,12414.0,800,бензин,11,0,1,1,1,0,0,0,0,0,0,0,0,0,0,0,0,1,0,0,0,0,0
640000.0,Kawasaki Z 1000,Екатеринбург,10198.0,958,бензин,16,0,1,1,0,0,0,0,1,0,0,0,0,0,0,0,1,0,0,0,0,0,0
640000.0,Yamaha YZ 250FX,Владивосток,80.0,250,бензин,5,0,1,1,1,0,0,0,0,0,0,0,0,0,0,0,0,0,0,0,0,1,0
640000.0,BMW F 800 R,Япония<!-- --> <!-- -->→<!-- --> <!-- -->Иркутск,22982.0,800,бензин,13,0,1,1,1,0,0,0,0,0,0,0,0,0,0,0,0,0,0,0,0,0,1
640000.0,Honda 400XA,Находка,28276.0,400,бензин,7,0,1,1,1,0,0,0,0,0,0,0,0,0,1,0,0,0,0,0,0,0,0
645000.0,Honda Shadow Aero,Владивосток,8000.0,1100,бензин,24,0,1,1,1,0,0,0,0,0,0,0,0,0,1,0,0,0,0,0,0,0,0
645000.0,Ducati Multistrada 1200 S,Владивосток,35314.0,1198,бензин,13,0,1,1,1,0,0,0,0,0,0,0,1,0,0,0,0,0,0,0,0,0,0
645000.0,Yamaha XT 250,Владивосток,2333.0,250,бензин,7,0,1,1,1,0,0,0,0,0,0,0,0,0,0,0,0,0,0,0,0,1,0
645000.0,Suzuki V-Strom 1000,Москва,52000.0,996,бензин,20,0,1,1,0,0,1,0,0,0,0,0,0,0,0,0,0,0,0,1,0,0,0
645000.0,Honda CRF 250 Rally,Владивосток,2800.0,250,бензин,4,0,1,1,1,0,0,0,0,0,0,0,0,0,1,0,0,0,0,0,0,0,0
645000.0,Honda NC 700SD,Иркутск,34500.0,700,бензин,13,1,1,1,1,0,0,0,0,0,0,0,0,0,1,0,0,0,0,0,0,0,0
645000.0,Suzuki SV 650,Владивосток,4500.0,650,бензин,3,0,1,1,1,0,0,0,0,0,0,0,0,0,0,0,0,0,0,1,0,0,0
645000.0,Suzuki SV 650XA,Владивосток,7300.0,650,бензин,5,0,1,1,1,0,0,0,0,0,0,0,0,0,0,0,0,0,0,1,0,0,0
645000.0,BMW R 1200 GS,Владивосток,67757.0,1170,бензин,20,0,1,1,1,0,0,0,0,0,0,0,0,0,0,0,0,0,0,0,0,0,1
646000.0,Honda VT 750,Минск,36200.0,750,бензин,10,0,1,1,1,0,0,0,0,0,0,0,0,0,1,0,0,0,0,0,0,0,0
649000.0,Kawasaki Ninja ZX-10R,Владивосток,34021.0,1000,бензин,19,0,1,1,1,0,0,0,0,0,0,0,0,0,0,0,1,0,0,0,0,0,0
649000.0,Harley-Davidson Electra Glide,Владивосток,51328.0,1584,бензин,16,0,1,1,1,0,0,0,0,0,0,0,0,1,0,0,0,0,0,0,0,0,0
650000.0,Suzuki Bandit,Красноярск,32000.0,1250,бензин,15,0,1,1,0,0,0,0,1,0,0,0,0,0,0,0,0,0,0,1,0,0,0
650000.0,Yamaha YZF-R1,Бийск,1.0,1000,бензин,23,0,1,1,1,0,0,0,0,0,0,0,0,0,0,0,0,0,0,0,0,1,0
650000.0,Harley-Davidson Street 750 XG750,Хабаровск,15000.0,750,бензин,10,0,1,1,1,0,0,0,0,0,0,0,0,1,0,0,0,0,0,0,0,0,0
650000.0,Kawasaki Versys 650,Миасс,38000.0,650,бензин,13,0,1,1,1,0,0,0,0,0,0,0,0,0,0,0,1,0,0,0,0,0,0
650000.0,Kawasaki Ninja 400,Омск,2100.0,400,бензин,7,0,1,1,0,0,0,0,1,0,0,0,0,0,0,0,1,0,0,0,0,0,0
650000.0,Kawasaki Ninja 650,Владивосток,15000.0,650,бензин,9,0,1,1,1,0,0,0,0,0,0,0,0,0,0,0,1,0,0,0,0,0,0
650000.0,KTM 690 Duke,Краснодар,15000.0,690,бензин,16,0,1,0,0,0,0,0,1,0,0,0,0,0,0,0,0,0,0,0,0,0,1
650000.0,Kawasaki Ninja 400,Новосибирск,7500.0,400,бензин,4,0,1,1,0,0,0,0,1,0,0,0,0,0,0,0,1,0,0,0,0,0,0
650000.0,Ducati Monster 796,Новосибирск,18167.0,796,бензин,15,0,1,1,0,0,0,0,1,0,0,0,1,0,0,0,0,0,0,0,0,0,0
650000.0,Suzuki GSF 1250 Bandit,Хабаровск,27800.0,1250,бензин,13,0,1,1,1,0,0,0,0,0,0,0,0,0,0,0,0,0,0,1,0,0,0
650000.0,Honda CTX 700N,Новосибирск,28729.0,700,бензин,12,0,1,1,0,0,0,0,1,0,0,0,0,0,1,0,0,0,0,0,0,0,0
650000.0,Honda VFR 800,Каз,58000.0,800,бензин,19,0,1,1,1,0,0,0,0,0,0,0,0,0,1,0,0,0,0,0,0,0,0
650000.0,Honda CB 1300 Boldor,Владивосток,19808.0,1300,бензин,14,0,1,1,1,0,0,0,0,0,0,0,0,0,1,0,0,0,0,0,0,0,0
650000.0,Yamaha FJR 1300AS,Москва,100000.0,1300,бензин,19,0,1,1,0,0,1,0,0,0,0,0,0,0,0,0,0,0,0,0,0,1,0
650000.0,KTM 125 EXC,Владивосток,1000.0,125,бензин,6,0,0,0,1,0,0,0,0,0,0,0,0,0,0,0,0,0,0,0,0,0,1
650000.0,Kawasaki ER-6n,Новосибирск,14970.0,650,бензин,11,0,1,1,0,0,0,0,1,0,0,0,0,0,0,0,1,0,0,0,0,0,0
650000.0,Harley-Davidson Dyna Super Glide,Краснодар,28650.0,1449,бензин,19,0,1,1,0,0,0,0,1,0,0,0,0,1,0,0,0,0,0,0,0,0,0
650000.0,Yamaha MT-07,Уссурийск,15000.0,689,бензин,9,0,1,1,1,0,0,0,0,0,0,0,0,0,0,0,0,0,0,0,0,1,0
650000.0,Husqvarna TE 300,Хабаровск,2000.0,300,бензин,8,0,0,0,1,0,0,0,0,0,0,0,0,0,0,0,0,0,0,0,0,0,1
650000.0,Suzuki GSX-R 750,Иркутск,50000.0,750,бензин,18,0,1,1,1,0,0,0,0,0,0,0,0,0,0,0,0,0,0,1,0,0,0
650000.0,Honda VT 750S,Новосибирск,34375.0,750,бензин,15,0,1,1,0,0,0,0,1,0,0,0,0,0,1,0,0,0,0,0,0,0,0
650000.0,Suzuki RM-Z 250,Владивосток,30.0,250,бензин,2,0,1,1,1,0,0,0,0,0,0,0,0,0,0,0,0,0,0,1,0,0,0
650000.0,Harley-Davidson Street 750 XG750,Находка,7997.0,750,бензин,10,0,1,1,1,0,0,0,0,0,0,0,0,1,0,0,0,0,0,0,0,0,0
650000.0,Honda XL 1000V Varadero,Новосибирск,55000.0,1000,бензин,21,0,1,1,0,0,0,0,1,0,0,0,0,0,1,0,0,0,0,0,0,0,0
650000.0,Ducati 1098,Уссурийск,24000.0,1098,бензин,16,0,1,1,1,0,0,0,0,0,0,0,1,0,0,0,0,0,0,0,0,0,0
650000.0,Suzuki GSR 750,Хабаровск,16019.0,749,бензин,10,0,1,1,1,0,0,0,0,0,0,0,0,0,0,0,0,0,0,1,0,0,0
650000.0,Yamaha YZF-R6,Тюмень,59000.0,600,бензин,19,0,1,1,1,0,0,0,0,0,0,0,0,0,0,0,0,0,0,0,0,1,0
650000.0,KTM 300 EXC Six Days,Иркутск,129.0,300,бензин,7,0,0,1,1,0,0,0,0,0,0,0,0,0,0,0,0,0,0,0,0,0,1
650000.0,Honda CBR 600RR,Нерюнгри,43000.0,600,бензин,17,0,1,1,1,0,0,0,0,0,0,0,0,0,1,0,0,0,0,0,0,0,0
650000.0,Yamaha YZF-R6,Благовещенск,45800.0,599,бензин,17,0,1,1,1,0,0,0,0,0,0,0,0,0,0,0,0,0,0,0,0,1,0
650000.0,Suzuki GSR 750,Владивосток,40000.0,750,бензин,12,0,1,1,1,0,0,0,0,0,0,0,0,0,0,0,0,0,0,1,0,0,0
650000.0,Suzuki V-Strom 650,Томск,27585.0,650,бензин,13,0,1,1,1,0,0,0,0,0,0,0,0,0,0,0,0,0,0,1,0,0,0
650000.0,BMW R 1200 RT,Самара,47000.0,1200,бензин,19,0,1,1,0,0,0,0,1,0,0,0,0,0,0,0,0,0,0,0,0,0,1
650000.0,Honda CBR 600F,Иркутск,30000.0,600,бензин,12,0,1,1,1,0,0,0,0,0,0,0,0,0,1,0,0,0,0,0,0,0,0
650000.0,Yamaha FJR 1300AS,Славянка,42400.0,1300,бензин,18,1,1,1,1,0,0,0,0,0,0,0,0,0,0,0,0,0,0,0,0,1,0
650000.0,Kawasaki Ninja ZX-6R,Новосибирск,36800.0,600,бензин,14,0,1,1,0,0,0,0,1,0,0,0,0,0,0,0,1,0,0,0,0,0,0
650000.0,Kawasaki Ninja ZX-6R,Красноярск,60000.0,636,бензин,20,0,1,1,0,0,0,0,1,0,0,0,0,0,0,0,1,0,0,0,0,0,0
650000.0,Honda CBR 1100XX,Уссурийск,6855.0,1137,бензин,28,0,1,0,1,0,0,0,0,0,0,0,0,0,1,0,0,0,0,0,0,0,0
650000.0,Honda Shadow 750,Новосибирск,62000.0,750,бензин,18,0,1,0,0,0,0,0,1,0,0,0,0,0,1,0,0,0,0,0,0,0,0
650000.0,Honda GL 1500,Саянск,76973.0,1500,бензин,27,0,1,0,1,0,0,0,0,0,0,0,0,0,1,0,0,0,0,0,0,0,0
650000.0,Honda CB 650F,Москва,27200.0,650,бензин,11,0,1,1,0,0,1,0,0,0,0,0,0,0,1,0,0,0,0,0,0,0,0
650000.0,KTM 500 EXC,Иркутск,185.0,500,бензин,8,0,1,1,1,0,0,0,0,0,0,0,0,0,0,0,0,0,0,0,0,0,1
650000.0,Honda CBR 600RR,Киров,32000.0,600,бензин,16,0,1,1,1,0,0,0,0,0,0,0,0,0,1,0,0,0,0,0,0,0,0
650000.0,Yamaha Roadstar 1600,Владивосток,48000.0,1600,бензин,25,0,1,1,1,0,0,0,0,0,0,0,0,0,0,0,0,0,0,0,0,1,0
650000.0,Honda VFR 800F,Биробиджан,43000.0,800,бензин,23,0,1,1,1,0,0,0,0,0,0,0,0,0,1,0,0,0,0,0,0,0,0
650000.0,Suzuki V-Strom 650,Хабаровск,57641.0,645,бензин,12,0,1,1,1,0,0,0,0,0,0,0,0,0,0,0,0,0,0,1,0,0,0
650000.0,Yamaha Royal Star Tour Classic,Тула,44000.0,75,бензин,29,0,1,0,1,0,0,0,0,0,0,0,0,0,0,0,0,0,0,0,0,1,0
650000.0,Ducati Hyperstrada,Владивосток,20606.0,820,бензин,10,0,1,1,1,0,0,0,0,0,0,0,1,0,0,0,0,0,0,0,0,0,0
650000.0,Honda X11,Тула,47000.0,1100,бензин,23,0,1,1,1,0,0,0,0,0,0,0,0,0,1,0,0,0,0,0,0,0,0
650000.0,Suzuki Boulevard M109R,Борисов,49128.0,1800,бензин,19,0,1,1,1,0,0,0,0,0,0,0,0,0,0,0,0,0,0,1,0,0,0
650000.0,BMW F 800 GS,Печора,50000.0,800,бензин,14,0,1,1,1,0,0,0,0,0,0,0,0,0,0,0,0,0,0,0,0,0,1
650000.0,Yamaha FZ1,Владивосток,19000.0,1000,бензин,18,0,1,1,1,0,0,0,0,0,0,0,0,0,0,0,0,0,0,0,0,1,0
650000.0,Honda NC 700,Тюмень,58000.0,700,бензин,12,0,1,1,1,0,0,0,0,0,0,0,0,0,1,0,0,0,0,0,0,0,0
650000.0,Ducati Hypermotard 1100,Санкт-Петербург,36000.0,1100,бензин,17,0,1,1,0,0,0,0,0,1,0,0,1,0,0,0,0,0,0,0,0,0,0
650000.0,Honda NC 700X,Заречный,16000.0,669,бензин,12,0,1,1,1,0,0,0,0,0,0,0,0,0,1,0,0,0,0,0,0,0,0
650000.0,Suzuki V-Strom 650,Мостовской,44882.0,650,бензин,12,0,1,1,1,0,0,0,0,0,0,0,0,0,0,0,0,0,0,1,0,0,0
650000.0,Ducati Multistrada 1200 S,Самарское,73000.0,1200,бензин,15,0,1,1,1,0,0,0,0,0,0,0,1,0,0,0,0,0,0,0,0,0,0
650000.0,Yamaha XVS 1100,Петрозаводск,63000.0,1063,бензин,23,0,1,0,1,0,0,0,0,0,0,0,0,0,0,0,0,0,0,0,0,1,0
650000.0,Suzuki Boulevard C90,Наро-Фоминск,103643.0,1500,бензин,17,0,1,1,0,0,0,1,0,0,0,0,0,0,0,0,0,0,0,1,0,0,0
650000.0,Honda CB 1000SF,Абакан,33000.0,1000,бензин,31,0,1,0,1,0,0,0,0,0,0,0,0,0,1,0,0,0,0,0,0,0,0
650000.0,KTM 390 Adventure SW,Санкт-Петербург,6500.0,373,бензин,2,0,1,1,0,0,0,0,0,1,0,0,0,0,0,0,0,0,0,0,0,0,1
650000.0,Honda Transalp,Красноярск,31000.0,700,бензин,14,0,1,1,0,0,0,0,1,0,0,0,0,0,1,0,0,0,0,0,0,0,0
650000.0,KTM 350 EXC-F Six Days,Владивосток,200.0,350,бензин,8,0,1,1,1,0,0,0,0,0,0,0,0,0,0,0,0,0,0,0,0,0,1
650000.0,Honda CBR 954RR,Уссурийск,35000.0,954,бензин,23,0,1,1,1,0,0,0,0,0,0,0,0,0,1,0,0,0,0,0,0,0,0
650000.0,Yamaha Dragstar / V-Star / XVS,Владивосток,18000.0,1100,бензин,17,0,1,0,1,0,0,0,0,0,0,0,0,0,0,0,0,0,0,0,0,1,0
650000.0,Honda VTX 1800,Иркутск,77000.0,1800,бензин,23,0,1,1,1,0,0,0,0,0,0,0,0,0,1,0,0,0,0,0,0,0,0
650000.0,Yamaha FZ 1,Тюмень,34000.0,998,бензин,14,0,1,1,1,0,0,0,0,0,0,0,0,0,0,0,0,0,0,0,0,1,0
650000.0,Yamaha MT-07,Владивосток,12000.0,700,бензин,11,0,1,1,1,0,0,0,0,0,0,0,0,0,0,0,0,0,0,0,0,1,0
650000.0,Yamaha Dragstar / V-Star / XVS,Екатеринбург,18000.0,1100,бензин,19,0,1,0,0,0,0,0,1,0,0,0,0,0,0,0,0,0,0,0,0,1,0
650000.0,Honda Shadow 750,Севастополь,8600.0,750,бензин,25,0,1,0,1,0,0,0,0,0,0,0,0,0,1,0,0,0,0,0,0,0,0
650000.0,Suzuki Bandit,Москва,19000.0,1250,бензин,13,1,1,1,0,0,1,0,0,0,0,0,0,0,0,0,0,0,0,1,0,0,0
650000.0,Yamaha FZ 1,Новосибирск,36712.0,998,бензин,19,0,1,1,0,0,0,0,1,0,0,0,0,0,0,0,0,0,0,0,0,1,0
650000.0,Honda NC 700XD,Владивосток,12070.0,700,бензин,12,1,1,1,1,0,0,0,0,0,0,0,0,0,1,0,0,0,0,0,0,0,0
650000.0,Yamaha FZ1-S,Екатеринбург,41455.0,998,бензин,16,0,1,1,0,0,0,0,1,0,0,0,0,0,0,0,0,0,0,0,0,1,0
650000.0,Honda VFR 800,Новосибирск,40360.0,800,бензин,19,0,1,1,0,0,0,0,1,0,0,0,0,0,1,0,0,0,0,0,0,0,0
650000.0,Honda VTX 1300R,Ачинск,16600.0,1300,бензин,19,0,1,0,1,0,0,0,0,0,0,0,0,0,1,0,0,0,0,0,0,0,0
650000.0,Suzuki DR 650SE,Чита,8000.0,650,бензин,18,0,1,0,1,0,0,0,0,0,0,0,0,0,0,0,0,0,0,1,0,0,0
650000.0,Honda CBR 1000RR Fireblade,Москва,69000.0,998,бензин,19,0,1,1,0,0,1,0,0,0,0,0,0,0,1,0,0,0,0,0,0,0,0
650000.0,Yamaha YZ 450F,Волгоград,80.0,450,бензин,5,0,1,1,0,0,0,0,1,0,0,0,0,0,0,0,0,0,0,0,0,1,0
650000.0,Kawasaki Ninja ZX-10R,Махачкала,35000.0,1000,бензин,19,0,1,1,1,0,0,0,0,0,0,0,0,0,0,0,1,0,0,0,0,0,0
650000.0,Suzuki GSR 750A,Голышманово,21156.0,749,бензин,11,0,1,1,1,0,0,0,0,0,0,0,0,0,0,0,0,0,0,1,0,0,0
650000.0,Honda NC 750X,Владивосток,21000.0,750,бензин,9,0,1,1,1,0,0,0,0,0,0,0,0,0,1,0,0,0,0,0,0,0,0
650000.0,Honda NC 750XD,Пермь,41600.0,745,бензин,11,1,1,1,0,0,0,0,1,0,0,0,0,0,1,0,0,0,0,0,0,0,0
650000.0,Suzuki GSX-R 600,Хабаровск,38000.0,600,бензин,19,0,1,1,1,0,0,0,0,0,0,0,0,0,0,0,0,0,0,1,0,0,0
650000.0,BMW F 800 R,Москва,51830.0,800,бензин,11,0,1,1,0,0,1,0,0,0,0,0,0,0,0,0,0,0,0,0,0,0,1
650000.0,Yamaha TDM 900,Каз,28000.0,900,бензин,14,1,1,1,1,0,0,0,0,0,0,0,0,0,0,0,0,0,0,0,0,1,0
650000.0,Kawasaki KX,Петропавловск-Камчатский,100.0,450,бензин,8,0,1,1,1,0,0,0,0,0,0,0,0,0,0,0,1,0,0,0,0,0,0
650000.0,Harley-Davidson Dyna Super Glide,Ростов-на-Дону,61886.0,1450,бензин,25,0,1,0,0,0,0,0,1,0,0,0,0,1,0,0,0,0,0,0,0,0,0
650000.0,Honda NC 750S,Ангарск,9000.0,750,бензин,10,0,1,1,1,0,0,0,0,0,0,0,0,0,1,0,0,0,0,0,0,0,0
650000.0,Honda CBR 1000RR Fireblade,Барнаул,36000.0,1000,бензин,18,0,1,1,1,0,0,0,0,0,0,0,0,0,1,0,0,0,0,0,0,0,0
650000.0,Beta RR 2T 300 Racing,Спасск-Дальний,190.0,300,бензин,4,0,0,0,1,0,0,0,0,0,0,0,0,0,0,0,0,0,0,0,0,0,1
650000.0,BMW R 1200 R Sport,Сочи,80000.0,1200,бензин,19,0,1,1,1,0,0,0,0,0,0,0,0,0,0,0,0,0,0,0,0,0,1
650000.0,Yamaha TDM 900,Чунский,44000.0,900,бензин,15,0,1,1,1,0,0,0,0,0,0,0,0,0,0,0,0,0,0,0,0,1,0
650000.0,Voge 650DSX Adventure,Новосибирск,800.0,650,бензин,2,0,1,1,0,0,0,0,1,0,0,0,0,0,0,0,0,0,0,0,0,0,1
650000.0,Kawasaki Z 650,Хабаровск,24000.0,650,бензин,6,0,1,1,1,0,0,0,0,0,0,0,0,0,0,0,1,0,0,0,0,0,0
650000.0,BMW R 1200 R,Набережные Челны,58000.0,1170,бензин,17,0,1,1,1,0,0,0,0,0,0,0,0,0,0,0,0,0,0,0,0,0,1
650000.0,BMW G 310 GS,Новосибирск,5749.0,313,бензин,4,0,1,1,0,0,0,0,1,0,0,0,0,0,0,0,0,0,0,0,0,0,1
650000.0,Harley-Davidson Sportster 883 Low XL883L,Старонижестеблиевская,75000.0,1200,бензин,20,0,1,0,1,0,0,0,0,0,0,0,0,1,0,0,0,0,0,0,0,0,0
650000.0,Honda CB 400X,Новосибирск,3392.0,400,бензин,5,0,1,1,0,0,0,0,1,0,0,0,0,0,1,0,0,0,0,0,0,0,0
650007.0,Honda Valkyrie,Владивосток,30000.0,1500,бензин,26,0,1,0,1,0,0,0,0,0,0,0,0,0,1,0,0,0,0,0,0,0,0
654000.0,Kawasaki Versys 650,Владивосток,35888.0,650,бензин,10,1,1,1,1,0,0,0,0,0,0,0,0,0,0,0,1,0,0,0,0,0,0
655000.0,Kawasaki Ninja ZX-10R,Владивосток,30941.0,1000,бензин,19,0,1,0,1,0,0,0,0,0,0,0,0,0,0,0,1,0,0,0,0,0,0
655000.0,Suzuki GSX-R 600,Владивосток,35000.0,600,бензин,16,0,1,1,1,0,0,0,0,0,0,0,0,0,0,0,0,0,0,1,0,0,0
655000.0,Honda CBF 600S,Владивосток,13437.0,600,бензин,15,0,1,1,1,0,0,0,0,0,0,0,0,0,1,0,0,0,0,0,0,0,0
655000.0,Honda CTX 700,Владивосток,26506.0,700,бензин,12,0,1,1,1,0,0,0,0,0,0,0,0,0,1,0,0,0,0,0,0,0,0
655000.0,KTM 990 Super Duke R,Анжеро-Судженск,22150.0,999,бензин,17,0,1,1,1,0,0,0,0,0,0,0,0,0,0,0,0,0,0,0,0,0,1
655000.0,Honda CRF 450RX,Минусинск,50.0,450,бензин,8,0,1,1,1,0,0,0,0,0,0,0,0,0,1,0,0,0,0,0,0,0,0
655000.0,Honda CBR 400R,Новосибирск,4000.0,400,бензин,9,0,1,1,0,0,0,0,1,0,0,0,0,0,1,0,0,0,0,0,0,0,0
655000.0,Honda VT 750S,Маркова,11000.0,750,бензин,15,0,1,1,1,0,0,0,0,0,0,0,0,0,1,0,0,0,0,0,0,0,0
655000.0,Harley-Davidson Street 750 XG750,Хабаровск,10500.0,750,бензин,9,0,1,1,1,0,0,0,0,0,0,0,0,1,0,0,0,0,0,0,0,0,0
655000.0,Honda CRF 250L,Владивосток,2199.0,250,бензин,4,0,1,1,1,0,0,0,0,0,0,0,0,0,1,0,0,0,0,0,0,0,0
655000.0,BMW F 800 R,Пушкино,54000.0,800,бензин,13,0,1,1,0,0,0,1,0,0,0,0,0,0,0,0,0,0,0,0,0,0,1
655000.0,Ducati Monster 696,Хабаровск,15800.0,696,бензин,13,0,1,1,1,0,0,0,0,0,0,0,1,0,0,0,0,0,0,0,0,0,0
655000.0,Honda CBR 600RR,Владивосток,39375.0,599,бензин,16,0,1,1,1,0,0,0,0,0,0,0,0,0,1,0,0,0,0,0,0,0,0
655555.0,Kawasaki VN Vulcan 1500 Classic,Богданович,38220.0,1500,бензин,22,0,1,1,1,0,0,0,0,0,0,0,0,0,0,0,1,0,0,0,0,0,0
656000.0,Suzuki Boulevard C90,Новосибирск,50000.0,1500,бензин,20,0,1,1,0,0,0,0,1,0,0,0,0,0,0,0,0,0,0,1,0,0,0
656000.0,Honda NC 750X,Новосибирск,44000.0,750,бензин,10,0,1,1,0,0,0,0,1,0,0,0,0,0,1,0,0,0,0,0,0,0,0
657000.0,Ducati Monster 1100 Evo,Находка,20400.0,1100,бензин,14,0,1,1,1,0,0,0,0,0,0,0,1,0,0,0,0,0,0,0,0,0,0
657000.0,Kawasaki Versys 650,Владивосток,43000.0,650,бензин,10,0,1,1,1,0,0,0,0,0,0,0,0,0,0,0,1,0,0,0,0,0,0
657500.0,Yamaha MT-07A,Хабаровск,28166.0,700,бензин,8,0,1,1,1,0,0,0,0,0,0,0,0,0,0,0,0,0,0,0,0,1,0
657500.0,Yamaha MT-07A,Хабаровск,31777.0,700,бензин,7,0,1,1,1,0,0,0,0,0,0,0,0,0,0,0,0,0,0,0,0,1,0
657500.0,Kawasaki Ninja ZX-10R,Хабаровск,44000.0,1000,бензин,19,0,1,1,1,0,0,0,0,0,0,0,0,0,0,0,1,0,0,0,0,0,0
658700.0,Yamaha FZ8-S,Хабаровск,29524.0,800,бензин,12,0,1,1,1,0,0,0,0,0,0,0,0,0,0,0,0,0,0,0,0,1,0
659000.0,Yamaha YZF-R6,Красноярск,20000.0,600,бензин,19,0,1,1,0,0,0,0,1,0,0,0,0,0,0,0,0,0,0,0,0,1,0
659984.0,Yamaha XT 600Z Tenere,Санкт-Петербург,53.0,660,бензин,13,0,1,1,0,0,0,0,0,1,0,0,0,0,0,0,0,0,0,0,0,1,0
660000.0,Yamaha XVS 950,Барнаул,10000.0,960,бензин,16,0,1,1,1,0,0,0,0,0,0,0,0,0,0,0,0,0,0,0,0,1,0
660000.0,Yamaha MT-07A,Владивосток,13000.0,700,бензин,10,0,1,1,1,0,0,0,0,0,0,0,0,0,0,0,0,0,0,0,0,1,0
660000.0,Honda NC 700 Integra,Владивосток,14000.0,700,бензин,12,1,1,1,1,0,0,0,0,0,0,0,0,0,1,0,0,0,0,0,0,0,0
660000.0,Harley-Davidson Heritage Softail Classic,Владивосток,40000.0,1450,бензин,19,0,1,1,1,0,0,0,0,0,0,0,0,1,0,0,0,0,0,0,0,0,0
660000.0,Yamaha MT-09,Хабаровск,33000.0,849,бензин,11,0,1,1,1,0,0,0,0,0,0,0,0,0,0,0,0,0,0,0,0,1,0
660000.0,Harley-Davidson Street 750 XG750,Находка,13025.0,750,бензин,9,0,1,1,1,0,0,0,0,0,0,0,0,1,0,0,0,0,0,0,0,0,0
660000.0,Honda NC 700XA,Новосибирск,32300.0,700,бензин,13,0,1,1,0,0,0,0,1,0,0,0,0,0,1,0,0,0,0,0,0,0,0
660000.0,Harley-Davidson Sportster 1200,Новосибирск,40700.0,1200,бензин,17,0,1,1,0,0,0,0,1,0,0,0,0,1,0,0,0,0,0,0,0,0,0
660000.0,KTM 390 Adventure,Томск,3700.0,390,бензин,3,0,1,1,1,0,0,0,0,0,0,0,0,0,0,0,0,0,0,0,0,0,1
660090.0,Suzuki SV 650XA,Улан-Удэ,5000.0,650,бензин,3,0,1,1,1,0,0,0,0,0,0,0,0,0,0,0,0,0,0,1,0,0,0
663000.0,Yamaha XVS 950 Bolt,Владивосток,24926.0,950,бензин,12,0,1,1,1,0,0,0,0,0,0,0,0,0,0,0,0,0,0,0,0,1,0
664000.0,Suzuki SV 650XA,Владивосток,7040.0,650,бензин,6,0,1,1,1,0,0,0,0,0,0,0,0,0,0,0,0,0,0,1,0,0,0
665000.0,Harley-Davidson Electra Glide,Владивосток,24000.0,1600,бензин,18,0,1,1,1,0,0,0,0,0,0,0,0,1,0,0,0,0,0,0,0,0,0
665000.0,Yamaha YZ 250FX,Владивосток,2630.0,250,бензин,9,0,1,1,1,0,0,0,0,0,0,0,0,0,0,0,0,0,0,0,0,1,0
665000.0,Honda VT 750S,Барнаул,31000.0,750,бензин,14,0,1,1,1,0,0,0,0,0,0,0,0,0,1,0,0,0,0,0,0,0,0
665000.0,Ducati Monster 796,Новосибирск,38947.0,796,бензин,11,0,1,1,0,0,0,0,1,0,0,0,1,0,0,0,0,0,0,0,0,0,0
668000.0,Honda X11,Юрга,43000.0,1100,бензин,24,0,1,1,1,0,0,0,0,0,0,0,0,0,1,0,0,0,0,0,0,0,0
669999.0,BMW R 1200 S,Новокузнецк,46000.0,1200,бензин,19,0,1,1,1,0,0,0,0,0,0,0,0,0,0,0,0,0,0,0,0,0,1
670000.0,Honda CB 900,Челябинск,35500.0,919,бензин,23,0,1,1,0,0,0,0,1,0,0,0,0,0,1,0,0,0,0,0,0,0,0
670000.0,Honda CMX 500 Rebel,Москва,20000.0,500,бензин,7,0,1,1,0,0,1,0,0,0,0,0,0,0,1,0,0,0,0,0,0,0,0
670000.0,Suzuki SV 650X,Владивосток,7000.0,650,бензин,3,0,1,1,1,0,0,0,0,0,0,0,0,0,0,0,0,0,0,1,0,0,0
670000.0,Honda CRF 250L,Екатеринбург,6590.0,250,бензин,8,0,1,1,0,0,0,0,1,0,0,0,0,0,1,0,0,0,0,0,0,0,0
670000.0,Kawasaki Ninja ZX-6R,Хабаровск,9000.0,636,бензин,21,0,1,1,1,0,0,0,0,0,0,0,0,0,0,0,1,0,0,0,0,0,0
670000.0,Yamaha FZ 1,Белогорск,30000.0,1000,бензин,19,0,1,1,1,0,0,0,0,0,0,0,0,0,0,0,0,0,0,0,0,1,0
670000.0,Honda CBR 600RR,Курганинск,50000.0,600,бензин,17,0,1,1,1,0,0,0,0,0,0,0,0,0,1,0,0,0,0,0,0,0,0
670000.0,Yamaha XT 250,Красноярск,2600.0,250,бензин,5,0,1,1,0,0,0,0,1,0,0,0,0,0,0,0,0,0,0,0,0,1,0
670000.0,Kawasaki Ninja ZX-6R,Уссурийск,50000.0,636,бензин,17,0,1,0,1,0,0,0,0,0,0,0,0,0,0,0,1,0,0,0,0,0,0
670000.0,Honda NC 750X,Новосибирск,29000.0,750,бензин,10,0,1,1,0,0,0,0,1,0,0,0,0,0,1,0,0,0,0,0,0,0,0
670000.0,Honda NC 700X,Новосибирск,7.0,670,бензин,12,0,1,1,0,0,0,0,1,0,0,0,0,0,1,0,0,0,0,0,0,0,0
670000.0,Suzuki GSX-R 600,Красноярск,34000.0,600,бензин,18,0,1,1,0,0,0,0,1,0,0,0,0,0,0,0,0,0,0,1,0,0,0
670000.0,Suzuki SV 650,Красноярск,11000.0,650,бензин,5,0,1,1,0,0,0,0,1,0,0,0,0,0,0,0,0,0,0,1,0,0,0
670000.0,Suzuki SV 650,Москва,5446.0,650,бензин,6,0,1,1,0,0,1,0,0,0,0,0,0,0,0,0,0,0,0,1,0,0,0
670000.0,Harley-Davidson Sportster 1200 Nightster XL1200N,Владивосток,10000.0,1200,бензин,16,0,1,1,1,0,0,0,0,0,0,0,0,1,0,0,0,0,0,0,0,0,0
670000.0,Yamaha Star Bolt,Хабаровск,7700.0,950,бензин,11,0,1,1,1,0,0,0,0,0,0,0,0,0,0,0,0,0,0,0,0,1,0
670000.0,Yamaha FZ1-S,Красноярск,25000.0,1000,бензин,17,0,1,1,0,0,0,0,1,0,0,0,0,0,0,0,0,0,0,0,0,1,0
673000.0,KTM 390 Duke,Ангарск,27.0,390,бензин,3,0,1,1,1,0,0,0,0,0,0,0,0,0,0,0,0,0,0,0,0,0,1
675000.0,Yamaha YZF,Зеленогорск,35994.0,600,бензин,17,0,1,1,1,0,0,0,0,0,0,0,0,0,0,0,0,0,0,0,0,1,0
675000.0,Suzuki GSF 1250 Bandit,Москва,52000.0,1250,бензин,14,0,1,1,0,0,1,0,0,0,0,0,0,0,0,0,0,0,0,1,0,0,0
675000.0,Yamaha FZ 1,Сургут,32000.0,1000,бензин,18,0,1,1,1,0,0,0,0,0,0,0,0,0,0,0,0,0,0,0,0,1,0
675000.0,Yamaha XVS 1300,Владивосток,7952.0,1304,бензин,15,0,1,1,1,0,0,0,0,0,0,0,0,0,0,0,0,0,0,0,0,1,0
675000.0,Yamaha FJR 1300A,Находка,76000.0,1300,бензин,19,0,1,1,1,0,0,0,0,0,0,0,0,0,0,0,0,0,0,0,0,1,0
675000.0,Yamaha XVS 950 Bolt,Владивосток,8207.0,950,бензин,11,0,1,1,1,0,0,0,0,0,0,0,0,0,0,0,0,0,0,0,0,1,0
675000.0,Yamaha MT-07A,Владивосток,7320.0,700,бензин,9,0,0,1,1,0,0,0,0,0,0,0,0,0,0,0,0,0,0,0,0,1,0
675000.0,Yamaha WR 250R,Владивосток,5899.0,250,бензин,10,0,1,1,1,0,0,0,0,0,0,0,0,0,0,0,0,0,0,0,0,1,0
675000.0,Ducati Scrambler,Владивосток,6513.0,800,бензин,10,0,1,1,1,0,0,0,0,0,0,0,1,0,0,0,0,0,0,0,0,0,0
675000.0,Yamaha XVS 950 Bolt,Владивосток,16142.0,950,бензин,12,0,1,1,1,0,0,0,0,0,0,0,0,0,0,0,0,0,0,0,0,1,0
675000.0,Kawasaki Z 400,Новосибирск,5682.0,400,бензин,6,0,1,1,0,0,0,0,1,0,0,0,0,0,0,0,1,0,0,0,0,0,0
675000.0,Yamaha FZ 1,Красноярск,43000.0,1000,бензин,13,0,1,1,0,0,0,0,1,0,0,0,0,0,0,0,0,0,0,0,0,1,0
675000.0,Yamaha WR 250F,Красноярск,14000.0,250,бензин,17,0,1,0,0,0,0,0,1,0,0,0,0,0,0,0,0,0,0,0,0,1,0
675000.0,Honda VFR 800X Crossrunner,Владивосток,69197.0,800,бензин,14,0,1,1,1,0,0,0,0,0,0,0,0,0,1,0,0,0,0,0,0,0,0
675000.0,Kawasaki KX 450F,Барнаул,500.0,450,бензин,6,0,1,1,1,0,0,0,0,0,0,0,0,0,0,0,1,0,0,0,0,0,0
677000.0,Suzuki GSR 750,Владивосток,6424.0,750,бензин,12,0,1,1,1,0,0,0,0,0,0,0,0,0,0,0,0,0,0,1,0,0,0
678700.0,Suzuki GSR 750,Хабаровск,22982.0,750,бензин,9,0,1,1,1,0,0,0,0,0,0,0,0,0,0,0,0,0,0,1,0,0,0
679000.0,Honda NC 700X,Симферополь,60474.0,700,бензин,12,0,1,1,1,0,0,0,0,0,0,0,0,0,1,0,0,0,0,0,0,0,0
680000.0,Kawasaki Ninja 650,Владивосток,33000.0,649,бензин,8,0,1,1,1,0,0,0,0,0,0,0,0,0,0,0,1,0,0,0,0,0,0
680000.0,Ducati Streetfighter 848,Владивосток,8048.0,848,бензин,13,0,1,1,1,0,0,0,0,0,0,0,1,0,0,0,0,0,0,0,0,0,0
680000.0,Yamaha XVS 1100,Владивосток,8326.0,1100,бензин,19,0,1,0,1,0,0,0,0,0,0,0,0,0,0,0,0,0,0,0,0,1,0
680000.0,Kawasaki Ninja 650,Владивосток,15506.0,650,бензин,8,0,1,1,1,0,0,0,0,0,0,0,0,0,0,0,1,0,0,0,0,0,0
680000.0,Harley-Davidson Street 750 XG750,Томск,11000.0,750,бензин,8,0,1,1,1,0,0,0,0,0,0,0,0,1,0,0,0,0,0,0,0,0,0
680000.0,Suzuki GSX-R 1000R,Краснодар,43000.0,1000,бензин,17,0,1,1,0,0,0,0,1,0,0,0,0,0,0,0,0,0,0,1,0,0,0
680000.0,Honda DN-01,Юрга,10000.0,700,бензин,16,1,1,1,1,0,0,0,0,0,0,0,0,0,1,0,0,0,0,0,0,0,0
680000.0,Ducati Monster S4RS,Череповец,35000.0,998,бензин,19,0,1,1,1,0,0,0,0,0,0,0,1,0,0,0,0,0,0,0,0,0,0
680000.0,Honda CBR 1000RR Fireblade,Иркутск,29624.0,1000,бензин,20,0,1,1,1,0,0,0,0,0,0,0,0,0,1,0,0,0,0,0,0,0,0
680000.0,Suzuki SV 650A,Владивосток,4200.0,650,бензин,4,0,1,1,1,0,0,0,0,0,0,0,0,0,0,0,0,0,0,1,0,0,0
680000.0,Yamaha FZ1-S,Красноярск,70000.0,998,бензин,17,0,1,1,0,0,0,0,1,0,0,0,0,0,0,0,0,0,0,0,0,1,0
680000.0,Yamaha XJ 6 N Diversion,Красноярск,4030.0,600,бензин,14,0,1,1,0,0,0,0,1,0,0,0,0,0,0,0,0,0,0,0,0,1,0
680000.0,Honda CBR 600RR,Ставрополь,43000.0,600,бензин,18,0,1,1,1,0,0,0,0,0,0,0,0,0,1,0,0,0,0,0,0,0,0
680000.0,Honda VTX 1300R,Минск,14500.0,1300,бензин,19,0,1,0,1,0,0,0,0,0,0,0,0,0,1,0,0,0,0,0,0,0,0
680000.0,Honda XR 400R,Владивосток,4500.0,400,бензин,29,0,1,0,1,0,0,0,0,0,0,0,0,0,1,0,0,0,0,0,0,0,0
680000.0,Kawasaki W800,Владивосток,9910.0,800,бензин,10,0,1,1,1,0,0,0,0,0,0,0,0,0,0,0,1,0,0,0,0,0,0
680000.0,Suzuki V-Strom,Новосибирск,56000.0,650,бензин,10,0,1,1,0,0,0,0,1,0,0,0,0,0,0,0,0,0,0,1,0,0,0
680000.0,Triumph Speed Triple,Барнаул,36000.0,1050,бензин,13,0,1,1,1,0,0,0,0,0,0,0,0,0,0,0,0,0,0,0,1,0,0
680000.0,Yamaha XVS 950 Bolt,Новосибирск,33000.0,950,бензин,11,0,1,1,0,0,0,0,1,0,0,0,0,0,0,0,0,0,0,0,0,1,0
680000.0,Kawasaki Ninja 400,Анапа,3800.0,400,бензин,7,0,1,1,1,0,0,0,0,0,0,0,0,0,0,0,1,0,0,0,0,0,0
680000.0,BMW R 1200 RT,Москва,60000.0,1200,бензин,20,0,1,1,0,0,1,0,0,0,0,0,0,0,0,0,0,0,0,0,0,0,1
680000.0,Kawasaki Ninja ZX-10R,Южно-Сахалинск,35000.0,1000,бензин,21,0,1,1,1,0,0,0,0,0,0,0,0,0,0,0,1,0,0,0,0,0,0
680007.0,Yamaha Roadstar 1600,Владивосток,13500.0,1600,бензин,22,0,1,0,1,0,0,0,0,0,0,0,0,0,0,0,0,0,0,0,0,1,0
681000.0,Yamaha XVS 1300,Минск,58400.0,1300,бензин,15,0,1,1,1,0,0,0,0,0,0,0,0,0,0,0,0,0,0,0,0,1,0
684000.0,Yamaha MT-07A,Находка,43500.0,700,бензин,10,0,1,1,1,0,0,0,0,0,0,0,0,0,0,0,0,0,0,0,0,1,0
685000.0,BMW R 1200 GS,Находка,37500.0,1200,бензин,21,0,1,1,1,0,0,0,0,0,0,0,0,0,0,0,0,0,0,0,0,0,1
685000.0,Honda CB 650F,Кемерово,24000.0,650,бензин,11,0,1,1,1,0,0,0,0,0,0,0,0,0,1,0,0,0,0,0,0,0,0
685000.0,Honda XL 1000V Varadero,Севастополь,50000.0,996,бензин,21,0,1,1,1,0,0,0,0,0,0,0,0,0,1,0,0,0,0,0,0,0,0
685000.0,Ducati Scrambler,Владивосток,9000.0,803,бензин,10,0,1,1,1,0,0,0,0,0,0,0,1,0,0,0,0,0,0,0,0,0,0
685000.0,BMW F 700 GS,Красноярск,60000.0,800,бензин,10,0,1,1,0,0,0,0,1,0,0,0,0,0,0,0,0,0,0,0,0,0,1
685000.0,BMW F 800 R,Новосибирск,18953.0,800,бензин,15,0,1,1,0,0,0,0,1,0,0,0,0,0,0,0,0,0,0,0,0,0,1
685000.0,BMW R 1200 GS Adventure,Хабаровск,91000.0,1200,бензин,16,0,1,1,1,0,0,0,0,0,0,0,0,0,0,0,0,0,0,0,0,0,1
685000.0,Yamaha MT-09,Владивосток,5500.0,850,бензин,10,0,1,1,1,0,0,0,0,0,0,0,0,0,0,0,0,0,0,0,0,1,0
687000.0,Kawasaki Ninja 1000,Владивосток,31139.0,1000,бензин,13,0,1,1,1,0,0,0,0,0,0,0,0,0,0,0,1,0,0,0,0,0,0
687500.0,Yamaha WR 250F,Хабаровск,1.0,250,бензин,10,0,1,1,1,0,0,0,0,0,0,0,0,0,0,0,0,0,0,0,0,1,0
687500.0,Honda GL 1500,Хабаровск,19233.0,1500,бензин,30,0,1,0,1,0,0,0,0,0,0,0,0,0,1,0,0,0,0,0,0,0,0
687500.0,Yamaha MT-09,Хабаровск,21000.0,850,бензин,10,0,1,1,1,0,0,0,0,0,0,0,0,0,0,0,0,0,0,0,0,1,0
688000.0,BMW R 1200 GS,Кемерово,83000.0,1200,бензин,21,0,1,1,1,0,0,0,0,0,0,0,0,0,0,0,0,0,0,0,0,0,1
688000.0,Yamaha MT-09,Находка,49000.0,900,бензин,11,0,1,1,1,0,0,0,0,0,0,0,0,0,0,0,0,0,0,0,0,1,0
688000.0,Kawasaki Ninja ZX-6R,Красноярск,13000.0,600,бензин,17,0,1,1,0,0,0,0,1,0,0,0,0,0,0,0,1,0,0,0,0,0,0
688000.0,Honda NC 750X,Новосибирск,6000.0,750,бензин,10,0,1,1,0,0,0,0,1,0,0,0,0,0,1,0,0,0,0,0,0,0,0
689000.0,Suzuki V-Strom 650XT,Владивосток,41787.0,650,бензин,11,0,1,1,1,0,0,0,0,0,0,0,0,0,0,0,0,0,0,1,0,0,0
689000.0,Suzuki DR-Z 400SM,Нижнеудинск,16000.0,400,бензин,8,0,1,0,1,0,0,0,0,0,0,0,0,0,0,0,0,0,0,1,0,0,0
689000.0,Suzuki GSR 750,Новосибирск,28000.0,750,бензин,10,0,1,1,0,0,0,0,1,0,0,0,0,0,0,0,0,0,0,1,0,0,0
689000.0,Harley-Davidson Street 750 XG750,Владивосток,7790.0,750,бензин,8,0,1,1,1,0,0,0,0,0,0,0,0,1,0,0,0,0,0,0,0,0,0
690000.0,Yamaha XVS 1300,Спасск-Дальний,38000.0,1300,бензин,18,0,1,1,1,0,0,0,0,0,0,0,0,0,0,0,0,0,0,0,0,1,0
690000.0,KTM 390 Duke,Хабаровск,34.0,390,бензин,4,0,1,1,1,0,0,0,0,0,0,0,0,0,0,0,0,0,0,0,0,0,1
690000.0,Husqvarna FE 250,Владивосток,7868.0,249,бензин,5,0,1,1,1,0,0,0,0,0,0,0,0,0,0,0,0,0,0,0,0,0,1
690000.0,Honda CTX 700,Анапа,65925.0,700,бензин,12,1,1,1,1,0,0,0,0,0,0,0,0,0,1,0,0,0,0,0,0,0,0
690000.0,Harley-Davidson Road King Classic FLHRC,Владивосток,50180.0,1584,бензин,18,0,1,1,1,0,0,0,0,0,0,0,0,1,0,0,0,0,0,0,0,0,0
690000.0,Honda CBR 600RR,Владивосток,30000.0,600,бензин,14,0,1,1,1,0,0,0,0,0,0,0,0,0,1,0,0,0,0,0,0,0,0
690000.0,Harley-Davidson Dyna,Краснодар,30000.0,1340,бензин,30,0,1,0,0,0,0,0,1,0,0,0,0,1,0,0,0,0,0,0,0,0,0
690000.0,Husqvarna TE 300,Кемерово,213.0,300,бензин,6,0,0,0,1,0,0,0,0,0,0,0,0,0,0,0,0,0,0,0,0,0,1
690000.0,Honda VT 750,Чита,19094.0,750,бензин,14,0,1,1,1,0,0,0,0,0,0,0,0,0,1,0,0,0,0,0,0,0,0
690000.0,Aprilia Tuono 1000,Екатеринбург,48447.0,998,бензин,16,0,1,1,0,0,0,0,1,0,0,0,0,0,0,0,0,0,0,0,0,0,1
690000.0,Suzuki Boulevard C90,Новосибирск,66000.0,1500,бензин,18,0,1,1,0,0,0,0,1,0,0,0,0,0,0,0,0,0,0,1,0,0,0
690000.0,Kawasaki Ninja 650,Владивосток,10518.0,650,бензин,8,0,1,1,1,0,0,0,0,0,0,0,0,0,0,0,1,0,0,0,0,0,0
690000.0,Husqvarna FE 350,Новосибирск,253.0,350,бензин,6,0,1,1,0,0,0,0,1,0,0,0,0,0,0,0,0,0,0,0,0,0,1
690000.0,KTM 690 SMC-R,Ижевск,25000.0,690,бензин,13,0,1,1,1,0,0,0,0,0,0,0,0,0,0,0,0,0,0,0,0,0,1
690000.0,Yamaha WR 250F,Новосибирск,2400.0,250,бензин,4,0,1,1,0,0,0,0,1,0,0,0,0,0,0,0,0,0,0,0,0,1,0
690000.0,Kawasaki Ninja ZX-10R,Усолье-Сибирское,43000.0,1000,бензин,17,0,1,1,1,0,0,0,0,0,0,0,0,0,0,0,1,0,0,0,0,0,0
690000.0,Husqvarna FE 350 Rockstar Edition,Владивосток,139.0,350,бензин,8,0,1,1,1,0,0,0,0,0,0,0,0,0,0,0,0,0,0,0,0,0,1
690000.0,Honda VFR 800A,Москва,32843.0,800,бензин,16,0,1,1,0,0,1,0,0,0,0,0,0,0,1,0,0,0,0,0,0,0,0
690000.0,Kawasaki Z 1000,Владивосток,41199.0,1000,бензин,14,0,1,1,1,0,0,0,0,0,0,0,0,0,0,0,1,0,0,0,0,0,0
690000.0,Harley-Davidson X500,Владивосток,1000.0,500,бензин,2,0,1,1,1,0,0,0,0,0,0,0,0,1,0,0,0,0,0,0,0,0,0
690000.0,Kawasaki VN Vulcan 1500 Classic,Хабаровск,26000.0,1500,бензин,24,0,1,0,1,0,0,0,0,0,0,0,0,0,0,0,1,0,0,0,0,0,0
690000.0,Yamaha MT-09A,Владивосток,32471.0,850,бензин,11,0,1,1,1,0,0,0,0,0,0,0,0,0,0,0,0,0,0,0,0,1,0
690000.0,Honda NC 700X,Москва,7260.0,700,бензин,12,1,1,1,0,0,1,0,0,0,0,0,0,0,1,0,0,0,0,0,0,0,0
690000.0,Fantic Caballero 500,Владивосток,977.0,500,бензин,6,0,1,1,1,0,0,0,0,0,0,0,0,0,0,0,0,0,0,0,0,0,1
690000.0,Honda Shadow Deluxe,Ставрополь,20000.0,750,бензин,24,0,1,0,1,0,0,0,0,0,0,0,0,0,1,0,0,0,0,0,0,0,0
690000.0,Suzuki SV 650XA,Владивосток,7800.0,650,бензин,4,0,1,1,1,0,0,0,0,0,0,0,0,0,0,0,0,0,0,1,0,0,0
690000.0,Husqvarna FC 450,Пермь,166.0,450,бензин,3,0,1,1,0,0,0,0,1,0,0,0,0,0,0,0,0,0,0,0,0,0,1
690000.0,Honda GL 1500SE,Москва,112000.0,1500,бензин,26,0,1,0,0,0,1,0,0,0,0,0,0,0,1,0,0,0,0,0,0,0,0
690000.0,Triumph Bonneville T100,Владивосток,18020.0,865,бензин,13,0,1,1,1,0,0,0,0,0,0,0,0,0,0,0,0,0,0,0,1,0,0
695000.0,Suzuki V-Strom 650XT,Барнаул,30000.0,650,бензин,10,0,1,1,1,0,0,0,0,0,0,0,0,0,0,0,0,0,0,1,0,0,0
695000.0,Kawasaki VN Vulcan 900 Classic,Владивосток,7481.0,900,бензин,13,0,1,1,1,0,0,0,0,0,0,0,0,0,0,0,1,0,0,0,0,0,0
695000.0,Victory Vision,Омск,35000.0,1731,бензин,18,0,1,1,0,0,0,0,1,0,0,0,0,0,0,0,0,0,0,0,0,0,1
695000.0,Yamaha MT-09A,Владивосток,24107.0,850,бензин,10,0,1,1,1,0,0,0,0,0,0,0,0,0,0,0,0,0,0,0,0,1,0
695000.0,Honda CBR 600RR,Владивосток,6842.0,600,бензин,18,0,1,1,1,0,0,0,0,0,0,0,0,0,1,0,0,0,0,0,0,0,0
695000.0,BMW K 1200 GT,Находка,26300.0,1200,бензин,17,0,1,1,1,0,0,0,0,0,0,0,0,0,0,0,0,0,0,0,0,0,1
695000.0,Yamaha MT-09,Владивосток,10628.0,850,бензин,10,0,1,1,1,0,0,0,0,0,0,0,0,0,0,0,0,0,0,0,0,1,0
695000.0,BMW R 1200 GS,Красноярск,95000.0,1200,бензин,18,0,1,1,0,0,0,0,1,0,0,0,0,0,0,0,0,0,0,0,0,0,1
695000.0,Honda CBR 400R,Красноярск,12000.0,400,бензин,4,0,1,1,0,0,0,0,1,0,0,0,0,0,1,0,0,0,0,0,0,0,0
695000.0,Yamaha YZF-R1,Владивосток,18000.0,1000,бензин,17,0,1,1,1,0,0,0,0,0,0,0,0,0,0,0,0,0,0,0,0,1,0
695000.0,Yamaha XVS 1300,Владивосток,11971.0,1300,бензин,18,0,1,1,1,0,0,0,0,0,0,0,0,0,0,0,0,0,0,0,0,1,0
695000.0,KTM 990 Supermoto,Красноярск,57000.0,999,бензин,13,0,1,1,0,0,0,0,1,0,0,0,0,0,0,0,0,0,0,0,0,0,1
696000.0,Yamaha MT-09,Новосибирск,29000.0,850,бензин,11,0,1,1,0,0,0,0,1,0,0,0,0,0,0,0,0,0,0,0,0,1,0
697000.0,Kawasaki Ninja 1000,Владивосток,16856.0,1000,бензин,14,0,1,1,1,0,0,0,0,0,0,0,0,0,0,0,1,0,0,0,0,0,0
698000.0,Kawasaki Ninja 650,Москва,33000.0,650,бензин,8,0,1,1,0,0,1,0,0,0,0,0,0,0,0,0,1,0,0,0,0,0,0
699000.0,Suzuki DR-Z 400E,Чита,2000.0,400,бензин,18,0,1,0,1,0,0,0,0,0,0,0,0,0,0,0,0,0,0,1,0,0,0
699000.0,Harley-Davidson Dyna Super Glide,Владивосток,16000.0,1600,бензин,17,0,1,1,1,0,0,0,0,0,0,0,0,1,0,0,0,0,0,0,0,0,0
699000.0,Honda VFR 800,Новосибирск,20000.0,800,бензин,9,0,1,1,0,0,0,0,1,0,0,0,0,0,1,0,0,0,0,0,0,0,0
699000.0,Yamaha FZ 1,Владивосток,6786.0,1000,бензин,14,0,1,1,1,0,0,0,0,0,0,0,0,0,0,0,0,0,0,0,0,1,0
699000.0,Yamaha MT-07,Новосибирск,28195.0,689,бензин,11,0,1,1,0,0,0,0,1,0,0,0,0,0,0,0,0,0,0,0,0,1,0
699000.0,Yamaha MT-09 Tracer,Владивосток,74199.0,900,бензин,10,0,1,1,1,0,0,0,0,0,0,0,0,0,0,0,0,0,0,0,0,1,0
699000.0,Yamaha XVS 950 Bolt,Владивосток,9974.0,950,бензин,11,0,1,1,1,0,0,0,0,0,0,0,0,0,0,0,0,0,0,0,0,1,0
699000.0,Honda 400XA,Япония<!-- --> <!-- -->→<!-- --> <!-- -->Хабаровск,6000.0,400,бензин,3,0,1,1,1,0,0,0,0,0,0,0,0,0,1,0,0,0,0,0,0,0,0
699000.0,Honda NC 700XD,Барнаул,57050.0,745,бензин,12,1,1,1,1,0,0,0,0,0,0,0,0,0,1,0,0,0,0,0,0,0,0
699000.0,Honda 400XA,Япония<!-- --> <!-- -->→<!-- --> <!-- -->Хабаровск,14000.0,400,бензин,5,0,1,1,1,0,0,0,0,0,0,0,0,0,1,0,0,0,0,0,0,0,0
699000.0,Honda NC 750S,Екатеринбург,19000.0,750,бензин,11,0,1,1,0,0,0,0,1,0,0,0,0,0,1,0,0,0,0,0,0,0,0
699000.0,Suzuki GSX S1000F,Владивосток,70894.0,1000,бензин,10,0,1,1,1,0,0,0,0,0,0,0,0,0,0,0,0,0,0,1,0,0,0
699000.0,Kawasaki Z 900,Челябинск,14500.0,899,бензин,6,0,0,1,0,0,0,0,1,0,0,0,0,0,0,0,1,0,0,0,0,0,0
699000.0,Yamaha Royal Star Venture,Владивосток,20000.0,1300,бензин,19,0,1,0,1,0,0,0,0,0,0,0,0,0,0,0,0,0,0,0,0,1,0
699000.0,Harley-Davidson Street 750 XG750,Красноярск,1876.0,750,бензин,10,0,1,1,0,0,0,0,1,0,0,0,0,1,0,0,0,0,0,0,0,0,0
699999.0,Honda VFR 800,Омск,34314.0,81,бензин,20,0,1,1,0,0,0,0,1,0,0,0,0,0,1,0,0,0,0,0,0,0,0
700000.0,Yamaha MT-09,Владивосток,4781.0,850,бензин,11,0,1,1,1,0,0,0,0,0,0,0,0,0,0,0,0,0,0,0,0,1,0
700000.0,Yamaha XVS 1300,Севастополь,33000.0,1300,бензин,18,0,1,1,1,0,0,0,0,0,0,0,0,0,0,0,0,0,0,0,0,1,0
700000.0,Honda Shadow 750,Ангарск,11000.0,750,бензин,21,0,1,0,1,0,0,0,0,0,0,0,0,0,1,0,0,0,0,0,0,0,0
700000.0,Honda CBR 600RR,Екатеринбург,22380.0,600,бензин,20,0,1,1,0,0,0,0,1,0,0,0,0,0,1,0,0,0,0,0,0,0,0
700000.0,Yamaha XSR900,Уссурийск,12799.0,845,бензин,7,0,1,1,1,0,0,0,0,0,0,0,0,0,0,0,0,0,0,0,0,1,0
700000.0,Yamaha YZF-R6,Томск,20000.0,600,бензин,14,0,1,1,1,0,0,0,0,0,0,0,0,0,0,0,0,0,0,0,0,1,0
700000.0,Kawasaki Ninja 650,Краснодар,16059.0,649,бензин,8,0,1,1,0,0,0,0,1,0,0,0,0,0,0,0,1,0,0,0,0,0,0
700000.0,Honda CBF 600S,Новокуйбышевск,19800.0,600,бензин,13,0,1,1,1,0,0,0,0,0,0,0,0,0,1,0,0,0,0,0,0,0,0
700000.0,Harley-Davidson Street Glide,Ванино,35000.0,1600,бензин,18,0,1,1,1,0,0,0,0,0,0,0,0,1,0,0,0,0,0,0,0,0,0
700000.0,Harley-Davidson Electra Glide Classic,Владивосток,35000.0,1450,бензин,19,0,1,1,1,0,0,0,0,0,0,0,0,1,0,0,0,0,0,0,0,0,0
700000.0,Suzuki Boulevard C50,Пермь,49000.0,800,бензин,13,0,1,1,0,0,0,0,1,0,0,0,0,0,0,0,0,0,0,1,0,0,0
700000.0,Honda CBR 1000RR Fireblade,Ангарск,26000.0,998,бензин,20,0,1,1,1,0,0,0,0,0,0,0,0,0,1,0,0,0,0,0,0,0,0
700000.0,Kawasaki Concours 14,Барнаул,57000.0,1000,бензин,19,0,1,0,1,0,0,0,0,0,0,0,0,0,0,0,1,0,0,0,0,0,0
700000.0,Harley-Davidson Street 750 XG750,Тюмень,12600.0,750,бензин,5,0,1,1,1,0,0,0,0,0,0,0,0,1,0,0,0,0,0,0,0,0,0
700000.0,Kawasaki ZZR 1400,Воронеж,47188.0,1400,бензин,15,0,1,1,0,0,0,0,1,0,0,0,0,0,0,0,1,0,0,0,0,0,0
700000.0,Honda CB 1300 Boldor,Новосибирск,43000.0,1300,бензин,17,0,1,1,0,0,0,0,1,0,0,0,0,0,1,0,0,0,0,0,0,0,0
700000.0,Harley-Davidson Sportster 1200,Красноярск,13000.0,1200,бензин,18,0,1,1,0,0,0,0,1,0,0,0,0,1,0,0,0,0,0,0,0,0,0
700000.0,Kawasaki VN Vulcan 800,Новосибирск,24000.0,800,бензин,22,0,1,0,0,0,0,0,1,0,0,0,0,0,0,0,1,0,0,0,0,0,0
700000.0,Honda CBR 600RR,Уссурийск,80000.0,600,бензин,13,0,1,1,1,0,0,0,0,0,0,0,0,0,1,0,0,0,0,0,0,0,0
700000.0,Suzuki GSX-R 600,Тобольск,61000.0,600,бензин,17,0,1,1,1,0,0,0,0,0,0,0,0,0,0,0,0,0,0,1,0,0,0
700000.0,Kawasaki Ninja 1000SX,Артём,26664.0,1000,бензин,14,0,1,1,1,0,0,0,0,0,0,0,0,0,0,0,1,0,0,0,0,0,0
700000.0,Honda CBR 1000RR Fireblade,Барнаул,47500.0,1000,бензин,17,0,1,1,1,0,0,0,0,0,0,0,0,0,1,0,0,0,0,0,0,0,0
700000.0,Suzuki GSX-R 1000,Хабаровск,18000.0,1000,бензин,21,0,1,1,1,0,0,0,0,0,0,0,0,0,0,0,0,0,0,1,0,0,0
700000.0,Yamaha MT-07,Уссурийск,29000.0,690,бензин,11,1,1,1,1,0,0,0,0,0,0,0,0,0,0,0,0,0,0,0,0,1,0
700000.0,Yamaha R1,Владивосток,28450.0,1000,бензин,23,0,1,1,1,0,0,0,0,0,0,0,0,0,0,0,0,0,0,0,0,1,0
700000.0,Yamaha XVS 950 Bolt,Краснодар,23000.0,950,бензин,11,0,1,1,0,0,0,0,1,0,0,0,0,0,0,0,0,0,0,0,0,1,0
700000.0,Honda CRF 250L,Находка,1500.0,250,бензин,2,0,1,1,1,0,0,0,0,0,0,0,0,0,1,0,0,0,0,0,0,0,0
700000.0,Yamaha FZ 1,Елизаветинская,30000.0,1000,бензин,17,0,1,1,1,0,0,0,0,0,0,0,0,0,0,0,0,0,0,0,0,1,0
700000.0,Yamaha FJR 1300A,Комсомольск-на-Амуре,25000.0,1300,бензин,18,0,1,1,1,0,0,0,0,0,0,0,0,0,0,0,0,0,0,0,0,1,0
700000.0,Suzuki GSX-R 750,Красноярск,55699.0,750,бензин,25,0,1,1,0,0,0,0,1,0,0,0,0,0,0,0,0,0,0,1,0,0,0
700000.0,Yamaha FJR 1300,Сургут,47099.0,1300,бензин,23,0,1,1,1,0,0,0,0,0,0,0,0,0,0,0,0,0,0,0,0,1,0
700000.0,Yamaha MT-09,Владивосток,24102.0,850,бензин,11,0,1,1,1,0,0,0,0,0,0,0,0,0,0,0,0,0,0,0,0,1,0
700000.0,Honda GL 1500SE,Хабаровск,35684.0,1500,бензин,27,0,1,0,1,0,0,0,0,0,0,0,0,0,1,0,0,0,0,0,0,0,0
700000.0,Kawasaki VN Vulcan 2000,Петропавловск-Камчатский,18181.0,2050,бензин,18,0,1,1,1,0,0,0,0,0,0,0,0,0,0,0,1,0,0,0,0,0,0
700000.0,Honda ST 1300,Юрга,14100.0,1300,бензин,21,0,1,1,1,0,0,0,0,0,0,0,0,0,1,0,0,0,0,0,0,0,0
700000.0,Урал ИМЗ 8.103-10,Москва,300.0,650,бензин,35,0,1,0,0,0,1,0,0,0,0,0,0,0,0,0,0,0,0,0,0,0,1
700000.0,Kawasaki 1400 GTR,Новосибирск,52000.0,1400,бензин,16,0,1,1,0,0,0,0,1,0,0,0,0,0,0,0,1,0,0,0,0,0,0
700000.0,Suzuki VZ 1600 Marauder,Саяногорск,64000.0,1600,бензин,21,0,1,1,1,0,0,0,0,0,0,0,0,0,0,0,0,0,0,1,0,0,0
700000.0,Honda CBR 400R,Новосибирск,7185.0,400,бензин,4,0,1,1,0,0,0,0,1,0,0,0,0,0,1,0,0,0,0,0,0,0,0
700000.0,Harley-Davidson Sportster 883 Low XL883L,Великий Новгород,22000.0,883,бензин,13,0,1,1,1,0,0,0,0,0,0,0,0,1,0,0,0,0,0,0,0,0,0
700000.0,Beta RR 2T 300,Благовещенск,1000.0,300,бензин,4,0,0,0,1,0,0,0,0,0,0,0,0,0,0,0,0,0,0,0,0,0,1
700000.0,Honda NC 750SA,Санкт-Петербург,36000.0,745,бензин,8,1,1,1,0,0,0,0,0,1,0,0,0,0,1,0,0,0,0,0,0,0,0
700000.0,Kawasaki VN Vulcan 800 Drifter,Красноярск,49000.0,800,бензин,19,0,1,0,0,0,0,0,1,0,0,0,0,0,0,0,1,0,0,0,0,0,0
700000.0,Ducati Diavel Dark,Владивосток,27000.0,1200,бензин,12,0,1,1,1,0,0,0,0,0,0,0,1,0,0,0,0,0,0,0,0,0,0
700000.0,Yamaha FJR 1300A,Благовещенск,60000.0,1300,бензин,19,0,1,1,1,0,0,0,0,0,0,0,0,0,0,0,0,0,0,0,0,1,0
700000.0,Kawasaki Z 1000,Усть-Илимск,26000.0,1000,бензин,16,0,1,1,1,0,0,0,0,0,0,0,0,0,0,0,1,0,0,0,0,0,0
700000.0,Урал МГ-350,Барнаул,2000.0,650,бензин,33,0,1,0,1,0,0,0,0,0,0,0,0,0,0,0,0,0,0,0,0,0,1
700000.0,Kawasaki Ninja ZX-10R,Владивосток,37000.0,1000,бензин,19,0,1,1,1,0,0,0,0,0,0,0,0,0,0,0,1,0,0,0,0,0,0
700000.0,Yamaha MT-09,Васюринская,54300.0,850,бензин,11,0,1,1,1,0,0,0,0,0,0,0,0,0,0,0,0,0,0,0,0,1,0
700000.0,Suzuki GSX 1300R Hayabusa,Томск,35000.0,1300,бензин,19,0,1,1,1,0,0,0,0,0,0,0,0,0,0,0,0,0,0,1,0,0,0
700000.0,Yamaha Roadstar Silverado,Черногорск,105000.0,1700,бензин,17,0,1,1,1,0,0,0,0,0,0,0,0,0,0,0,0,0,0,0,0,1,0
700000.0,Honda VFR 800F,Владивосток,19000.0,800,бензин,7,0,1,1,1,0,0,0,0,0,0,0,0,0,1,0,0,0,0,0,0,0,0
700000.0,MV Agusta Brutale 800,Красноярск,21000.0,800,бензин,10,0,1,1,0,0,0,0,1,0,0,0,0,0,0,0,0,1,0,0,0,0,0
700000.0,KTM 500 EXC-F,Владивосток,200.0,500,бензин,8,0,1,1,1,0,0,0,0,0,0,0,0,0,0,0,0,0,0,0,0,0,1
700000.0,Suzuki GSX-R 600,Нерюнгри,21000.0,115,бензин,18,0,1,1,1,0,0,0,0,0,0,0,0,0,0,0,0,0,0,1,0,0,0
700000.0,Yamaha MT-07,Краснодар,17236.0,700,бензин,10,0,1,1,0,0,0,0,1,0,0,0,0,0,0,0,0,0,0,0,0,1,0
700000.0,Honda 400XA,Владивосток,12000.0,400,бензин,4,0,1,1,1,0,0,0,0,0,0,0,0,0,1,0,0,0,0,0,0,0,0
700000.0,BMW R 1200 GS,Новосибирск,22000.0,1200,бензин,21,0,1,1,0,0,0,0,1,0,0,0,0,0,0,0,0,0,0,0,0,0,1
700000.0,KTM 950 Adventure,Новосибирск,48000.0,950,бензин,22,0,1,0,0,0,0,0,1,0,0,0,0,0,0,0,0,0,0,0,0,0,1
700000.0,Yamaha MT-07,Усолье-Сибирское,12359.0,689,бензин,11,0,1,1,1,0,0,0,0,0,0,0,0,0,0,0,0,0,0,0,0,1,0
700000.0,Beta RR 4T 480 EFI,Красноярск,890.0,480,бензин,3,0,1,1,0,0,0,0,1,0,0,0,0,0,0,0,0,0,0,0,0,0,1
700000.0,Honda NC 700 Integra,Уфа,33700.0,700,бензин,13,1,1,1,0,0,0,0,1,0,0,0,0,0,1,0,0,0,0,0,0,0,0
700000.0,Honda CTX 700,Череповец,9583.0,700,бензин,10,1,1,1,1,0,0,0,0,0,0,0,0,0,1,0,0,0,0,0,0,0,0
700000.0,BMW F 650 GS,Анапа,11000.0,650,бензин,14,0,1,1,1,0,0,0,0,0,0,0,0,0,0,0,0,0,0,0,0,0,1
700000.0,Yamaha Royal Star Venture,Жуковский,79323.0,1300,бензин,21,0,1,0,0,0,0,1,0,0,0,0,0,0,0,0,0,0,0,0,0,1,0
700000.0,Suzuki GSX 1250FA,Евпатория,70000.0,1255,бензин,15,0,1,1,1,0,0,0,0,0,0,0,0,0,0,0,0,0,0,1,0,0,0
700000.0,Yamaha R1,Арсеньев,31000.0,1000,бензин,21,0,1,1,1,0,0,0,0,0,0,0,0,0,0,0,0,0,0,0,0,1,0
700000.0,Honda VT 1300CS,Находка,30000.0,1300,бензин,15,0,1,1,1,0,0,0,0,0,0,0,0,0,1,0,0,0,0,0,0,0,0
700000.0,Suzuki GSX-R 600,Ковров,25323.0,600,бензин,13,0,1,1,1,0,0,0,0,0,0,0,0,0,0,0,0,0,0,1,0,0,0
700000.0,Harley-Davidson Road Glide Special FLTRXS,Иркутск,56474.0,1690,бензин,10,0,1,1,1,0,0,0,0,0,0,0,0,1,0,0,0,0,0,0,0,0,0
700000.0,Honda CBR 600RR,Карасук,41500.0,600,бензин,15,0,1,1,1,0,0,0,0,0,0,0,0,0,1,0,0,0,0,0,0,0,0
700000.0,Yamaha FZ8-S,Ишимбай,13000.0,800,бензин,15,0,1,1,1,0,0,0,0,0,0,0,0,0,0,0,0,0,0,0,0,1,0
702000.0,Yamaha MT-09,Владивосток,29860.0,900,бензин,11,0,1,1,1,0,0,0,0,0,0,0,0,0,0,0,0,0,0,0,0,1,0
703000.0,Yamaha XVS 950 Bolt,Владивосток,15368.0,950,бензин,10,0,1,1,1,0,0,0,0,0,0,0,0,0,0,0,0,0,0,0,0,1,0
704000.0,Ducati Scrambler,Япония<!-- --> <!-- -->→<!-- --> <!-- -->Владивосток,6600.0,800,бензин,7,0,1,1,1,0,0,0,0,0,0,0,1,0,0,0,0,0,0,0,0,0,0
705000.0,Kawasaki Ninja 650,Красноярск,6850.0,649,бензин,10,0,1,1,0,0,0,0,1,0,0,0,0,0,0,0,1,0,0,0,0,0,0
705000.0,Kawasaki Ninja 650R,Владивосток,18933.0,650,бензин,7,0,1,1,1,0,0,0,0,0,0,0,0,0,0,0,1,0,0,0,0,0,0
705000.0,Harley-Davidson Dyna Street Bob FXDBI,Фокино,13000.0,1584,бензин,18,0,1,1,1,0,0,0,0,0,0,0,0,1,0,0,0,0,0,0,0,0,0
705000.0,Kawasaki Ninja 650R,Владивосток,3000.0,650,бензин,10,0,1,1,1,0,0,0,0,0,0,0,0,0,0,0,1,0,0,0,0,0,0
705000.0,Yamaha XVS 950 Bolt,Симферополь,17950.0,950,бензин,12,0,1,1,1,0,0,0,0,0,0,0,0,0,0,0,0,0,0,0,0,1,0
710000.0,Suzuki V-Strom 650,Япония<!-- --> <!-- -->→<!-- --> <!-- -->Иркутск,26495.0,650,бензин,12,0,1,1,1,0,0,0,0,0,0,0,0,0,0,0,0,0,0,1,0,0,0
710000.0,KTM 250 EXC-F,Красноярск,20613.0,250,бензин,10,1,1,1,0,0,0,0,1,0,0,0,0,0,0,0,0,0,0,0,0,0,1
710000.0,Yamaha MT-09,Хабаровск,24891.0,850,бензин,11,0,1,1,1,0,0,0,0,0,0,0,0,0,0,0,0,0,0,0,0,1,0
710000.0,Kawasaki Ninja 1000,Владивосток,15800.0,1043,бензин,11,0,1,1,1,0,0,0,0,0,0,0,0,0,0,0,1,0,0,0,0,0,0
710000.0,Yamaha FZ8-S,Япония<!-- --> <!-- -->→<!-- --> <!-- -->Иркутск,24204.0,800,бензин,12,0,1,1,1,0,0,0,0,0,0,0,0,0,0,0,0,0,0,0,0,1,0
710000.0,Yamaha MT-03,Стерлитамак,2920.0,321,бензин,4,0,1,1,1,0,0,0,0,0,0,0,0,0,0,0,0,0,0,0,0,1,0
710000.0,Ducati Scrambler,Хабаровск,20787.0,803,бензин,10,0,1,1,1,0,0,0,0,0,0,0,1,0,0,0,0,0,0,0,0,0,0
710000.0,Honda CB 650F,Новосибирск,30000.0,650,бензин,7,0,1,1,0,0,0,0,1,0,0,0,0,0,1,0,0,0,0,0,0,0,0
710000.0,Yamaha MT-09A,Владивосток,24335.0,850,бензин,11,0,1,1,1,0,0,0,0,0,0,0,0,0,0,0,0,0,0,0,0,1,0
711000.0,Kawasaki EN500A,Минск,5690.0,650,бензин,3,0,1,1,1,0,0,0,0,0,0,0,0,0,0,0,1,0,0,0,0,0,0
715000.0,Yamaha MT-07,Владивосток,6292.0,700,бензин,8,0,1,1,1,0,0,0,0,0,0,0,0,0,0,0,0,0,0,0,0,1,0
715000.0,MV Agusta F3 675,Красноярск,22000.0,675,бензин,11,0,1,1,0,0,0,0,1,0,0,0,0,0,0,0,0,1,0,0,0,0,0
715000.0,Honda NM4,Владивосток,28650.0,750,бензин,11,1,1,1,1,0,0,0,0,0,0,0,0,0,1,0,0,0,0,0,0,0,0
715000.0,Honda CBR 1000RR Fireblade,Япония<!-- --> <!-- -->→<!-- --> <!-- -->Владивосток,46728.0,1000,бензин,15,0,1,1,1,0,0,0,0,0,0,0,0,0,1,0,0,0,0,0,0,0,0
715000.0,Yamaha FZ 1,Красноярск,29000.0,1000,бензин,16,0,1,1,0,0,0,0,1,0,0,0,0,0,0,0,0,0,0,0,0,1,0
715000.0,Honda CBR 650F,Владивосток,22340.0,650,бензин,11,0,1,1,1,0,0,0,0,0,0,0,0,0,1,0,0,0,0,0,0,0,0
715000.0,Yamaha XV950,Сургут,16500.0,950,бензин,11,0,1,1,1,0,0,0,0,0,0,0,0,0,0,0,0,0,0,0,0,1,0
715000.0,Honda VT 750,Красноярск,19000.0,750,бензин,13,0,1,1,0,0,0,0,1,0,0,0,0,0,1,0,0,0,0,0,0,0,0
718000.0,Yamaha XVS 950 Bolt,Владивосток,31633.0,950,бензин,8,0,1,1,1,0,0,0,0,0,0,0,0,0,0,0,0,0,0,0,0,1,0
720000.0,BMW R 1200 GS,Красноярск,57000.0,1200,бензин,21,0,1,1,0,0,0,0,1,0,0,0,0,0,0,0,0,0,0,0,0,0,1
720000.0,Yamaha SZR660,Большой Камень,29000.0,599,бензин,15,0,1,1,1,0,0,0,0,0,0,0,0,0,0,0,0,0,0,0,0,1,0
720000.0,Yamaha FJR 1300A,Находка,17517.0,1300,бензин,19,0,1,1,1,0,0,0,0,0,0,0,0,0,0,0,0,0,0,0,0,1,0
720000.0,BMW R 1200 GS,Новосибирск,49853.0,1200,бензин,20,0,1,1,0,0,0,0,1,0,0,0,0,0,0,0,0,0,0,0,0,0,1
720000.0,Kawasaki Ninja 650R,Благовещенск,24780.0,650,бензин,10,0,1,1,1,0,0,0,0,0,0,0,0,0,0,0,1,0,0,0,0,0,0
720000.0,Kawasaki VN Vulcan 900 Classic,Москва,1650.0,900,бензин,3,0,1,1,0,0,1,0,0,0,0,0,0,0,0,0,1,0,0,0,0,0,0
720000.0,Yamaha MT-09,Хабаровск,20000.0,900,бензин,10,0,1,1,1,0,0,0,0,0,0,0,0,0,0,0,0,0,0,0,0,1,0
720000.0,Honda Shadow 750,Владивосток,27648.0,750,бензин,10,0,1,1,1,0,0,0,0,0,0,0,0,0,1,0,0,0,0,0,0,0,0
720000.0,Kawasaki Ninja 650,Омск,9400.0,649,бензин,8,0,1,1,0,0,0,0,1,0,0,0,0,0,0,0,1,0,0,0,0,0,0
720000.0,Harley-Davidson Softail Deluxe,Владивосток,50000.0,1500,бензин,19,0,1,1,1,0,0,0,0,0,0,0,0,1,0,0,0,0,0,0,0,0,0
720000.0,Kawasaki Ninja ZX-10R,Чемал,26000.0,1000,бензин,19,0,1,1,1,0,0,0,0,0,0,0,0,0,0,0,1,0,0,0,0,0,0
720000.0,Suzuki GSX 1400,Новосибирск,64057.0,1400,бензин,22,0,1,1,0,0,0,0,1,0,0,0,0,0,0,0,0,0,0,1,0,0,0
720000.0,Honda NC 750XA,Владивосток,16000.0,750,бензин,9,0,1,1,1,0,0,0,0,0,0,0,0,0,1,0,0,0,0,0,0,0,0
720000.0,KTM 300 EXC Six Days,Владивосток,280.0,300,бензин,5,0,0,1,1,0,0,0,0,0,0,0,0,0,0,0,0,0,0,0,0,0,1
720000.0,Ducati 848,Альметьевск,19500.0,848,бензин,15,0,1,1,1,0,0,0,0,0,0,0,1,0,0,0,0,0,0,0,0,0,0
720000.0,Suzuki GSX-R 1000,Новосибирск,38000.0,1000,бензин,22,0,1,1,0,0,0,0,1,0,0,0,0,0,0,0,0,0,0,1,0,0,0
720000.0,BMW C 650 GT,Владивосток,22487.0,650,бензин,9,1,1,1,1,0,0,0,0,0,0,0,0,0,0,0,0,0,0,0,0,0,1
720000.0,Yamaha MT-09,Владивосток,20389.0,850,бензин,11,0,1,1,1,0,0,0,0,0,0,0,0,0,0,0,0,0,0,0,0,1,0
720007.0,Honda VTX 1800,Япония<!-- --> <!-- -->→<!-- --> <!-- -->Владивосток,27000.0,1800,бензин,23,0,1,1,1,0,0,0,0,0,0,0,0,0,1,0,0,0,0,0,0,0,0
723000.0,Yamaha XVS 950 Bolt,Владивосток,11092.0,950,бензин,10,0,1,1,1,0,0,0,0,0,0,0,0,0,0,0,0,0,0,0,0,1,0
724000.0,Kawasaki Ninja 1000,Владивосток,23316.0,1000,бензин,13,1,1,1,1,0,0,0,0,0,0,0,0,0,0,0,1,0,0,0,0,0,0
725000.0,Honda VT 1300CS,Владивосток,37868.0,1300,бензин,15,0,1,1,1,0,0,0,0,0,0,0,0,0,1,0,0,0,0,0,0,0,0
725000.0,Harley-Davidson Heritage Softail Classic FLSTCI,Владивосток,52435.0,1450,бензин,20,0,1,1,1,0,0,0,0,0,0,0,0,1,0,0,0,0,0,0,0,0,0
725000.0,Honda VFR 800F,Хабаровск,95996.0,800,бензин,9,0,1,1,1,0,0,0,0,0,0,0,0,0,1,0,0,0,0,0,0,0,0
725000.0,Honda CMX 500 Rebel,Хабаровск,8520.0,500,бензин,7,0,1,1,1,0,0,0,0,0,0,0,0,0,1,0,0,0,0,0,0,0,0
725000.0,Honda NC 750S,Владивосток,22000.0,750,бензин,9,1,1,1,1,0,0,0,0,0,0,0,0,0,1,0,0,0,0,0,0,0,0
725000.0,Yamaha MT-07,Япония<!-- --> <!-- -->→<!-- --> <!-- -->Владивосток,17629.0,700,бензин,4,0,1,1,1,0,0,0,0,0,0,0,0,0,0,0,0,0,0,0,0,1,0
726000.0,Honda CRF 250 Rally,Новосибирск,603.0,250,бензин,5,0,1,1,0,0,0,0,1,0,0,0,0,0,1,0,0,0,0,0,0,0,0
729000.0,Suzuki V-Strom 650,Петропавловск-Камчатский,24400.0,650,бензин,10,0,1,1,1,0,0,0,0,0,0,0,0,0,0,0,0,0,0,1,0,0,0
730000.0,Suzuki GSX S750,Владивосток,15380.0,750,бензин,4,0,1,1,1,0,0,0,0,0,0,0,0,0,0,0,0,0,0,1,0,0,0
730000.0,Honda CB 1100,Севастополь,41500.0,1140,бензин,14,0,1,1,1,0,0,0,0,0,0,0,0,0,1,0,0,0,0,0,0,0,0
730000.0,Suzuki GSX 1300R Hayabusa,Новосибирск,30173.0,1300,бензин,25,0,1,1,0,0,0,0,1,0,0,0,0,0,0,0,0,0,0,1,0,0,0
730000.0,Honda CBR 600RR,Новосибирск,24000.0,600,бензин,20,0,1,1,0,0,0,0,1,0,0,0,0,0,1,0,0,0,0,0,0,0,0
730000.0,Suzuki GSX S750,Владивосток,32288.0,750,бензин,6,0,1,1,1,0,0,0,0,0,0,0,0,0,0,0,0,0,0,1,0,0,0
730000.0,Yamaha MT-07A,Москва,24000.0,700,бензин,10,0,1,1,0,0,1,0,0,0,0,0,0,0,0,0,0,0,0,0,0,1,0
730000.0,Yamaha FZ 1,Япония<!-- --> <!-- -->→<!-- --> <!-- -->Иркутск,16639.0,1000,бензин,12,0,1,1,1,0,0,0,0,0,0,0,0,0,0,0,0,0,0,0,0,1,0
730000.0,Honda CBR 400R,Анапа,24000.0,400,бензин,7,0,1,1,1,0,0,0,0,0,0,0,0,0,1,0,0,0,0,0,0,0,0
730000.0,Honda CBR 1000RR Fireblade,Владивосток,37169.0,1000,бензин,16,0,1,1,1,0,0,0,0,0,0,0,0,0,1,0,0,0,0,0,0,0,0
730000.0,Kawasaki VN Vulcan 1600,Ленинск-Кузнецкий,40150.0,1600,бензин,20,0,1,1,1,0,0,0,0,0,0,0,0,0,0,0,1,0,0,0,0,0,0
730000.0,BMW F 700 GS,Красноярск,33000.0,800,бензин,9,0,1,1,0,0,0,0,1,0,0,0,0,0,0,0,0,0,0,0,0,0,1
730000.0,Yamaha MT-07,Хабаровск,19488.0,689,бензин,11,0,1,1,1,0,0,0,0,0,0,0,0,0,0,0,0,0,0,0,0,1,0
730000.0,Honda CBR 600RR,Уссурийск,19139.0,599,бензин,16,0,1,1,1,0,0,0,0,0,0,0,0,0,1,0,0,0,0,0,0,0,0
730000.0,Kawasaki Ninja 1000,Москва,19603.0,1000,бензин,13,0,1,1,0,0,1,0,0,0,0,0,0,0,0,0,1,0,0,0,0,0,0
730000.0,Honda NC 700X,Новосибирск,12131.0,700,бензин,12,0,1,1,0,0,0,0,1,0,0,0,0,0,1,0,0,0,0,0,0,0,0
730000.0,Triumph Street Triple,Владивосток,30000.0,765,бензин,7,0,1,1,1,0,0,0,0,0,0,0,0,0,0,0,0,0,0,0,1,0,0
730000.0,KTM 690 Supermoto R,Япония<!-- --> <!-- -->→<!-- --> <!-- -->Владивосток,6000.0,690,бензин,3,0,1,1,1,0,0,0,0,0,0,0,0,0,0,0,0,0,0,0,0,0,1
730000.0,BMW F 700 GS,Красноярск,8000.0,800,бензин,11,0,1,1,0,0,0,0,1,0,0,0,0,0,0,0,0,0,0,0,0,0,1
730000.0,Voge 525DSX ADV,Сочи,1.0,525,бензин,2,0,1,1,1,0,0,0,0,0,0,0,0,0,0,0,0,0,0,0,0,0,1
730000.0,Husqvarna TE 250i,Чита,4000.0,250,бензин,4,0,0,1,1,0,0,0,0,0,0,0,0,0,0,0,0,0,0,0,0,0,1
730000.0,Honda Valkyrie,Хабаровск,41704.0,1500,бензин,25,0,1,0,1,0,0,0,0,0,0,0,0,0,1,0,0,0,0,0,0,0,0
735000.0,Honda CB 650F,Красноярск,14000.0,650,бензин,11,0,1,1,0,0,0,0,1,0,0,0,0,0,1,0,0,0,0,0,0,0,0
735000.0,Ducati Scrambler,Владивосток,10000.0,800,бензин,5,0,1,1,1,0,0,0,0,0,0,0,1,0,0,0,0,0,0,0,0,0,0
735000.0,Ducati Scrambler,Владивосток,8533.0,803,бензин,8,0,1,1,1,0,0,0,0,0,0,0,1,0,0,0,0,0,0,0,0,0,0
735000.0,Kawasaki Versys 650,Бердск,21173.0,649,бензин,14,0,1,1,1,0,0,0,0,0,0,0,0,0,0,0,1,0,0,0,0,0,0
735000.0,Yamaha XVS 950 Bolt,Владивосток,15113.0,950,бензин,8,0,1,1,1,0,0,0,0,0,0,0,0,0,0,0,0,0,0,0,0,1,0
735000.0,Honda CRF 250,Уссурийск,3600.0,250,бензин,2,0,1,1,1,0,0,0,0,0,0,0,0,0,1,0,0,0,0,0,0,0,0
735000.0,Honda CBR 400R,Абакан,24000.0,400,бензин,3,0,1,1,1,0,0,0,0,0,0,0,0,0,1,0,0,0,0,0,0,0,0
735000.0,Suzuki GSR 750A,Новокузнецк,22500.0,750,бензин,9,0,1,1,1,0,0,0,0,0,0,0,0,0,0,0,0,0,0,1,0,0,0
735000.0,Kawasaki Z 1000SX,Владивосток,15688.0,1000,бензин,14,0,1,1,1,0,0,0,0,0,0,0,0,0,0,0,1,0,0,0,0,0,0
735000.0,Honda CMX 500 Rebel,Москва,5000.0,500,бензин,3,0,1,1,0,0,1,0,0,0,0,0,0,0,1,0,0,0,0,0,0,0,0
735000.0,Yamaha FZ 1,Москва,26000.0,999,бензин,15,0,1,1,0,0,1,0,0,0,0,0,0,0,0,0,0,0,0,0,0,1,0
735000.0,Yamaha MT-07,Владивосток,1813.0,750,бензин,7,0,1,1,1,0,0,0,0,0,0,0,0,0,0,0,0,0,0,0,0,1,0
737000.0,Honda CMX 500 Rebel,Барнаул,14300.0,470,бензин,6,0,1,1,1,0,0,0,0,0,0,0,0,0,1,0,0,0,0,0,0,0,0
740000.0,Yamaha Star Bolt R-Spec,Япония<!-- --> <!-- -->→<!-- --> <!-- -->Владивосток,4013.0,950,бензин,11,0,1,1,1,0,0,0,0,0,0,0,0,0,0,0,0,0,0,0,0,1,0
740000.0,Honda CBR 600RR,Якутск,17000.0,599,бензин,16,0,1,1,1,0,0,0,0,0,0,0,0,0,1,0,0,0,0,0,0,0,0
740000.0,Yamaha FJR 1300A,Находка,54052.0,1300,бензин,19,0,1,1,1,0,0,0,0,0,0,0,0,0,0,0,0,0,0,0,0,1,0
740000.0,Honda CBR 1000RR Fireblade,Япония<!-- --> <!-- -->→<!-- --> <!-- -->Иркутск,7692.0,1000,бензин,19,0,1,1,1,0,0,0,0,0,0,0,0,0,1,0,0,0,0,0,0,0,0
740000.0,BMW F 800 R,Япония<!-- --> <!-- -->→<!-- --> <!-- -->Иркутск,19847.0,800,бензин,10,0,1,1,1,0,0,0,0,0,0,0,0,0,0,0,0,0,0,0,0,0,1
740000.0,Suzuki GSX-R 1000,Москва,43000.0,999,бензин,18,0,1,1,0,0,1,0,0,0,0,0,0,0,0,0,0,0,0,1,0,0,0
740000.0,Yamaha MT-09,Хабаровск,22000.0,850,бензин,10,0,1,1,1,0,0,0,0,0,0,0,0,0,0,0,0,0,0,0,0,1,0
740000.0,Kawasaki Ninja 1000,Япония<!-- --> <!-- -->→<!-- --> <!-- -->Иркутск,25000.0,1000,бензин,14,0,1,1,1,0,0,0,0,0,0,0,0,0,0,0,1,0,0,0,0,0,0
740000.0,Honda NC 750XD,Владивосток,35000.0,750,бензин,8,1,1,1,1,0,0,0,0,0,0,0,0,0,1,0,0,0,0,0,0,0,0
740000.0,Honda NC 700XD,Владивосток,7285.0,700,бензин,12,1,1,1,1,0,0,0,0,0,0,0,0,0,1,0,0,0,0,0,0,0,0
740000.0,Kawasaki 1400GTR,Сочи,67000.0,1400,бензин,18,0,1,1,1,0,0,0,0,0,0,0,0,0,0,0,1,0,0,0,0,0,0
740000.0,Kawasaki Z 1000,Владивосток,25000.0,1000,бензин,11,0,1,1,1,0,0,0,0,0,0,0,0,0,0,0,1,0,0,0,0,0,0
740000.0,Kawasaki Ninja 1000,Владивосток,20658.0,1000,бензин,13,0,1,1,1,0,0,0,0,0,0,0,0,0,0,0,1,0,0,0,0,0,0
740000.0,Honda CBR 400R,Новосибирск,14700.0,400,бензин,5,0,1,1,0,0,0,0,1,0,0,0,0,0,1,0,0,0,0,0,0,0,0
740000.0,BMW R 1200 R,Новороссийск,37000.0,1200,бензин,15,0,1,1,1,0,0,0,0,0,0,0,0,0,0,0,0,0,0,0,0,0,1
740000.0,Gas Gas EC,Смоленск,3450.0,350,бензин,4,0,1,1,1,0,0,0,0,0,0,0,0,0,0,0,0,0,0,0,0,0,1
740000.0,Yamaha MT-09,Хабаровск,14500.0,900,бензин,11,0,1,1,1,0,0,0,0,0,0,0,0,0,0,0,0,0,0,0,0,1,0
741000.0,Harley-Davidson Sportster XLCH,Минск,1390.0,883,бензин,3,0,1,1,1,0,0,0,0,0,0,0,0,1,0,0,0,0,0,0,0,0,0
745000.0,Kawasaki Ninja,Красноярск,8984.0,400,бензин,4,0,1,1,0,0,0,0,1,0,0,0,0,0,0,0,1,0,0,0,0,0,0
745000.0,Honda CTX 700,Владивосток,19000.0,700,бензин,10,1,1,1,1,0,0,0,0,0,0,0,0,0,1,0,0,0,0,0,0,0,0
745000.0,Yamaha MT-07A,Владивосток,6000.0,700,бензин,10,0,1,1,1,0,0,0,0,0,0,0,0,0,0,0,0,0,0,0,0,1,0
745000.0,Honda NC 750X,Уссурийск,47888.0,745,бензин,5,0,1,1,1,0,0,0,0,0,0,0,0,0,1,0,0,0,0,0,0,0,0
745000.0,Kawasaki Z 800,Владивосток,4765.0,800,бензин,10,0,1,1,1,0,0,0,0,0,0,0,0,0,0,0,1,0,0,0,0,0,0
745700.0,Yamaha XT 660X,Хабаровск,12933.0,660,бензин,12,0,1,1,1,0,0,0,0,0,0,0,0,0,0,0,0,0,0,0,0,1,0
748000.0,Kawasaki Ninja 1000,Красноярск,20000.0,1000,бензин,13,0,1,1,0,0,0,0,1,0,0,0,0,0,0,0,1,0,0,0,0,0,0
749000.0,Kawasaki Ninja ZX-6R,Нальчик,30000.0,599,бензин,15,0,1,1,1,0,0,0,0,0,0,0,0,0,0,0,1,0,0,0,0,0,0
749000.0,Suzuki GSR 750,Хабаровск,8000.0,750,бензин,12,0,1,1,1,0,0,0,0,0,0,0,0,0,0,0,0,0,0,1,0,0,0
749000.0,Yamaha YZF-R1,Екатеринбург,32500.0,998,бензин,17,0,1,1,0,0,0,0,1,0,0,0,0,0,0,0,0,0,0,0,0,1,0
749000.0,Honda CBR 650F,Барнаул,35000.0,649,бензин,11,0,1,1,1,0,0,0,0,0,0,0,0,0,1,0,0,0,0,0,0,0,0
749000.0,Honda CBR 650F,Япония<!-- --> <!-- -->→<!-- --> <!-- -->Барнаул,37000.0,650,бензин,10,0,1,1,1,0,0,0,0,0,0,0,0,0,1,0,0,0,0,0,0,0,0
750000.0,Honda NC 750SA,Новосибирск,14593.0,745,бензин,8,0,1,1,0,0,0,0,1,0,0,0,0,0,1,0,0,0,0,0,0,0,0
750000.0,Yamaha MT-09,Москва,27561.0,850,бензин,8,0,1,1,0,0,1,0,0,0,0,0,0,0,0,0,0,0,0,0,0,1,0
750000.0,Honda CB 1100,Кемерово,35743.0,1100,бензин,15,0,1,1,1,0,0,0,0,0,0,0,0,0,1,0,0,0,0,0,0,0,0
750000.0,KTM 690 SMC,Севастополь,29000.0,690,бензин,9,0,1,1,1,0,0,0,0,0,0,0,0,0,0,0,0,0,0,0,0,0,1
750000.0,Kawasaki VN Vulcan 1500,Находка,13439.0,1500,бензин,22,0,1,1,1,0,0,0,0,0,0,0,0,0,0,0,1,0,0,0,0,0,0
750000.0,Honda 400XA,Анапа,18500.0,400,бензин,4,0,1,1,1,0,0,0,0,0,0,0,0,0,1,0,0,0,0,0,0,0,0
750000.0,Honda XL 700V,Новокузнецк,22500.0,700,бензин,14,0,1,1,1,0,0,0,0,0,0,0,0,0,1,0,0,0,0,0,0,0,0
750000.0,Yamaha MT-09A,Хабаровск,16000.0,850,бензин,9,0,1,1,1,0,0,0,0,0,0,0,0,0,0,0,0,0,0,0,0,1,0
750000.0,Honda CBR 600F,Дальнегорск,14000.0,600,бензин,14,0,1,1,1,0,0,0,0,0,0,0,0,0,1,0,0,0,0,0,0,0,0
750000.0,Harley-Davidson Sportster 1200 XL1200,Находка,8123.0,1200,бензин,21,0,1,1,1,0,0,0,0,0,0,0,0,1,0,0,0,0,0,0,0,0,0
750000.0,Suzuki V-Strom 650,Красноярск,50000.0,650,бензин,11,0,1,1,0,0,0,0,1,0,0,0,0,0,0,0,0,0,0,1,0,0,0
750000.0,Yamaha FZ 1,Краснодар,54926.0,1000,бензин,11,0,1,1,0,0,0,0,1,0,0,0,0,0,0,0,0,0,0,0,0,1,0
750000.0,Yamaha FZ 1,Благовещенск,26000.0,1000,бензин,12,0,1,1,1,0,0,0,0,0,0,0,0,0,0,0,0,0,0,0,0,1,0
750000.0,BMW R 1200 GS,Япония<!-- --> <!-- -->→<!-- --> <!-- -->Иркутск,55997.0,1200,бензин,18,0,1,1,1,0,0,0,0,0,0,0,0,0,0,0,0,0,0,0,0,0,1
750000.0,Victory Vegas,Тюмень,17000.0,1732,бензин,9,0,1,1,1,0,0,0,0,0,0,0,0,0,0,0,0,0,0,0,0,0,1
750000.0,Yamaha MT-09A,Владивосток,13483.0,850,бензин,11,0,1,1,1,0,0,0,0,0,0,0,0,0,0,0,0,0,0,0,0,1,0
750000.0,Harley-Davidson Street 750 XG750,Новосибирск,3216.0,750,бензин,6,0,1,1,0,0,0,0,1,0,0,0,0,1,0,0,0,0,0,0,0,0,0
750000.0,Harley-Davidson Electra Glide Classic,Москва,63000.0,1450,бензин,21,0,1,1,0,0,1,0,0,0,0,0,0,1,0,0,0,0,0,0,0,0,0
750000.0,Rieju MR 300 Pro,Владивосток,1.0,300,бензин,2,0,0,0,1,0,0,0,0,0,0,0,0,0,0,0,0,0,0,0,0,0,1
750000.0,Yamaha FZ 1,Владивосток,14800.0,998,бензин,13,0,1,1,1,0,0,0,0,0,0,0,0,0,0,0,0,0,0,0,0,1,0
750000.0,Kawasaki VN Vulcan 2000,Москва,28200.0,2053,бензин,19,0,1,1,0,0,1,0,0,0,0,0,0,0,0,0,1,0,0,0,0,0,0
750000.0,Yamaha MT-09,Владивосток,10023.0,850,бензин,11,0,1,1,1,0,0,0,0,0,0,0,0,0,0,0,0,0,0,0,0,1,0
750000.0,Honda VFR 800,Новосибирск,20000.0,800,бензин,19,0,1,1,0,0,0,0,1,0,0,0,0,0,1,0,0,0,0,0,0,0,0
750000.0,Harley-Davidson Road King,Белогорск,33020.0,1450,бензин,20,0,1,1,1,0,0,0,0,0,0,0,0,1,0,0,0,0,0,0,0,0,0
750000.0,Honda CBR 1000RR Fireblade,Горно-Алтайск,14400.0,998,бензин,19,0,1,1,1,0,0,0,0,0,0,0,0,0,1,0,0,0,0,0,0,0,0
750000.0,KTM 990 Adventure R,Тюмень,67000.0,999,бензин,15,0,1,1,1,0,0,0,0,0,0,0,0,0,0,0,0,0,0,0,0,0,1
750000.0,Honda CRF 250L,Петропавловск-Камчатский,1300.0,250,бензин,3,0,1,1,1,0,0,0,0,0,0,0,0,0,1,0,0,0,0,0,0,0,0
750000.0,Honda NC 750XD,Владивосток,14380.0,750,бензин,10,1,1,1,1,0,0,0,0,0,0,0,0,0,1,0,0,0,0,0,0,0,0
750000.0,Honda CBR 600,Надым,29710.0,600,бензин,16,0,1,1,1,0,0,0,0,0,0,0,0,0,1,0,0,0,0,0,0,0,0
750000.0,Honda CBR 1000RR Fireblade,Благовещенск,18000.0,1000,бензин,20,0,1,1,1,0,0,0,0,0,0,0,0,0,1,0,0,0,0,0,0,0,0
750000.0,Yamaha MT-09,Иркутск,10700.0,850,бензин,11,0,1,1,1,0,0,0,0,0,0,0,0,0,0,0,0,0,0,0,0,1,0
750000.0,Honda NC 750XD,Братск,11500.0,750,бензин,11,1,1,1,1,0,0,0,0,0,0,0,0,0,1,0,0,0,0,0,0,0,0
750000.0,Yamaha Serow,Владивосток,1362.0,250,бензин,5,0,1,1,1,0,0,0,0,0,0,0,0,0,0,0,0,0,0,0,0,1,0
750000.0,Yamaha MT-09,Япония<!-- --> <!-- -->→<!-- --> <!-- -->Новосибирск,19583.0,850,бензин,11,0,1,1,1,0,0,0,0,0,0,0,0,0,0,0,0,0,0,0,0,1,0
750000.0,KTM 690 SMC-R,Хабаровск,15000.0,690,бензин,11,0,1,1,1,0,0,0,0,0,0,0,0,0,0,0,0,0,0,0,0,0,1
750000.0,Suzuki GSR 750,Владивосток,10000.0,750,бензин,10,0,1,1,1,0,0,0,0,0,0,0,0,0,0,0,0,0,0,1,0,0,0
750000.0,Kawasaki Ninja 1000,Япония<!-- --> <!-- -->→<!-- --> <!-- -->Новосибирск,38551.0,1000,бензин,13,0,1,1,1,0,0,0,0,0,0,0,0,0,0,0,1,0,0,0,0,0,0
750000.0,Yamaha YZF-R6,Уссурийск,33000.0,599,бензин,18,0,1,1,1,0,0,0,0,0,0,0,0,0,0,0,0,0,0,0,0,1,0
750000.0,KTM 790 Duke,Новосибирск,27110.0,790,бензин,5,0,1,1,0,0,0,0,1,0,0,0,0,0,0,0,0,0,0,0,0,0,1
750000.0,Suzuki GSX-R 750,Кемерово,30000.0,750,бензин,17,0,1,1,1,0,0,0,0,0,0,0,0,0,0,0,0,0,0,1,0,0,0
750000.0,Kawasaki VN Vulcan 900 Classic,Барнаул,2500.0,903,бензин,10,0,1,1,1,0,0,0,0,0,0,0,0,0,0,0,1,0,0,0,0,0,0
750000.0,Honda CB 1300 Boldor,Краснодар,79000.0,1300,бензин,20,0,1,1,0,0,0,0,1,0,0,0,0,0,1,0,0,0,0,0,0,0,0
750000.0,Kawasaki Z 1000,Томск,21920.0,1000,бензин,18,0,1,1,1,0,0,0,0,0,0,0,0,0,0,0,1,0,0,0,0,0,0
750000.0,Honda XL 1000V Varadero,Барнаул,51500.0,1000,бензин,19,0,1,1,1,0,0,0,0,0,0,0,0,0,1,0,0,0,0,0,0,0,0
750000.0,Yamaha MT-09 Tracer,Уссурийск,55363.0,847,бензин,10,0,1,1,1,0,0,0,0,0,0,0,0,0,0,0,0,0,0,0,0,1,0
750000.0,BMW F 650 GS,Уфа,90000.0,800,бензин,14,0,1,1,0,0,0,0,1,0,0,0,0,0,0,0,0,0,0,0,0,0,1
750000.0,Honda Shadow Phantom,Япония<!-- --> <!-- -->→<!-- --> <!-- -->Иркутск,25489.0,750,бензин,13,0,1,1,1,0,0,0,0,0,0,0,0,0,1,0,0,0,0,0,0,0,0
750000.0,BMW R 1200 R,Красноярск,87600.0,1200,бензин,13,0,1,1,0,0,0,0,1,0,0,0,0,0,0,0,0,0,0,0,0,0,1
750000.0,Moto Guzzi V9,Владивосток,12000.0,850,бензин,9,0,1,1,1,0,0,0,0,0,0,0,0,0,0,0,0,0,0,0,0,0,1
750000.0,Yamaha YZF-R1,Красноярск,50000.0,1000,бензин,17,0,1,1,0,0,0,0,1,0,0,0,0,0,0,0,0,0,0,0,0,1,0
750000.0,Kawasaki Z 750,Верхняя Пышма,66999.0,750,бензин,13,0,1,1,1,0,0,0,0,0,0,0,0,0,0,0,1,0,0,0,0,0,0
750000.0,Kawasaki Z 1000,Владивосток,32000.0,1043,бензин,12,0,1,1,1,0,0,0,0,0,0,0,0,0,0,0,1,0,0,0,0,0,0
750000.0,Honda VTX 1800,Находка,88000.0,1800,бензин,20,0,1,1,1,0,0,0,0,0,0,0,0,0,1,0,0,0,0,0,0,0,0
750000.0,Honda Shadow Phantom,Новосибирск,25000.0,745,бензин,14,0,1,1,0,0,0,0,1,0,0,0,0,0,1,0,0,0,0,0,0,0,0
750000.0,KTM 300 EXC Six Days,Хабаровск,120.0,300,бензин,5,0,0,1,1,0,0,0,0,0,0,0,0,0,0,0,0,0,0,0,0,0,1
750000.0,Kawasaki Ninja 400,Уссурийск,2174.0,400,бензин,3,0,1,1,1,0,0,0,0,0,0,0,0,0,0,0,1,0,0,0,0,0,0
750000.0,Ducati 848,Нерюнгри,13000.0,848,бензин,12,0,1,1,1,0,0,0,0,0,0,0,1,0,0,0,0,0,0,0,0,0,0
750000.0,Suzuki GSX 1300R Hayabusa,Улан-Удэ,41000.0,1340,бензин,17,0,1,1,1,0,0,0,0,0,0,0,0,0,0,0,0,0,0,1,0,0,0
750000.0,Yamaha MT-07,Дальнегорск,10000.0,700,бензин,9,0,1,1,1,0,0,0,0,0,0,0,0,0,0,0,0,0,0,0,0,1,0
750000.0,Honda X11,Таганрог,42000.0,1137,бензин,26,0,1,1,1,0,0,0,0,0,0,0,0,0,1,0,0,0,0,0,0,0,0
750000.0,Honda VFR 1200F,Архангельск,29457.0,1200,бензин,15,0,1,1,1,0,0,0,0,0,0,0,0,0,1,0,0,0,0,0,0,0,0
750000.0,KTM 450 SX-F,Иваново,50.0,450,бензин,3,0,1,1,1,0,0,0,0,0,0,0,0,0,0,0,0,0,0,0,0,0,1
750000.0,Yamaha FZ 1,Екатеринбург,37569.0,998,бензин,19,0,1,1,0,0,0,0,1,0,0,0,0,0,0,0,0,0,0,0,0,1,0
750000.0,Honda CB 600F Hornet,Санкт-Петербург,10284.0,599,бензин,12,0,1,1,0,0,0,0,0,1,0,0,0,0,1,0,0,0,0,0,0,0,0
750000.0,Kawasaki VN Vulcan 900,Томск,7950.0,900,бензин,17,0,1,1,1,0,0,0,0,0,0,0,0,0,0,0,1,0,0,0,0,0,0
750000.0,Honda NC 750X,Сергиев Посад,38000.0,750,бензин,11,1,1,1,0,0,0,1,0,0,0,0,0,0,1,0,0,0,0,0,0,0,0
750000.0,Honda CB 650F,Новосибирск,33000.0,650,бензин,10,0,1,1,0,0,0,0,1,0,0,0,0,0,1,0,0,0,0,0,0,0,0
750007.0,Honda VT 1300CS,Япония<!-- --> <!-- -->→<!-- --> <!-- -->Владивосток,73000.0,1300,бензин,13,0,1,1,1,0,0,0,0,0,0,0,0,0,1,0,0,0,0,0,0,0,0
750007.0,Harley-Davidson Heritage Softail Classic FLSTCI,Япония<!-- --> <!-- -->→<!-- --> <!-- -->Владивосток,17700.0,1450,бензин,24,0,1,1,1,0,0,0,0,0,0,0,0,1,0,0,0,0,0,0,0,0,0
751300.0,Kawasaki Ninja 1000,Хабаровск,21900.0,1000,бензин,14,0,1,1,1,0,0,0,0,0,0,0,0,0,0,0,1,0,0,0,0,0,0
755000.0,KTM 790 Duke,Хабаровск,11000.0,790,бензин,6,0,1,1,1,0,0,0,0,0,0,0,0,0,0,0,0,0,0,0,0,0,1
755000.0,Honda NC 700XD,Владивосток,8850.0,700,бензин,12,1,1,1,1,0,0,0,0,0,0,0,0,0,1,0,0,0,0,0,0,0,0
755000.0,Suzuki V-Strom 1000,Владивосток,37116.0,1000,бензин,11,0,1,1,1,0,0,0,0,0,0,0,0,0,0,0,0,0,0,1,0,0,0
755000.0,Suzuki GSX S1000F,Владивосток,35041.0,1000,бензин,10,0,1,1,1,0,0,0,0,0,0,0,0,0,0,0,0,0,0,1,0,0,0
755000.0,Yamaha YZ 250F,Уссурийск,1.0,250,бензин,5,0,1,1,1,0,0,0,0,0,0,0,0,0,0,0,0,0,0,0,0,1,0
755000.0,Yamaha YZF-R1,Артём,25000.0,1000,бензин,18,0,1,1,1,0,0,0,0,0,0,0,0,0,0,0,0,0,0,0,0,1,0
755000.0,Kawasaki Ninja 650,Владивосток,13500.0,650,бензин,6,0,1,1,1,0,0,0,0,0,0,0,0,0,0,0,1,0,0,0,0,0,0
755000.0,Kawasaki Ninja 650,Владивосток,10500.0,650,бензин,6,0,1,1,1,0,0,0,0,0,0,0,0,0,0,0,1,0,0,0,0,0,0
757000.0,Harley-Davidson CVO Street Glide FLHXSE,Ухта,32000.0,1580,бензин,19,0,1,1,1,0,0,0,0,0,0,0,0,1,0,0,0,0,0,0,0,0,0
757500.0,Yamaha FZ1,Хабаровск,21920.0,1000,бензин,12,0,1,1,1,0,0,0,0,0,0,0,0,0,0,0,0,0,0,0,0,1,0
757500.0,Yamaha XVS 950 Bolt,Хабаровск,19224.0,950,бензин,11,0,1,1,1,0,0,0,0,0,0,0,0,0,0,0,0,0,0,0,0,1,0
757500.0,Yamaha MT-09 Tracer,Хабаровск,52311.0,850,бензин,10,0,1,1,1,0,0,0,0,0,0,0,0,0,0,0,0,0,0,0,0,1,0
759000.0,Honda Shadow 750,Нижний Новгород,42176.0,750,бензин,15,0,1,1,0,0,0,0,1,0,0,0,0,0,1,0,0,0,0,0,0,0,0
759000.0,Honda NC 750XD,Хабаровск,5000.0,750,бензин,10,1,1,1,1,0,0,0,0,0,0,0,0,0,1,0,0,0,0,0,0,0,0
760000.0,Ducati Hyperstrada,Москва,13329.0,820,бензин,11,0,1,1,0,0,1,0,0,0,0,0,1,0,0,0,0,0,0,0,0,0,0
760000.0,Honda NC 750X,Япония<!-- --> <!-- -->→<!-- --> <!-- -->Иркутск,35517.0,750,бензин,8,0,1,1,1,0,0,0,0,0,0,0,0,0,1,0,0,0,0,0,0,0,0
760000.0,Honda CTX 700,Воронеж,5500.0,700,бензин,11,0,1,1,0,0,0,0,1,0,0,0,0,0,1,0,0,0,0,0,0,0,0
760000.0,Yamaha MT-09A,Владивосток,12201.0,850,бензин,10,0,1,1,1,0,0,0,0,0,0,0,0,0,0,0,0,0,0,0,0,1,0
760000.0,Kawasaki Ninja 1000,Япония<!-- --> <!-- -->→<!-- --> <!-- -->Иркутск,14013.0,1000,бензин,14,0,1,1,1,0,0,0,0,0,0,0,0,0,0,0,1,0,0,0,0,0,0
760000.0,Harley-Davidson Heritage Softail FLST,Тобольск,25519.0,1449,бензин,25,0,1,0,1,0,0,0,0,0,0,0,0,1,0,0,0,0,0,0,0,0,0
760000.0,Kawasaki VN Vulcan 2000,Бородино,67000.0,2053,бензин,19,0,1,1,1,0,0,0,0,0,0,0,0,0,0,0,1,0,0,0,0,0,0
760000.0,Kawasaki 1400 GTR,Владивосток,33616.0,1400,бензин,17,0,1,1,1,0,0,0,0,0,0,0,0,0,0,0,1,0,0,0,0,0,0
760000.0,Harley-Davidson Street 750 XG750,Иркутск,200.0,750,бензин,9,0,1,1,1,0,0,0,0,0,0,0,0,1,0,0,0,0,0,0,0,0,0
760000.0,Kawasaki Vulcan S,Белогорск,12600.0,650,бензин,7,0,1,1,1,0,0,0,0,0,0,0,0,0,0,0,1,0,0,0,0,0,0
760000.0,Yamaha MT-07,Иркутск,26000.0,700,бензин,7,0,1,1,1,0,0,0,0,0,0,0,0,0,0,0,0,0,0,0,0,1,0
760000.0,KTM 350 SX-F,Бор,65.0,350,бензин,3,0,1,1,1,0,0,0,0,0,0,0,0,0,0,0,0,0,0,0,0,0,1
760000.0,Kawasaki Ninja ZX-14RA,Новосибирск,35500.0,1400,бензин,18,0,1,1,0,0,0,0,1,0,0,0,0,0,0,0,1,0,0,0,0,0,0
765000.0,Kawasaki Ninja 650,Владивосток,3500.0,650,бензин,7,0,1,1,1,0,0,0,0,0,0,0,0,0,0,0,1,0,0,0,0,0,0
765000.0,Yamaha YZF-R1,Павловский Посад,54300.0,1000,бензин,18,0,1,1,0,0,0,1,0,0,0,0,0,0,0,0,0,0,0,0,0,1,0
765000.0,Yamaha MT-07,Хабаровск,16000.0,750,бензин,7,0,1,1,1,0,0,0,0,0,0,0,0,0,0,0,0,0,0,0,0,1,0
765000.0,Honda CBR 600F,Владивосток,22000.0,600,бензин,12,0,1,1,1,0,0,0,0,0,0,0,0,0,1,0,0,0,0,0,0,0,0
765000.0,MV Agusta Brutale 800,Красноярск,7300.0,800,бензин,9,0,1,1,0,0,0,0,1,0,0,0,0,0,0,0,0,1,0,0,0,0,0
765000.0,Honda NC 750X,Владивосток,11271.0,750,бензин,9,0,1,1,1,0,0,0,0,0,0,0,0,0,1,0,0,0,0,0,0,0,0
767500.0,Kawasaki 1400 GTR,Хабаровск,22358.0,1400,бензин,18,0,1,1,1,0,0,0,0,0,0,0,0,0,0,0,1,0,0,0,0,0,0
767500.0,BMW R 1200 R,Хабаровск,57616.0,1200,бензин,13,0,1,1,1,0,0,0,0,0,0,0,0,0,0,0,0,0,0,0,0,0,1
770000.0,Yamaha MT-09A,Краснодар,48000.0,900,бензин,11,0,1,1,0,0,0,0,1,0,0,0,0,0,0,0,0,0,0,0,0,1,0
770000.0,BMW F 700 GS,Богородск,34893.0,798,бензин,12,0,1,1,1,0,0,0,0,0,0,0,0,0,0,0,0,0,0,0,0,0,1
770000.0,Kawasaki Ninja 1000,Владивосток,36000.0,1043,бензин,11,0,1,1,1,0,0,0,0,0,0,0,0,0,0,0,1,0,0,0,0,0,0
770000.0,Yamaha MT-09 Tracer,Владивосток,29544.0,850,бензин,10,0,1,1,1,0,0,0,0,0,0,0,0,0,0,0,0,0,0,0,0,1,0
770000.0,Honda CB 650R,Владивосток,34268.0,650,бензин,6,0,1,1,1,0,0,0,0,0,0,0,0,0,1,0,0,0,0,0,0,0,0
770000.0,Kawasaki Ninja ZX-10R,Черемхово,30000.0,1000,бензин,19,0,1,1,1,0,0,0,0,0,0,0,0,0,0,0,1,0,0,0,0,0,0
770000.0,Yamaha XJ 600 S Diversion,Кемерово,3450.0,600,бензин,11,0,1,1,1,0,0,0,0,0,0,0,0,0,0,0,0,0,0,0,0,1,0
770000.0,Harley-Davidson Street 750 XG750,Япония<!-- --> <!-- -->→<!-- --> <!-- -->Тюмень,4860.0,750,бензин,9,0,1,1,1,0,0,0,0,0,0,0,0,1,0,0,0,0,0,0,0,0,0
770000.0,BMW R 1200 GS,Магнитогорск,40200.0,1200,бензин,20,0,1,1,1,0,0,0,0,0,0,0,0,0,0,0,0,0,0,0,0,0,1
770000.0,Honda CBR 600RR,Уссурийск,69245.0,599,бензин,8,0,1,1,1,0,0,0,0,0,0,0,0,0,1,0,0,0,0,0,0,0,0
770000.0,Honda CBR 400R,Новосибирск,15500.0,400,бензин,6,0,1,1,0,0,0,0,1,0,0,0,0,0,1,0,0,0,0,0,0,0,0
770000.0,Yamaha YZF-R6,Белово,28000.0,600,бензин,17,0,1,1,1,0,0,0,0,0,0,0,0,0,0,0,0,0,0,0,0,1,0
773000.0,Kawasaki Ninja ZX-6R,Красноярск,19000.0,600,бензин,12,0,1,1,0,0,0,0,1,0,0,0,0,0,0,0,1,0,0,0,0,0,0
773000.0,Harley-Davidson Street Glide Special FLHXS,Владивосток,52000.0,1450,бензин,20,0,1,1,1,0,0,0,0,0,0,0,0,1,0,0,0,0,0,0,0,0,0
774000.0,Harley-Davidson Road King,Владивосток,51235.0,1450,бензин,19,0,1,1,1,0,0,0,0,0,0,0,0,1,0,0,0,0,0,0,0,0,0
775000.0,Kawasaki Ninja ZX-10R,Владивосток,13236.0,1000,бензин,18,0,1,1,1,0,0,0,0,0,0,0,0,0,0,0,1,0,0,0,0,0,0
775000.0,Yamaha MT-07,Владивосток,15000.0,700,бензин,8,0,1,1,1,0,0,0,0,0,0,0,0,0,0,0,0,0,0,0,0,1,0
775000.0,Honda CMX 500 Rebel,Хабаровск,12758.0,500,бензин,5,0,1,1,1,0,0,0,0,0,0,0,0,0,1,0,0,0,0,0,0,0,0
775000.0,Yamaha XSR900,Владивосток,39931.0,850,бензин,7,0,1,1,1,0,0,0,0,0,0,0,0,0,0,0,0,0,0,0,0,1,0
775000.0,Honda CMX 500 Rebel,Владивосток,11409.0,500,бензин,4,0,1,1,1,0,0,0,0,0,0,0,0,0,1,0,0,0,0,0,0,0,0
775000.0,Suzuki GSX 1300R Hayabusa,Владивосток,16408.0,1300,бензин,18,0,1,1,1,0,0,0,0,0,0,0,0,0,0,0,0,0,0,1,0,0,0
776000.0,Suzuki GSX 1300R Hayabusa,Минск,45000.0,1340,бензин,17,0,1,1,1,0,0,0,0,0,0,0,0,0,0,0,0,0,0,1,0,0,0
777000.0,Honda Shadow Sabre,Воронеж,11000.0,1100,бензин,18,0,1,0,0,0,0,0,1,0,0,0,0,0,1,0,0,0,0,0,0,0,0
777000.0,BMW K 1200 S,Новосибирск,48505.0,1200,бензин,19,0,1,1,0,0,0,0,1,0,0,0,0,0,0,0,0,0,0,0,0,0,1
777000.0,Yamaha MT,Новосибирск,2.0,700,бензин,6,0,1,1,0,0,0,0,1,0,0,0,0,0,0,0,0,0,0,0,0,1,0
777700.0,Honda GL 1800 Gold Wing,Тюмень,86000.0,1800,бензин,20,0,1,1,1,0,0,0,0,0,0,0,0,0,1,0,0,0,0,0,0,0,0
777700.0,Honda Gold Wing,Тюмень,95000.0,1832,бензин,20,0,1,1,1,0,0,0,0,0,0,0,0,0,1,0,0,0,0,0,0,0,0
778700.0,Kawasaki Vulcan S,Хабаровск,2633.0,650,бензин,10,0,1,1,1,0,0,0,0,0,0,0,0,0,0,0,1,0,0,0,0,0,0
780000.0,Yamaha YZ 450FX,Владивосток,100.0,449,бензин,4,0,1,1,1,0,0,0,0,0,0,0,0,0,0,0,0,0,0,0,0,1,0
780000.0,KTM 300 EXC,Владивосток,1500.0,300,бензин,3,0,0,1,1,0,0,0,0,0,0,0,0,0,0,0,0,0,0,0,0,0,1
780000.0,Suzuki GSX-R 1000,Хабаровск,40000.0,1000,бензин,20,0,1,1,1,0,0,0,0,0,0,0,0,0,0,0,0,0,0,1,0,0,0
780000.0,Suzuki GSF 1250 Bandit,Новосибирск,22615.0,1250,бензин,15,0,1,1,0,0,0,0,1,0,0,0,0,0,0,0,0,0,0,1,0,0,0
780000.0,Honda CBR 650F,Одинцово,33030.0,650,бензин,9,0,1,1,0,0,0,1,0,0,0,0,0,0,1,0,0,0,0,0,0,0,0
780000.0,Suzuki V-Strom 650XT,Хабаровск,15000.0,650,бензин,10,0,1,1,1,0,0,0,0,0,0,0,0,0,0,0,0,0,0,1,0,0,0
780000.0,BMW F 800 R,Япония<!-- --> <!-- -->→<!-- --> <!-- -->Иркутск,12515.0,800,бензин,8,0,1,1,1,0,0,0,0,0,0,0,0,0,0,0,0,0,0,0,0,0,1
780000.0,Honda NC 750XA,Москва,8800.0,750,бензин,10,0,1,1,0,0,1,0,0,0,0,0,0,0,1,0,0,0,0,0,0,0,0
780000.0,Triumph Tiger 800,Анапа,10000.0,800,бензин,10,0,1,1,1,0,0,0,0,0,0,0,0,0,0,0,0,0,0,0,1,0,0
780000.0,Yamaha MT-09,Новосибирск,40060.0,850,бензин,10,0,1,1,0,0,0,0,1,0,0,0,0,0,0,0,0,0,0,0,0,1,0
780000.0,Yamaha MT-09,Новосибирск,32000.0,900,бензин,11,0,1,1,0,0,0,0,1,0,0,0,0,0,0,0,0,0,0,0,0,1,0
780000.0,Yamaha MT-07,Новосибирск,13200.0,689,бензин,11,0,0,1,0,0,0,0,1,0,0,0,0,0,0,0,0,0,0,0,0,1,0
780000.0,Kawasaki Z 1000,Новосибирск,62301.0,1000,бензин,14,0,1,1,0,0,0,0,1,0,0,0,0,0,0,0,1,0,0,0,0,0,0
780000.0,Honda CRF 250L,Уссурийск,11.0,250,бензин,3,0,1,1,1,0,0,0,0,0,0,0,0,0,1,0,0,0,0,0,0,0,0
780000.0,Yamaha FZ1,Курган,23800.0,999,бензин,15,0,1,1,1,0,0,0,0,0,0,0,0,0,0,0,0,0,0,0,0,1,0
780000.0,Harley-Davidson Electra Glide Ultra Classic,Анджиевский,38102.0,1340,бензин,28,0,1,1,1,0,0,0,0,0,0,0,0,1,0,0,0,0,0,0,0,0,0
780000.0,Honda VFR 800X Crossrunner,Уссурийск,13330.0,800,бензин,14,0,1,1,1,0,0,0,0,0,0,0,0,0,1,0,0,0,0,0,0,0,0
780000.0,Gas Gas EC 250,Красноярск,260.0,250,бензин,3,0,0,1,0,0,0,0,1,0,0,0,0,0,0,0,0,0,0,0,0,0,1
780000.0,Yamaha MT-09 Tracer,Тобольск,60000.0,900,бензин,10,0,1,1,1,0,0,0,0,0,0,0,0,0,0,0,0,0,0,0,0,1,0
780000.0,Kawasaki Ninja ZX-14,Ростов-на-Дону,12000.0,1400,бензин,17,0,1,1,0,0,0,0,1,0,0,0,0,0,0,0,1,0,0,0,0,0,0
780000.0,Husqvarna FC 350,Челябинск,80.0,350,бензин,1,0,1,1,0,0,0,0,1,0,0,0,0,0,0,0,0,0,0,0,0,0,1
780000.0,Kawasaki Versys 1000,Краснодар,45000.0,1000,бензин,13,0,1,1,0,0,0,0,1,0,0,0,0,0,0,0,1,0,0,0,0,0,0
780000.0,Honda CBR 650F,Владивосток,18980.0,650,бензин,10,0,1,1,1,0,0,0,0,0,0,0,0,0,1,0,0,0,0,0,0,0,0
780000.0,Honda VTX 1800,Краснокаменск,40000.0,1800,бензин,20,0,1,1,1,0,0,0,0,0,0,0,0,0,1,0,0,0,0,0,0,0,0
780000.0,KTM 690 SMC-R,Владивосток,2561.0,690,бензин,11,0,1,1,1,0,0,0,0,0,0,0,0,0,0,0,0,0,0,0,0,0,1
780000.0,KTM 790 Duke,Новосибирск,4190.0,799,бензин,6,0,1,1,0,0,0,0,1,0,0,0,0,0,0,0,0,0,0,0,0,0,1
780000.0,Honda CRF 300L,Стерлитамак,750.0,286,бензин,3,0,1,1,1,0,0,0,0,0,0,0,0,0,1,0,0,0,0,0,0,0,0
780000.0,Harley-Davidson Sportster 1200 XL1200,Екатеринбург,21000.0,1200,бензин,12,0,1,1,0,0,0,0,1,0,0,0,0,1,0,0,0,0,0,0,0,0,0
780000.0,Yamaha MT-09,Москва,8836.0,850,бензин,11,0,1,1,0,0,1,0,0,0,0,0,0,0,0,0,0,0,0,0,0,1,0
780000.0,Harley-Davidson Sportster 1200 Custom XL1200C,Екатеринбург,21000.0,1200,бензин,12,0,1,1,0,0,0,0,1,0,0,0,0,1,0,0,0,0,0,0,0,0,0
785000.0,Kawasaki Vulcan S,Владивосток,27000.0,650,бензин,4,0,1,1,1,0,0,0,0,0,0,0,0,0,0,0,1,0,0,0,0,0,0
785000.0,Honda NC 750X,Владивосток,16753.0,750,бензин,6,0,1,1,1,0,0,0,0,0,0,0,0,0,1,0,0,0,0,0,0,0,0
785000.0,KTM 1050 Adventure,Владивосток,57412.0,1050,бензин,10,0,1,1,1,0,0,0,0,0,0,0,0,0,0,0,0,0,0,0,0,0,1
785000.0,Kawasaki Ninja 650,Владивосток,17079.0,650,бензин,5,0,1,1,1,0,0,0,0,0,0,0,0,0,0,0,1,0,0,0,0,0,0
785000.0,Ducati Multistrada 1200 S,Красноярск,40000.0,1200,бензин,14,0,1,1,0,0,0,0,1,0,0,0,1,0,0,0,0,0,0,0,0,0,0
785000.0,Yamaha FZ 1,Новосибирск,51609.0,1000,бензин,17,0,1,1,0,0,0,0,1,0,0,0,0,0,0,0,0,0,0,0,0,1,0
789000.0,Honda CB 1300 Boldor,Кокино,39990.0,1284,бензин,15,0,1,1,1,0,0,0,0,0,0,0,0,0,1,0,0,0,0,0,0,0,0
790000.0,Yamaha MT-07,Санкт-Петербург,1082.0,700,бензин,10,0,1,1,0,0,0,0,0,1,0,0,0,0,0,0,0,0,0,0,0,1,0
790000.0,Honda VFR 800F,Уссурийск,14601.0,799,бензин,10,0,1,1,1,0,0,0,0,0,0,0,0,0,1,0,0,0,0,0,0,0,0
790000.0,Honda VTX 1800,Белореченск,57000.0,1800,бензин,22,0,1,1,1,0,0,0,0,0,0,0,0,0,1,0,0,0,0,0,0,0,0
790000.0,Suzuki V-Strom 650,Новосибирск,34980.0,650,бензин,11,0,1,1,0,0,0,0,1,0,0,0,0,0,0,0,0,0,0,1,0,0,0
790000.0,Triumph Tiger 800,Владивосток,12040.0,800,бензин,13,0,1,1,1,0,0,0,0,0,0,0,0,0,0,0,0,0,0,0,1,0,0
790000.0,KTM 790 Duke,Владивосток,5849.0,790,бензин,5,0,1,1,1,0,0,0,0,0,0,0,0,0,0,0,0,0,0,0,0,0,1
790000.0,Yamaha MT-09,Владивосток,17000.0,850,бензин,11,0,1,1,1,0,0,0,0,0,0,0,0,0,0,0,0,0,0,0,0,1,0
790000.0,Honda CTX700N,Москва,11606.0,700,бензин,12,1,1,1,0,0,1,0,0,0,0,0,0,0,1,0,0,0,0,0,0,0,0
790000.0,Honda Valkyrie,Новосибирск,36092.0,1500,бензин,28,0,1,0,0,0,0,0,1,0,0,0,0,0,1,0,0,0,0,0,0,0,0
790000.0,Yamaha MT-09A,Владивосток,7627.0,850,бензин,11,0,1,1,1,0,0,0,0,0,0,0,0,0,0,0,0,0,0,0,0,1,0
790000.0,Harley-Davidson Electra Glide Classic,Владивосток,46780.0,1584,бензин,18,0,1,1,1,0,0,0,0,0,0,0,0,1,0,0,0,0,0,0,0,0,0
790000.0,Honda CBR 600RR,Благовещенск,49000.0,600,бензин,12,0,1,1,1,0,0,0,0,0,0,0,0,0,1,0,0,0,0,0,0,0,0
790000.0,Yamaha Roadstar 1700,Благовещенск,25000.0,1700,бензин,12,0,1,1,1,0,0,0,0,0,0,0,0,0,0,0,0,0,0,0,0,1,0
790000.0,Harley-Davidson Street Rod VRSCR,Владивосток,43172.0,1130,бензин,19,0,1,1,1,0,0,0,0,0,0,0,0,1,0,0,0,0,0,0,0,0,0
790000.0,Yamaha Midnight Star,Москва,17739.0,1900,бензин,19,0,1,1,0,0,1,0,0,0,0,0,0,0,0,0,0,0,0,0,0,1,0
790000.0,Harley-Davidson Electra Glide Ultra Classic FLHTCU,Москва,44426.0,1600,бензин,18,0,1,1,0,0,1,0,0,0,0,0,0,1,0,0,0,0,0,0,0,0,0
790000.0,Yamaha MT-07A,Хабаровск,2.0,700,бензин,5,0,1,1,1,0,0,0,0,0,0,0,0,0,0,0,0,0,0,0,0,1,0
790000.0,Honda VFR 800X Crossrunner,Новосибирск,29264.0,800,бензин,12,0,1,1,0,0,0,0,1,0,0,0,0,0,1,0,0,0,0,0,0,0,0
795000.0,Yamaha XT 660Z Tenere,Владивосток,24393.0,660,бензин,16,0,1,1,1,0,0,0,0,0,0,0,0,0,0,0,0,0,0,0,0,1,0
795000.0,Kawasaki Ninja 1000,Томск,29000.0,1043,бензин,14,0,1,1,1,0,0,0,0,0,0,0,0,0,0,0,1,0,0,0,0,0,0
795000.0,Yamaha YZF-R1,Владивосток,28000.0,1000,бензин,17,0,1,1,1,0,0,0,0,0,0,0,0,0,0,0,0,0,0,0,0,1,0
795000.0,Yamaha XT 1200Z Super Tenere,Владивосток,39327.0,1200,бензин,13,0,1,1,1,0,0,0,0,0,0,0,0,0,0,0,0,0,0,0,0,1,0
795000.0,Yamaha XT 1200Z Super Tenere,Владивосток,50084.0,1200,бензин,14,0,1,1,1,0,0,0,0,0,0,0,0,0,0,0,0,0,0,0,0,1,0
795000.0,Yamaha FJR 1300A,Чита,56000.0,1298,бензин,19,0,1,1,1,0,0,0,0,0,0,0,0,0,0,0,0,0,0,0,0,1,0
795000.0,Yamaha MT-09 Tracer,Красноярск,29000.0,850,бензин,10,0,1,1,0,0,0,0,1,0,0,0,0,0,0,0,0,0,0,0,0,1,0
795000.0,Honda VFR 800X Crossrunner,Новосибирск,24306.0,800,бензин,14,0,1,1,0,0,0,0,1,0,0,0,0,0,1,0,0,0,0,0,0,0,0
795000.0,Kawasaki 1400 GTR,Владивосток,27376.0,1400,бензин,16,0,1,1,1,0,0,0,0,0,0,0,0,0,0,0,1,0,0,0,0,0,0
796000.0,Yamaha FJR 1300A,Красноярск,13000.0,1300,бензин,16,0,1,1,0,0,0,0,1,0,0,0,0,0,0,0,0,0,0,0,0,1,0
797000.0,Honda NC 750X,Хоринск,10158.0,750,бензин,7,0,1,1,1,0,0,0,0,0,0,0,0,0,1,0,0,0,0,0,0,0,0
797300.0,Honda NC 750SD,Хабаровск,22656.0,750,бензин,5,1,1,1,1,0,0,0,0,0,0,0,0,0,1,0,0,0,0,0,0,0,0
798900.0,BMW R 1200 GS,Новосибирск,116000.0,1170,бензин,17,0,1,1,0,0,0,0,1,0,0,0,0,0,0,0,0,0,0,0,0,0,1
799000.0,Harley-Davidson X350,Владивосток,4000.0,350,бензин,1,1,1,1,1,0,0,0,0,0,0,0,0,1,0,0,0,0,0,0,0,0,0
799000.0,Gas Gas EX 300,Братск,200.0,300,бензин,3,0,0,1,1,0,0,0,0,0,0,0,0,0,0,0,0,0,0,0,0,0,1
799000.0,Harley-Davidson Sportster 1200 Custom XL1200C,Москва,60000.0,1200,бензин,14,0,1,1,0,0,1,0,0,0,0,0,0,1,0,0,0,0,0,0,0,0,0
799000.0,Honda NC 750X,Владивосток,14074.0,750,бензин,9,0,1,1,1,0,0,0,0,0,0,0,0,0,1,0,0,0,0,0,0,0,0
799000.0,Harley-Davidson Electra Glide Ultra Classic FLHTCU,Владивосток,36022.0,1584,бензин,17,0,1,1,1,0,0,0,0,0,0,0,0,1,0,0,0,0,0,0,0,0,0
799000.0,Yamaha XSR700,Владивосток,3774.0,700,бензин,7,0,1,1,1,0,0,0,0,0,0,0,0,0,0,0,0,0,0,0,0,1,0
799000.0,Kawasaki Ninja ZX-10R,Владивосток,33000.0,1000,бензин,16,0,1,1,1,0,0,0,0,0,0,0,0,0,0,0,1,0,0,0,0,0,0
799999.0,Harley-Davidson Street Rod,Иркутск,2000.0,750,бензин,8,0,0,1,1,0,0,0,0,0,0,0,0,1,0,0,0,0,0,0,0,0,0
800000.0,Victory Kingpin,Благовещенск,16000.0,1638,бензин,18,0,1,1,1,0,0,0,0,0,0,0,0,0,0,0,0,0,0,0,0,0,1
800000.0,Kawasaki ZZR 1400,Хабаровск,50000.0,1400,бензин,17,0,1,1,1,0,0,0,0,0,0,0,0,0,0,0,1,0,0,0,0,0,0
800000.0,Yamaha MT-07,Дмитров,5000.0,700,бензин,10,0,1,1,0,0,0,1,0,0,0,0,0,0,0,0,0,0,0,0,0,1,0
800000.0,Honda VFR 800,Белово,32800.0,800,бензин,13,0,1,1,1,0,0,0,0,0,0,0,0,0,1,0,0,0,0,0,0,0,0
800000.0,Harley-Davidson Electra Glide Ultra Classic FLHTCU,Владивосток,54000.0,1450,бензин,21,0,1,1,1,0,0,0,0,0,0,0,0,1,0,0,0,0,0,0,0,0,0
800000.0,Yamaha MT-09,Находка,4978.0,900,бензин,8,0,1,1,1,0,0,0,0,0,0,0,0,0,0,0,0,0,0,0,0,1,0
800000.0,KTM 300 EXC,Красноярск,1300.0,300,бензин,5,0,0,1,0,0,0,0,1,0,0,0,0,0,0,0,0,0,0,0,0,0,1
800000.0,BMW R 1200 RT,Смоленск,79000.0,1200,бензин,15,0,1,1,1,0,0,0,0,0,0,0,0,0,0,0,0,0,0,0,0,0,1
800000.0,Yamaha Warrior,Иркутск,32500.0,1700,бензин,18,0,1,1,1,0,0,0,0,0,0,0,0,0,0,0,0,0,0,0,0,1,0
800000.0,Kawasaki Z 800,Новосибирск,8000.0,800,бензин,11,0,1,1,0,0,0,0,1,0,0,0,0,0,0,0,1,0,0,0,0,0,0
800000.0,Harley-Davidson CVO,Хабаровск,70000.0,103,бензин,19,0,1,1,1,0,0,0,0,0,0,0,0,1,0,0,0,0,0,0,0,0,0
800000.0,BMW R 1200 RT,Щёлково,160000.0,1200,бензин,13,0,1,1,0,0,0,1,0,0,0,0,0,0,0,0,0,0,0,0,0,0,1
800000.0,Kawasaki Ninja 1000,Находка,31200.0,1043,бензин,11,0,1,1,1,0,0,0,0,0,0,0,0,0,0,0,1,0,0,0,0,0,0
800000.0,Honda VT 750S,Раменское,32000.0,750,бензин,13,0,1,1,0,0,0,1,0,0,0,0,0,0,1,0,0,0,0,0,0,0,0
800000.0,BMW R 1200 RT,Екатеринбург,117598.0,1170,бензин,15,0,1,1,0,0,0,0,1,0,0,0,0,0,0,0,0,0,0,0,0,0,1
800000.0,Honda VFR,Новосибирск,40000.0,800,бензин,11,0,1,1,0,0,0,0,1,0,0,0,0,0,1,0,0,0,0,0,0,0,0
800000.0,Kawasaki EN650,Томск,5300.0,650,бензин,10,0,1,1,1,0,0,0,0,0,0,0,0,0,0,0,1,0,0,0,0,0,0
800000.0,Yamaha MT-09 Tracer,Карасук,57900.0,900,бензин,10,0,1,1,1,0,0,0,0,0,0,0,0,0,0,0,0,0,0,0,0,1,0
800000.0,BMW R 1200 GS,Краснодар,81000.0,1170,бензин,13,0,1,1,0,0,0,0,1,0,0,0,0,0,0,0,0,0,0,0,0,0,1
800000.0,Yamaha FJR 1300,Томск,57351.0,1300,бензин,12,0,1,1,1,0,0,0,0,0,0,0,0,0,0,0,0,0,0,0,0,1,0
800000.0,Yamaha FZ 08,Чертково,33000.0,779,бензин,13,0,1,1,1,0,0,0,0,0,0,0,0,0,0,0,0,0,0,0,0,1,0
800000.0,Yamaha FJR 1300AS,Новосибирск,66166.0,1300,бензин,18,1,1,1,0,0,0,0,1,0,0,0,0,0,0,0,0,0,0,0,0,1,0
800000.0,Husqvarna TE 150i,Братск,50.0,150,бензин,2,0,0,1,1,0,0,0,0,0,0,0,0,0,0,0,0,0,0,0,0,0,1
800000.0,Gas Gas EC 300,Обь,2800.0,300,бензин,3,0,0,1,1,0,0,0,0,0,0,0,0,0,0,0,0,0,0,0,0,0,1
800000.0,Honda CBR 650F,Новокузнецк,39000.0,650,бензин,11,0,1,1,1,0,0,0,0,0,0,0,0,0,1,0,0,0,0,0,0,0,0
800000.0,Yamaha XVS,Черёмушки,46000.0,1900,бензин,17,0,1,1,1,0,0,0,0,0,0,0,0,0,0,0,0,0,0,0,0,1,0
800000.0,KTM 690 SMC-R,Владивосток,7023.0,690,бензин,10,0,1,1,1,0,0,0,0,0,0,0,0,0,0,0,0,0,0,0,0,0,1
800000.0,Harley-Davidson Electra Glide Classic FLHTC,Уссурийск,20000.0,1584,бензин,19,0,1,1,1,0,0,0,0,0,0,0,0,1,0,0,0,0,0,0,0,0,0
800000.0,Kawasaki 1000GTR,Новый Уренгой,29000.0,1043,бензин,14,1,1,1,1,0,0,0,0,0,0,0,0,0,0,0,1,0,0,0,0,0,0
800000.0,BMW F 800 GS,Хабаровск,41000.0,800,бензин,13,0,1,1,1,0,0,0,0,0,0,0,0,0,0,0,0,0,0,0,0,0,1
800000.0,Honda NM4,Владивосток,4875.0,750,бензин,9,1,1,1,1,0,0,0,0,0,0,0,0,0,1,0,0,0,0,0,0,0,0
800000.0,Yamaha XVS 950 Bolt,Тюмень,7000.0,942,бензин,10,0,1,1,1,0,0,0,0,0,0,0,0,0,0,0,0,0,0,0,0,1,0
800000.0,Honda CRF 450R,Уссурийск,1.0,450,бензин,4,0,1,1,1,0,0,0,0,0,0,0,0,0,1,0,0,0,0,0,0,0,0
800000.0,KTM 690 Enduro R,Омск,4958.0,690,бензин,9,0,1,1,0,0,0,0,1,0,0,0,0,0,0,0,0,0,0,0,0,0,1
800000.0,Triumph Trident 660,Владивосток,5705.0,660,бензин,4,0,1,1,1,0,0,0,0,0,0,0,0,0,0,0,0,0,0,0,1,0,0
800000.0,Yamaha YZF-R1,Чита,42000.0,998,бензин,18,0,1,1,1,0,0,0,0,0,0,0,0,0,0,0,0,0,0,0,0,1,0
800000.0,Suzuki GSX 1300R Hayabusa,Ростов-на-Дону,26000.0,1300,бензин,20,0,1,1,0,0,0,0,1,0,0,0,0,0,0,0,0,0,0,1,0,0,0
805000.0,Honda CBR 1000RR-R,Хабаровск,48000.0,1000,бензин,17,0,1,1,1,0,0,0,0,0,0,0,0,0,1,0,0,0,0,0,0,0,0
810000.0,Yamaha MT-07A,Омск,15000.0,700,бензин,8,0,1,1,0,0,0,0,1,0,0,0,0,0,0,0,0,0,0,0,0,1,0
814000.0,Suzuki V-Strom 650,Владивосток,22344.0,650,бензин,6,0,1,1,1,0,0,0,0,0,0,0,0,0,0,0,0,0,0,1,0,0,0
815000.0,MV Agusta Brutale 1090RR,Красноярск,35000.0,1078,бензин,10,0,1,1,0,0,0,0,1,0,0,0,0,0,0,0,0,1,0,0,0,0,0
815000.0,Kawasaki EN650,Москва,4500.0,649,бензин,4,0,0,1,0,0,1,0,0,0,0,0,0,0,0,0,1,0,0,0,0,0,0
819000.0,Yamaha MT-09 Tracer,Сергиев Посад,34800.0,850,бензин,10,0,1,1,0,0,0,1,0,0,0,0,0,0,0,0,0,0,0,0,0,1,0
820000.0,Harley-Davidson Heritage,Владивосток,36474.0,1584,бензин,18,0,1,1,1,0,0,0,0,0,0,0,0,1,0,0,0,0,0,0,0,0,0
820000.0,Yamaha XT 1200ZE Super Tenere,Владивосток,98341.0,1199,бензин,12,0,1,1,1,0,0,0,0,0,0,0,0,0,0,0,0,0,0,0,0,1,0
820000.0,Yamaha XT 1200ZE Super Tenere,Владивосток,31466.0,1199,бензин,14,0,1,1,1,0,0,0,0,0,0,0,0,0,0,0,0,0,0,0,0,1,0
820000.0,Suzuki V-Strom 1000,Владивосток,38700.0,1050,бензин,11,0,1,1,1,0,0,0,0,0,0,0,0,0,0,0,0,0,0,1,0,0,0
820000.0,BMW F 800 GS,Владивосток,14000.0,800,бензин,16,0,1,1,1,0,0,0,0,0,0,0,0,0,0,0,0,0,0,0,0,0,1
820000.0,Yamaha MT-09,Новосибирск,25182.0,850,бензин,11,0,1,1,0,0,0,0,1,0,0,0,0,0,0,0,0,0,0,0,0,1,0
820000.0,Yamaha Warrior,Грозный,26500.0,1670,бензин,19,0,1,1,1,0,0,0,0,0,0,0,0,0,0,0,0,0,0,0,0,1,0
820000.0,Ducati Streetfighter 848,Владивосток,20000.0,848,бензин,13,0,1,1,1,0,0,0,0,0,0,0,1,0,0,0,0,0,0,0,0,0,0
820000.0,Kawasaki Ninja 1000SX,Бея,20000.0,1042,бензин,11,0,1,1,1,0,0,0,0,0,0,0,0,0,0,0,1,0,0,0,0,0,0
820000.0,Yamaha MT-09 Tracer,Томск,41598.0,846,бензин,10,0,1,1,1,0,0,0,0,0,0,0,0,0,0,0,0,0,0,0,0,1,0
820000.0,Yamaha MT-09 Tracer,Москва,24360.0,850,бензин,10,0,1,1,0,0,1,0,0,0,0,0,0,0,0,0,0,0,0,0,0,1,0
820000.0,KTM 990 Adventure,Япония<!-- --> <!-- -->→<!-- --> <!-- -->Владивосток,48000.0,990,бензин,19,0,1,1,1,0,0,0,0,0,0,0,0,0,0,0,0,0,0,0,0,0,1
820000.0,Yamaha MT-07,Владивосток,13100.0,700,бензин,6,0,1,1,1,0,0,0,0,0,0,0,0,0,0,0,0,0,0,0,0,1,0
820000.0,Honda VFR 1200F,Уссурийск,37228.0,1237,бензин,15,0,1,1,1,0,0,0,0,0,0,0,0,0,1,0,0,0,0,0,0,0,0
820000.0,Suzuki GSF 1250SA Bandit,Владивосток,13280.0,1250,бензин,15,0,1,1,1,0,0,0,0,0,0,0,0,0,0,0,0,0,0,1,0,0,0
820000.0,BMW F 900 XR,Владивосток,70351.0,895,бензин,5,0,1,1,1,0,0,0,0,0,0,0,0,0,0,0,0,0,0,0,0,0,1
820000.0,Yamaha MT-09,Москва,28577.0,850,бензин,10,0,1,1,0,0,1,0,0,0,0,0,0,0,0,0,0,0,0,0,0,1,0
820000.0,Benda Darkflag 500,Ставрополь,1600.0,500,бензин,1,0,1,1,1,0,0,0,0,0,0,0,0,0,0,0,0,0,0,0,0,0,1
820000.0,Yamaha MT-09 Tracer,Новосибирск,18047.0,900,бензин,10,0,1,1,0,0,0,0,1,0,0,0,0,0,0,0,0,0,0,0,0,1,0
820000.0,Yamaha YZF-R1,Чита,25000.0,1000,бензин,21,0,1,1,1,0,0,0,0,0,0,0,0,0,0,0,0,0,0,0,0,1,0
825000.0,Yamaha YZF 600,Новосибирск,10000.0,600,бензин,16,0,1,1,0,0,0,0,1,0,0,0,0,0,0,0,0,0,0,0,0,1,0
825000.0,KTM 890 Duke R,Владивосток,19876.0,890,бензин,5,0,1,1,1,0,0,0,0,0,0,0,0,0,0,0,0,0,0,0,0,0,1
825000.0,BMW F 800 R,Новосибирск,17869.0,800,бензин,10,0,1,1,0,0,0,0,1,0,0,0,0,0,0,0,0,0,0,0,0,0,1
825000.0,Yamaha Tracer 900,Уссурийск,72050.0,847,бензин,7,0,1,1,1,0,0,0,0,0,0,0,0,0,0,0,0,0,0,0,0,1,0
825000.0,Suzuki DR-Z 400S,Владивосток,13215.0,400,бензин,16,0,1,0,1,0,0,0,0,0,0,0,0,0,0,0,0,0,0,1,0,0,0
825000.0,Yamaha Warrior,Екатеринбург,38250.0,1700,бензин,20,0,1,1,0,0,0,0,1,0,0,0,0,0,0,0,0,0,0,0,0,1,0
825000.0,Kawasaki KLR 650,Челябинск,800.0,650,бензин,11,0,1,1,0,0,0,0,1,0,0,0,0,0,0,0,1,0,0,0,0,0,0
830000.0,Suzuki GSR 750A,Санкт-Петербург,20000.0,749,бензин,11,0,1,1,0,0,0,0,0,1,0,0,0,0,0,0,0,0,0,1,0,0,0
830000.0,Honda NC 700X,Новосибирск,15312.0,700,бензин,11,0,1,1,0,0,0,0,1,0,0,0,0,0,1,0,0,0,0,0,0,0,0
830000.0,BMW F 800 GT,Новосибирск,15562.0,800,бензин,12,0,1,1,0,0,0,0,1,0,0,0,0,0,0,0,0,0,0,0,0,0,1
830000.0,Yamaha XVS 950 Bolt,Находка,27325.0,950,бензин,11,0,1,1,1,0,0,0,0,0,0,0,0,0,0,0,0,0,0,0,0,1,0
830000.0,MV Agusta Brutale 1090RR,Красноярск,20000.0,1078,бензин,13,0,1,1,0,0,0,0,1,0,0,0,0,0,0,0,0,1,0,0,0,0,0
830000.0,Yamaha MT-09,Япония<!-- --> <!-- -->→<!-- --> <!-- -->Владивосток,5340.0,850,бензин,10,0,1,1,1,0,0,0,0,0,0,0,0,0,0,0,0,0,0,0,0,1,0
830000.0,Harley-Davidson Nightster RH975S,Владивосток,11126.0,975,бензин,2,0,1,1,1,0,0,0,0,0,0,0,0,1,0,0,0,0,0,0,0,0,0
830000.0,BMW R 1200 GS,Шелехов,52000.0,1200,бензин,14,0,1,1,1,0,0,0,0,0,0,0,0,0,0,0,0,0,0,0,0,0,1
830000.0,Honda NC 750XA,Новосибирск,21738.0,750,бензин,8,0,1,1,0,0,0,0,1,0,0,0,0,0,1,0,0,0,0,0,0,0,0
830000.0,BMW R 1200 RT,Новосибирск,34013.0,1200,бензин,19,0,1,1,0,0,0,0,1,0,0,0,0,0,0,0,0,0,0,0,0,0,1
830000.0,Harley-Davidson Dyna Super Glide,Оренбург,32000.0,1600,бензин,17,0,1,1,1,0,0,0,0,0,0,0,0,1,0,0,0,0,0,0,0,0,0
832000.0,Yamaha XVS 1300,Минск,42300.0,1300,бензин,14,0,1,1,1,0,0,0,0,0,0,0,0,0,0,0,0,0,0,0,0,1,0
835000.0,Yamaha MT-09 Tracer,Новосибирск,37921.0,900,бензин,10,0,1,1,0,0,0,0,1,0,0,0,0,0,0,0,0,0,0,0,0,1,0
835000.0,Kawasaki Ninja,Прокопьевск,42000.0,1000,бензин,12,0,1,1,1,0,0,0,0,0,0,0,0,0,0,0,1,0,0,0,0,0,0
835000.0,Honda NC 750XD,Владивосток,12979.0,750,бензин,9,1,1,1,1,0,0,0,0,0,0,0,0,0,1,0,0,0,0,0,0,0,0
835000.0,Yamaha FZ8-S,Япония<!-- --> <!-- -->→<!-- --> <!-- -->Владивосток,5743.0,800,бензин,9,0,1,1,1,0,0,0,0,0,0,0,0,0,0,0,0,0,0,0,0,1,0
838700.0,Suzuki GSX S1000F,Хабаровск,15838.0,1000,бензин,10,0,1,1,1,0,0,0,0,0,0,0,0,0,0,0,0,0,0,1,0,0,0
838900.0,Suzuki V-Strom 650XT,Хабаровск,1.0,650,бензин,11,0,1,1,1,0,0,0,0,0,0,0,0,0,0,0,0,0,0,1,0,0,0
840000.0,Suzuki GSX-R 1000,Владивосток,46420.0,1000,бензин,20,0,1,1,1,0,0,0,0,0,0,0,0,0,0,0,0,0,0,1,0,0,0
840000.0,Kawasaki Ninja 1000SX,Новосибирск,31952.0,1000,бензин,14,0,1,1,0,0,0,0,1,0,0,0,0,0,0,0,1,0,0,0,0,0,0
840000.0,BMW F 800 R,Находка,5334.0,800,бензин,12,1,1,1,1,0,0,0,0,0,0,0,0,0,0,0,0,0,0,0,0,0,1
840000.0,Yamaha Stratoliner,Владивосток,23000.0,1900,бензин,16,0,1,1,1,0,0,0,0,0,0,0,0,0,0,0,0,0,0,0,0,1,0
840000.0,Suzuki GSF 1250SA Bandit,Находка,20688.0,1250,бензин,11,0,1,1,1,0,0,0,0,0,0,0,0,0,0,0,0,0,0,1,0,0,0
840000.0,Yamaha MT-07A,Москва,8500.0,700,бензин,8,0,1,1,0,0,1,0,0,0,0,0,0,0,0,0,0,0,0,0,0,1,0
840000.0,Kawasaki Z 800,Новосибирск,30592.0,800,бензин,10,0,1,1,0,0,0,0,1,0,0,0,0,0,0,0,1,0,0,0,0,0,0
840000.0,Kawasaki Ninja 1000,Новосибирск,31952.0,1000,бензин,15,0,1,1,0,0,0,0,1,0,0,0,0,0,0,0,1,0,0,0,0,0,0
840000.0,BMW C 400 GT,Владивосток,6500.0,400,бензин,6,1,1,1,1,0,0,0,0,0,0,0,0,0,0,0,0,0,0,0,0,0,1
840000.0,KTM 250 EXC,Горно-Алтайск,37.0,250,бензин,8,0,0,0,1,0,0,0,0,0,0,0,0,0,0,0,0,0,0,0,0,0,1
840000.0,Yamaha YZF-R3,Санкт-Петербург,5157.0,320,бензин,2,0,1,1,0,0,0,0,0,1,0,0,0,0,0,0,0,0,0,0,0,1,0
841000.0,MV Agusta Brutale 1090RR,Красноярск,10700.0,1090,бензин,9,0,1,1,0,0,0,0,1,0,0,0,0,0,0,0,0,1,0,0,0,0,0
842000.0,Yamaha YZF-R1,Владивосток,19246.0,1000,бензин,18,0,1,1,1,0,0,0,0,0,0,0,0,0,0,0,0,0,0,0,0,1,0
845000.0,Suzuki GSX-R 1000,Санкт-Петербург,39972.0,999,бензин,18,0,1,1,0,0,0,0,0,1,0,0,0,0,0,0,0,0,0,1,0,0,0
849000.0,Kawasaki EN650,Санкт-Петербург,5400.0,650,бензин,5,0,1,1,0,0,0,0,0,1,0,0,0,0,0,0,1,0,0,0,0,0,0
849000.0,Suzuki GSX S750,Владивосток,18382.0,749,бензин,4,0,1,1,1,0,0,0,0,0,0,0,0,0,0,0,0,0,0,1,0,0,0
849000.0,Kawasaki Ninja 1000,Новосибирск,17640.0,1000,бензин,11,0,1,1,0,0,0,0,1,0,0,0,0,0,0,0,1,0,0,0,0,0,0
849995.0,Honda CB 1000RA,Кемерово,11302.0,998,бензин,13,0,1,1,1,0,0,0,0,0,0,0,0,0,1,0,0,0,0,0,0,0,0
850000.0,Yamaha YZF-R1,Тюмень,25000.0,1000,бензин,17,0,1,1,1,0,0,0,0,0,0,0,0,0,0,0,0,0,0,0,0,1,0
850000.0,Yamaha YZF-R1,Владивосток,38000.0,1000,бензин,19,0,1,1,1,0,0,0,0,0,0,0,0,0,0,0,0,0,0,0,0,1,0
850000.0,Yamaha Royal Star Venture,Симферополь,33000.0,1300,бензин,26,0,1,0,1,0,0,0,0,0,0,0,0,0,0,0,0,0,0,0,0,1,0
850000.0,Honda CBR 1000RR Fireblade,Владивосток,41000.0,1000,бензин,15,0,1,1,1,0,0,0,0,0,0,0,0,0,1,0,0,0,0,0,0,0,0
850000.0,KTM 300 EXC,Симферополь,2000.0,300,бензин,3,0,0,1,1,0,0,0,0,0,0,0,0,0,0,0,0,0,0,0,0,0,1
850000.0,Honda NC 700XD,Красноярск,15000.0,750,бензин,6,1,1,1,0,0,0,0,1,0,0,0,0,0,1,0,0,0,0,0,0,0,0
850000.0,Honda NC 750XA,Новосибирск,13328.0,750,бензин,9,0,1,1,0,0,0,0,1,0,0,0,0,0,1,0,0,0,0,0,0,0,0
850000.0,Kawasaki Ninja ZX-14R,Владивосток,18000.0,1441,бензин,17,0,1,1,1,0,0,0,0,0,0,0,0,0,0,0,1,0,0,0,0,0,0
850000.0,BMW K 1300 GT,Новосибирск,44000.0,1300,бензин,15,0,1,1,0,0,0,0,1,0,0,0,0,0,0,0,0,0,0,0,0,0,1
850000.0,Triumph Tiger 660 Sport,Владивосток,7867.0,660,бензин,3,0,1,1,1,0,0,0,0,0,0,0,0,0,0,0,0,0,0,0,1,0,0
850000.0,Suzuki V-Strom 650XT,Владивосток,8147.0,645,бензин,2,0,1,1,1,0,0,0,0,0,0,0,0,0,0,0,0,0,0,1,0,0,0
850000.0,Harley-Davidson CVO Ultra Classic Electra Glide FLHTCUSE4,Владивосток,35970.0,1700,бензин,20,0,1,1,1,0,0,0,0,0,0,0,0,1,0,0,0,0,0,0,0,0,0
850000.0,BMW F 800 R,Екатеринбург,10000.0,798,бензин,6,0,1,1,0,0,0,0,1,0,0,0,0,0,0,0,0,0,0,0,0,0,1
850000.0,BMW F 800 GS,Благовещенск,59000.0,800,бензин,12,0,1,1,1,0,0,0,0,0,0,0,0,0,0,0,0,0,0,0,0,0,1
850000.0,Triumph Tiger 800,Хабаровск,28800.0,800,бензин,12,0,1,1,1,0,0,0,0,0,0,0,0,0,0,0,0,0,0,0,1,0,0
850000.0,Honda VFR 800X Crossrunner,Владивосток,27000.0,800,бензин,10,0,1,1,1,0,0,0,0,0,0,0,0,0,1,0,0,0,0,0,0,0,0
850000.0,Harley-Davidson Street Rod,Обь,11200.0,750,бензин,8,0,1,1,1,0,0,0,0,0,0,0,0,1,0,0,0,0,0,0,0,0,0
850000.0,Honda VT 1300CX Fury,Красноярск,29000.0,1312,бензин,11,0,1,1,0,0,0,0,1,0,0,0,0,0,1,0,0,0,0,0,0,0,0
850000.0,Triumph Tiger 800,Новороссийск,58000.0,799,бензин,12,0,1,1,1,0,0,0,0,0,0,0,0,0,0,0,0,0,0,0,1,0,0
850000.0,Kawasaki W800,Япония<!-- --> <!-- -->→<!-- --> <!-- -->Владивосток,7206.0,800,бензин,13,0,1,1,1,0,0,0,0,0,0,0,0,0,0,0,1,0,0,0,0,0,0
850000.0,Honda GL 1800,Хабаровск,52000.0,1800,бензин,21,0,1,1,1,0,0,0,0,0,0,0,0,0,1,0,0,0,0,0,0,0,0
850000.0,Honda VTX 1800,Северск,100000.0,1800,бензин,23,0,1,1,1,0,0,0,0,0,0,0,0,0,1,0,0,0,0,0,0,0,0
850000.0,BMW R 1200 R,Красноярск,30300.0,1200,бензин,14,0,1,1,0,0,0,0,1,0,0,0,0,0,0,0,0,0,0,0,0,0,1
850000.0,Yamaha XVS,Владивосток,13255.0,1311,бензин,17,0,1,1,1,0,0,0,0,0,0,0,0,0,0,0,0,0,0,0,0,1,0
850000.0,BMW K 1200 S,Новосибирск,48505.0,1300,бензин,19,0,1,1,0,0,0,0,1,0,0,0,0,0,0,0,0,0,0,0,0,0,1
850000.0,Ducati 848 Evo,Япония<!-- --> <!-- -->→<!-- --> <!-- -->Владивосток,21778.0,848,бензин,13,0,1,1,1,0,0,0,0,0,0,0,1,0,0,0,0,0,0,0,0,0,0
850000.0,Honda VT 1100,Рязань,18500.0,1100,бензин,27,0,1,0,1,0,0,0,0,0,0,0,0,0,1,0,0,0,0,0,0,0,0
850000.0,Suzuki GSX S1000F,Владивосток,26496.0,1000,бензин,10,0,1,1,1,0,0,0,0,0,0,0,0,0,0,0,0,0,0,1,0,0,0
850000.0,Kawasaki Vulcan S,Япония<!-- --> <!-- -->→<!-- --> <!-- -->Владивосток,2634.0,650,бензин,10,0,1,1,1,0,0,0,0,0,0,0,0,0,0,0,1,0,0,0,0,0,0
850000.0,Suzuki GSX S1000F,Владивосток,23657.0,1000,бензин,10,0,1,1,1,0,0,0,0,0,0,0,0,0,0,0,0,0,0,1,0,0,0
850000.0,Honda CB 1300 Boldor,Хабаровск,18000.0,1300,бензин,17,0,1,1,1,0,0,0,0,0,0,0,0,0,1,0,0,0,0,0,0,0,0
850000.0,Honda VTX 1800,Чита,12000.0,1800,бензин,22,0,1,1,1,0,0,0,0,0,0,0,0,0,1,0,0,0,0,0,0,0,0
850000.0,BMW K 1200 R,Екатеринбург,48846.0,1157,бензин,18,0,1,1,0,0,0,0,1,0,0,0,0,0,0,0,0,0,0,0,0,0,1
850000.0,Honda VFR 800X Crossrunner,Красноярск,32000.0,800,бензин,10,0,1,1,0,0,0,0,1,0,0,0,0,0,1,0,0,0,0,0,0,0,0
850000.0,Honda CBR 1000RR Fireblade,Ангарск,20000.0,1000,бензин,17,0,1,1,1,0,0,0,0,0,0,0,0,0,1,0,0,0,0,0,0,0,0
850000.0,Yamaha XVS 1300,Краснодар,36000.0,1300,бензин,11,0,1,1,0,0,0,0,1,0,0,0,0,0,0,0,0,0,0,0,0,1,0
850000.0,Suzuki V-Strom 650XT,Славянка,25000.0,650,бензин,5,0,1,1,1,0,0,0,0,0,0,0,0,0,0,0,0,0,0,1,0,0,0
851000.0,Kawasaki Z 1000SX,Зарайск,14000.0,1000,бензин,12,0,1,1,0,0,0,1,0,0,0,0,0,0,0,0,1,0,0,0,0,0,0
855000.0,Yamaha YZF-R1,Владивосток,46491.0,1000,бензин,15,0,1,1,1,0,0,0,0,0,0,0,0,0,0,0,0,0,0,0,0,1,0
855000.0,BMW R 1150 GS Adventure,Находка,67000.0,1200,бензин,18,0,1,1,1,0,0,0,0,0,0,0,0,0,0,0,0,0,0,0,0,0,1
855000.0,Suzuki GSX 1300R Hayabusa,Михайловское,40000.0,1300,бензин,18,0,1,1,1,0,0,0,0,0,0,0,0,0,0,0,0,0,0,1,0,0,0
857500.0,BMW F 800 GS Adventure,Хабаровск,9876.0,800,бензин,14,0,1,1,1,0,0,0,0,0,0,0,0,0,0,0,0,0,0,0,0,0,1
857500.0,Kawasaki Z 900,Хабаровск,33066.0,950,бензин,7,0,1,1,1,0,0,0,0,0,0,0,0,0,0,0,1,0,0,0,0,0,0
857500.0,Honda CBR 650R,Хабаровск,37998.0,650,бензин,6,0,1,1,1,0,0,0,0,0,0,0,0,0,1,0,0,0,0,0,0,0,0
857500.0,BMW F 800 GS Adventure,Хабаровск,20737.0,800,бензин,15,0,1,1,1,0,0,0,0,0,0,0,0,0,0,0,0,0,0,0,0,0,1
860000.0,Yamaha MT-07A,Владивосток,2782.0,700,бензин,7,0,1,1,1,0,0,0,0,0,0,0,0,0,0,0,0,0,0,0,0,1,0
860000.0,Yamaha MT-09,Япония<!-- --> <!-- -->→<!-- --> <!-- -->Владивосток,8000.0,850,бензин,10,0,1,1,1,0,0,0,0,0,0,0,0,0,0,0,0,0,0,0,0,1,0
860000.0,Honda CBR 650F,Новосибирск,35674.0,650,бензин,8,0,1,1,0,0,0,0,1,0,0,0,0,0,1,0,0,0,0,0,0,0,0
860000.0,Suzuki GSX S750,Япония<!-- --> <!-- -->→<!-- --> <!-- -->Владивосток,3677.0,750,бензин,5,0,1,1,1,0,0,0,0,0,0,0,0,0,0,0,0,0,0,1,0,0,0
864000.0,Yamaha YZF-R1,Владивосток,18603.0,1000,бензин,17,0,1,1,1,0,0,0,0,0,0,0,0,0,0,0,0,0,0,0,0,1,0
865000.0,BMW F 800 GS,Новосибирск,36164.0,800,бензин,15,0,1,1,0,0,0,0,1,0,0,0,0,0,0,0,0,0,0,0,0,0,1
865000.0,Suzuki GSX-R 1000,Владивосток,31000.0,1000,бензин,20,0,1,1,1,0,0,0,0,0,0,0,0,0,0,0,0,0,0,1,0,0,0
869000.0,Suzuki GSR 750,Хабаровск,12000.0,749,бензин,12,0,1,1,1,0,0,0,0,0,0,0,0,0,0,0,0,0,0,1,0,0,0
870000.0,Honda NC 700XD,Санкт-Петербург,17315.0,670,бензин,8,1,1,1,0,0,0,0,0,1,0,0,0,0,1,0,0,0,0,0,0,0,0
870000.0,Honda X4,Томск,26000.0,1300,бензин,28,0,1,0,1,0,0,0,0,0,0,0,0,0,1,0,0,0,0,0,0,0,0
870000.0,Suzuki V-Strom 1000,Владивосток,23156.0,1048,бензин,11,0,1,1,1,0,0,0,0,0,0,0,0,0,0,0,0,0,0,1,0,0,0
870000.0,Honda NC 750X,Владивосток,12280.0,750,бензин,8,1,1,1,1,0,0,0,0,0,0,0,0,0,1,0,0,0,0,0,0,0,0
870000.0,Kawasaki 1400GTR,Тюмень,33000.0,1400,бензин,17,0,1,1,1,0,0,0,0,0,0,0,0,0,0,0,1,0,0,0,0,0,0
870000.0,Suzuki V-Strom 650XT,Находка,11734.0,900,бензин,6,0,1,1,1,0,0,0,0,0,0,0,0,0,0,0,0,0,0,1,0,0,0
870000.0,Honda VFR 1200F,Юрга,28654.0,1243,бензин,15,0,1,1,1,0,0,0,0,0,0,0,0,0,1,0,0,0,0,0,0,0,0
870000.0,Kawasaki Ninja ZX-14,Новосибирск,31400.0,1400,бензин,19,0,1,1,0,0,0,0,1,0,0,0,0,0,0,0,1,0,0,0,0,0,0
870000.0,Ducati Monster 1200,Владивосток,21000.0,1200,бензин,11,0,1,1,1,0,0,0,0,0,0,0,1,0,0,0,0,0,0,0,0,0,0
870000.0,Harley-Davidson Electra Glide,Новокузнецк,70000.0,1580,бензин,18,0,1,1,1,0,0,0,0,0,0,0,0,1,0,0,0,0,0,0,0,0,0
870000.0,Kawasaki Z 1000,Омск,43000.0,1000,бензин,10,0,1,1,0,0,0,0,1,0,0,0,0,0,0,0,1,0,0,0,0,0,0
870000.0,Yamaha Tmax,Япония<!-- --> <!-- -->→<!-- --> <!-- -->Владивосток,35000.0,530,бензин,12,1,1,1,1,0,0,0,0,0,0,0,0,0,0,0,0,0,0,0,0,1,0
870000.0,Suzuki V-Strom 650XT,Владивосток,20872.0,650,бензин,8,0,1,1,1,0,0,0,0,0,0,0,0,0,0,0,0,0,0,1,0,0,0
870000.0,Moto Guzzi California Custom,Волхов,23000.0,1400,бензин,11,0,1,1,0,1,0,0,0,0,0,0,0,0,0,0,0,0,0,0,0,0,1
870000.0,Ducati Scrambler,Новосибирск,9574.0,803,бензин,10,0,1,1,0,0,0,0,1,0,0,0,1,0,0,0,0,0,0,0,0,0,0
870000.0,Kawasaki Z 1000,Владивосток,12032.0,1000,бензин,12,0,1,1,1,0,0,0,0,0,0,0,0,0,0,0,1,0,0,0,0,0,0
870000.0,Kawasaki Z 900,Владивосток,21000.0,900,бензин,6,0,1,1,1,0,0,0,0,0,0,0,0,0,0,0,1,0,0,0,0,0,0
875000.0,Honda VT 1300CX Fury,Иркутск,18000.0,1300,бензин,14,0,1,1,1,0,0,0,0,0,0,0,0,0,1,0,0,0,0,0,0,0,0
875000.0,Kawasaki W800,Япония<!-- --> <!-- -->→<!-- --> <!-- -->Владивосток,11301.0,800,бензин,14,0,1,1,1,0,0,0,0,0,0,0,0,0,0,0,1,0,0,0,0,0,0
875000.0,KTM 1190 Adventure,Красноярск,72000.0,1190,бензин,9,0,1,1,0,0,0,0,1,0,0,0,0,0,0,0,0,0,0,0,0,0,1
875000.0,Kawasaki Ninja 1000,Япония<!-- --> <!-- -->→<!-- --> <!-- -->Владивосток,14013.0,1000,бензин,14,0,1,1,1,0,0,0,0,0,0,0,0,0,0,0,1,0,0,0,0,0,0
875000.0,Honda NC 750XD,Владивосток,10164.0,750,бензин,8,1,1,1,1,0,0,0,0,0,0,0,0,0,1,0,0,0,0,0,0,0,0
875000.0,Kawasaki VN Vulcan,Япония<!-- --> <!-- -->→<!-- --> <!-- -->Владивосток,19425.0,650,бензин,8,0,1,1,1,0,0,0,0,0,0,0,0,0,0,0,1,0,0,0,0,0,0
875000.0,Kawasaki W800,Владивосток,13802.0,800,бензин,13,0,1,1,1,0,0,0,0,0,0,0,0,0,0,0,1,0,0,0,0,0,0
875000.0,Honda NC 750XD,Владивосток,15932.0,750,бензин,8,1,1,1,1,0,0,0,0,0,0,0,0,0,1,0,0,0,0,0,0,0,0
880000.0,Suzuki GSX,Япония<!-- --> <!-- -->→<!-- --> <!-- -->Владивосток,3222.0,800,бензин,2,0,1,1,1,0,0,0,0,0,0,0,0,0,0,0,0,0,0,1,0,0,0
880000.0,Harley-Davidson Sportster 883,Находка,5380.0,883,бензин,11,0,1,1,1,0,0,0,0,0,0,0,0,1,0,0,0,0,0,0,0,0,0
880000.0,Triumph Tiger 800,Владивосток,9600.0,800,бензин,10,0,1,1,1,0,0,0,0,0,0,0,0,0,0,0,0,0,0,0,1,0,0
880000.0,Honda CBR 650R,Владивосток,23787.0,650,бензин,4,0,1,1,1,0,0,0,0,0,0,0,0,0,1,0,0,0,0,0,0,0,0
880000.0,Honda NC 750X,Ермаковское,16000.0,750,бензин,9,0,1,1,1,0,0,0,0,0,0,0,0,0,1,0,0,0,0,0,0,0,0
880000.0,Ducati Multistrada 1200,Москва,10516.0,1200,бензин,14,0,1,1,0,0,1,0,0,0,0,0,1,0,0,0,0,0,0,0,0,0,0
880000.0,Honda NC 750XD,Москва,17132.0,750,бензин,7,1,1,1,0,0,1,0,0,0,0,0,0,0,1,0,0,0,0,0,0,0,0
880000.0,Yamaha MT-09 Tracer,Барнаул,46000.0,849,бензин,8,0,1,1,1,0,0,0,0,0,0,0,0,0,0,0,0,0,0,0,0,1,0
880000.0,Suzuki V-Strom 650XT,Омск,31700.0,650,бензин,6,0,1,1,0,0,0,0,1,0,0,0,0,0,0,0,0,0,0,1,0,0,0
880000.0,BMW F 800 GS,Иркутск,28000.0,800,бензин,13,0,1,1,1,0,0,0,0,0,0,0,0,0,0,0,0,0,0,0,0,0,1
880000.0,Kawasaki Ninja ZX-10R,Находка,3625.0,1000,бензин,20,0,1,1,1,0,0,0,0,0,0,0,0,0,0,0,1,0,0,0,0,0,0
880000.0,Honda CMX 1100 Rebel,Владивосток,7017.0,1084,бензин,3,0,1,1,1,0,0,0,0,0,0,0,0,0,1,0,0,0,0,0,0,0,0
880000.0,Honda GL 1800 Gold Wing,Новосибирск,59600.0,1800,бензин,23,0,1,1,0,0,0,0,1,0,0,0,0,0,1,0,0,0,0,0,0,0,0
885000.0,Kawasaki Ninja 1000,Владивосток,18779.0,1000,бензин,8,0,1,1,1,0,0,0,0,0,0,0,0,0,0,0,1,0,0,0,0,0,0
885700.0,Suzuki GSX S1000F,Хабаровск,34777.0,1000,бензин,7,0,1,1,1,0,0,0,0,0,0,0,0,0,0,0,0,0,0,1,0,0,0
887000.0,Suzuki GSX-R 750,Чита,28000.0,750,бензин,12,0,1,1,1,0,0,0,0,0,0,0,0,0,0,0,0,0,0,1,0,0,0
888000.0,Harley-Davidson Sportster 1200 XL1200,Витебск,1500.0,1200,бензин,8,0,1,1,1,0,0,0,0,0,0,0,0,1,0,0,0,0,0,0,0,0,0
890000.0,Suzuki GSX S1000F,Владивосток,10386.0,1000,бензин,9,0,1,1,1,0,0,0,0,0,0,0,0,0,0,0,0,0,0,1,0,0,0
890000.0,Honda VFR 1200FD,Владивосток,16955.0,1200,бензин,15,1,1,1,1,0,0,0,0,0,0,0,0,0,1,0,0,0,0,0,0,0,0
890000.0,Harley-Davidson Heritage Softail Classic FLSTC,Владивосток,4512.0,1584,бензин,14,0,1,1,1,0,0,0,0,0,0,0,0,1,0,0,0,0,0,0,0,0,0
890000.0,Triumph Trident 660,Москва,14300.0,660,бензин,4,0,1,1,0,0,1,0,0,0,0,0,0,0,0,0,0,0,0,0,1,0,0
890000.0,Beta RR 4T 430 EFI,Владивосток,1400.0,430,бензин,6,0,1,1,1,0,0,0,0,0,0,0,0,0,0,0,0,0,0,0,0,0,1
890000.0,Suzuki V-Strom 650XT,Владивосток,14797.0,650,бензин,7,0,1,1,1,0,0,0,0,0,0,0,0,0,0,0,0,0,0,1,0,0,0
890000.0,Yamaha XSR900,Владивосток,18874.0,850,бензин,9,0,1,1,1,0,0,0,0,0,0,0,0,0,0,0,0,0,0,0,0,1,0
890000.0,BMW K 1300 S,Япония<!-- --> <!-- -->→<!-- --> <!-- -->Владивосток,19614.0,1300,бензин,15,0,1,1,1,0,0,0,0,0,0,0,0,0,0,0,0,0,0,0,0,0,1
890000.0,Yamaha MT-09 Tracer,Кемерово,16000.0,900,бензин,10,0,1,1,1,0,0,0,0,0,0,0,0,0,0,0,0,0,0,0,0,1,0
890000.0,Triumph Rocket III,Брест,16000.0,2300,бензин,19,0,1,1,1,0,0,0,0,0,0,0,0,0,0,0,0,0,0,0,1,0,0
890000.0,Yamaha MT-09 Tracer,Владивосток,19260.0,850,бензин,8,0,1,1,1,0,0,0,0,0,0,0,0,0,0,0,0,0,0,0,0,1,0
890000.0,Kawasaki Versys 1000,Братск,32877.0,1043,бензин,10,0,1,1,1,0,0,0,0,0,0,0,0,0,0,0,1,0,0,0,0,0,0
890000.0,Honda CBR 600RR,Япония<!-- --> <!-- -->→<!-- --> <!-- -->Владивосток,20000.0,600,бензин,9,0,1,1,1,0,0,0,0,0,0,0,0,0,1,0,0,0,0,0,0,0,0
890000.0,Honda VTX,Бердск,10000.0,1800,бензин,19,0,1,1,1,0,0,0,0,0,0,0,0,0,1,0,0,0,0,0,0,0,0
895000.0,Suzuki V-Strom 650,Красноярск,29981.0,650,бензин,4,0,1,1,0,0,0,0,1,0,0,0,0,0,0,0,0,0,0,1,0,0,0
895000.0,Yamaha XSR700,Москва,15500.0,700,бензин,5,0,1,1,0,0,1,0,0,0,0,0,0,0,0,0,0,0,0,0,0,1,0
895000.0,Ducati Supersport,Владивосток,24482.0,937,бензин,7,0,1,1,1,0,0,0,0,0,0,0,1,0,0,0,0,0,0,0,0,0,0
895000.0,Honda CBR 600RR,Чита,36000.0,600,бензин,12,0,1,1,1,0,0,0,0,0,0,0,0,0,1,0,0,0,0,0,0,0,0
895000.0,Kawasaki 1400 GTR,Краснодар,94000.0,1400,бензин,14,0,1,1,0,0,0,0,1,0,0,0,0,0,0,0,1,0,0,0,0,0,0
898000.0,Harley-Davidson Dyna Fat Bob,Иркутск,32000.0,1600,бензин,17,0,1,1,1,0,0,0,0,0,0,0,0,1,0,0,0,0,0,0,0,0,0
899000.0,Honda CMX 1100 Rebel,Владивосток,26885.0,1100,бензин,4,0,1,1,1,0,0,0,0,0,0,0,0,0,1,0,0,0,0,0,0,0,0
899000.0,Honda Transalp,Стерлитамак,3000.0,700,бензин,17,0,1,1,1,0,0,0,0,0,0,0,0,0,1,0,0,0,0,0,0,0,0
899000.0,Indian Scout,Владивосток,14000.0,1150,бензин,9,0,1,1,1,0,0,0,0,0,0,0,0,0,0,1,0,0,0,0,0,0,0
899999.0,Honda Shadow Phantom,Краснодар,14000.0,750,бензин,14,0,1,1,0,0,0,0,1,0,0,0,0,0,1,0,0,0,0,0,0,0,0
899999.0,Honda Gold Wing,Хабаровск,49024.0,1500,бензин,25,0,1,0,1,0,0,0,0,0,0,0,0,0,1,0,0,0,0,0,0,0,0
899999.0,Gas Gas EC 300,Барнаул,110.0,300,бензин,2,0,0,1,1,0,0,0,0,0,0,0,0,0,0,0,0,0,0,0,0,0,1
900000.0,Harley-Davidson V-Rod,Сочи,23000.0,1200,бензин,22,0,1,1,1,0,0,0,0,0,0,0,0,1,0,0,0,0,0,0,0,0,0
900000.0,BMW R 1200 GS,Новосибирск,30283.0,1200,бензин,19,0,1,1,0,0,0,0,1,0,0,0,0,0,0,0,0,0,0,0,0,0,1
900000.0,BRP Can-Am Spyder,Магадан,2500.0,998,бензин,17,0,1,1,1,0,0,0,0,0,0,0,0,0,0,0,0,0,0,0,0,0,1
900000.0,Honda NC 750X,Владивосток,16042.0,750,бензин,5,1,1,1,1,0,0,0,0,0,0,0,0,0,1,0,0,0,0,0,0,0,0
900000.0,Yamaha MT-09 Tracer,Находка,20878.0,900,бензин,9,0,1,1,1,0,0,0,0,0,0,0,0,0,0,0,0,0,0,0,0,1,0
900000.0,Yamaha Warrior,Сургут,50000.0,1700,бензин,20,0,1,1,1,0,0,0,0,0,0,0,0,0,0,0,0,0,0,0,0,1,0
900000.0,Yamaha YZF-R1,Красноярск,30000.0,1000,бензин,17,0,1,1,0,0,0,0,1,0,0,0,0,0,0,0,0,0,0,0,0,1,0
900000.0,Yamaha Warrior,Новосибирск,44000.0,1700,бензин,21,0,1,1,0,0,0,0,1,0,0,0,0,0,0,0,0,0,0,0,0,1,0
900000.0,Kawasaki Ninja 1000,Владивосток,23000.0,1000,бензин,12,0,1,1,1,0,0,0,0,0,0,0,0,0,0,0,1,0,0,0,0,0,0
900000.0,Honda NC 750XD,Находка,1601.0,750,бензин,8,1,1,1,1,0,0,0,0,0,0,0,0,0,1,0,0,0,0,0,0,0,0
900000.0,Yamaha MT-09,Курган,21000.0,850,бензин,10,0,1,1,1,0,0,0,0,0,0,0,0,0,0,0,0,0,0,0,0,1,0
900000.0,BMW F 800 GS,Япония<!-- --> <!-- -->→<!-- --> <!-- -->Владивосток,13000.0,800,бензин,9,0,1,1,1,0,0,0,0,0,0,0,0,0,0,0,0,0,0,0,0,0,1
900000.0,Harley-Davidson Fat Boy,Благовещенск,19000.0,1400,бензин,25,0,1,0,1,0,0,0,0,0,0,0,0,1,0,0,0,0,0,0,0,0,0
900000.0,Honda VFR 1200F,Владивосток,15000.0,1200,бензин,14,0,1,1,1,0,0,0,0,0,0,0,0,0,1,0,0,0,0,0,0,0,0
900000.0,Yamaha MT-09A,Владивосток,6981.0,850,бензин,8,0,1,1,1,0,0,0,0,0,0,0,0,0,0,0,0,0,0,0,0,1,0
900000.0,Yamaha XT 250,Воронеж,1100.0,250,бензин,4,0,1,1,0,0,0,0,1,0,0,0,0,0,0,0,0,0,0,0,0,1,0
900000.0,Yamaha YZF-R7,Владивосток,21127.0,700,бензин,3,0,1,1,1,0,0,0,0,0,0,0,0,0,0,0,0,0,0,0,0,1,0
900000.0,Ducati Monster 1200 S,Новосибирск,35176.0,1200,бензин,11,0,1,1,0,0,0,0,1,0,0,0,1,0,0,0,0,0,0,0,0,0,0
900000.0,Kawasaki Z 1000,Владивосток,25000.0,1000,бензин,12,0,1,1,1,0,0,0,0,0,0,0,0,0,0,0,1,0,0,0,0,0,0
900000.0,Yamaha YZF-R1,Снежинск,11200.0,998,бензин,18,0,1,1,1,0,0,0,0,0,0,0,0,0,0,0,0,0,0,0,0,1,0
905000.0,Harley-Davidson Heritage Softail Classic FLSTC,Минск,27935.0,1584,бензин,15,0,1,1,1,0,0,0,0,0,0,0,0,1,0,0,0,0,0,0,0,0,0
905000.0,Honda NC 750X,Новосибирск,3108.0,750,бензин,9,0,1,1,0,0,0,0,1,0,0,0,0,0,1,0,0,0,0,0,0,0,0
905000.0,Triumph Tiger 800,Япония<!-- --> <!-- -->→<!-- --> <!-- -->Владивосток,4859.0,800,бензин,11,0,1,1,1,0,0,0,0,0,0,0,0,0,0,0,0,0,0,0,1,0,0
905000.0,Yamaha MT-09A,Хабаровск,28384.0,850,бензин,8,0,1,1,1,0,0,0,0,0,0,0,0,0,0,0,0,0,0,0,0,1,0
910000.0,Ducati Monster 1200 S,Япония<!-- --> <!-- -->→<!-- --> <!-- -->Владивосток,12184.0,1200,бензин,11,0,1,1,1,0,0,0,0,0,0,0,1,0,0,0,0,0,0,0,0,0,0
910000.0,Honda VTX 1800,Владивосток,65000.0,1800,бензин,23,0,1,1,1,0,0,0,0,0,0,0,0,0,1,0,0,0,0,0,0,0,0
910000.0,Honda VFR 1200FD,Краснодар,52000.0,1200,бензин,15,1,1,1,0,0,0,0,1,0,0,0,0,0,1,0,0,0,0,0,0,0,0
910000.0,BMW K 100,Япония<!-- --> <!-- -->→<!-- --> <!-- -->Владивосток,22722.0,1300,бензин,13,0,1,1,1,0,0,0,0,0,0,0,0,0,0,0,0,0,0,0,0,0,1
910000.0,MV Agusta Brutale 800,Краснодар,7900.0,800,бензин,11,0,1,1,0,0,0,0,1,0,0,0,0,0,0,0,0,1,0,0,0,0,0
915000.0,Kawasaki 1400 GTR,Япония<!-- --> <!-- -->→<!-- --> <!-- -->Владивосток,25520.0,1400,бензин,13,0,1,1,1,0,0,0,0,0,0,0,0,0,0,0,1,0,0,0,0,0,0
915000.0,Yamaha XT 1200Z Super Tenere,Судак,67000.0,1200,бензин,14,0,0,1,1,0,0,0,0,0,0,0,0,0,0,0,0,0,0,0,0,1,0
915000.0,Kawasaki Z 650,Япония<!-- --> <!-- -->→<!-- --> <!-- -->Владивосток,2.0,650,бензин,1,0,1,1,1,0,0,0,0,0,0,0,0,0,0,0,1,0,0,0,0,0,0
915000.0,Triumph Trident 660,Япония<!-- --> <!-- -->→<!-- --> <!-- -->Владивосток,5592.0,660,бензин,3,0,1,1,1,0,0,0,0,0,0,0,0,0,0,0,0,0,0,0,1,0,0
917500.0,Suzuki V-Strom 1000,Хабаровск,43852.0,1000,бензин,7,0,1,1,1,0,0,0,0,0,0,0,0,0,0,0,0,0,0,1,0,0,0
920000.0,Honda VFR 1200FD,Владивосток,30697.0,1200,бензин,12,1,1,1,1,0,0,0,0,0,0,0,0,0,1,0,0,0,0,0,0,0,0
920000.0,Yamaha SCR950,Новосибирск,22971.0,950,бензин,8,0,1,1,0,0,0,0,1,0,0,0,0,0,0,0,0,0,0,0,0,1,0
920000.0,Yamaha YZ 250X,Уссурийск,30.0,250,бензин,2,0,0,0,1,0,0,0,0,0,0,0,0,0,0,0,0,0,0,0,0,1,0
920000.0,Harley-Davidson Electra Glide,Япония<!-- --> <!-- -->→<!-- --> <!-- -->Владивосток,69111.0,1580,бензин,15,0,1,1,1,0,0,0,0,0,0,0,0,1,0,0,0,0,0,0,0,0,0
920000.0,Yamaha Stryker,Краснодар,31000.0,1300,бензин,14,0,1,1,0,0,0,0,1,0,0,0,0,0,0,0,0,0,0,0,0,1,0
920000.0,Ducati Scrambler,Япония<!-- --> <!-- -->→<!-- --> <!-- -->Владивосток,1860.0,400,бензин,7,0,1,1,1,0,0,0,0,0,0,0,1,0,0,0,0,0,0,0,0,0,0
920000.0,Kawasaki VN Vulcan S,Белая Глина,8800.0,650,бензин,4,0,1,1,1,0,0,0,0,0,0,0,0,0,0,0,1,0,0,0,0,0,0
920000.0,Ducati 749,Новосибирск,14333.0,749,бензин,19,0,1,1,0,0,0,0,1,0,0,0,1,0,0,0,0,0,0,0,0,0,0
920000.0,Honda CBR 650R,Красноярск,45216.0,649,бензин,4,0,1,1,0,0,0,0,1,0,0,0,0,0,1,0,0,0,0,0,0,0,0
920000.0,BMW K 1300 S,Владивосток,28000.0,1300,бензин,16,0,1,1,1,0,0,0,0,0,0,0,0,0,0,0,0,0,0,0,0,0,1
920000.0,Yamaha MT-09 Tracer,Тюмень,27300.0,850,бензин,9,0,1,1,1,0,0,0,0,0,0,0,0,0,0,0,0,0,0,0,0,1,0
920000.0,Honda VTX 1800,Сосновское,57982.0,1800,бензин,17,0,1,1,1,0,0,0,0,0,0,0,0,0,1,0,0,0,0,0,0,0,0
928000.0,Honda GL 1500 Gold Wing,Владивосток,30000.0,1500,бензин,26,0,1,0,1,0,0,0,0,0,0,0,0,0,1,0,0,0,0,0,0,0,0
930000.0,Honda CBR 1000RR Fireblade,Хабаровск,42815.0,999,бензин,17,0,1,1,1,0,0,0,0,0,0,0,0,0,1,0,0,0,0,0,0,0,0
930000.0,Kawasaki Ninja 1000,Иркутск,15088.0,1000,бензин,11,0,1,1,1,0,0,0,0,0,0,0,0,0,0,0,1,0,0,0,0,0,0
930000.0,Honda CBR,Владивосток,16935.0,650,бензин,4,0,1,1,1,0,0,0,0,0,0,0,0,0,1,0,0,0,0,0,0,0,0
930000.0,Honda NC 750XD,Находка,23600.0,750,бензин,9,1,1,1,1,0,0,0,0,0,0,0,0,0,1,0,0,0,0,0,0,0,0
930000.0,Kawasaki Vulcan S,Япония<!-- --> <!-- -->→<!-- --> <!-- -->Владивосток,1450.0,650,бензин,2,0,1,1,1,0,0,0,0,0,0,0,0,0,0,0,1,0,0,0,0,0,0
931000.0,Harley-Davidson Softail Street Bob,Москва,11600.0,1750,бензин,7,0,1,1,0,0,1,0,0,0,0,0,0,1,0,0,0,0,0,0,0,0,0
931000.0,Honda CBR 650R,Минск,2120.0,650,бензин,4,1,1,1,1,0,0,0,0,0,0,0,0,0,1,0,0,0,0,0,0,0,0
935000.0,Yamaha MT-09A,Владивосток,15933.0,850,бензин,8,0,1,1,1,0,0,0,0,0,0,0,0,0,0,0,0,0,0,0,0,1,0
935000.0,Ducati Monster 821,Япония<!-- --> <!-- -->→<!-- --> <!-- -->Владивосток,9138.0,821,бензин,7,0,1,1,1,0,0,0,0,0,0,0,1,0,0,0,0,0,0,0,0,0,0
935000.0,BMW K 1600 GT,Алапаевск,114000.0,1600,бензин,12,0,1,1,1,0,0,0,0,0,0,0,0,0,0,0,0,0,0,0,0,0,1
937500.0,BMW F 750 GS,Хабаровск,24505.0,853,бензин,6,0,1,1,1,0,0,0,0,0,0,0,0,0,0,0,0,0,0,0,0,0,1
937500.0,Suzuki GSX S1000F,Хабаровск,14338.0,1000,бензин,7,0,1,1,1,0,0,0,0,0,0,0,0,0,0,0,0,0,0,1,0,0,0
940000.0,Suzuki V-Strom 1000,Владивосток,5953.0,1000,бензин,8,0,1,1,1,0,0,0,0,0,0,0,0,0,0,0,0,0,0,1,0,0,0
940000.0,Honda CBR 650R,Владивосток,12521.0,650,бензин,4,0,1,1,1,0,0,0,0,0,0,0,0,0,1,0,0,0,0,0,0,0,0
940000.0,Harley-Davidson Heritage Softail Classic FLSTCI,Владивосток,25257.0,1450,бензин,22,0,1,1,1,0,0,0,0,0,0,0,0,1,0,0,0,0,0,0,0,0,0
940000.0,BMW R 1200 GS Adventure,Владивосток,28000.0,1170,бензин,18,0,1,1,1,0,0,0,0,0,0,0,0,0,0,0,0,0,0,0,0,0,1
940000.0,Kawasaki Ninja 1000,Москва,24150.0,1000,бензин,10,0,1,1,0,0,1,0,0,0,0,0,0,0,0,0,1,0,0,0,0,0,0
940000.0,Honda CBR 650R,Владивосток,7270.0,650,бензин,4,1,1,1,1,0,0,0,0,0,0,0,0,0,1,0,0,0,0,0,0,0,0
940000.0,Yamaha WR 450F,Прокопьевск,700.0,450,бензин,4,0,1,1,1,0,0,0,0,0,0,0,0,0,0,0,0,0,0,0,0,1,0
945000.0,Yamaha Dragstar / V-Star / XVS,Япония<!-- --> <!-- -->→<!-- --> <!-- -->Владивосток,7597.0,400,бензин,10,0,1,1,1,0,0,0,0,0,0,0,0,0,0,0,0,0,0,0,0,1,0
945000.0,Triumph Street Triple,Япония<!-- --> <!-- -->→<!-- --> <!-- -->Владивосток,15978.0,765,бензин,7,0,1,1,1,0,0,0,0,0,0,0,0,0,0,0,0,0,0,0,1,0,0
945000.0,Suzuki GSX S1000F,Япония<!-- --> <!-- -->→<!-- --> <!-- -->Владивосток,14000.0,1000,бензин,9,0,1,1,1,0,0,0,0,0,0,0,0,0,0,0,0,0,0,1,0,0,0
945000.0,Honda CBR,Прокопьевск,37000.0,650,бензин,6,0,1,1,1,0,0,0,0,0,0,0,0,0,1,0,0,0,0,0,0,0,0
946000.0,Yamaha XVS 950 Bolt,Находка,1.0,950,бензин,6,0,1,1,1,0,0,0,0,0,0,0,0,0,0,0,0,0,0,0,0,1,0
949000.0,Ducati Diavel Strada,Владивосток,51536.0,1198,бензин,12,0,1,1,1,0,0,0,0,0,0,0,1,0,0,0,0,0,0,0,0,0,0
950000.0,Suzuki V-Strom 1000,Владивосток,23960.0,1000,бензин,11,0,1,1,1,0,0,0,0,0,0,0,0,0,0,0,0,0,0,1,0,0,0
950000.0,Yamaha XSR900,Находка,22480.0,900,бензин,6,0,1,1,1,0,0,0,0,0,0,0,0,0,0,0,0,0,0,0,0,1,0
950000.0,Yamaha MT-07A,Владивосток,4300.0,700,бензин,4,0,1,1,1,0,0,0,0,0,0,0,0,0,0,0,0,0,0,0,0,1,0
950000.0,Honda CBR 650R,Владивосток,25086.0,650,бензин,5,0,1,1,1,0,0,0,0,0,0,0,0,0,1,0,0,0,0,0,0,0,0
950000.0,KTM 1290 Super Duke GT,Владивосток,23109.0,1301,бензин,8,0,1,1,1,0,0,0,0,0,0,0,0,0,0,0,0,0,0,0,0,0,1
950000.0,Husqvarna FE 501,Ангарск,1272.0,500,бензин,7,0,1,1,1,0,0,0,0,0,0,0,0,0,0,0,0,0,0,0,0,0,1
950000.0,Kawasaki Vulcan S,Красноярск,9642.0,649,бензин,5,0,1,1,0,0,0,0,1,0,0,0,0,0,0,0,1,0,0,0,0,0,0
950000.0,Harley-Davidson Road Glide Ultra FLTRU,США<!-- --> <!-- -->→<!-- --> <!-- -->Москва,11900.0,1690,бензин,9,0,1,1,1,0,0,0,0,0,0,0,0,1,0,0,0,0,0,0,0,0,0
950000.0,Husqvarna TE 300i,Артём,500.0,300,бензин,2,0,0,1,1,0,0,0,0,0,0,0,0,0,0,0,0,0,0,0,0,0,1
950000.0,Honda CRF 1000L Africa Twin,Владивосток,52556.0,998,бензин,7,0,1,1,1,0,0,0,0,0,0,0,0,0,1,0,0,0,0,0,0,0,0
950000.0,BMW R 1200 GS,Новосибирск,31427.0,1200,бензин,16,0,1,1,0,0,0,0,1,0,0,0,0,0,0,0,0,0,0,0,0,0,1
950000.0,Harley-Davidson Heritage Softail Classic,Казань,38000.0,1600,бензин,14,0,1,1,0,0,0,0,1,0,0,0,0,1,0,0,0,0,0,0,0,0,0
950000.0,Suzuki GSX S750,Екатеринбург,23000.0,749,бензин,6,0,1,1,0,0,0,0,1,0,0,0,0,0,0,0,0,0,0,1,0,0,0
950000.0,BMW F 900 R,Таганрог,18000.0,900,бензин,5,0,1,1,1,0,0,0,0,0,0,0,0,0,0,0,0,0,0,0,0,0,1
950000.0,MV Agusta Brutale 675,Красноярск,948.0,675,бензин,3,0,1,1,0,0,0,0,1,0,0,0,0,0,0,0,0,1,0,0,0,0,0
950000.0,Honda GL 1800 Gold Wing,Новосибирск,80000.0,1800,бензин,21,0,1,1,0,0,0,0,1,0,0,0,0,0,1,0,0,0,0,0,0,0,0
950000.0,Yamaha MT-07,Москва,9400.0,700,бензин,4,0,1,1,0,0,1,0,0,0,0,0,0,0,0,0,0,0,0,0,0,1,0
950000.0,Victory Vision,Тюмень,65000.0,1900,бензин,17,0,1,1,1,0,0,0,0,0,0,0,0,0,0,0,0,0,0,0,0,0,1
950000.0,Triumph Bonneville T100,Новосибирск,30447.0,900,бензин,8,0,1,1,0,0,0,0,1,0,0,0,0,0,0,0,0,0,0,0,1,0,0
950000.0,Harley-Davidson Fat Boy,Иркутск,10300.0,1600,бензин,20,0,1,1,1,0,0,0,0,0,0,0,0,1,0,0,0,0,0,0,0,0,0
950000.0,Yamaha FJR 1300AS,Балашиха,137000.0,1300,бензин,11,1,1,1,0,0,0,1,0,0,0,0,0,0,0,0,0,0,0,0,0,1,0
950000.0,Suzuki V-Strom 1000,Казань,13900.0,1037,бензин,7,0,1,1,0,0,0,0,1,0,0,0,0,0,0,0,0,0,0,1,0,0,0
950000.0,Honda Africa Twin,Япония<!-- --> <!-- -->→<!-- --> <!-- -->Владивосток,16000.0,1000,бензин,9,1,1,1,1,0,0,0,0,0,0,0,0,0,1,0,0,0,0,0,0,0,0
950000.0,Honda VTX 1800,Чита,45000.0,1800,бензин,23,0,1,1,1,0,0,0,0,0,0,0,0,0,1,0,0,0,0,0,0,0,0
950000.0,Ducati Monster 1200,Владивосток,14666.0,1200,бензин,11,0,1,1,1,0,0,0,0,0,0,0,1,0,0,0,0,0,0,0,0,0,0
950000.0,Yamaha Midnight Star,Тюмень,31500.0,1900,бензин,17,0,1,1,1,0,0,0,0,0,0,0,0,0,0,0,0,0,0,0,0,1,0
950000.0,Kawasaki Ninja ZX-6R,Владивосток,21700.0,636,бензин,10,0,1,1,1,0,0,0,0,0,0,0,0,0,0,0,1,0,0,0,0,0,0
950000.0,Suzuki Boulevard M109R,Новосибирск,99.0,1800,бензин,13,0,1,1,0,0,0,0,1,0,0,0,0,0,0,0,0,0,0,1,0,0,0
950000.0,KTM 300 EXC,Владивосток,73.0,300,бензин,2,0,0,1,1,0,0,0,0,0,0,0,0,0,0,0,0,0,0,0,0,0,1
950000.0,Harley-Davidson Sportster 883 Low XL883L,Остров,30000.0,883,бензин,13,0,1,1,1,0,0,0,0,0,0,0,0,1,0,0,0,0,0,0,0,0,0
950000.0,Honda CBR 650R,Владивосток,12126.0,650,бензин,2,0,1,1,1,0,0,0,0,0,0,0,0,0,1,0,0,0,0,0,0,0,0
955000.0,Kawasaki Ninja ZX-10R,Владивосток,14521.0,1000,бензин,12,0,1,1,1,0,0,0,0,0,0,0,0,0,0,0,1,0,0,0,0,0,0
955000.0,KTM 690 SMC-R,Япония<!-- --> <!-- -->→<!-- --> <!-- -->Владивосток,11092.0,690,бензин,6,0,1,1,1,0,0,0,0,0,0,0,0,0,0,0,0,0,0,0,0,0,1
960000.0,Suzuki GSX S1000F,Владивосток,16895.0,1000,бензин,8,0,1,1,1,0,0,0,0,0,0,0,0,0,0,0,0,0,0,1,0,0,0
960000.0,BMW S 1000 R,Владивосток,14480.0,1000,бензин,11,0,1,1,1,0,0,0,0,0,0,0,0,0,0,0,0,0,0,0,0,0,1
960000.0,Triumph Tiger 1200,Владивосток,21589.0,1200,бензин,12,0,1,1,1,0,0,0,0,0,0,0,0,0,0,0,0,0,0,0,1,0,0
960000.0,BMW F 800 GS,Тында,16000.0,800,бензин,9,0,1,1,1,0,0,0,0,0,0,0,0,0,0,0,0,0,0,0,0,0,1
960000.0,Suzuki GSX S1000F,Владивосток,14565.0,1000,бензин,8,0,1,1,1,0,0,0,0,0,0,0,0,0,0,0,0,0,0,1,0,0,0
965000.0,KTM 450 SMR,Москва,50.0,450,бензин,4,0,1,1,0,0,1,0,0,0,0,0,0,0,0,0,0,0,0,0,0,0,1
970000.0,BMW R nineT,Япония<!-- --> <!-- -->→<!-- --> <!-- -->Владивосток,4193.0,1170,бензин,2,0,1,1,1,0,0,0,0,0,0,0,0,0,0,0,0,0,0,0,0,0,1
975000.0,Yamaha Roadstar 1700,Владивосток,45000.0,1700,бензин,13,0,1,1,1,0,0,0,0,0,0,0,0,0,0,0,0,0,0,0,0,1,0
975000.0,Yamaha XT 1200Z Super Tenere,Уссурийск,58000.0,1200,бензин,13,0,1,1,1,0,0,0,0,0,0,0,0,0,0,0,0,0,0,0,0,1,0
975000.0,Yamaha YZF-R1,Владивосток,33000.0,1000,бензин,16,0,1,1,1,0,0,0,0,0,0,0,0,0,0,0,0,0,0,0,0,1,0
975000.0,Yamaha MT-09 Tracer,Япония<!-- --> <!-- -->→<!-- --> <!-- -->Владивосток,18976.0,850,бензин,7,0,1,1,1,0,0,0,0,0,0,0,0,0,0,0,0,0,0,0,0,1,0
975000.0,BMW F 900 XR,Япония<!-- --> <!-- -->→<!-- --> <!-- -->Владивосток,17766.0,900,бензин,5,0,1,1,1,0,0,0,0,0,0,0,0,0,0,0,0,0,0,0,0,0,1
975000.0,Ducati Multistrada 1200 S,Челябинск,51540.0,1200,бензин,10,0,1,1,0,0,0,0,1,0,0,0,1,0,0,0,0,0,0,0,0,0,0
980000.0,Yamaha MT-07,Япония<!-- --> <!-- -->→<!-- --> <!-- -->Владивосток,6000.0,700,бензин,4,0,1,1,1,0,0,0,0,0,0,0,0,0,0,0,0,0,0,0,0,1,0
980000.0,Ducati Monster 1200,Санкт-Петербург,19977.0,1198,бензин,11,0,1,1,0,0,0,0,0,1,0,0,1,0,0,0,0,0,0,0,0,0,0
980000.0,Triumph Street Triple,Москва,10400.0,675,бензин,4,1,1,1,0,0,1,0,0,0,0,0,0,0,0,0,0,0,0,0,1,0,0
980000.0,Honda NC 750X,Хабаровск,9000.0,745,бензин,6,1,1,1,1,0,0,0,0,0,0,0,0,0,1,0,0,0,0,0,0,0,0
980000.0,Yamaha FJR 1300A,Москва,46000.0,1300,бензин,17,1,1,1,0,0,1,0,0,0,0,0,0,0,0,0,0,0,0,0,0,1,0
980000.0,Yamaha MT-09 Tracer,Находка,11743.0,900,бензин,8,0,1,1,1,0,0,0,0,0,0,0,0,0,0,0,0,0,0,0,0,1,0
980000.0,Yamaha MT-09A,Хабаровск,13000.0,850,бензин,6,0,1,1,1,0,0,0,0,0,0,0,0,0,0,0,0,0,0,0,0,1,0
980000.0,Harley-Davidson Road Glide FLTRI,Челябинск,96000.0,1500,бензин,21,0,1,1,0,0,0,0,1,0,0,0,0,1,0,0,0,0,0,0,0,0,0
980000.0,Honda CB 650R,Москва,18229.0,650,бензин,3,0,1,1,0,0,1,0,0,0,0,0,0,0,1,0,0,0,0,0,0,0,0
980000.0,Suzuki GSX S1000,Япония<!-- --> <!-- -->→<!-- --> <!-- -->Владивосток,6837.0,1000,бензин,7,0,1,1,1,0,0,0,0,0,0,0,0,0,0,0,0,0,0,1,0,0,0
985000.0,KTM 890 Duke R,Москва,19910.0,890,бензин,5,0,1,1,0,0,1,0,0,0,0,0,0,0,0,0,0,0,0,0,0,0,1
985000.0,Suzuki Boulevard M109R,Владивосток,9000.0,1800,бензин,17,0,1,1,1,0,0,0,0,0,0,0,0,0,0,0,0,0,0,1,0,0,0
988000.0,Honda CMX 1100 Rebel,Находка,5300.0,1100,бензин,3,0,1,1,1,0,0,0,0,0,0,0,0,0,1,0,0,0,0,0,0,0,0
989000.0,Harley-Davidson Night Rod VRSCD,Кемерово,9000.0,1130,бензин,20,0,1,1,1,0,0,0,0,0,0,0,0,1,0,0,0,0,0,0,0,0,0
990000.0,Honda CBR 1000RA Fireblade,Москва,23000.0,999,бензин,13,0,1,1,0,0,1,0,0,0,0,0,0,0,1,0,0,0,0,0,0,0,0
990000.0,Honda NC 750XD,Дзержинский,1900.0,750,бензин,6,1,1,1,0,0,0,1,0,0,0,0,0,0,1,0,0,0,0,0,0,0,0
990000.0,Yamaha MT-09A,Япония<!-- --> <!-- -->→<!-- --> <!-- -->Владивосток,4000.0,850,бензин,8,0,1,1,1,0,0,0,0,0,0,0,0,0,0,0,0,0,0,0,0,1,0
990000.0,Yamaha MT-09,Владивосток,16000.0,850,бензин,8,0,1,1,1,0,0,0,0,0,0,0,0,0,0,0,0,0,0,0,0,1,0
990000.0,Ducati Monster 1200 S,Япония<!-- --> <!-- -->→<!-- --> <!-- -->Владивосток,11755.0,1200,бензин,8,0,1,1,1,0,0,0,0,0,0,0,1,0,0,0,0,0,0,0,0,0,0
990000.0,Harley-Davidson Fat Boy,Москва,16303.0,1400,бензин,22,0,1,1,0,0,1,0,0,0,0,0,0,1,0,0,0,0,0,0,0,0,0
990000.0,Yamaha XVZ 1300,Япония<!-- --> <!-- -->→<!-- --> <!-- -->Владивосток,10828.0,1300,бензин,13,0,1,1,1,0,0,0,0,0,0,0,0,0,0,0,0,0,0,0,0,1,0
990000.0,Suzuki GSX S750,Хабаровск,6000.0,750,бензин,3,0,1,1,1,0,0,0,0,0,0,0,0,0,0,0,0,0,0,1,0,0,0
990000.0,BMW F 900 XR,Владивосток,12000.0,900,бензин,5,0,1,1,1,0,0,0,0,0,0,0,0,0,0,0,0,0,0,0,0,0,1
990000.0,Suzuki GSX,Япония<!-- --> <!-- -->→<!-- --> <!-- -->Владивосток,904.0,775,бензин,1,0,1,1,1,0,0,0,0,0,0,0,0,0,0,0,0,0,0,1,0,0,0
990000.0,Harley-Davidson V-Rod VRSCA,Япония<!-- --> <!-- -->→<!-- --> <!-- -->Владивосток,3.0,1130,бензин,20,0,1,1,1,0,0,0,0,0,0,0,0,1,0,0,0,0,0,0,0,0,0
990000.0,Honda CBR 650R,Владивосток,45000.0,650,бензин,6,0,1,1,1,0,0,0,0,0,0,0,0,0,1,0,0,0,0,0,0,0,0
990000.0,Yamaha XSR900,Владивосток,9000.0,850,бензин,5,0,1,1,1,0,0,0,0,0,0,0,0,0,0,0,0,0,0,0,0,1,0
990000.0,Yamaha XSR900,Япония<!-- --> <!-- -->→<!-- --> <!-- -->Владивосток,7263.0,900,бензин,6,0,1,1,1,0,0,0,0,0,0,0,0,0,0,0,0,0,0,0,0,1,0
990000.0,Yamaha MT-09,Владивосток,13237.0,850,бензин,8,0,1,1,1,0,0,0,0,0,0,0,0,0,0,0,0,0,0,0,0,1,0
990000.0,Honda VFR 800X Crossrunner,Япония<!-- --> <!-- -->→<!-- --> <!-- -->Владивосток,14400.0,800,бензин,9,0,1,1,1,0,0,0,0,0,0,0,0,0,1,0,0,0,0,0,0,0,0
990000.0,Suzuki GSX-R 600,Москва,12000.0,599,бензин,6,0,1,1,0,0,1,0,0,0,0,0,0,0,0,0,0,0,0,1,0,0,0
990000.0,Harley-Davidson Rocker C FXCWC,Владивосток,26808.0,1584,бензин,16,0,1,1,1,0,0,0,0,0,0,0,0,1,0,0,0,0,0,0,0,0,0
990000.0,BMW R 35,Новосибирск,1.0,342,бензин,75,0,1,0,0,0,0,0,1,0,0,0,0,0,0,0,0,0,0,0,0,0,1
990000.0,Suzuki Boulevard M109R,Красноярск,15200.0,1800,бензин,18,0,1,1,0,0,0,0,1,0,0,0,0,0,0,0,0,0,0,1,0,0,0
990000.0,Harley-Davidson Street Glide FLHX,Москва,45000.0,1584,бензин,17,0,1,1,0,0,1,0,0,0,0,0,0,1,0,0,0,0,0,0,0,0,0
990000.0,Yamaha FJR 1300,Екатеринбург,72754.0,1298,бензин,12,0,1,1,0,0,0,0,1,0,0,0,0,0,0,0,0,0,0,0,0,1,0
991000.0,BRP Can-Am Ryker,Минск,214.0,600,бензин,3,1,1,1,1,0,0,0,0,0,0,0,0,0,0,0,0,0,0,0,0,0,1
995000.0,Honda Hawk,Владивосток,2550.0,1100,бензин,3,0,1,1,1,0,0,0,0,0,0,0,0,0,1,0,0,0,0,0,0,0,0
995000.0,BMW S 1000 R,Красноярск,57000.0,1000,бензин,9,0,1,1,0,0,0,0,1,0,0,0,0,0,0,0,0,0,0,0,0,0,1
995000.0,Honda CB 1300 Boldor,Япония<!-- --> <!-- -->→<!-- --> <!-- -->Владивосток,29641.0,1300,бензин,18,0,1,1,1,0,0,0,0,0,0,0,0,0,1,0,0,0,0,0,0,0,0
999000.0,Ducati Superbike 959 Panigale,Находка,28000.0,959,бензин,10,0,1,1,1,0,0,0,0,0,0,0,1,0,0,0,0,0,0,0,0,0,0
999000.0,Suzuki GSX S1000F,Владивосток,18400.0,1000,бензин,6,0,1,1,1,0,0,0,0,0,0,0,0,0,0,0,0,0,0,1,0,0,0
999000.0,BMW F 850 GS,Новосибирск,95000.0,899,бензин,7,0,1,1,0,0,0,0,1,0,0,0,0,0,0,0,0,0,0,0,0,0,1
999000.0,BMW R 1200 C,Кемерово,27000.0,1200,бензин,21,0,1,1,1,0,0,0,0,0,0,0,0,0,0,0,0,0,0,0,0,0,1
999000.0,Honda NC 750X,Симферополь,33000.0,750,бензин,5,0,1,1,1,0,0,0,0,0,0,0,0,0,1,0,0,0,0,0,0,0,0
999999.0,Honda CB 650R,Сочи,1315.0,650,бензин,6,0,1,1,1,0,0,0,0,0,0,0,0,0,1,0,0,0,0,0,0,0,0
999999.0,Урал М-72М,Абакан,500.0,750,бензин,68,0,1,0,1,0,0,0,0,0,0,0,0,0,0,0,0,0,0,0,0,0,1
999999.0,Kawasaki Z 1000,Владивосток,40000.0,1043,бензин,11,0,1,1,1,0,0,0,0,0,0,0,0,0,0,0,1,0,0,0,0,0,0
1000000.0,Yamaha XT 1200Z Super Tenere,Новосибирск,99000.0,1200,бензин,15,0,1,1,0,0,0,0,1,0,0,0,0,0,0,0,0,0,0,0,0,1,0
1000000.0,Harley-Davidson Road King,Владивосток,55000.0,1580,бензин,18,0,1,1,1,0,0,0,0,0,0,0,0,1,0,0,0,0,0,0,0,0,0
1000000.0,Harley-Davidson Road King Custom,Владивосток,55000.0,1580,бензин,18,0,1,1,1,0,0,0,0,0,0,0,0,1,0,0,0,0,0,0,0,0,0
1000000.0,Kawasaki Z 1000SX,Югорск,1730.0,1000,бензин,11,0,1,1,1,0,0,0,0,0,0,0,0,0,0,0,1,0,0,0,0,0,0
1000000.0,Honda VT 1300CX Fury,Владивосток,48000.0,1300,бензин,15,0,1,1,1,0,0,0,0,0,0,0,0,0,1,0,0,0,0,0,0,0,0
1000000.0,Kawasaki Ninja ZX-14R,Находка,48896.0,1400,бензин,13,0,1,1,1,0,0,0,0,0,0,0,0,0,0,0,1,0,0,0,0,0,0
1000000.0,Suzuki Intruder,Красноярск,19000.0,400,бензин,14,0,1,1,0,0,0,0,1,0,0,0,0,0,0,0,0,0,0,1,0,0,0
1000000.0,Honda VT 1300CX Fury,Омск,7000.0,1300,бензин,15,0,1,1,0,0,0,0,1,0,0,0,0,0,1,0,0,0,0,0,0,0,0
1000000.0,Triumph Rocket III,Ангарск,915.0,2300,бензин,19,0,1,1,1,0,0,0,0,0,0,0,0,0,0,0,0,0,0,0,1,0,0
1000000.0,BMW R 1200 RS,Япония<!-- --> <!-- -->→<!-- --> <!-- -->Владивосток,12313.0,1200,бензин,8,0,1,1,1,0,0,0,0,0,0,0,0,0,0,0,0,0,0,0,0,0,1
1000000.0,Kawasaki VN Vulcan 1700 Vaquero,Белогорск,76000.0,1700,бензин,11,0,1,1,1,0,0,0,0,0,0,0,0,0,0,0,1,0,0,0,0,0,0
1000000.0,Honda CBR 1000RR Fireblade,Иркутск,44000.0,998,бензин,15,0,1,1,1,0,0,0,0,0,0,0,0,0,1,0,0,0,0,0,0,0,0
1000000.0,Ducati Diavel,Москва,24000.0,1200,бензин,12,0,1,1,0,0,1,0,0,0,0,0,1,0,0,0,0,0,0,0,0,0,0
1000000.0,Harley-Davidson Electra Glide Classic FLHTC,Владивосток,35000.0,1580,бензин,16,0,1,1,1,0,0,0,0,0,0,0,0,1,0,0,0,0,0,0,0,0,0
1000000.0,Kawasaki Z 900,Топки,22000.0,900,бензин,8,0,1,1,1,0,0,0,0,0,0,0,0,0,0,0,1,0,0,0,0,0,0
1000000.0,BMW K 1200 S,Барнаул,35000.0,1200,бензин,20,0,1,1,1,0,0,0,0,0,0,0,0,0,0,0,0,0,0,0,0,0,1
1000000.0,Honda GL 1800,Новосибирск,43000.0,1739,бензин,22,0,1,1,0,0,0,0,1,0,0,0,0,0,1,0,0,0,0,0,0,0,0
1000000.0,BMW R 1200 GS,Изобильный,95000.0,1170,бензин,13,0,1,1,1,0,0,0,0,0,0,0,0,0,0,0,0,0,0,0,0,0,1
1000000.0,Harley-Davidson Dyna Wide Glide,Печора,19000.0,1800,бензин,14,0,1,1,1,0,0,0,0,0,0,0,0,1,0,0,0,0,0,0,0,0,0
1000000.0,Harley-Davidson Electra Glide Classic FLHTC,Москва,70000.0,1800,бензин,16,0,1,1,0,0,1,0,0,0,0,0,0,1,0,0,0,0,0,0,0,0,0
1000000.0,Yamaha FJR 1300AS,Находка,65669.0,1300,бензин,9,1,1,1,1,0,0,0,0,0,0,0,0,0,0,0,0,0,0,0,0,1,0
1000000.0,Honda VTX 1800,Красноярск,45700.0,1800,бензин,22,0,1,1,0,0,0,0,1,0,0,0,0,0,1,0,0,0,0,0,0,0,0
1000000.0,BMW F 750 GS,Крыловская,18000.0,850,бензин,6,0,1,1,1,0,0,0,0,0,0,0,0,0,0,0,0,0,0,0,0,0,1
1000000.0,Aprilia Shiver 900,Севастополь,11000.0,900,бензин,7,0,1,1,1,0,0,0,0,0,0,0,0,0,0,0,0,0,0,0,0,0,1
1000000.0,Kawasaki Ninja ZX-14R,Комсомольск-на-Амуре,50000.0,1400,бензин,7,0,1,1,1,0,0,0,0,0,0,0,0,0,0,0,1,0,0,0,0,0,0
1000000.0,Kawasaki Z 900,Благовещенск,5000.0,948,бензин,4,0,1,1,1,0,0,0,0,0,0,0,0,0,0,0,1,0,0,0,0,0,0
1000050.0,Indian Scout,Краснодар,35000.0,1200,бензин,8,0,1,1,0,0,0,0,1,0,0,0,0,0,0,1,0,0,0,0,0,0,0
1000080.0,Victory Cross Country,Старый Оскол,42000.0,1800,бензин,11,0,1,1,1,0,0,0,0,0,0,0,0,0,0,0,0,0,0,0,0,0,1
1010000.0,Ducati Diavel,Япония<!-- --> <!-- -->→<!-- --> <!-- -->Владивосток,10772.0,1200,бензин,8,0,1,1,1,0,0,0,0,0,0,0,1,0,0,0,0,0,0,0,0,0,0
1010000.0,Kawasaki VN Vulcan S,Япония<!-- --> <!-- -->→<!-- --> <!-- -->Владивосток,8608.0,650,бензин,3,0,1,1,1,0,0,0,0,0,0,0,0,0,0,0,1,0,0,0,0,0,0
1010000.0,Yamaha XSR900,Япония<!-- --> <!-- -->→<!-- --> <!-- -->Владивосток,3500.0,888,бензин,2,0,1,1,1,0,0,0,0,0,0,0,0,0,0,0,0,0,0,0,0,1,0
1015000.0,Honda CBR 1000RR-R,Япония<!-- --> <!-- -->→<!-- --> <!-- -->Владивосток,25442.0,1000,бензин,15,0,1,1,1,0,0,0,0,0,0,0,0,0,1,0,0,0,0,0,0,0,0
1020000.0,Yamaha YZF-R1,Япония<!-- --> <!-- -->→<!-- --> <!-- -->Владивосток,13549.0,1000,бензин,13,0,1,1,1,0,0,0,0,0,0,0,0,0,0,0,0,0,0,0,0,1,0
1025000.0,Yamaha XVS,Япония<!-- --> <!-- -->→<!-- --> <!-- -->Владивосток,25492.0,1900,бензин,18,0,1,1,1,0,0,0,0,0,0,0,0,0,0,0,0,0,0,0,0,1,0
1025000.0,MV Agusta F3 675,Япония<!-- --> <!-- -->→<!-- --> <!-- -->Владивосток,724.0,800,бензин,2,0,1,1,1,0,0,0,0,0,0,0,0,0,0,0,0,1,0,0,0,0,0
1030000.0,Harley-Davidson Fat Bob,Москва,34000.0,1690,бензин,9,0,1,1,0,0,1,0,0,0,0,0,0,1,0,0,0,0,0,0,0,0,0
1030000.0,Yamaha XT 1200Z Super Tenere,Хабаровск,16367.0,1199,бензин,15,0,1,1,1,0,0,0,0,0,0,0,0,0,0,0,0,0,0,0,0,1,0
1030000.0,Kawasaki Z 900,Япония<!-- --> <!-- -->→<!-- --> <!-- -->Владивосток,4478.0,950,бензин,2,0,1,1,1,0,0,0,0,0,0,0,0,0,0,0,1,0,0,0,0,0,0
1030000.0,BMW R 1200 R,Япония<!-- --> <!-- -->→<!-- --> <!-- -->Владивосток,10782.0,1200,бензин,10,0,1,1,1,0,0,0,0,0,0,0,0,0,0,0,0,0,0,0,0,0,1
1030000.0,Ducati Supersport,Япония<!-- --> <!-- -->→<!-- --> <!-- -->Владивосток,11799.0,937,бензин,7,0,1,1,1,0,0,0,0,0,0,0,1,0,0,0,0,0,0,0,0,0,0
1030000.0,Suzuki V-Strom 650,Пушкино,3900.0,650,бензин,6,0,1,1,0,0,0,1,0,0,0,0,0,0,0,0,0,0,0,1,0,0,0
1030000.0,Gas Gas EX 300,Новосибирск,50.0,300,бензин,1,0,0,1,0,0,0,0,1,0,0,0,0,0,0,0,0,0,0,0,0,0,1
1030000.0,Indian Scout,Красноярск,10800.0,1130,бензин,9,0,1,1,0,0,0,0,1,0,0,0,0,0,0,1,0,0,0,0,0,0,0
1034000.0,Honda Gold Wing,Минск,91000.0,1800,бензин,18,1,1,1,1,0,0,0,0,0,0,0,0,0,1,0,0,0,0,0,0,0,0
1034000.0,Indian Chieftain,Минск,103690.0,1811,бензин,12,1,1,1,1,0,0,0,0,0,0,0,0,0,0,1,0,0,0,0,0,0,0
1035000.0,Honda VFR 1200FD,Япония<!-- --> <!-- -->→<!-- --> <!-- -->Владивосток,20033.0,1200,бензин,14,0,1,1,1,0,0,0,0,0,0,0,0,0,1,0,0,0,0,0,0,0,0
1035000.0,Triumph Tiger 800 XCx,Япония<!-- --> <!-- -->→<!-- --> <!-- -->Владивосток,8840.0,800,бензин,7,0,1,1,1,0,0,0,0,0,0,0,0,0,0,0,0,0,0,0,1,0,0
1040000.0,Yamaha XT 1200Z Super Tenere,Владивосток,37675.0,1200,бензин,13,0,1,1,1,0,0,0,0,0,0,0,0,0,0,0,0,0,0,0,0,1,0
1040000.0,Harley-Davidson Dyna Fat Bob,Владивосток,27929.0,1580,бензин,13,0,1,1,1,0,0,0,0,0,0,0,0,1,0,0,0,0,0,0,0,0,0
1040000.0,Ducati Supersport,Япония<!-- --> <!-- -->→<!-- --> <!-- -->Владивосток,12546.0,937,бензин,8,0,1,1,1,0,0,0,0,0,0,0,1,0,0,0,0,0,0,0,0,0,0
1040000.0,Ducati Diavel,Япония<!-- --> <!-- -->→<!-- --> <!-- -->Владивосток,15289.0,1200,бензин,11,0,1,1,1,0,0,0,0,0,0,0,1,0,0,0,0,0,0,0,0,0,0
1040000.0,Honda CB 650R,Япония<!-- --> <!-- -->→<!-- --> <!-- -->Владивосток,838.0,650,бензин,1,0,1,1,1,0,0,0,0,0,0,0,0,0,1,0,0,0,0,0,0,0,0
1045000.0,BMW R 1200 GS Adventure,Владивосток,53000.0,1200,бензин,15,0,1,1,1,0,0,0,0,0,0,0,0,0,0,0,0,0,0,0,0,0,1
1045000.0,Ducati Multistrada 1200 S,Япония<!-- --> <!-- -->→<!-- --> <!-- -->Владивосток,18154.0,1200,бензин,7,0,1,1,1,0,0,0,0,0,0,0,1,0,0,0,0,0,0,0,0,0,0
1045000.0,Kawasaki VN Vulcan 900,Краснодар,1450.0,900,бензин,3,0,1,1,0,0,0,0,1,0,0,0,0,0,0,0,1,0,0,0,0,0,0
1049000.0,BMW R nineT Scrambler,Тюмень,8000.0,1200,бензин,9,0,1,1,1,0,0,0,0,0,0,0,0,0,0,0,0,0,0,0,0,0,1
1050000.0,Harley-Davidson Road King Classic FLHRC,Новосибирск,22800.0,1584,бензин,18,0,1,1,0,0,0,0,1,0,0,0,0,1,0,0,0,0,0,0,0,0,0
1050000.0,Harley-Davidson Sportster Iron 883 XL883N,Якутск,13000.0,883,бензин,5,0,1,1,1,0,0,0,0,0,0,0,0,1,0,0,0,0,0,0,0,0,0
1050000.0,Kawasaki Ninja 1000,Владивосток,25528.0,1043,бензин,7,0,1,1,1,0,0,0,0,0,0,0,0,0,0,0,1,0,0,0,0,0,0
1050000.0,Kawasaki Z 1000,Находка,31462.0,1000,бензин,8,0,1,1,1,0,0,0,0,0,0,0,0,0,0,0,1,0,0,0,0,0,0
1050000.0,BMW F 800 GS,Павловская,39082.0,800,бензин,9,0,1,1,1,0,0,0,0,0,0,0,0,0,0,0,0,0,0,0,0,0,1
1050000.0,Triumph Trident 660,Хабаровск,2400.0,660,бензин,3,0,1,1,1,0,0,0,0,0,0,0,0,0,0,0,0,0,0,0,1,0,0
1050000.0,Husqvarna 701 Supermoto,Япония<!-- --> <!-- -->→<!-- --> <!-- -->Владивосток,4000.0,701,бензин,6,0,1,1,1,0,0,0,0,0,0,0,0,0,0,0,0,0,0,0,0,0,1
1050000.0,BMW F 900 R,Япония<!-- --> <!-- -->→<!-- --> <!-- -->Владивосток,3000.0,900,бензин,5,0,1,1,1,0,0,0,0,0,0,0,0,0,0,0,0,0,0,0,0,0,1
1050000.0,Ducati Scrambler,Владивосток,19000.0,1100,бензин,7,0,1,1,1,0,0,0,0,0,0,0,1,0,0,0,0,0,0,0,0,0,0
1050000.0,BMW K 1300 R,Москва,40000.0,1300,бензин,15,0,1,1,0,0,1,0,0,0,0,0,0,0,0,0,0,0,0,0,0,0,1
1050000.0,Suzuki GSX-8R,Владивосток,1871.0,800,бензин,1,0,1,1,1,0,0,0,0,0,0,0,0,0,0,0,0,0,0,1,0,0,0
1050000.0,Suzuki GSX 1300R Hayabusa,Орск,16830.0,1300,бензин,19,0,1,1,1,0,0,0,0,0,0,0,0,0,0,0,0,0,0,1,0,0,0
1050000.0,Indian Scout Bobber,США<!-- --> <!-- -->→<!-- --> <!-- -->Москва,11436.0,999,бензин,2,0,1,1,1,0,0,0,0,0,0,0,0,0,0,1,0,0,0,0,0,0,0
1050000.0,Suzuki V-Strom 650,Одинцово,1550.0,650,бензин,5,0,1,1,0,0,0,1,0,0,0,0,0,0,0,0,0,0,0,1,0,0,0
1050000.0,BMW K 1300 R,Тюмень,18030.0,1300,бензин,16,0,1,1,1,0,0,0,0,0,0,0,0,0,0,0,0,0,0,0,0,0,1
1050000.0,Ducati Superbike 959 Panigale,Минск,29000.0,957,бензин,9,0,1,1,1,0,0,0,0,0,0,0,1,0,0,0,0,0,0,0,0,0,0
1050000.0,Triumph Daytona,Япония<!-- --> <!-- -->→<!-- --> <!-- -->Владивосток,425.0,660,бензин,1,0,1,1,1,0,0,0,0,0,0,0,0,0,0,0,0,0,0,0,1,0,0
1050000.0,Honda NC 750X,Москва,6780.0,750,бензин,2,0,1,1,0,0,1,0,0,0,0,0,0,0,1,0,0,0,0,0,0,0,0
1050000.0,Yamaha MT-09 SP,Находка,7706.0,900,бензин,6,0,1,1,1,0,0,0,0,0,0,0,0,0,0,0,0,0,0,0,0,1,0
1050000.0,Triumph Tiger Explorer,Владивосток,25084.0,1200,бензин,10,0,1,1,1,0,0,0,0,0,0,0,0,0,0,0,0,0,0,0,1,0,0
1050000.0,Kawasaki Z 1000,Иваново,43000.0,1000,бензин,10,0,1,1,1,0,0,0,0,0,0,0,0,0,0,0,1,0,0,0,0,0,0
1050000.0,Yamaha MT-09A,Япония<!-- --> <!-- -->→<!-- --> <!-- -->Владивосток,1000.0,850,бензин,5,0,1,1,1,0,0,0,0,0,0,0,0,0,0,0,0,0,0,0,0,1,0
1050000.0,Yamaha YZF-R1,Новосибирск,36000.0,1000,бензин,12,0,1,1,0,0,0,0,1,0,0,0,0,0,0,0,0,0,0,0,0,1,0
1050000.0,Suzuki GSX-R,Владивосток,623.0,800,бензин,1,0,1,1,1,0,0,0,0,0,0,0,0,0,0,0,0,0,0,1,0,0,0
1050000.0,Yamaha YZF-R7,Япония<!-- --> <!-- -->→<!-- --> <!-- -->Владивосток,3000.0,700,бензин,2,0,1,1,1,0,0,0,0,0,0,0,0,0,0,0,0,0,0,0,0,1,0
1050000.0,Honda NC 750XD,Япония<!-- --> <!-- -->→<!-- --> <!-- -->Владивосток,3949.0,750,бензин,4,0,1,1,1,0,0,0,0,0,0,0,0,0,1,0,0,0,0,0,0,0,0
1050000.0,Honda CB 650R,Иркутск,7585.0,650,бензин,3,0,1,1,1,0,0,0,0,0,0,0,0,0,1,0,0,0,0,0,0,0,0
1050000.0,Kawasaki VN Vulcan 1700 Claasic,Новосибирск,3932.0,1700,бензин,14,0,1,1,0,0,0,0,1,0,0,0,0,0,0,0,1,0,0,0,0,0,0
1055000.0,Honda CBR 1000,Япония<!-- --> <!-- -->→<!-- --> <!-- -->Владивосток,18708.0,1000,бензин,18,0,1,1,1,0,0,0,0,0,0,0,0,0,1,0,0,0,0,0,0,0,0
1055000.0,Yamaha YZF-R1,Япония<!-- --> <!-- -->→<!-- --> <!-- -->Владивосток,19851.0,1000,бензин,14,0,1,1,1,0,0,0,0,0,0,0,0,0,0,0,0,0,0,0,0,1,0
1060000.0,Suzuki GSX S1000,Владивосток,12000.0,1000,бензин,8,0,1,1,1,0,0,0,0,0,0,0,0,0,0,0,0,0,0,1,0,0,0
1065000.0,Kawasaki Versys 650,Япония<!-- --> <!-- -->→<!-- --> <!-- -->Владивосток,134.0,50,бензин,0,0,1,1,1,0,0,0,0,0,0,0,0,0,0,0,1,0,0,0,0,0,0
1069000.0,Harley-Davidson Softail Street Bob,Москва,7200.0,1750,бензин,5,0,1,1,0,0,1,0,0,0,0,0,0,1,0,0,0,0,0,0,0,0,0
1070000.0,Kawasaki VN Vulcan 1700 Vaquero,Новосибирск,23088.0,1700,бензин,14,0,1,1,0,0,0,0,1,0,0,0,0,0,0,0,1,0,0,0,0,0,0
1070000.0,BMW K 1600 GTL,Япония<!-- --> <!-- -->→<!-- --> <!-- -->Владивосток,22648.0,1600,бензин,13,0,1,1,1,0,0,0,0,0,0,0,0,0,0,0,0,0,0,0,0,0,1
1070000.0,Ducati 1199 Panigale R,Япония<!-- --> <!-- -->→<!-- --> <!-- -->Владивосток,19185.0,1198,бензин,12,0,1,1,1,0,0,0,0,0,0,0,1,0,0,0,0,0,0,0,0,0,0
1070000.0,Ducati Supersport 950 S,Япония<!-- --> <!-- -->→<!-- --> <!-- -->Владивосток,3824.0,950,бензин,4,0,1,1,1,0,0,0,0,0,0,0,1,0,0,0,0,0,0,0,0,0,0
1070000.0,BMW S 1000 R,Находка,10904.0,1000,бензин,10,0,1,1,1,0,0,0,0,0,0,0,0,0,0,0,0,0,0,0,0,0,1
1070000.0,Suzuki GSX-R 750,Япония<!-- --> <!-- -->→<!-- --> <!-- -->Владивосток,16194.0,750,бензин,6,0,1,1,1,0,0,0,0,0,0,0,0,0,0,0,0,0,0,1,0,0,0
1070000.0,KTM 450 EXC-F Six Days,Новосибирск,98.0,450,бензин,4,0,1,1,0,0,0,0,1,0,0,0,0,0,0,0,0,0,0,0,0,0,1
1075000.0,Yamaha MT-09 Tracer,Владивосток,10481.0,900,бензин,6,0,1,1,1,0,0,0,0,0,0,0,0,0,0,0,0,0,0,0,0,1,0
1075000.0,BMW R 1200 GS Adventure,Иркутск,46787.0,1200,бензин,15,0,1,1,1,0,0,0,0,0,0,0,0,0,0,0,0,0,0,0,0,0,1
1077000.0,Honda CMX 1100 Rebel,Брянск,2360.0,1100,бензин,2,0,1,1,1,0,0,0,0,0,0,0,0,0,1,0,0,0,0,0,0,0,0
1080000.0,Yamaha MT-07A,Япония<!-- --> <!-- -->→<!-- --> <!-- -->Владивосток,2000.0,700,бензин,3,0,1,1,1,0,0,0,0,0,0,0,0,0,0,0,0,0,0,0,0,1,0
1080000.0,BMW F 900 R,Япония<!-- --> <!-- -->→<!-- --> <!-- -->Владивосток,3755.0,900,бензин,2,0,1,1,1,0,0,0,0,0,0,0,0,0,0,0,0,0,0,0,0,0,1
1085000.0,Ducati 1098,Япония<!-- --> <!-- -->→<!-- --> <!-- -->Владивосток,4568.0,1098,бензин,17,0,1,1,1,0,0,0,0,0,0,0,1,0,0,0,0,0,0,0,0,0,0
1089900.0,BMW F 750 GS,Москва,45158.0,853,бензин,6,0,1,1,0,0,1,0,0,0,0,0,0,0,0,0,0,0,0,0,0,0,1
1090000.0,Suzuki GSX 1300R Hayabusa,Япония<!-- --> <!-- -->→<!-- --> <!-- -->Владивосток,23000.0,1300,бензин,9,0,1,1,1,0,0,0,0,0,0,0,0,0,0,0,0,0,0,1,0,0,0
1090000.0,Indian Scout,Москва,24300.0,1133,бензин,7,0,1,1,0,0,1,0,0,0,0,0,0,0,0,1,0,0,0,0,0,0,0
1090000.0,KTM 1290 Super Duke GT,Владивосток,54146.0,1290,бензин,9,0,1,1,1,0,0,0,0,0,0,0,0,0,0,0,0,0,0,0,0,0,1
1095000.0,Ducati Diavel Dark,Япония<!-- --> <!-- -->→<!-- --> <!-- -->Владивосток,14775.0,1200,бензин,12,0,1,1,1,0,0,0,0,0,0,0,1,0,0,0,0,0,0,0,0,0,0
1095000.0,Suzuki Katana,Япония<!-- --> <!-- -->→<!-- --> <!-- -->Владивосток,5980.0,1000,бензин,6,0,1,1,1,0,0,0,0,0,0,0,0,0,0,0,0,0,0,1,0,0,0
1095000.0,Ducati Superbike 899 Panigale,Япония<!-- --> <!-- -->→<!-- --> <!-- -->Владивосток,6358.0,899,бензин,10,0,1,1,1,0,0,0,0,0,0,0,1,0,0,0,0,0,0,0,0,0,0
1096000.0,Honda CBR 1000RR Fireblade,Киров,32490.0,999,бензин,11,0,1,1,1,0,0,0,0,0,0,0,0,0,1,0,0,0,0,0,0,0,0
1099000.0,Honda CRF 450RX,Новосибирск,10.0,450,бензин,3,0,1,1,0,0,0,0,1,0,0,0,0,0,1,0,0,0,0,0,0,0,0
1099000.0,Ducati Monster 1200,Тюмень,24645.0,1200,бензин,10,0,1,1,1,0,0,0,0,0,0,0,1,0,0,0,0,0,0,0,0,0,0
1099000.0,Harley-Davidson Sportster 883 XL883,Королёв,5088.0,883,бензин,3,0,1,1,0,0,0,1,0,0,0,0,0,1,0,0,0,0,0,0,0,0,0
1100000.0,Honda NC 750SD,Екатеринбург,8100.0,750,бензин,5,1,1,1,0,0,0,0,1,0,0,0,0,0,1,0,0,0,0,0,0,0,0
1100000.0,Yamaha YZF-R1,Омск,38739.0,998,бензин,16,0,1,1,0,0,0,0,1,0,0,0,0,0,0,0,0,0,0,0,0,1,0
1100000.0,Triumph Street Triple,Новосибирск,21789.0,765,бензин,5,0,1,1,0,0,0,0,1,0,0,0,0,0,0,0,0,0,0,0,1,0,0
1100000.0,Ducati Monster,Япония<!-- --> <!-- -->→<!-- --> <!-- -->Владивосток,17231.0,937,бензин,3,0,1,1,1,0,0,0,0,0,0,0,1,0,0,0,0,0,0,0,0,0,0
1100000.0,Harley-Davidson Sportster 883,Тюмень,7675.0,883,бензин,8,0,1,1,1,0,0,0,0,0,0,0,0,1,0,0,0,0,0,0,0,0,0
1100000.0,Suzuki GSX-R 1000,Хасан,71000.0,999,бензин,12,0,1,1,1,0,0,0,0,0,0,0,0,0,0,0,0,0,0,1,0,0,0
1100000.0,Ducati Monster 821,Новосибирск,4674.0,821,бензин,7,0,1,1,0,0,0,0,1,0,0,0,1,0,0,0,0,0,0,0,0,0,0
1100000.0,KTM 1290 Super Adventure S,Костанай,41000.0,1300,бензин,7,0,1,1,1,0,0,0,0,0,0,0,0,0,0,0,0,0,0,0,0,0,1
1100000.0,BMW K 100 LT,Владивосток,15200.0,1000,бензин,36,0,1,1,1,0,0,0,0,0,0,0,0,0,0,0,0,0,0,0,0,0,1
1100000.0,Honda Africa Twin,Новосибирск,18000.0,1000,бензин,7,0,1,1,0,0,0,0,1,0,0,0,0,0,1,0,0,0,0,0,0,0,0
1100000.0,Kawasaki 1400 GTR,Краснозаводск,8000.0,1400,бензин,12,0,1,1,0,0,0,1,0,0,0,0,0,0,0,0,1,0,0,0,0,0,0
1100000.0,Honda GL 1800 Gold Wing,Владивосток,22795.0,1800,бензин,23,0,1,1,1,0,0,0,0,0,0,0,0,0,1,0,0,0,0,0,0,0,0
1100000.0,Kawasaki VN Vulcan 2000,Владивосток,20000.0,2054,бензин,20,0,1,1,1,0,0,0,0,0,0,0,0,0,0,0,1,0,0,0,0,0,0
1100000.0,Kawasaki Z 1000,Хабаровск,4500.0,1000,бензин,11,0,1,1,1,0,0,0,0,0,0,0,0,0,0,0,1,0,0,0,0,0,0
1100000.0,Yamaha WR 450F,Стерлитамак,216.0,450,бензин,3,0,1,1,1,0,0,0,0,0,0,0,0,0,0,0,0,0,0,0,0,1,0
1100000.0,Honda CB 750,Находка,2140.0,750,бензин,20,0,1,0,1,0,0,0,0,0,0,0,0,0,1,0,0,0,0,0,0,0,0
1100000.0,Honda CBR 1000RA Fireblade,Славянск-На-Кубани,40280.0,999,бензин,12,0,1,1,1,0,0,0,0,0,0,0,0,0,1,0,0,0,0,0,0,0,0
1100000.0,Yamaha MT-07,Новосибирск,3893.0,700,бензин,3,0,1,1,0,0,0,0,1,0,0,0,0,0,0,0,0,0,0,0,0,1,0
1100000.0,Yamaha MT-09 SP,Москва,47000.0,845,бензин,7,0,1,1,0,0,1,0,0,0,0,0,0,0,0,0,0,0,0,0,0,1,0
1103000.0,Harley-Davidson Heritage Softail FLST,Москва,33000.0,1690,бензин,9,0,1,1,0,0,1,0,0,0,0,0,0,1,0,0,0,0,0,0,0,0,0
1112000.0,Triumph Speed Twin,Минск,2700.0,1200,бензин,4,0,1,1,1,0,0,0,0,0,0,0,0,0,0,0,0,0,0,0,1,0,0
1115000.0,Suzuki Katana,Япония<!-- --> <!-- -->→<!-- --> <!-- -->Владивосток,1509.0,1000,бензин,6,0,1,1,1,0,0,0,0,0,0,0,0,0,0,0,0,0,0,1,0,0,0
1115000.0,Triumph Daytona,Япония<!-- --> <!-- -->→<!-- --> <!-- -->Владивосток,1.0,660,бензин,1,0,1,1,1,0,0,0,0,0,0,0,0,0,0,0,0,0,0,0,1,0,0
1118888.0,Harley-Davidson V-Rod,Москва,55000.0,1130,бензин,22,0,1,1,0,0,1,0,0,0,0,0,0,1,0,0,0,0,0,0,0,0,0
1120000.0,Honda CMX 1100 Rebel,Владивосток,7000.0,1100,бензин,4,0,1,1,1,0,0,0,0,0,0,0,0,0,1,0,0,0,0,0,0,0,0
1120000.0,Suzuki GSX-R,Япония<!-- --> <!-- -->→<!-- --> <!-- -->Владивосток,38.0,800,бензин,1,0,1,1,1,0,0,0,0,0,0,0,0,0,0,0,0,0,0,1,0,0,0
1120000.0,BMW K 1600 GT,Япония<!-- --> <!-- -->→<!-- --> <!-- -->Владивосток,14436.0,1600,бензин,13,0,1,1,1,0,0,0,0,0,0,0,0,0,0,0,0,0,0,0,0,0,1
1120000.0,Yamaha YZF-R1,Екатеринбург,21000.0,1000,бензин,11,0,1,1,0,0,0,0,1,0,0,0,0,0,0,0,0,0,0,0,0,1,0
1125000.0,BMW S 1000 R,Япония<!-- --> <!-- -->→<!-- --> <!-- -->Владивосток,4120.0,1000,бензин,5,0,1,1,1,0,0,0,0,0,0,0,0,0,0,0,0,0,0,0,0,0,1
1130000.0,Yamaha Stratoliner,Владивосток,35700.0,1900,бензин,19,0,1,1,1,0,0,0,0,0,0,0,0,0,0,0,0,0,0,0,0,1,0
1130000.0,Yamaha Tracer 900 GT,Владивосток,9812.0,850,бензин,6,0,1,1,1,0,0,0,0,0,0,0,0,0,0,0,0,0,0,0,0,1,0
1130000.0,Honda CBR 650R,Япония<!-- --> <!-- -->→<!-- --> <!-- -->Владивосток,1321.0,650,бензин,2,0,1,1,1,0,0,0,0,0,0,0,0,0,1,0,0,0,0,0,0,0,0
1130000.0,Honda NC 750XD,Владивосток,5411.0,750,бензин,4,1,1,1,1,0,0,0,0,0,0,0,0,0,1,0,0,0,0,0,0,0,0
1140000.0,Suzuki Intruder,Тюмень,39000.0,1800,бензин,17,0,1,1,1,0,0,0,0,0,0,0,0,0,0,0,0,0,0,1,0,0,0
1140000.0,Yamaha MT-09 SP,Владивосток,3905.0,850,бензин,5,0,1,1,1,0,0,0,0,0,0,0,0,0,0,0,0,0,0,0,0,1,0
1140000.0,Suzuki Intruder,Япония<!-- --> <!-- -->→<!-- --> <!-- -->Владивосток,17672.0,400,бензин,13,0,1,0,1,0,0,0,0,0,0,0,0,0,0,0,0,0,0,1,0,0,0
1140000.0,Yamaha MT-09 SP,Владивосток,3753.0,850,бензин,6,0,1,1,1,0,0,0,0,0,0,0,0,0,0,0,0,0,0,0,0,1,0
1150000.0,Ducati Superbike 959 Panigale,Москва,10350.0,959,бензин,10,0,1,1,0,0,1,0,0,0,0,0,1,0,0,0,0,0,0,0,0,0,0
1150000.0,BMW F 750 GS,Новосибирск,4948.0,850,бензин,4,0,1,1,0,0,0,0,1,0,0,0,0,0,0,0,0,0,0,0,0,0,1
1150000.0,Honda CMX 1100 Rebel,Находка,11799.0,1100,бензин,4,0,1,1,1,0,0,0,0,0,0,0,0,0,1,0,0,0,0,0,0,0,0
1150000.0,Honda VFR 1200FD,Москва,6500.0,1200,бензин,15,1,1,1,0,0,1,0,0,0,0,0,0,0,1,0,0,0,0,0,0,0,0
1150000.0,Suzuki V-Strom 1050XT,Япония<!-- --> <!-- -->→<!-- --> <!-- -->Владивосток,9245.0,1050,бензин,4,0,1,1,1,0,0,0,0,0,0,0,0,0,0,0,0,0,0,1,0,0,0
1150000.0,Yamaha MT-09,Новосибирск,14500.0,850,бензин,5,0,1,1,0,0,0,0,1,0,0,0,0,0,0,0,0,0,0,0,0,1,0
1150000.0,Harley-Davidson Dyna Switchback FLD,Япония<!-- --> <!-- -->→<!-- --> <!-- -->Владивосток,4366.0,1584,бензин,13,0,1,1,1,0,0,0,0,0,0,0,0,1,0,0,0,0,0,0,0,0,0
1150000.0,BMW S 1000 XR,Безенчук,36115.0,1000,бензин,10,0,1,1,1,0,0,0,0,0,0,0,0,0,0,0,0,0,0,0,0,0,1
1150000.0,Triumph Trident 660,Новосибирск,6000.0,660,бензин,3,0,1,1,0,0,0,0,1,0,0,0,0,0,0,0,0,0,0,0,1,0,0
1150000.0,Yamaha FJR 1300,Калтан,53500.0,1300,бензин,10,0,1,1,1,0,0,0,0,0,0,0,0,0,0,0,0,0,0,0,0,1,0
1150000.0,KTM 790 Adventure,Москва,5960.0,790,бензин,6,0,1,1,0,0,1,0,0,0,0,0,0,0,0,0,0,0,0,0,0,0,1
1150000.0,Honda Africa Twin,Находка,25000.0,1000,бензин,8,1,1,1,1,0,0,0,0,0,0,0,0,0,1,0,0,0,0,0,0,0,0
1150000.0,Ducati Diavel,Япония<!-- --> <!-- -->→<!-- --> <!-- -->Владивосток,7125.0,1200,бензин,14,0,1,1,1,0,0,0,0,0,0,0,1,0,0,0,0,0,0,0,0,0,0
1150000.0,Harley-Davidson Fat Boy,Новая Ладога,32000.0,1700,бензин,11,0,1,1,0,1,0,0,0,0,0,0,0,1,0,0,0,0,0,0,0,0,0
1150000.0,KTM 300 EXC,Кызыл,809.0,300,бензин,1,0,0,1,1,0,0,0,0,0,0,0,0,0,0,0,0,0,0,0,0,0,1
1150000.0,Harley-Davidson Electra Glide Classic,Абинск,60000.0,1700,бензин,12,0,1,1,1,0,0,0,0,0,0,0,0,1,0,0,0,0,0,0,0,0,0
1150000.0,Ducati Scrambler,Владивосток,11000.0,1100,бензин,4,0,1,1,1,0,0,0,0,0,0,0,1,0,0,0,0,0,0,0,0,0,0
1150000.0,Harley-Davidson Sportster 1200 XL1200,Санкт-Петербург,33000.0,1200,бензин,7,0,1,1,0,0,0,0,0,1,0,0,0,1,0,0,0,0,0,0,0,0,0
1150000.0,Yamaha Niken,Москва,15000.0,890,бензин,5,0,1,1,0,0,1,0,0,0,0,0,0,0,0,0,0,0,0,0,0,1,0
1150000.0,Kawasaki VN Vulcan 1700 Vaquero,Москва,27000.0,1700,бензин,13,0,1,1,0,0,1,0,0,0,0,0,0,0,0,0,1,0,0,0,0,0,0
1150000.0,Honda CBR 650R,Чита,30000.0,650,бензин,6,0,1,1,1,0,0,0,0,0,0,0,0,0,1,0,0,0,0,0,0,0,0
1150000.0,Suzuki GSX 1300R Hayabusa,Япония<!-- --> <!-- -->→<!-- --> <!-- -->Владивосток,10824.0,1340,бензин,17,0,1,1,1,0,0,0,0,0,0,0,0,0,0,0,0,0,0,1,0,0,0
1150000.0,Harley-Davidson Electra Glide Ultra Classic FLHTCU,Владивосток,11057.0,1580,бензин,15,0,1,1,1,0,0,0,0,0,0,0,0,1,0,0,0,0,0,0,0,0,0
1160000.0,Suzuki GSX S1000F,Владивосток,8800.0,1000,бензин,5,0,1,1,1,0,0,0,0,0,0,0,0,0,0,0,0,0,0,1,0,0,0
1160000.0,Kawasaki Eliminator 400,Япония<!-- --> <!-- -->→<!-- --> <!-- -->Владивосток,355.0,400,бензин,2,0,1,0,1,0,0,0,0,0,0,0,0,0,0,0,1,0,0,0,0,0,0
1160000.0,Ducati Multistrada 950 S,Япония<!-- --> <!-- -->→<!-- --> <!-- -->Владивосток,7123.0,950,бензин,3,0,1,1,1,0,0,0,0,0,0,0,1,0,0,0,0,0,0,0,0,0,0
1165000.0,Ducati Panigale,Япония<!-- --> <!-- -->→<!-- --> <!-- -->Владивосток,5085.0,955,бензин,9,0,1,1,1,0,0,0,0,0,0,0,1,0,0,0,0,0,0,0,0,0,0
1165000.0,Triumph Scrambler 1200,Япония<!-- --> <!-- -->→<!-- --> <!-- -->Владивосток,1239.0,900,бензин,1,0,1,1,1,0,0,0,0,0,0,0,0,0,0,0,0,0,0,0,1,0,0
1165000.0,BMW F 900 R,Япония<!-- --> <!-- -->→<!-- --> <!-- -->Владивосток,11.0,900,бензин,1,0,1,1,1,0,0,0,0,0,0,0,0,0,0,0,0,0,0,0,0,0,1
1165000.0,Harley-Davidson Electra Glide Ultra Classic FLHTCU,Владивосток,15000.0,1580,бензин,18,0,1,1,1,0,0,0,0,0,0,0,0,1,0,0,0,0,0,0,0,0,0
1170000.0,Harley-Davidson Heritage,Владивосток,36000.0,1580,бензин,11,0,1,1,1,0,0,0,0,0,0,0,0,1,0,0,0,0,0,0,0,0,0
1170000.0,Honda GL 1800,Новосибирск,48700.0,1800,бензин,21,0,1,1,0,0,0,0,1,0,0,0,0,0,1,0,0,0,0,0,0,0,0
1170000.0,KTM 1290 Super Duke R,Япония<!-- --> <!-- -->→<!-- --> <!-- -->Владивосток,7911.0,1290,бензин,5,0,1,1,1,0,0,0,0,0,0,0,0,0,0,0,0,0,0,0,0,0,1
1170000.0,Ducati Diavel Carbon,Япония<!-- --> <!-- -->→<!-- --> <!-- -->Владивосток,9045.0,1198,бензин,10,0,1,1,1,0,0,0,0,0,0,0,1,0,0,0,0,0,0,0,0,0,0
1170000.0,Ducati Diavel Carbon,Хабаровск,18000.0,1200,бензин,11,0,1,1,1,0,0,0,0,0,0,0,1,0,0,0,0,0,0,0,0,0,0
1175000.0,Ducati Multistrada 950 S,Япония<!-- --> <!-- -->→<!-- --> <!-- -->Владивосток,433.0,937,бензин,5,0,1,1,1,0,0,0,0,0,0,0,1,0,0,0,0,0,0,0,0,0,0
1175000.0,BMW R 1250 RS,Япония<!-- --> <!-- -->→<!-- --> <!-- -->Владивосток,10037.0,1254,бензин,5,0,1,1,1,0,0,0,0,0,0,0,0,0,0,0,0,0,0,0,0,0,1
1180000.0,Honda NC 750X,Хабаровск,3100.0,745,бензин,2,1,1,1,1,0,0,0,0,0,0,0,0,0,1,0,0,0,0,0,0,0,0
1180000.0,Honda VFR 1200FD,Москва,31000.0,1200,бензин,13,1,1,1,0,0,1,0,0,0,0,0,0,0,1,0,0,0,0,0,0,0,0
1180000.0,Yamaha FJR 1300A,Ачинск,61.0,1300,бензин,11,0,1,1,1,0,0,0,0,0,0,0,0,0,0,0,0,0,0,0,0,1,0
1185000.0,Triumph Tiger 1200,Находка,7600.0,1200,бензин,8,0,1,1,1,0,0,0,0,0,0,0,0,0,0,0,0,0,0,0,1,0,0
1185000.0,Kawasaki Eliminator 400,Япония<!-- --> <!-- -->→<!-- --> <!-- -->Владивосток,1530.0,400,бензин,1,0,1,1,1,0,0,0,0,0,0,0,0,0,0,0,1,0,0,0,0,0,0
1190000.0,Honda NC 700XD,Япония<!-- --> <!-- -->→<!-- --> <!-- -->Владивосток,235.0,750,бензин,1,0,1,1,1,0,0,0,0,0,0,0,0,0,1,0,0,0,0,0,0,0,0
1190000.0,Suzuki V-Strom 1050XT,Владивосток,20571.0,1050,бензин,5,0,1,1,1,0,0,0,0,0,0,0,0,0,0,0,0,0,0,1,0,0,0
1190000.0,BMW S 1000 XR,Екатеринбург,32000.0,1000,бензин,9,1,1,1,0,0,0,0,1,0,0,0,0,0,0,0,0,0,0,0,0,0,1
1190000.0,Triumph Speed Triple,Япония<!-- --> <!-- -->→<!-- --> <!-- -->Владивосток,1523.0,1050,бензин,5,0,1,1,1,0,0,0,0,0,0,0,0,0,0,0,0,0,0,0,1,0,0
1195000.0,Honda CMX,Япония<!-- --> <!-- -->→<!-- --> <!-- -->Владивосток,361.0,1100,бензин,1,0,1,1,1,0,0,0,0,0,0,0,0,0,1,0,0,0,0,0,0,0,0
1198000.0,Honda GL 1800 Gold Wing,Минск,58200.0,1800,бензин,18,0,1,1,1,0,0,0,0,0,0,0,0,0,1,0,0,0,0,0,0,0,0
1199000.0,Honda GL 1800,Тюмень,74000.0,1800,бензин,19,0,1,1,1,0,0,0,0,0,0,0,0,0,1,0,0,0,0,0,0,0,0
1199000.0,Ducati Monster 1100 Evo,Москва,17500.0,1079,бензин,12,0,1,1,0,0,1,0,0,0,0,0,1,0,0,0,0,0,0,0,0,0,0
1199999.0,BMW K 1600 GTL,Москва,62000.0,1600,бензин,12,0,1,1,0,0,1,0,0,0,0,0,0,0,0,0,0,0,0,0,0,0,1
1200000.0,Kawasaki Ninja 1000,Новосибирск,17000.0,1000,бензин,8,0,1,1,0,0,0,0,1,0,0,0,0,0,0,0,1,0,0,0,0,0,0
1200000.0,Honda VFR 1200FD,Джанкой,49000.0,1200,бензин,11,0,1,1,1,0,0,0,0,0,0,0,0,0,1,0,0,0,0,0,0,0,0
1200000.0,Honda GL 1800 Gold Wing,Волгоград,80000.0,1800,бензин,19,0,1,1,0,0,0,0,1,0,0,0,0,0,1,0,0,0,0,0,0,0,0
1200000.0,Suzuki GSX-R 1000,Берёзовский,48000.0,1000,бензин,18,0,1,1,1,0,0,0,0,0,0,0,0,0,0,0,0,0,0,1,0,0,0
1200000.0,Honda VFR 1200X Crosstourer,Нижний Тагил,65000.0,1200,бензин,8,0,1,1,1,0,0,0,0,0,0,0,0,0,1,0,0,0,0,0,0,0,0
1200000.0,Triumph Tiger 1200 XR,Краснодар,61000.0,1215,бензин,8,0,1,1,0,0,0,0,1,0,0,0,0,0,0,0,0,0,0,0,1,0,0
1200000.0,Triumph Rocket III,Москва,23590.0,2300,бензин,11,0,1,1,0,0,1,0,0,0,0,0,0,0,0,0,0,0,0,0,1,0,0
1200000.0,Ducati Multistrada 1200 S,Япония<!-- --> <!-- -->→<!-- --> <!-- -->Владивосток,11800.0,1200,бензин,10,0,1,1,1,0,0,0,0,0,0,0,1,0,0,0,0,0,0,0,0,0,0
1200000.0,Yamaha Stryker,Чита,20000.0,1300,бензин,14,0,1,1,1,0,0,0,0,0,0,0,0,0,0,0,0,0,0,0,0,1,0
1200000.0,Kawasaki Z 1000,Япония<!-- --> <!-- -->→<!-- --> <!-- -->Владивосток,14000.0,1000,бензин,8,0,1,1,1,0,0,0,0,0,0,0,0,0,0,0,1,0,0,0,0,0,0
1200000.0,Kawasaki Ninja 1000,Елизово,20000.0,1043,бензин,6,0,1,1,1,0,0,0,0,0,0,0,0,0,0,0,1,0,0,0,0,0,0
1200000.0,Harley-Davidson Rocker C FXCWC,Москва,34658.0,1584,бензин,17,0,1,1,0,0,1,0,0,0,0,0,0,1,0,0,0,0,0,0,0,0,0
1200000.0,Yamaha MT-09 Tracer,Владивосток,6394.0,850,бензин,6,0,1,1,1,0,0,0,0,0,0,0,0,0,0,0,0,0,0,0,0,1,0
1200000.0,Suzuki GSX 1300R Hayabusa,Владивосток,21000.0,1340,бензин,13,0,1,1,1,0,0,0,0,0,0,0,0,0,0,0,0,0,0,1,0,0,0
1200000.0,Honda CMX 1100 Rebel,Владивосток,600.0,1082,бензин,2,1,1,1,1,0,0,0,0,0,0,0,0,0,1,0,0,0,0,0,0,0,0
1200000.0,Honda CMX 1100 Rebel,Владивосток,2562.0,1100,бензин,4,0,1,1,1,0,0,0,0,0,0,0,0,0,1,0,0,0,0,0,0,0,0
1200000.0,Harley-Davidson Dyna Low Rider FXRS,Москва,1000.0,1337,бензин,37,0,1,0,0,0,1,0,0,0,0,0,0,1,0,0,0,0,0,0,0,0,0
1200000.0,BMW S 1000 XR,Москва,43802.0,999,бензин,9,0,1,1,0,0,1,0,0,0,0,0,0,0,0,0,0,0,0,0,0,0,1
1200000.0,BMW F 850 GS,Севастополь,24000.0,850,бензин,6,0,1,1,1,0,0,0,0,0,0,0,0,0,0,0,0,0,0,0,0,0,1
1200000.0,KTM 1190 Adventure R,Владивосток,57692.0,1190,бензин,10,0,1,1,1,0,0,0,0,0,0,0,0,0,0,0,0,0,0,0,0,0,1
1200000.0,BRP Can-Am Spyder,Красноярск,7800.0,998,бензин,17,0,1,1,0,0,0,0,1,0,0,0,0,0,0,0,0,0,0,0,0,0,1
1200000.0,Honda GL 1800 Gold Wing,Хабаровск,1.0,1832,бензин,19,0,1,1,1,0,0,0,0,0,0,0,0,0,1,0,0,0,0,0,0,0,0
1200000.0,Honda CRF 1000L Africa Twin,Владивосток,31371.0,1000,бензин,9,0,1,1,1,0,0,0,0,0,0,0,0,0,1,0,0,0,0,0,0,0,0
1200000.0,Honda VTX 1800,Озёрск,25000.0,1800,бензин,22,0,1,1,1,0,0,0,0,0,0,0,0,0,1,0,0,0,0,0,0,0,0
1200000.0,BMW R 1200 GS,Улан-Удэ,31500.0,1200,бензин,13,0,1,1,1,0,0,0,0,0,0,0,0,0,0,0,0,0,0,0,0,0,1
1200000.0,Suzuki GSX S1000,Владивосток,12883.0,1000,бензин,5,0,1,1,1,0,0,0,0,0,0,0,0,0,0,0,0,0,0,1,0,0,0
1205000.0,Suzuki Katana,Япония<!-- --> <!-- -->→<!-- --> <!-- -->Владивосток,4024.0,1000,бензин,4,0,1,1,1,0,0,0,0,0,0,0,0,0,0,0,0,0,0,1,0,0,0
1215000.0,Honda CMX 1100 Rebel,Япония<!-- --> <!-- -->→<!-- --> <!-- -->Владивосток,2483.0,1082,бензин,2,0,1,1,1,0,0,0,0,0,0,0,0,0,1,0,0,0,0,0,0,0,0
1220000.0,Honda Africa Twin,Бердск,30000.0,998,бензин,9,1,1,1,1,0,0,0,0,0,0,0,0,0,1,0,0,0,0,0,0,0,0
1220000.0,Yamaha MT-09 SP,Владивосток,4513.0,850,бензин,4,0,1,1,1,0,0,0,0,0,0,0,0,0,0,0,0,0,0,0,0,1,0
1220000.0,Suzuki GSX S1000,Владивосток,3484.0,1000,бензин,2,0,1,1,1,0,0,0,0,0,0,0,0,0,0,0,0,0,0,1,0,0,0
1220000.0,Honda CRF 1000L Africa Twin,Владивосток,12802.0,1000,бензин,9,0,1,1,1,0,0,0,0,0,0,0,0,0,1,0,0,0,0,0,0,0,0
1225000.0,Honda CMX 1100 Rebel,Владивосток,3405.0,1100,бензин,4,1,1,1,1,0,0,0,0,0,0,0,0,0,1,0,0,0,0,0,0,0,0
1230000.0,Honda CBR 650R,Япония<!-- --> <!-- -->→<!-- --> <!-- -->Владивосток,7800.0,650,бензин,2,0,1,1,1,0,0,0,0,0,0,0,0,0,1,0,0,0,0,0,0,0,0
1230000.0,BMW R 1250 R,Япония<!-- --> <!-- -->→<!-- --> <!-- -->Владивосток,3959.0,1254,бензин,3,0,1,1,1,0,0,0,0,0,0,0,0,0,0,0,0,0,0,0,0,0,1
1230000.0,Honda CRF 1000 Africa Twin,Владивосток,9267.0,1000,бензин,9,1,1,1,1,0,0,0,0,0,0,0,0,0,1,0,0,0,0,0,0,0,0
1230000.0,Ducati Panigale V4,Япония<!-- --> <!-- -->→<!-- --> <!-- -->Владивосток,13548.0,1100,бензин,7,0,1,1,1,0,0,0,0,0,0,0,1,0,0,0,0,0,0,0,0,0,0
1235000.0,Honda CBR 1000RR Fireblade,Новосибирск,14500.0,999,бензин,10,0,1,1,0,0,0,0,1,0,0,0,0,0,1,0,0,0,0,0,0,0,0
1235000.0,KTM 1290 Super Duke GT,Япония<!-- --> <!-- -->→<!-- --> <!-- -->Владивосток,14451.0,1300,бензин,2,0,1,1,1,0,0,0,0,0,0,0,0,0,0,0,0,0,0,0,0,0,1
1240000.0,Suzuki GSX 1300R Hayabusa,Япония<!-- --> <!-- -->→<!-- --> <!-- -->Владивосток,14314.0,1340,бензин,16,0,1,1,1,0,0,0,0,0,0,0,0,0,0,0,0,0,0,1,0,0,0
1245000.0,Suzuki GSX 1300R Hayabusa,Япония<!-- --> <!-- -->→<!-- --> <!-- -->Владивосток,4855.0,1340,бензин,11,0,1,1,1,0,0,0,0,0,0,0,0,0,0,0,0,0,0,1,0,0,0
1245000.0,Triumph Tiger 900 GT Pro,Япония<!-- --> <!-- -->→<!-- --> <!-- -->Владивосток,8744.0,900,бензин,3,0,1,1,1,0,0,0,0,0,0,0,0,0,0,0,0,0,0,0,1,0,0
1250000.0,Honda Valkyrie,Геленджик,30000.0,1800,бензин,21,1,1,1,1,0,0,0,0,0,0,0,0,0,1,0,0,0,0,0,0,0,0
1250000.0,Harley-Davidson Electra Glide,Владивосток,34000.0,1690,бензин,15,0,1,1,1,0,0,0,0,0,0,0,0,1,0,0,0,0,0,0,0,0,0
1250000.0,BMW R 1200 GS,Севастополь,50000.0,1200,бензин,11,0,1,1,1,0,0,0,0,0,0,0,0,0,0,0,0,0,0,0,0,0,1
1250000.0,Kawasaki Z 1000,Владивосток,6889.0,1000,бензин,7,0,1,1,1,0,0,0,0,0,0,0,0,0,0,0,1,0,0,0,0,0,0
1250000.0,Honda CMX 1100 Rebel,Владивосток,5920.0,1100,бензин,3,0,1,1,1,0,0,0,0,0,0,0,0,0,1,0,0,0,0,0,0,0,0
1250000.0,Yamaha Raider,Благовещенск,29890.0,1900,бензин,12,0,1,1,1,0,0,0,0,0,0,0,0,0,0,0,0,0,0,0,0,1,0
1250000.0,Ducati Multistrada 1200 S,Новосибирск,23130.0,1200,бензин,9,0,1,1,0,0,0,0,1,0,0,0,1,0,0,0,0,0,0,0,0,0,0
1250000.0,Harley-Davidson Road Glide Special FLTRXS,США<!-- --> <!-- -->→<!-- --> <!-- -->Москва,28143.0,1868,бензин,4,0,1,1,1,0,0,0,0,0,0,0,0,1,0,0,0,0,0,0,0,0,0
1250000.0,Harley-Davidson Softail,Краснодар,10000.0,1800,бензин,22,0,1,0,0,0,0,0,1,0,0,0,0,1,0,0,0,0,0,0,0,0,0
1250000.0,Yamaha Warrior,Новосибирск,17000.0,1700,бензин,20,0,1,1,0,0,0,0,1,0,0,0,0,0,0,0,0,0,0,0,0,1,0
1250000.0,Yamaha XT 1200Z Super Tenere,Владивосток,6594.0,1200,бензин,13,0,1,1,1,0,0,0,0,0,0,0,0,0,0,0,0,0,0,0,0,1,0
1250000.0,KTM 300 EXC Six Days,Чита,2000.0,300,бензин,1,0,0,1,1,0,0,0,0,0,0,0,0,0,0,0,0,0,0,0,0,0,1
1250000.0,Honda CRF 1000L Africa Twin,Хабаровск,30000.0,998,бензин,9,1,1,1,1,0,0,0,0,0,0,0,0,0,1,0,0,0,0,0,0,0,0
1250000.0,Suzuki Boulevard M109R,Новосибирск,22510.0,1800,бензин,18,0,1,1,0,0,0,0,1,0,0,0,0,0,0,0,0,0,0,1,0,0,0
1250000.0,Harley-Davidson Electra Glide Ultra Limited FLHTK,Владивосток,80000.0,1700,бензин,11,0,1,1,1,0,0,0,0,0,0,0,0,1,0,0,0,0,0,0,0,0,0
1250000.0,Yamaha MT-09 SP,Владивосток,1500.0,850,бензин,5,0,1,1,1,0,0,0,0,0,0,0,0,0,0,0,0,0,0,0,0,1,0
1250000.0,Yamaha Stratoliner,Хабаровск,43431.0,1900,бензин,19,0,1,1,1,0,0,0,0,0,0,0,0,0,0,0,0,0,0,0,0,1,0
1250000.0,Yamaha Tracer 900 GT,Владивосток,18538.0,850,бензин,6,0,1,1,1,0,0,0,0,0,0,0,0,0,0,0,0,0,0,0,0,1,0
1250000.0,Triumph Bonneville T100,Октябрьский,14000.0,900,бензин,4,0,1,1,0,0,0,1,0,0,0,0,0,0,0,0,0,0,0,0,1,0,0
1250000.0,MV Agusta Brutale 800,Хабаровск,2900.0,800,бензин,4,0,1,1,1,0,0,0,0,0,0,0,0,0,0,0,0,1,0,0,0,0,0
1250000.0,BMW S 1000 RR,Хабаровск,20000.0,1000,бензин,14,0,1,1,1,0,0,0,0,0,0,0,0,0,0,0,0,0,0,0,0,0,1
1250000.0,Kawasaki Ninja 1000SX,Япония<!-- --> <!-- -->→<!-- --> <!-- -->Владивосток,1350.0,1000,бензин,6,0,1,1,1,0,0,0,0,0,0,0,0,0,0,0,1,0,0,0,0,0,0
1250000.0,Honda GL 1800 F6B Bagger,Владивосток,19770.0,1800,бензин,12,0,1,1,1,0,0,0,0,0,0,0,0,0,1,0,0,0,0,0,0,0,0
1250000.0,BMW R nineT,Находка,24041.0,1200,бензин,9,0,1,1,1,0,0,0,0,0,0,0,0,0,0,0,0,0,0,0,0,0,1
1250000.0,Yamaha Raider,Владивосток,29128.0,1900,бензин,14,0,1,1,1,0,0,0,0,0,0,0,0,0,0,0,0,0,0,0,0,1,0
1250000.0,Yamaha FJR 1300AS,Япония<!-- --> <!-- -->→<!-- --> <!-- -->Владивосток,47800.0,1300,бензин,8,1,1,1,1,0,0,0,0,0,0,0,0,0,0,0,0,0,0,0,0,1,0
1250000.0,Harley-Davidson Road King Classic FLHRC,Хабаровск,16000.0,1600,бензин,15,0,1,1,1,0,0,0,0,0,0,0,0,1,0,0,0,0,0,0,0,0,0
1250000.0,BMW R 1200 RS,Москва,13600.0,1200,бензин,9,0,1,1,0,0,1,0,0,0,0,0,0,0,0,0,0,0,0,0,0,0,1
1250000.0,Ducati Diavel Carbon,Новосибирск,36200.0,1198,бензин,12,0,1,1,0,0,0,0,1,0,0,0,1,0,0,0,0,0,0,0,0,0,0
1250000.0,Suzuki GSX S1000F,Иркутск,27460.0,998,бензин,9,0,1,1,1,0,0,0,0,0,0,0,0,0,0,0,0,0,0,1,0,0,0
1250000.0,Honda VFR 1200X Crosstourer,Владивосток,29000.0,1200,бензин,11,1,1,1,1,0,0,0,0,0,0,0,0,0,1,0,0,0,0,0,0,0,0
1250000.0,KTM 1190 Adventure,Япония<!-- --> <!-- -->→<!-- --> <!-- -->Владивосток,2784.0,1190,бензин,9,0,1,1,1,0,0,0,0,0,0,0,0,0,0,0,0,0,0,0,0,0,1
1255000.0,Suzuki V-Strom,Япония<!-- --> <!-- -->→<!-- --> <!-- -->Владивосток,826.0,1050,бензин,1,0,1,1,1,0,0,0,0,0,0,0,0,0,0,0,0,0,0,1,0,0,0
1260000.0,Ducati Diavel Dark,Япония<!-- --> <!-- -->→<!-- --> <!-- -->Владивосток,2908.0,1200,бензин,11,0,1,1,1,0,0,0,0,0,0,0,1,0,0,0,0,0,0,0,0,0,0
1260000.0,BMW R 1200 RT,Владивосток,9979.0,1200,бензин,12,0,1,1,1,0,0,0,0,0,0,0,0,0,0,0,0,0,0,0,0,0,1
1260000.0,Honda Transalp,Владивосток,5000.0,750,бензин,2,0,1,1,1,0,0,0,0,0,0,0,0,0,1,0,0,0,0,0,0,0,0
1260000.0,KTM 790 Adventure,Япония<!-- --> <!-- -->→<!-- --> <!-- -->Владивосток,8800.0,790,бензин,4,0,1,1,1,0,0,0,0,0,0,0,0,0,0,0,0,0,0,0,0,0,1
1260000.0,BMW R nineT,Япония<!-- --> <!-- -->→<!-- --> <!-- -->Владивосток,9372.0,1200,бензин,5,0,1,1,1,0,0,0,0,0,0,0,0,0,0,0,0,0,0,0,0,0,1
1270000.0,BMW R 1200 GS Adventure,Япония<!-- --> <!-- -->→<!-- --> <!-- -->Владивосток,12226.0,1200,бензин,13,0,1,1,1,0,0,0,0,0,0,0,0,0,0,0,0,0,0,0,0,0,1
1270000.0,KTM 1290 Super Adventure R,Япония<!-- --> <!-- -->→<!-- --> <!-- -->Владивосток,5242.0,1290,бензин,6,0,1,1,1,0,0,0,0,0,0,0,0,0,0,0,0,0,0,0,0,0,1
1270000.0,Suzuki Boulevard C90,Красноярск,4375.0,1462,бензин,12,0,1,1,0,0,0,0,1,0,0,0,0,0,0,0,0,0,0,1,0,0,0
1270000.0,Honda Transalp,Владивосток,1297.0,750,бензин,2,0,1,1,1,0,0,0,0,0,0,0,0,0,1,0,0,0,0,0,0,0,0
1270000.0,Ducati Diavel,Япония<!-- --> <!-- -->→<!-- --> <!-- -->Владивосток,20659.0,1200,бензин,13,0,1,1,1,0,0,0,0,0,0,0,1,0,0,0,0,0,0,0,0,0,0
1270000.0,Yamaha XSR900,Владивосток,4000.0,850,бензин,4,0,1,1,1,0,0,0,0,0,0,0,0,0,0,0,0,0,0,0,0,1,0
1270000.0,Yamaha MT-07,Япония<!-- --> <!-- -->→<!-- --> <!-- -->Владивосток,4000.0,700,бензин,1,0,1,1,1,0,0,0,0,0,0,0,0,0,0,0,0,0,0,0,0,1,0
1270000.0,Yamaha XSR900,Япония<!-- --> <!-- -->→<!-- --> <!-- -->Владивосток,2979.0,888,бензин,1,0,1,1,1,0,0,0,0,0,0,0,0,0,0,0,0,0,0,0,0,1,0
1270000.0,Honda NC 750XD,Япония<!-- --> <!-- -->→<!-- --> <!-- -->Владивосток,8200.0,750,бензин,4,1,1,1,1,0,0,0,0,0,0,0,0,0,1,0,0,0,0,0,0,0,0
1275000.0,Yamaha MT-09A,Владивосток,2313.0,900,бензин,4,0,1,1,1,0,0,0,0,0,0,0,0,0,0,0,0,0,0,0,0,1,0
1275000.0,Honda NC 750XD,Владивосток,2119.0,750,бензин,4,1,1,1,1,0,0,0,0,0,0,0,0,0,1,0,0,0,0,0,0,0,0
1277000.0,Harley-Davidson Sportster Seventy-Two XL1200V,Красноярск,61.0,1200,бензин,13,0,1,1,0,0,0,0,1,0,0,0,0,1,0,0,0,0,0,0,0,0,0
1280000.0,Harley-Davidson Sportster Forty-Eight XL1200X,Краснодар,11000.0,1200,бензин,9,0,1,1,0,0,0,0,1,0,0,0,0,1,0,0,0,0,0,0,0,0,0
1280000.0,Honda CMX 1100 Rebel,Япония<!-- --> <!-- -->→<!-- --> <!-- -->Владивосток,1586.0,1100,бензин,3,1,1,1,1,0,0,0,0,0,0,0,0,0,1,0,0,0,0,0,0,0,0
1280000.0,Ducati Supersport 950 S,Япония<!-- --> <!-- -->→<!-- --> <!-- -->Владивосток,6481.0,950,бензин,3,0,1,1,1,0,0,0,0,0,0,0,1,0,0,0,0,0,0,0,0,0,0
1280000.0,Kawasaki Ninja 1000SX,Япония<!-- --> <!-- -->→<!-- --> <!-- -->Владивосток,32000.0,1000,бензин,4,0,1,1,1,0,0,0,0,0,0,0,0,0,0,0,1,0,0,0,0,0,0
1280000.0,Yamaha YZF-R6,Владивосток,19744.0,600,бензин,8,0,1,1,1,0,0,0,0,0,0,0,0,0,0,0,0,0,0,0,0,1,0
1280000.0,Suzuki GSX 1300R Hayabusa,Благовещенск,28000.0,1350,бензин,15,0,1,1,1,0,0,0,0,0,0,0,0,0,0,0,0,0,0,1,0,0,0
1280000.0,Ducati Diavel,Япония<!-- --> <!-- -->→<!-- --> <!-- -->Владивосток,14312.0,1600,бензин,10,0,1,1,1,0,0,0,0,0,0,0,1,0,0,0,0,0,0,0,0,0,0
1280000.0,Yamaha XSR900,Владивосток,3460.0,850,бензин,4,0,1,1,1,0,0,0,0,0,0,0,0,0,0,0,0,0,0,0,0,1,0
1280000.0,Triumph Street Triple,Япония<!-- --> <!-- -->→<!-- --> <!-- -->Владивосток,1363.0,765,бензин,1,0,1,1,1,0,0,0,0,0,0,0,0,0,0,0,0,0,0,0,1,0,0
1280000.0,Harley-Davidson Electra Glide Ultra Classic FLHTCU,Владивосток,5161.0,1690,бензин,13,0,1,1,1,0,0,0,0,0,0,0,0,1,0,0,0,0,0,0,0,0,0
1280000.0,Kawasaki Ninja ZX-6R,Владивосток,6362.0,600,бензин,5,0,1,1,1,0,0,0,0,0,0,0,0,0,0,0,1,0,0,0,0,0,0
1280000.0,Yamaha Super Tenere 1200,Владивосток,14056.0,1200,бензин,15,0,1,1,1,0,0,0,0,0,0,0,0,0,0,0,0,0,0,0,0,1,0
1280000.0,BMW F 900 XR,Япония<!-- --> <!-- -->→<!-- --> <!-- -->Владивосток,9000.0,900,бензин,3,0,1,1,1,0,0,0,0,0,0,0,0,0,0,0,0,0,0,0,0,0,1
1290000.0,Kawasaki Ninja ZX-6R,Владивосток,14239.0,600,бензин,3,0,1,1,1,0,0,0,0,0,0,0,0,0,0,0,1,0,0,0,0,0,0
1290000.0,BMW R nineT Scrambler,Япония<!-- --> <!-- -->→<!-- --> <!-- -->Владивосток,6272.0,1200,бензин,4,0,1,1,1,0,0,0,0,0,0,0,0,0,0,0,0,0,0,0,0,0,1
1290000.0,KTM 690 Enduro R,Владивосток,57.0,690,бензин,4,0,1,1,1,0,0,0,0,0,0,0,0,0,0,0,0,0,0,0,0,0,1
1290000.0,Yamaha XSR900,Владивосток,5896.0,850,бензин,3,0,1,1,1,0,0,0,0,0,0,0,0,0,0,0,0,0,0,0,0,1,0
1290000.0,Kawasaki Ninja ZX-14RA,Япония<!-- --> <!-- -->→<!-- --> <!-- -->Владивосток,4330.0,1400,бензин,10,0,1,1,1,0,0,0,0,0,0,0,0,0,0,0,1,0,0,0,0,0,0
1290000.0,Triumph Rocket III,Санкт-Петербург,18350.0,2300,бензин,14,0,1,1,0,0,0,0,0,1,0,0,0,0,0,0,0,0,0,0,1,0,0
1290000.0,Yamaha MT-09 SP,Владивосток,2000.0,850,бензин,4,0,1,1,1,0,0,0,0,0,0,0,0,0,0,0,0,0,0,0,0,1,0
1290000.0,Yamaha XSR900,Владивосток,1311.0,900,бензин,3,0,1,1,1,0,0,0,0,0,0,0,0,0,0,0,0,0,0,0,0,1,0
1295000.0,Honda NC 750X,Благовещенск,1300.0,745,бензин,2,1,1,1,1,0,0,0,0,0,0,0,0,0,1,0,0,0,0,0,0,0,0
1299000.0,Triumph Trident 660,Красноярск,180.0,660,бензин,2,0,1,1,0,0,0,0,1,0,0,0,0,0,0,0,0,0,0,0,1,0,0
1299000.0,Suzuki GSX 1300BK,Дубна,13620.0,1340,бензин,18,0,1,1,0,0,0,1,0,0,0,0,0,0,0,0,0,0,0,1,0,0,0
1300000.0,BMW S 1000 R,Москва,23337.0,999,бензин,9,0,1,1,0,0,1,0,0,0,0,0,0,0,0,0,0,0,0,0,0,0,1
1300000.0,Yamaha MT-09,Новосибирск,5500.0,890,бензин,4,0,1,1,0,0,0,0,1,0,0,0,0,0,0,0,0,0,0,0,0,1,0
1300000.0,BMW R 1200 GS,Йошкар-Ола,76583.0,1200,бензин,10,0,1,1,1,0,0,0,0,0,0,0,0,0,0,0,0,0,0,0,0,0,1
1300000.0,Kawasaki KX 450F,Хабаровск,115.0,450,бензин,6,0,1,1,1,0,0,0,0,0,0,0,0,0,0,0,1,0,0,0,0,0,0
1300000.0,KTM 690 SMC-R,Москва,5000.0,690,бензин,3,0,0,1,0,0,1,0,0,0,0,0,0,0,0,0,0,0,0,0,0,0,1
1300000.0,BMW K 1600 GTL,Екатеринбург,61000.0,1650,бензин,13,0,1,1,0,0,0,0,1,0,0,0,0,0,0,0,0,0,0,0,0,0,1
1300000.0,Yamaha MT-10,Благовещенск,9000.0,1000,бензин,8,0,1,1,1,0,0,0,0,0,0,0,0,0,0,0,0,0,0,0,0,1,0
1300000.0,BMW S 1000 RR,Благовещенск,40000.0,1000,бензин,12,0,1,1,1,0,0,0,0,0,0,0,0,0,0,0,0,0,0,0,0,0,1
1300000.0,Suzuki Boulevard,Новосибирск,20000.0,1800,бензин,18,0,1,1,0,0,0,0,1,0,0,0,0,0,0,0,0,0,0,1,0,0,0
1300000.0,Harley-Davidson Fat Boy,Япония<!-- --> <!-- -->→<!-- --> <!-- -->Владивосток,41000.0,1690,бензин,12,0,1,1,1,0,0,0,0,0,0,0,0,1,0,0,0,0,0,0,0,0,0
1300000.0,Suzuki GSX-R 1000,Красноярск,38000.0,1000,бензин,13,0,1,1,0,0,0,0,1,0,0,0,0,0,0,0,0,0,0,1,0,0,0
1300000.0,Yamaha XT 1200Z Super Tenere,Москва,40000.0,1200,бензин,11,0,1,1,0,0,1,0,0,0,0,0,0,0,0,0,0,0,0,0,0,1,0
1305000.0,Triumph Daytona,Япония<!-- --> <!-- -->→<!-- --> <!-- -->Владивосток,20408.0,765,бензин,5,0,1,1,1,0,0,0,0,0,0,0,0,0,0,0,0,0,0,0,1,0,0
1310000.0,Honda Transalp,Владивосток,593.0,750,бензин,2,0,1,1,1,0,0,0,0,0,0,0,0,0,1,0,0,0,0,0,0,0,0
1350000.0,BMW F 850 GS,Москва,11618.0,850,бензин,5,0,1,1,0,0,1,0,0,0,0,0,0,0,0,0,0,0,0,0,0,0,1
1350000.0,Triumph Bonneville Speedmaster,Япония<!-- --> <!-- -->→<!-- --> <!-- -->Владивосток,14662.0,1200,бензин,2,0,1,1,1,0,0,0,0,0,0,0,0,0,0,0,0,0,0,0,1,0,0
1350000.0,BMW F 750 GS,Каменск-Уральский,4000.0,850,бензин,4,0,1,1,1,0,0,0,0,0,0,0,0,0,0,0,0,0,0,0,0,0,1
1350000.0,Harley-Davidson Electra Glide,Владивосток,42800.0,1690,бензин,13,0,1,1,1,0,0,0,0,0,0,0,0,1,0,0,0,0,0,0,0,0,0
1350000.0,Yamaha Tenere 700,Япония<!-- --> <!-- -->→<!-- --> <!-- -->Владивосток,19000.0,700,бензин,4,0,1,1,1,0,0,0,0,0,0,0,0,0,0,0,0,0,0,0,0,1,0
1350000.0,Harley-Davidson V-Rod,Краснодар,25000.0,1250,бензин,17,0,1,1,0,0,0,0,1,0,0,0,0,1,0,0,0,0,0,0,0,0,0
1350000.0,Honda CRF 1000L Africa Twin,Омск,16497.0,998,бензин,8,1,1,1,0,0,0,0,1,0,0,0,0,0,1,0,0,0,0,0,0,0,0
1350000.0,Honda CMX 1100 Rebel,Хабаровск,9300.0,1100,бензин,4,1,1,1,1,0,0,0,0,0,0,0,0,0,1,0,0,0,0,0,0,0,0
1350000.0,Ducati Diavel,Япония<!-- --> <!-- -->→<!-- --> <!-- -->Владивосток,15917.0,1200,бензин,13,0,1,1,1,0,0,0,0,0,0,0,1,0,0,0,0,0,0,0,0,0,0
1350000.0,Yamaha Tracer 900 GT,Владивосток,12406.0,850,бензин,4,0,1,1,1,0,0,0,0,0,0,0,0,0,0,0,0,0,0,0,0,1,0
1350000.0,Indian Scout Bobber,Ступино,3000.0,1130,бензин,3,0,1,1,0,0,0,1,0,0,0,0,0,0,0,1,0,0,0,0,0,0,0
1350000.0,BMW S 1000 R,Япония<!-- --> <!-- -->→<!-- --> <!-- -->Владивосток,23000.0,1000,бензин,6,0,1,1,1,0,0,0,0,0,0,0,0,0,0,0,0,0,0,0,0,0,1
1350000.0,Honda CRF 1000L Africa Twin,Япония<!-- --> <!-- -->→<!-- --> <!-- -->Владивосток,6900.0,1000,бензин,9,0,1,1,1,0,0,0,0,0,0,0,0,0,1,0,0,0,0,0,0,0,0
1350000.0,BMW K 1600 GTL,Владивосток,32461.0,1600,бензин,14,0,1,1,1,0,0,0,0,0,0,0,0,0,0,0,0,0,0,0,0,0,1
1350000.0,Honda CB 1000R,Владивосток,1536.0,1000,бензин,5,0,1,1,1,0,0,0,0,0,0,0,0,0,1,0,0,0,0,0,0,0,0
1350000.0,Ducati Diavel Carbon,Хабаровск,43000.0,1198,бензин,11,0,1,1,1,0,0,0,0,0,0,0,1,0,0,0,0,0,0,0,0,0,0
1350000.0,Ducati Supersport 950 S,Япония<!-- --> <!-- -->→<!-- --> <!-- -->Владивосток,8371.0,937,бензин,2,0,1,1,1,0,0,0,0,0,0,0,1,0,0,0,0,0,0,0,0,0,0
1360000.0,BMW R 1200 RT,Владивосток,36700.0,1200,бензин,11,0,1,1,1,0,0,0,0,0,0,0,0,0,0,0,0,0,0,0,0,0,1
1360000.0,Suzuki GSX S1000,Владивосток,11000.0,1000,бензин,4,0,1,1,1,0,0,0,0,0,0,0,0,0,0,0,0,0,0,1,0,0,0
1360000.0,Yamaha MT-09 SP,Уссурийск,3570.0,900,бензин,2,0,1,1,1,0,0,0,0,0,0,0,0,0,0,0,0,0,0,0,0,1,0
1360000.0,KTM 1290 Super Duke R,Япония<!-- --> <!-- -->→<!-- --> <!-- -->Владивосток,3583.0,1300,бензин,3,0,1,1,1,0,0,0,0,0,0,0,0,0,0,0,0,0,0,0,0,0,1
1360000.0,Honda CMX 1100 Rebel,Владивосток,10000.0,1082,бензин,4,1,1,1,1,0,0,0,0,0,0,0,0,0,1,0,0,0,0,0,0,0,0
1365000.0,BMW S 1000 RR,Япония<!-- --> <!-- -->→<!-- --> <!-- -->Владивосток,8885.0,1000,бензин,10,0,1,1,1,0,0,0,0,0,0,0,0,0,0,0,0,0,0,0,0,0,1
1370000.0,Harley-Davidson Road Glide Special FLTRXS,США<!-- --> <!-- -->→<!-- --> <!-- -->Московский,28143.0,1868,бензин,6,0,1,1,1,0,0,0,0,0,0,0,0,1,0,0,0,0,0,0,0,0,0
1370000.0,BMW R 1250 R,Япония<!-- --> <!-- -->→<!-- --> <!-- -->Владивосток,5.0,1254,бензин,1,0,1,1,1,0,0,0,0,0,0,0,0,0,0,0,0,0,0,0,0,0,1
1370000.0,BMW F 800 GS,Япония<!-- --> <!-- -->→<!-- --> <!-- -->Владивосток,1.0,800,бензин,1,0,1,1,1,0,0,0,0,0,0,0,0,0,0,0,0,0,0,0,0,0,1
1370000.0,BMW F 800 GS Adventure,Уфа,53000.0,850,бензин,5,0,1,1,0,0,0,0,1,0,0,0,0,0,0,0,0,0,0,0,0,0,1
1370000.0,BMW R nineT,Япония<!-- --> <!-- -->→<!-- --> <!-- -->Владивосток,5598.0,1170,бензин,2,0,1,1,1,0,0,0,0,0,0,0,0,0,0,0,0,0,0,0,0,0,1
1375000.0,Kawasaki Versys 1000,Иркутск,25636.0,1043,бензин,6,0,1,1,1,0,0,0,0,0,0,0,0,0,0,0,1,0,0,0,0,0,0
1380000.0,Honda Africa Twin,Владивосток,10084.0,1000,бензин,7,0,1,1,1,0,0,0,0,0,0,0,0,0,1,0,0,0,0,0,0,0,0
1380000.0,BMW F 900 XR,Красноярск,2900.0,900,бензин,4,0,1,1,0,0,0,0,1,0,0,0,0,0,0,0,0,0,0,0,0,0,1
1380000.0,KTM 890 Adventure,Владивосток,4795.0,890,бензин,4,0,1,1,1,0,0,0,0,0,0,0,0,0,0,0,0,0,0,0,0,0,1
1380000.0,Kawasaki Ninja 1000SX,Владивосток,9000.0,1043,бензин,4,0,1,1,1,0,0,0,0,0,0,0,0,0,0,0,1,0,0,0,0,0,0
1385000.0,Yamaha Tenere 700,Владивосток,9045.0,700,бензин,4,0,1,1,1,0,0,0,0,0,0,0,0,0,0,0,0,0,0,0,0,1,0
1390000.0,Yamaha Super Tenere 1200,Красноярск,81500.0,1200,бензин,10,0,1,1,0,0,0,0,1,0,0,0,0,0,0,0,0,0,0,0,0,1,0
1390000.0,Ducati XDiavel,Япония<!-- --> <!-- -->→<!-- --> <!-- -->Владивосток,14831.0,1260,бензин,8,0,1,1,1,0,0,0,0,0,0,0,1,0,0,0,0,0,0,0,0,0,0
1390000.0,Yamaha MT-09 SP,Владивосток,4129.0,850,бензин,2,0,1,1,1,0,0,0,0,0,0,0,0,0,0,0,0,0,0,0,0,1,0
1390000.0,Yamaha Tenere 700,Владивосток,9200.0,700,бензин,5,0,1,1,1,0,0,0,0,0,0,0,0,0,0,0,0,0,0,0,0,1,0
1390000.0,BMW R 1200 GS,Япония<!-- --> <!-- -->→<!-- --> <!-- -->Владивосток,33000.0,1200,бензин,8,0,1,1,1,0,0,0,0,0,0,0,0,0,0,0,0,0,0,0,0,0,1
1390000.0,Yamaha Tenere 700,Владивосток,5584.0,698,бензин,3,0,1,1,1,0,0,0,0,0,0,0,0,0,0,0,0,0,0,0,0,1,0
1399000.0,Yamaha XT 1200ZE Super Tenere,Находка,44631.0,1200,бензин,10,0,1,1,1,0,0,0,0,0,0,0,0,0,0,0,0,0,0,0,0,1,0
1399000.0,Yamaha MT-09 SP,Владивосток,1.0,850,бензин,4,0,1,1,1,0,0,0,0,0,0,0,0,0,0,0,0,0,0,0,0,1,0
1400000.0,Yamaha MT-09,Уссурийск,7900.0,888,бензин,4,0,1,1,1,0,0,0,0,0,0,0,0,0,0,0,0,0,0,0,0,1,0
1400000.0,Honda Africa Twin,Новосибирск,40078.0,1000,бензин,7,0,1,1,0,0,0,0,1,0,0,0,0,0,1,0,0,0,0,0,0,0,0
1400000.0,Yamaha FJR 1300AS,Владивосток,25000.0,1300,бензин,11,1,1,1,1,0,0,0,0,0,0,0,0,0,0,0,0,0,0,0,0,1,0
1400000.0,Suzuki V-Strom 1050XT,Владивосток,5916.0,1050,бензин,4,0,1,1,1,0,0,0,0,0,0,0,0,0,0,0,0,0,0,1,0,0,0
1400000.0,Honda CRF 1000L Africa Twin,Елизово,25000.0,1000,бензин,7,1,1,1,1,0,0,0,0,0,0,0,0,0,1,0,0,0,0,0,0,0,0
1400000.0,Honda Africa Twin,Благовещенск,17000.0,1000,бензин,8,1,1,1,1,0,0,0,0,0,0,0,0,0,1,0,0,0,0,0,0,0,0
1400000.0,Honda CRF 1000L Africa Twin,Свирск,2000.0,1000,бензин,8,1,1,1,1,0,0,0,0,0,0,0,0,0,1,0,0,0,0,0,0,0,0
1400000.0,Ducati Diavel,Владивосток,7385.0,1200,бензин,10,0,1,1,1,0,0,0,0,0,0,0,1,0,0,0,0,0,0,0,0,0,0
1400000.0,Harley-Davidson Rocker C FXCWC,Артём,32000.0,1600,бензин,17,0,1,1,1,0,0,0,0,0,0,0,0,1,0,0,0,0,0,0,0,0,0
1400000.0,Kawasaki VN Vulcan 1700 Vaquero,Хабаровск,34590.0,1700,бензин,8,0,1,1,1,0,0,0,0,0,0,0,0,0,0,0,1,0,0,0,0,0,0
1400000.0,Honda CRF 1000L Africa Twin,Благовещенск,17000.0,1000,бензин,8,1,1,1,1,0,0,0,0,0,0,0,0,0,1,0,0,0,0,0,0,0,0
1400000.0,Harley-Davidson Rocker C FXCWC,Артём,36000.0,1600,бензин,17,0,1,1,1,0,0,0,0,0,0,0,0,1,0,0,0,0,0,0,0,0,0
1400000.0,Honda CMX 1100 Rebel,Япония<!-- --> <!-- -->→<!-- --> <!-- -->Владивосток,381.0,1100,бензин,3,0,1,1,1,0,0,0,0,0,0,0,0,0,1,0,0,0,0,0,0,0,0
1405000.0,Suzuki V-Strom 1050XT,Москва,1120.0,1049,бензин,4,0,1,1,0,0,1,0,0,0,0,0,0,0,0,0,0,0,0,1,0,0,0
1410000.0,BMW R,Япония<!-- --> <!-- -->→<!-- --> <!-- -->Владивосток,3.0,1169,бензин,1,0,1,1,1,0,0,0,0,0,0,0,0,0,0,0,0,0,0,0,0,0,1
1410000.0,Suzuki GSX 1300R Hayabusa,Япония<!-- --> <!-- -->→<!-- --> <!-- -->Владивосток,17700.0,1300,бензин,12,0,1,1,1,0,0,0,0,0,0,0,0,0,0,0,0,0,0,1,0,0,0
1410000.0,Harley-Davidson Road Glide Special FLTRXS,США<!-- --> <!-- -->→<!-- --> <!-- -->Московский,45831.0,1868,бензин,5,0,1,1,1,0,0,0,0,0,0,0,0,1,0,0,0,0,0,0,0,0,0
1415000.0,Yamaha Tracer 900 GT,Владивосток,4068.0,850,бензин,4,0,1,1,1,0,0,0,0,0,0,0,0,0,0,0,0,0,0,0,0,1,0
1415000.0,Honda CBR 600RR,Владивосток,2483.0,600,бензин,5,0,1,1,1,0,0,0,0,0,0,0,0,0,1,0,0,0,0,0,0,0,0
1420000.0,Yamaha FJR 1300A,Москва,25700.0,1298,бензин,7,0,1,1,0,0,1,0,0,0,0,0,0,0,0,0,0,0,0,0,0,1,0
1420000.0,Harley-Davidson Road Glide,Владивосток,9005.0,1690,бензин,14,0,1,1,1,0,0,0,0,0,0,0,0,1,0,0,0,0,0,0,0,0,0
1420000.0,Honda CRF 1000L Africa Twin,Владивосток,18100.0,1000,бензин,7,1,1,1,1,0,0,0,0,0,0,0,0,0,1,0,0,0,0,0,0,0,0
1435000.0,Ducati XDiavel,Япония<!-- --> <!-- -->→<!-- --> <!-- -->Владивосток,13003.0,1262,бензин,7,0,1,1,1,0,0,0,0,0,0,0,1,0,0,0,0,0,0,0,0,0,0
1435000.0,BMW S 1000 R,Япония<!-- --> <!-- -->→<!-- --> <!-- -->Владивосток,6.0,1000,бензин,1,0,1,1,1,0,0,0,0,0,0,0,0,0,0,0,0,0,0,0,0,0,1
1435000.0,Triumph Speed Twin,Япония<!-- --> <!-- -->→<!-- --> <!-- -->Владивосток,1.0,1200,бензин,1,0,1,1,1,0,0,0,0,0,0,0,0,0,0,0,0,0,0,0,1,0,0
1440000.0,BMW R 1200 RT,Япония<!-- --> <!-- -->→<!-- --> <!-- -->Владивосток,29971.0,1200,бензин,11,0,1,1,1,0,0,0,0,0,0,0,0,0,0,0,0,0,0,0,0,0,1
1450000.0,BMW R 1200 GS Adventure,Владивосток,24620.0,1200,бензин,10,0,1,1,1,0,0,0,0,0,0,0,0,0,0,0,0,0,0,0,0,0,1
1450000.0,Harley-Davidson Softail Standart FXSTI,Тюмень,7409.0,1460,бензин,19,0,1,1,1,0,0,0,0,0,0,0,0,1,0,0,0,0,0,0,0,0,0
1450000.0,Yamaha MT-10,Владивосток,10405.0,1000,бензин,8,0,1,1,1,0,0,0,0,0,0,0,0,0,0,0,0,0,0,0,0,1,0
1450000.0,Honda CRF 1000L Africa Twin,Уссурийск,14500.0,1000,бензин,6,1,1,1,1,0,0,0,0,0,0,0,0,0,1,0,0,0,0,0,0,0,0
1450000.0,BMW R 1250 RS,Владивосток,10037.0,1250,бензин,5,0,1,1,1,0,0,0,0,0,0,0,0,0,0,0,0,0,0,0,0,0,1
1450000.0,Yamaha FJR 1300AS,Белокуриха,36753.0,1300,бензин,8,1,1,1,1,0,0,0,0,0,0,0,0,0,0,0,0,0,0,0,0,1,0
1450000.0,Ducati Diavel Diesel,Япония<!-- --> <!-- -->→<!-- --> <!-- -->Владивосток,12117.0,1200,бензин,7,0,1,1,1,0,0,0,0,0,0,0,1,0,0,0,0,0,0,0,0,0,0
1450000.0,Ducati Monster,Санкт-Петербург,8500.0,937,бензин,4,0,0,1,0,0,0,0,0,1,0,0,1,0,0,0,0,0,0,0,0,0,0
1450000.0,Ducati Multistrada 1200 S Pikes Peak,Челябинск,50136.0,1200,бензин,9,0,1,1,0,0,0,0,1,0,0,0,1,0,0,0,0,0,0,0,0,0,0
1450000.0,Harley-Davidson Breakout FXSB,Хабаровск,19000.0,1700,бензин,11,1,1,1,1,0,0,0,0,0,0,0,0,1,0,0,0,0,0,0,0,0,0
1455000.0,Yamaha XT 1200ZE Super Tenere,Владивосток,14709.0,1200,бензин,7,0,1,1,1,0,0,0,0,0,0,0,0,0,0,0,0,0,0,0,0,1,0
1460000.0,Yamaha Tenere 700,Владивосток,3100.0,700,бензин,5,0,1,1,1,0,0,0,0,0,0,0,0,0,0,0,0,0,0,0,0,1,0
1460000.0,Yamaha Tenere 700,Владивосток,6000.0,700,бензин,3,0,1,1,1,0,0,0,0,0,0,0,0,0,0,0,0,0,0,0,0,1,0
1460000.0,Yamaha MT-09 SP,Владивосток,1.0,900,бензин,2,0,1,1,1,0,0,0,0,0,0,0,0,0,0,0,0,0,0,0,0,1,0
1460000.0,Honda CRF 1000L Africa Twin,Владивосток,26542.0,1000,бензин,7,0,1,1,1,0,0,0,0,0,0,0,0,0,1,0,0,0,0,0,0,0,0
1460000.0,Yamaha Tenere 700,Япония<!-- --> <!-- -->→<!-- --> <!-- -->Владивосток,1.0,700,бензин,1,0,1,1,1,0,0,0,0,0,0,0,0,0,0,0,0,0,0,0,0,1,0
1460000.0,Suzuki GSX-R 1000,Япония<!-- --> <!-- -->→<!-- --> <!-- -->Владивосток,7743.0,1000,бензин,6,0,1,1,1,0,0,0,0,0,0,0,0,0,0,0,0,0,0,1,0,0,0
1465000.0,BMW R nineT,Япония<!-- --> <!-- -->→<!-- --> <!-- -->Владивосток,2665.0,1170,бензин,2,0,1,1,1,0,0,0,0,0,0,0,0,0,0,0,0,0,0,0,0,0,1
1470000.0,Yamaha XSR900,Иркутск,4599.0,850,бензин,3,0,1,1,1,0,0,0,0,0,0,0,0,0,0,0,0,0,0,0,0,1,0
1470000.0,Ducati XDiavel,Япония<!-- --> <!-- -->→<!-- --> <!-- -->Владивосток,18566.0,1260,бензин,6,0,1,1,1,0,0,0,0,0,0,0,1,0,0,0,0,0,0,0,0,0,0
1475000.0,Kawasaki Versys 1000,Владивосток,15896.0,1000,бензин,4,0,1,1,1,0,0,0,0,0,0,0,0,0,0,0,1,0,0,0,0,0,0
1475000.0,Kawasaki Versys 1000,Владивосток,12109.0,1000,бензин,5,0,1,1,1,0,0,0,0,0,0,0,0,0,0,0,1,0,0,0,0,0,0
1475000.0,Honda CMX 1100 Rebel,Москва,3570.0,1100,бензин,4,1,1,1,0,0,1,0,0,0,0,0,0,0,1,0,0,0,0,0,0,0,0
1475000.0,Honda CMX 1100 Rebel,Москва,3810.0,1100,бензин,4,1,1,1,0,0,1,0,0,0,0,0,0,0,1,0,0,0,0,0,0,0,0
1480000.0,Kawasaki Ninja 1000SX,Владивосток,8099.0,1000,бензин,5,0,1,1,1,0,0,0,0,0,0,0,0,0,0,0,1,0,0,0,0,0,0
1480000.0,BMW R 1250 R,Владивосток,7200.0,1250,бензин,6,0,1,1,1,0,0,0,0,0,0,0,0,0,0,0,0,0,0,0,0,0,1
1480000.0,Triumph Tiger 1200,Владивосток,4700.0,1200,бензин,7,0,1,1,1,0,0,0,0,0,0,0,0,0,0,0,0,0,0,0,1,0,0
1480000.0,Yamaha Tenere 700,Владивосток,13166.0,700,бензин,4,0,1,1,1,0,0,0,0,0,0,0,0,0,0,0,0,0,0,0,0,1,0
1480000.0,Harley-Davidson Fat Boy,США<!-- --> <!-- -->→<!-- --> <!-- -->Москва,16420.0,1878,бензин,5,0,1,1,1,0,0,0,0,0,0,0,0,1,0,0,0,0,0,0,0,0,0
1490000.0,Triumph Tiger 1200,Владивосток,22708.0,1200,бензин,4,0,1,1,1,0,0,0,0,0,0,0,0,0,0,0,0,0,0,0,1,0,0
1490000.0,BMW R 1200 GS,Краснодар,25310.0,1200,бензин,12,0,1,1,0,0,0,0,1,0,0,0,0,0,0,0,0,0,0,0,0,0,1
1490000.0,Suzuki V-Strom 1050XT,Владивосток,10638.0,1050,бензин,3,0,1,1,1,0,0,0,0,0,0,0,0,0,0,0,0,0,0,1,0,0,0
1490000.0,BMW S 1000 RR,Япония<!-- --> <!-- -->→<!-- --> <!-- -->Владивосток,33000.0,1000,бензин,4,0,1,0,1,0,0,0,0,0,0,0,0,0,0,0,0,0,0,0,0,0,1
1490000.0,Harley-Davidson Road King,Брянск,52000.0,1700,бензин,12,0,1,1,1,0,0,0,0,0,0,0,0,1,0,0,0,0,0,0,0,0,0
1495000.0,Yamaha Stratoliner,Тюмень,35000.0,1900,бензин,13,0,1,1,1,0,0,0,0,0,0,0,0,0,0,0,0,0,0,0,0,1,0
1499000.0,Yamaha YZF-R7,Москва,1.0,689,бензин,3,0,1,1,0,0,1,0,0,0,0,0,0,0,0,0,0,0,0,0,0,1,0
1499999.0,Triumph Bobber,Москва,6000.0,1200,бензин,4,0,1,1,0,0,1,0,0,0,0,0,0,0,0,0,0,0,0,0,1,0,0
1500000.0,Harley-Davidson Street Glide,Краснодар,60747.0,1690,бензин,11,0,1,1,0,0,0,0,1,0,0,0,0,1,0,0,0,0,0,0,0,0,0
1500000.0,Harley-Davidson Sportster Iron 883 XL883N,Красноярск,18520.0,883,бензин,8,0,1,1,0,0,0,0,1,0,0,0,0,1,0,0,0,0,0,0,0,0,0
1500000.0,Ducati XDiavel,Находка,16546.0,1260,бензин,9,0,1,1,1,0,0,0,0,0,0,0,1,0,0,0,0,0,0,0,0,0,0
1500000.0,Yamaha XT 1200Z Super Tenere,Владивосток,11838.0,1200,бензин,10,0,1,1,1,0,0,0,0,0,0,0,0,0,0,0,0,0,0,0,0,1,0
1500000.0,Honda GL 1800 Gold Wing,Благовещенск,71000.0,1800,бензин,11,0,1,1,1,0,0,0,0,0,0,0,0,0,1,0,0,0,0,0,0,0,0
1500000.0,Honda Fury,Иркутск,30000.0,1300,бензин,12,0,1,1,1,0,0,0,0,0,0,0,0,0,1,0,0,0,0,0,0,0,0
1500000.0,Honda CRF 1000L Africa Twin,Владивосток,8917.0,1000,бензин,6,0,1,1,1,0,0,0,0,0,0,0,0,0,1,0,0,0,0,0,0,0,0
1500000.0,Honda VT 1300CX Fury,Иркутск,30000.0,1300,бензин,12,0,1,1,1,0,0,0,0,0,0,0,0,0,1,0,0,0,0,0,0,0,0
1500000.0,KTM 1290 Super Adventure S,Япония<!-- --> <!-- -->→<!-- --> <!-- -->Владивосток,16000.0,1290,бензин,6,0,1,1,1,0,0,0,0,0,0,0,0,0,0,0,0,0,0,0,0,0,1
1500000.0,Harley-Davidson Night Rod Special VRSCDX,Томск,4775.0,1131,бензин,18,0,1,1,1,0,0,0,0,0,0,0,0,1,0,0,0,0,0,0,0,0,0
1500000.0,Suzuki Intruder,Нефтеюганск,10183.0,1800,бензин,10,1,1,1,1,0,0,0,0,0,0,0,0,0,0,0,0,0,0,1,0,0,0
1500000.0,Ducati XDiavel,Япония<!-- --> <!-- -->→<!-- --> <!-- -->Владивосток,8354.0,1260,бензин,7,0,1,1,1,0,0,0,0,0,0,0,1,0,0,0,0,0,0,0,0,0,0
1500000.0,Triumph Bonneville T120,Япония<!-- --> <!-- -->→<!-- --> <!-- -->Владивосток,1262.0,1200,бензин,2,0,1,1,1,0,0,0,0,0,0,0,0,0,0,0,0,0,0,0,1,0,0
1500000.0,Harley-Davidson Sportster Iron 883 XL883N,Новосибирск,18520.0,883,бензин,8,0,1,1,0,0,0,0,1,0,0,0,0,1,0,0,0,0,0,0,0,0,0
1500000.0,Honda GL 1800 Gold Wing,Красноярск,61000.0,1800,бензин,20,0,1,1,0,0,0,0,1,0,0,0,0,0,1,0,0,0,0,0,0,0,0
1515000.0,BMW R 18,Япония<!-- --> <!-- -->→<!-- --> <!-- -->Владивосток,5793.0,1800,бензин,3,0,1,1,1,0,0,0,0,0,0,0,0,0,0,0,0,0,0,0,0,0,1
1515000.0,BMW F 900 R,Япония<!-- --> <!-- -->→<!-- --> <!-- -->Владивосток,4415.0,894,бензин,1,0,1,1,1,0,0,0,0,0,0,0,0,0,0,0,0,0,0,0,0,0,1
1519000.0,Kawasaki Z 1000,Владивосток,4000.0,1000,бензин,8,0,1,1,1,0,0,0,0,0,0,0,0,0,0,0,1,0,0,0,0,0,0
1520000.0,Yamaha Tenere 700,Владивосток,23.0,700,бензин,4,0,1,1,1,0,0,0,0,0,0,0,0,0,0,0,0,0,0,0,0,1,0
1520000.0,Yamaha Tenere 700,Япония<!-- --> <!-- -->→<!-- --> <!-- -->Владивосток,6700.0,700,бензин,4,0,1,1,1,0,0,0,0,0,0,0,0,0,0,0,0,0,0,0,0,1,0
1520000.0,Yamaha Super Tenere 1200,Владивосток,23830.0,1200,бензин,11,0,1,1,1,0,0,0,0,0,0,0,0,0,0,0,0,0,0,0,0,1,0
1530000.0,Honda CBR 1000RA Fireblade,Москва,9500.0,999,бензин,8,0,1,1,0,0,1,0,0,0,0,0,0,0,1,0,0,0,0,0,0,0,0
1530000.0,Kawasaki Ninja 1000SX,Владивосток,1800.0,1000,бензин,4,0,1,1,1,0,0,0,0,0,0,0,0,0,0,0,1,0,0,0,0,0,0
1538000.0,Suzuki Boulevard C50,Шымкент,1.0,850,бензин,13,0,1,1,1,0,0,0,0,0,0,0,0,0,0,0,0,0,0,1,0,0,0
1540000.0,Ducati XDiavel,Япония<!-- --> <!-- -->→<!-- --> <!-- -->Владивосток,19726.0,1260,бензин,5,0,1,1,1,0,0,0,0,0,0,0,1,0,0,0,0,0,0,0,0,0,0
1540000.0,Harley-Davidson Heritage Softail Classic,Япония<!-- --> <!-- -->→<!-- --> <!-- -->Владивосток,7570.0,1750,бензин,4,0,1,1,1,0,0,0,0,0,0,0,0,1,0,0,0,0,0,0,0,0,0
1543000.0,Indian Roadmaster,Минск,50100.0,1811,бензин,7,0,1,1,1,0,0,0,0,0,0,0,0,0,0,1,0,0,0,0,0,0,0
1545000.0,Yamaha V-Max,Япония<!-- --> <!-- -->→<!-- --> <!-- -->Владивосток,19087.0,1700,бензин,11,0,1,1,1,0,0,0,0,0,0,0,0,0,0,0,0,0,0,0,0,1,0
1550000.0,Harley-Davidson Dyna Street Bob,Москва,5500.0,1800,бензин,4,0,1,1,0,0,1,0,0,0,0,0,0,1,0,0,0,0,0,0,0,0,0
1550000.0,Yamaha Tenere 700,Владивосток,3454.0,700,бензин,4,0,1,1,1,0,0,0,0,0,0,0,0,0,0,0,0,0,0,0,0,1,0
1550000.0,Yamaha MT-10,Япония<!-- --> <!-- -->→<!-- --> <!-- -->Владивосток,1195.0,1000,бензин,7,0,1,1,1,0,0,0,0,0,0,0,0,0,0,0,0,0,0,0,0,1,0
1550000.0,Honda CBR 1000RA Fireblade,Краснодар,22000.0,999,бензин,8,0,1,1,0,0,0,0,1,0,0,0,0,0,1,0,0,0,0,0,0,0,0
1550000.0,Yamaha MT-10 SP,Владивосток,20240.0,1000,бензин,8,0,1,1,1,0,0,0,0,0,0,0,0,0,0,0,0,0,0,0,0,1,0
1550000.0,Ducati Diavel Carbon,Новосибирск,7300.0,1200,бензин,10,0,1,1,0,0,0,0,1,0,0,0,1,0,0,0,0,0,0,0,0,0,0
1550000.0,Yamaha Tenere 700,Томск,3930.0,689,бензин,2,0,1,1,1,0,0,0,0,0,0,0,0,0,0,0,0,0,0,0,0,1,0
1550000.0,Yamaha FJR 1300A,Япония<!-- --> <!-- -->→<!-- --> <!-- -->Владивосток,640.0,1300,бензин,3,0,1,1,1,0,0,0,0,0,0,0,0,0,0,0,0,0,0,0,0,1,0
1550000.0,Honda CB 1000R,Владивосток,1782.0,1000,бензин,4,0,1,1,1,0,0,0,0,0,0,0,0,0,1,0,0,0,0,0,0,0,0
1550000.0,Harley-Davidson Sportster 1250S,Владивосток,6078.0,1250,бензин,3,0,1,1,1,0,0,0,0,0,0,0,0,1,0,0,0,0,0,0,0,0,0
1550000.0,Kawasaki VN Vulcan 1700 Voyager,Горячий Ключ,33000.0,1700,бензин,13,0,1,1,1,0,0,0,0,0,0,0,0,0,0,0,1,0,0,0,0,0,0
1550000.0,Yamaha MT-09 Tracer,Владивосток,5899.0,900,бензин,4,0,1,1,1,0,0,0,0,0,0,0,0,0,0,0,0,0,0,0,0,1,0
1550000.0,BMW R 1250 R,Япония<!-- --> <!-- -->→<!-- --> <!-- -->Владивосток,4500.0,1250,бензин,4,0,1,1,1,0,0,0,0,0,0,0,0,0,0,0,0,0,0,0,0,0,1
1550000.0,BMW R 1200 GS Adventure,Уссурийск,42500.0,1200,бензин,10,0,1,1,1,0,0,0,0,0,0,0,0,0,0,0,0,0,0,0,0,0,1
1550000.0,Harley-Davidson Electra Glide,Япония<!-- --> <!-- -->→<!-- --> <!-- -->Владивосток,45000.0,1690,бензин,10,0,1,1,1,0,0,0,0,0,0,0,0,1,0,0,0,0,0,0,0,0,0
1550000.0,Kawasaki Versys 1000,Япония<!-- --> <!-- -->→<!-- --> <!-- -->Владивосток,7000.0,1000,бензин,6,0,1,1,1,0,0,0,0,0,0,0,0,0,0,0,1,0,0,0,0,0,0
1555000.0,BMW R 1250 RS,Япония<!-- --> <!-- -->→<!-- --> <!-- -->Владивосток,2163.0,1254,бензин,1,0,1,1,1,0,0,0,0,0,0,0,0,0,0,0,0,0,0,0,0,0,1
1555000.0,Triumph Bonneville,Япония<!-- --> <!-- -->→<!-- --> <!-- -->Владивосток,164.0,1200,бензин,1,0,1,1,1,0,0,0,0,0,0,0,0,0,0,0,0,0,0,0,1,0,0
1560000.0,Harley-Davidson Heritage Softail Classic,Япония<!-- --> <!-- -->→<!-- --> <!-- -->Владивосток,16719.0,1868,бензин,6,0,1,1,1,0,0,0,0,0,0,0,0,1,0,0,0,0,0,0,0,0,0
1560000.0,Kawasaki Z 1000,Санкт-Петербург,21468.0,1000,бензин,3,0,1,1,0,0,0,0,0,1,0,0,0,0,0,0,1,0,0,0,0,0,0
1570000.0,Yamaha MT-10 SP,Артём,11500.0,997,бензин,8,0,1,1,1,0,0,0,0,0,0,0,0,0,0,0,0,0,0,0,0,1,0
1570000.0,Harley-Davidson Heritage,Владивосток,9000.0,1690,бензин,8,0,1,1,1,0,0,0,0,0,0,0,0,1,0,0,0,0,0,0,0,0,0
1570000.0,Harley-Davidson Sportster 1250S,Владивосток,3099.0,1250,бензин,4,0,1,1,1,0,0,0,0,0,0,0,0,1,0,0,0,0,0,0,0,0,0
1570000.0,Triumph Tiger 900 Rally Pro,Япония<!-- --> <!-- -->→<!-- --> <!-- -->Владивосток,2027.0,900,бензин,2,0,1,1,1,0,0,0,0,0,0,0,0,0,0,0,0,0,0,0,1,0,0
1570000.0,Kawasaki Ninja ZX-6R,Япония<!-- --> <!-- -->→<!-- --> <!-- -->Владивосток,300.0,636,бензин,4,0,1,1,1,0,0,0,0,0,0,0,0,0,0,0,1,0,0,0,0,0,0
1570000.0,Suzuki GSX-R 1000,Красноярск,30000.0,1000,бензин,9,0,1,1,0,0,0,0,1,0,0,0,0,0,0,0,0,0,0,1,0,0,0
1575000.0,Yamaha Tenere 700,Владивосток,4373.0,700,бензин,4,0,1,1,1,0,0,0,0,0,0,0,0,0,0,0,0,0,0,0,0,1,0
1575000.0,Kawasaki Ninja 1000,Владивосток,205.0,1000,бензин,4,0,1,1,1,0,0,0,0,0,0,0,0,0,0,0,1,0,0,0,0,0,0
1580000.0,Triumph Tiger 900 GT Pro,Владивосток,21971.0,900,бензин,4,0,1,1,1,0,0,0,0,0,0,0,0,0,0,0,0,0,0,0,1,0,0
1585000.0,BMW K 1600 GTL,Япония<!-- --> <!-- -->→<!-- --> <!-- -->Владивосток,5015.0,1600,бензин,4,0,1,1,1,0,0,0,0,0,0,0,0,0,0,0,0,0,0,0,0,0,1
1590000.0,Harley-Davidson Road Glide Special FLTRXS,Москва,50600.0,1690,бензин,7,0,1,1,0,0,1,0,0,0,0,0,0,1,0,0,0,0,0,0,0,0,0
1590000.0,BMW HP 2,Япония<!-- --> <!-- -->→<!-- --> <!-- -->Владивосток,22712.0,1200,бензин,19,0,1,1,1,0,0,0,0,0,0,0,0,0,0,0,0,0,0,0,0,0,1
1590000.0,BMW R 18,Япония<!-- --> <!-- -->→<!-- --> <!-- -->Владивосток,1378.0,1800,бензин,2,0,1,1,1,0,0,0,0,0,0,0,0,0,0,0,0,0,0,0,0,0,1
1590000.0,BMW R 1250 R,Владивосток,800.0,1254,бензин,3,0,1,1,1,0,0,0,0,0,0,0,0,0,0,0,0,0,0,0,0,0,1
1590000.0,Ducati XDiavel,Япония<!-- --> <!-- -->→<!-- --> <!-- -->Владивосток,8887.0,1262,бензин,9,0,1,1,1,0,0,0,0,0,0,0,1,0,0,0,0,0,0,0,0,0,0
1594000.0,KTM 1290 Super Duke GT,Москва,25000.0,1301,бензин,5,0,1,1,0,0,1,0,0,0,0,0,0,0,0,0,0,0,0,0,0,0,1
1599000.0,Yamaha MT-09,Москва,1.0,889,бензин,3,0,1,1,0,0,1,0,0,0,0,0,0,0,0,0,0,0,0,0,0,1,0
1600000.0,BMW S 1000 RR,Владивосток,33000.0,999,бензин,7,0,1,1,1,0,0,0,0,0,0,0,0,0,0,0,0,0,0,0,0,0,1
1600000.0,Yamaha Tenere 700,Владивосток,9535.0,700,бензин,4,0,1,1,1,0,0,0,0,0,0,0,0,0,0,0,0,0,0,0,0,1,0
1600000.0,BMW R 1250 R,Омск,2792.0,1250,бензин,6,0,1,1,0,0,0,0,1,0,0,0,0,0,0,0,0,0,0,0,0,0,1
1600000.0,Kawasaki Ninja ZX-6R,Владивосток,83.0,650,бензин,1,0,1,1,1,0,0,0,0,0,0,0,0,0,0,0,1,0,0,0,0,0,0
1610000.0,Kawasaki Ninja 1000SX,Япония<!-- --> <!-- -->→<!-- --> <!-- -->Владивосток,117.0,1000,бензин,1,0,1,1,1,0,0,0,0,0,0,0,0,0,0,0,1,0,0,0,0,0,0
1610000.0,Yamaha MT-10 SP,Владивосток,13404.0,1000,бензин,6,0,1,1,1,0,0,0,0,0,0,0,0,0,0,0,0,0,0,0,0,1,0
1610000.0,Yamaha XT 1200ZE Super Tenere,Владивосток,26800.0,1200,бензин,6,0,1,1,1,0,0,0,0,0,0,0,0,0,0,0,0,0,0,0,0,1,0
1615000.0,Harley-Davidson Road Glide,Брест,38000.0,1700,бензин,9,0,1,1,1,0,0,0,0,0,0,0,0,1,0,0,0,0,0,0,0,0,0
1620000.0,BMW R 1200 RT,Воронеж,69000.0,1200,бензин,10,0,1,1,0,0,0,0,1,0,0,0,0,0,0,0,0,0,0,0,0,0,1
1620000.0,Yamaha Tenere 700,Япония<!-- --> <!-- -->→<!-- --> <!-- -->Владивосток,900.0,700,бензин,4,0,1,1,1,0,0,0,0,0,0,0,0,0,0,0,0,0,0,0,0,1,0
1625000.0,Kawasaki Ninja ZX-10R,Владивосток,18000.0,1000,бензин,8,0,1,1,1,0,0,0,0,0,0,0,0,0,0,0,1,0,0,0,0,0,0
1630000.0,Ducati XDiavel,Китай<!-- --> <!-- -->→<!-- --> <!-- -->Владивосток,18900.0,1200,бензин,7,0,1,1,1,0,0,0,0,0,0,0,1,0,0,0,0,0,0,0,0,0,0
1630000.0,BMW S 1000 R,Красноярск,14000.0,1000,бензин,11,0,1,1,0,0,0,0,1,0,0,0,0,0,0,0,0,0,0,0,0,0,1
1630000.0,BMW R 1200 GS Adventure,Япония<!-- --> <!-- -->→<!-- --> <!-- -->Владивосток,30000.0,1200,бензин,9,0,1,1,1,0,0,0,0,0,0,0,0,0,0,0,0,0,0,0,0,0,1
1640000.0,Ducati Multistrada 1200 S,Япония<!-- --> <!-- -->→<!-- --> <!-- -->Владивосток,4739.0,1260,бензин,7,0,1,1,1,0,0,0,0,0,0,0,1,0,0,0,0,0,0,0,0,0,0
1640000.0,Harley-Davidson Street Glide Special FLHXS,Владивосток,34000.0,1690,бензин,11,0,1,1,1,0,0,0,0,0,0,0,0,1,0,0,0,0,0,0,0,0,0
1640000.0,Ducati Streetfighter V2,Япония<!-- --> <!-- -->→<!-- --> <!-- -->Владивосток,9281.0,950,бензин,2,0,1,1,1,0,0,0,0,0,0,0,1,0,0,0,0,0,0,0,0,0,0
1645000.0,Ducati Diavel,Япония<!-- --> <!-- -->→<!-- --> <!-- -->Владивосток,3767.0,1200,бензин,13,0,1,1,1,0,0,0,0,0,0,0,1,0,0,0,0,0,0,0,0,0,0
1650000.0,BMW R 1250 GS,Владивосток,40486.0,1254,бензин,6,0,1,1,1,0,0,0,0,0,0,0,0,0,0,0,0,0,0,0,0,0,1
1650000.0,Yamaha MT-10 SP,Япония<!-- --> <!-- -->→<!-- --> <!-- -->Владивосток,11000.0,1000,бензин,7,0,1,1,1,0,0,0,0,0,0,0,0,0,0,0,0,0,0,0,0,1,0
1650000.0,Honda GL 1800 F6B Bagger,Алушта,7400.0,1800,бензин,12,0,1,1,1,0,0,0,0,0,0,0,0,0,1,0,0,0,0,0,0,0,0
1650000.0,Ducati Panigale V2,Япония<!-- --> <!-- -->→<!-- --> <!-- -->Владивосток,11137.0,955,бензин,2,0,1,1,1,0,0,0,0,0,0,0,1,0,0,0,0,0,0,0,0,0,0
1650000.0,Indian Chieftain,Москва,32000.0,1811,бензин,7,0,1,1,0,0,1,0,0,0,0,0,0,0,0,1,0,0,0,0,0,0,0
1650000.0,Yamaha FJR 1300AS,Япония<!-- --> <!-- -->→<!-- --> <!-- -->Владивосток,4.0,1300,бензин,4,0,1,1,1,0,0,0,0,0,0,0,0,0,0,0,0,0,0,0,0,1,0
1650000.0,Yamaha MT-10 SP,Владивосток,19172.0,1000,бензин,6,0,1,1,1,0,0,0,0,0,0,0,0,0,0,0,0,0,0,0,0,1,0
1650000.0,Honda GL 1800 F6B Bagger,Краснодар,32000.0,1800,бензин,12,0,1,1,0,0,0,0,1,0,0,0,0,0,1,0,0,0,0,0,0,0,0
1650000.0,Husqvarna TE 300,Новосибирск,1.0,300,бензин,0,0,0,1,0,0,0,0,1,0,0,0,0,0,0,0,0,0,0,0,0,0,1
1650000.0,Ducati 1299 Panigale S,Екатеринбург,27000.0,1300,бензин,9,0,0,1,0,0,0,0,1,0,0,0,1,0,0,0,0,0,0,0,0,0,0
1650000.0,Yamaha XT 1200ZE Super Tenere,Новосибирск,60000.0,1200,бензин,6,0,1,1,0,0,0,0,1,0,0,0,0,0,0,0,0,0,0,0,0,1,0
1650000.0,Triumph Tiger 1200 XR,Новосибирск,15000.0,1215,бензин,6,0,1,1,0,0,0,0,1,0,0,0,0,0,0,0,0,0,0,0,1,0,0
1650000.0,Yamaha MT-09 Tracer,Москва,6720.0,900,бензин,4,0,1,1,0,0,1,0,0,0,0,0,0,0,0,0,0,0,0,0,0,1,0
1654000.0,Harley-Davidson Dyna Street Bob,Иркутск,4000.0,1753,бензин,6,0,1,1,1,0,0,0,0,0,0,0,0,1,0,0,0,0,0,0,0,0,0
1660000.0,BMW R,Япония<!-- --> <!-- -->→<!-- --> <!-- -->Владивосток,3.0,1200,бензин,1,0,1,1,1,0,0,0,0,0,0,0,0,0,0,0,0,0,0,0,0,0,1
1660000.0,BMW R 1250 R,Владивосток,1222.0,1250,бензин,6,0,1,1,1,0,0,0,0,0,0,0,0,0,0,0,0,0,0,0,0,0,1
1670000.0,BMW R nineT Scrambler,Япония<!-- --> <!-- -->→<!-- --> <!-- -->Владивосток,3410.0,1200,бензин,7,0,1,1,1,0,0,0,0,0,0,0,0,0,0,0,0,0,0,0,0,0,1
1670000.0,Ducati Diavel 1260,Япония<!-- --> <!-- -->→<!-- --> <!-- -->Владивосток,10377.0,1260,бензин,6,0,1,1,1,0,0,0,0,0,0,0,1,0,0,0,0,0,0,0,0,0,0
1680000.0,BMW R 1200 RT,Владивосток,12566.0,1200,бензин,8,0,1,1,1,0,0,0,0,0,0,0,0,0,0,0,0,0,0,0,0,0,1
1680000.0,Harley-Davidson Fat Boy,Япония<!-- --> <!-- -->→<!-- --> <!-- -->Владивосток,2056.0,1750,бензин,6,0,1,1,1,0,0,0,0,0,0,0,0,1,0,0,0,0,0,0,0,0,0
1690000.0,Harley-Davidson Pan America 1250,Краснодар,390.0,1250,бензин,4,0,1,1,0,0,0,0,1,0,0,0,0,1,0,0,0,0,0,0,0,0,0
1690000.0,Harley-Davidson Breakout FXSB,Япония<!-- --> <!-- -->→<!-- --> <!-- -->Владивосток,20000.0,1580,бензин,11,0,1,1,1,0,0,0,0,0,0,0,0,1,0,0,0,0,0,0,0,0,0
1690000.0,Harley-Davidson Electra Glide,Япония<!-- --> <!-- -->→<!-- --> <!-- -->Владивосток,18750.0,1690,бензин,11,0,1,1,1,0,0,0,0,0,0,0,0,1,0,0,0,0,0,0,0,0,0
1690000.0,Harley-Davidson Electra Glide,Япония<!-- --> <!-- -->→<!-- --> <!-- -->Владивосток,37000.0,1690,бензин,10,0,1,1,1,0,0,0,0,0,0,0,0,1,0,0,0,0,0,0,0,0,0
1690000.0,Triumph Tiger 1200,Владивосток,25000.0,1200,бензин,6,0,1,1,1,0,0,0,0,0,0,0,0,0,0,0,0,0,0,0,1,0,0
1700000.0,Indian Scout Bobber,Москва,17000.0,1200,бензин,5,0,1,1,0,0,1,0,0,0,0,0,0,0,0,1,0,0,0,0,0,0,0
1700000.0,Triumph Speed Triple,Япония<!-- --> <!-- -->→<!-- --> <!-- -->Владивосток,1000.0,1200,бензин,4,0,1,1,1,0,0,0,0,0,0,0,0,0,0,0,0,0,0,0,1,0,0
1700000.0,Honda GL 1800,Благовещенск,71000.0,1800,бензин,11,0,1,1,1,0,0,0,0,0,0,0,0,0,1,0,0,0,0,0,0,0,0
1700000.0,Honda GL 1800 Gold Wing,Тюмень,41000.0,1800,бензин,13,0,1,1,1,0,0,0,0,0,0,0,0,0,1,0,0,0,0,0,0,0,0
1700000.0,Harley-Davidson Electra Glide,Владивосток,24000.0,1690,бензин,11,0,1,1,1,0,0,0,0,0,0,0,0,1,0,0,0,0,0,0,0,0,0
1710000.0,Ducati XDiavel,Япония<!-- --> <!-- -->→<!-- --> <!-- -->Владивосток,8355.0,1260,бензин,7,0,1,1,1,0,0,0,0,0,0,0,1,0,0,0,0,0,0,0,0,0,0
1715000.0,BMW R 1250 GS,Япония<!-- --> <!-- -->→<!-- --> <!-- -->Владивосток,6606.0,1250,бензин,5,0,1,1,1,0,0,0,0,0,0,0,0,0,0,0,0,0,0,0,0,0,1
1720000.0,Honda CB 1000R,Япония<!-- --> <!-- -->→<!-- --> <!-- -->Владивосток,2900.0,1000,бензин,4,0,1,1,1,0,0,0,0,0,0,0,0,0,1,0,0,0,0,0,0,0,0
1720000.0,Honda VTR 1000,Япония<!-- --> <!-- -->→<!-- --> <!-- -->Владивосток,15893.0,1000,бензин,18,0,1,1,1,0,0,0,0,0,0,0,0,0,1,0,0,0,0,0,0,0,0
1720000.0,BMW R 1200 GS,Владивосток,16000.0,1200,бензин,8,0,1,1,1,0,0,0,0,0,0,0,0,0,0,0,0,0,0,0,0,0,1
1720000.0,Harley-Davidson Road King,Владивосток,37516.0,1750,бензин,6,0,1,1,1,0,0,0,0,0,0,0,0,1,0,0,0,0,0,0,0,0,0
1725000.0,Kawasaki Z,Япония<!-- --> <!-- -->→<!-- --> <!-- -->Владивосток,147.0,1000,бензин,1,0,1,1,1,0,0,0,0,0,0,0,0,0,0,0,1,0,0,0,0,0,0
1740000.0,Ducati XDiavel,Япония<!-- --> <!-- -->→<!-- --> <!-- -->Владивосток,3773.0,1262,бензин,9,0,1,1,1,0,0,0,0,0,0,0,1,0,0,0,0,0,0,0,0,0,0
1740000.0,Ducati Streetfighter V2,Япония<!-- --> <!-- -->→<!-- --> <!-- -->Владивосток,5411.0,950,бензин,3,0,1,1,1,0,0,0,0,0,0,0,1,0,0,0,0,0,0,0,0,0,0
1740000.0,Harley-Davidson Electra Glide,Япония<!-- --> <!-- -->→<!-- --> <!-- -->Владивосток,14000.0,1690,бензин,11,0,1,1,1,0,0,0,0,0,0,0,0,1,0,0,0,0,0,0,0,0,0
1745000.0,BMW R 1200 RT,Япония<!-- --> <!-- -->→<!-- --> <!-- -->Владивосток,9880.0,1200,бензин,6,0,1,1,1,0,0,0,0,0,0,0,0,0,0,0,0,0,0,0,0,0,1
1750000.0,Honda Africa Twin,Абакан,30000.0,1100,бензин,6,0,1,1,1,0,0,0,0,0,0,0,0,0,1,0,0,0,0,0,0,0,0
1750000.0,Harley-Davidson Road King,Владивосток,30288.0,1750,бензин,6,0,1,1,1,0,0,0,0,0,0,0,0,1,0,0,0,0,0,0,0,0,0
1750000.0,Harley-Davidson Springer Softail,Москва,39000.0,1340,бензин,34,0,1,0,0,0,1,0,0,0,0,0,0,1,0,0,0,0,0,0,0,0,0
1750000.0,Honda NT 1100,Владивосток,2000.0,1100,бензин,4,1,1,1,1,0,0,0,0,0,0,0,0,0,1,0,0,0,0,0,0,0,0
1750000.0,Harley-Davidson Road Glide Special FLTRXS,США<!-- --> <!-- -->→<!-- --> <!-- -->Москва,26819.0,1868,бензин,2,0,1,1,1,0,0,0,0,0,0,0,0,1,0,0,0,0,0,0,0,0,0
1755000.0,Harley-Davidson Heritage Softail Classic,Владивосток,6851.0,1868,бензин,1,0,1,1,1,0,0,0,0,0,0,0,0,1,0,0,0,0,0,0,0,0,0
1755000.0,Ducati Streetfighter V4 S,Япония<!-- --> <!-- -->→<!-- --> <!-- -->Владивосток,6892.0,1100,бензин,4,0,1,1,1,0,0,0,0,0,0,0,1,0,0,0,0,0,0,0,0,0,0
1765000.0,Suzuki GSX 1300R Hayabusa,Япония<!-- --> <!-- -->→<!-- --> <!-- -->Владивосток,7322.0,1340,бензин,3,0,1,1,1,0,0,0,0,0,0,0,0,0,0,0,0,0,0,1,0,0,0
1775000.0,Kawasaki Z,Япония<!-- --> <!-- -->→<!-- --> <!-- -->Владивосток,4687.0,1000,бензин,2,0,1,1,1,0,0,0,0,0,0,0,0,0,0,0,1,0,0,0,0,0,0
1780000.0,Ducati Streetfighter V2,Япония<!-- --> <!-- -->→<!-- --> <!-- -->Владивосток,5644.0,955,бензин,2,0,1,1,1,0,0,0,0,0,0,0,1,0,0,0,0,0,0,0,0,0,0
1780000.0,Honda GL 1800 Gold Wing,Владивосток,34303.0,1800,бензин,13,0,1,1,1,0,0,0,0,0,0,0,0,0,1,0,0,0,0,0,0,0,0
1780000.0,Ducati Diavel 1260,Япония<!-- --> <!-- -->→<!-- --> <!-- -->Владивосток,6803.0,1260,бензин,6,0,1,1,1,0,0,0,0,0,0,0,1,0,0,0,0,0,0,0,0,0,0
1795000.0,Harley-Davidson Sportster 1250S,Новосибирск,3000.0,1250,бензин,4,0,1,1,0,0,0,0,1,0,0,0,0,1,0,0,0,0,0,0,0,0,0
1799000.0,Yamaha Tenere 700 Rally Edition,Москва,1.0,689,бензин,3,0,1,1,0,0,1,0,0,0,0,0,0,0,0,0,0,0,0,0,0,1,0
1799000.0,Harley-Davidson Pan America,Находка,1.0,1250,бензин,4,0,1,1,1,0,0,0,0,0,0,0,0,1,0,0,0,0,0,0,0,0,0
1799999.0,Yamaha FJR 1300,Омск,10000.0,1300,бензин,6,1,1,1,0,0,0,0,1,0,0,0,0,0,0,0,0,0,0,0,0,1,0
1800000.0,Harley-Davidson Heritage,Япония<!-- --> <!-- -->→<!-- --> <!-- -->Владивосток,18000.0,1870,бензин,8,0,1,1,1,0,0,0,0,0,0,0,0,1,0,0,0,0,0,0,0,0,0
1800000.0,BRP Can-Am Spyder,Омск,22000.0,1000,бензин,14,1,1,1,0,0,0,0,1,0,0,0,0,0,0,0,0,0,0,0,0,0,1
1800000.0,BRP Can-Am Spyder RT-S,Екатеринбург,5200.0,1000,бензин,14,0,1,1,0,0,0,0,1,0,0,0,0,0,0,0,0,0,0,0,0,0,1
1800000.0,Ducati 999,Юрга,15000.0,999,бензин,19,0,1,1,1,0,0,0,0,0,0,0,1,0,0,0,0,0,0,0,0,0,0
1800000.0,Indian FTR 1200 S,Кисловодск,800.0,1203,бензин,6,0,1,1,1,0,0,0,0,0,0,0,0,0,0,1,0,0,0,0,0,0,0
1800000.0,Honda CRF 1000L Africa Twin,Томск,16155.0,998,бензин,6,1,1,1,1,0,0,0,0,0,0,0,0,0,1,0,0,0,0,0,0,0,0
1800000.0,Harley-Davidson Softail Slim S FLSS,Москва,24850.0,1801,бензин,9,0,1,1,0,0,1,0,0,0,0,0,0,1,0,0,0,0,0,0,0,0,0
1800000.0,Honda GL 1800,Москва,19500.0,1800,бензин,12,0,1,1,0,0,1,0,0,0,0,0,0,0,1,0,0,0,0,0,0,0,0
1800000.0,BMW R 1200 GS,Барнаул,4500.0,1200,бензин,6,0,1,1,1,0,0,0,0,0,0,0,0,0,0,0,0,0,0,0,0,0,1
1810000.0,Ducati Panigale V2,Япония<!-- --> <!-- -->→<!-- --> <!-- -->Владивосток,4336.0,955,бензин,2,0,1,1,1,0,0,0,0,0,0,0,1,0,0,0,0,0,0,0,0,0,0
1810000.0,Harley-Davidson Street Glide Special FLHXS,Минск,18500.0,1870,бензин,6,0,1,1,1,0,0,0,0,0,0,0,0,1,0,0,0,0,0,0,0,0,0
1810000.0,Harley-Davidson Sportster 1250S,Москва,2800.0,1250,бензин,4,0,1,1,0,0,1,0,0,0,0,0,0,1,0,0,0,0,0,0,0,0,0
1820000.0,Honda NT 1100,Владивосток,1192.0,1100,бензин,2,1,1,1,1,0,0,0,0,0,0,0,0,0,1,0,0,0,0,0,0,0,0
1820000.0,Harley-Davidson Fat Bob,Япония<!-- --> <!-- -->→<!-- --> <!-- -->Владивосток,8970.0,1870,бензин,7,0,1,1,1,0,0,0,0,0,0,0,0,1,0,0,0,0,0,0,0,0,0
1820000.0,BMW R 1250 GS,Япония<!-- --> <!-- -->→<!-- --> <!-- -->Владивосток,6079.0,1254,бензин,3,0,1,1,1,0,0,0,0,0,0,0,0,0,0,0,0,0,0,0,0,0,1
1825000.0,Ducati Panigale V2,Япония<!-- --> <!-- -->→<!-- --> <!-- -->Владивосток,1544.0,955,бензин,3,0,1,1,1,0,0,0,0,0,0,0,1,0,0,0,0,0,0,0,0,0,0
1830000.0,Honda CRF 1100L Africa Twin,Владивосток,14.0,1100,бензин,4,1,1,1,1,0,0,0,0,0,0,0,0,0,1,0,0,0,0,0,0,0,0
1840000.0,BMW R 1250 GS Adventure,Япония<!-- --> <!-- -->→<!-- --> <!-- -->Владивосток,13668.0,1250,бензин,6,0,1,1,1,0,0,0,0,0,0,0,0,0,0,0,0,0,0,0,0,0,1
1840000.0,Triumph Rocket III,Владивосток,14000.0,2500,бензин,4,0,1,1,1,0,0,0,0,0,0,0,0,0,0,0,0,0,0,0,1,0,0
1840000.0,BMW S 1000 RR,Япония<!-- --> <!-- -->→<!-- --> <!-- -->Владивосток,4540.0,999,бензин,5,0,1,1,1,0,0,0,0,0,0,0,0,0,0,0,0,0,0,0,0,0,1
1845000.0,Ducati Panigale V2,Япония<!-- --> <!-- -->→<!-- --> <!-- -->Владивосток,2138.0,959,бензин,1,0,1,1,1,0,0,0,0,0,0,0,1,0,0,0,0,0,0,0,0,0,0
1850000.0,Honda GL 1800 Gold Wing,Иркутск,56000.0,1800,бензин,12,0,1,1,1,0,0,0,0,0,0,0,0,0,1,0,0,0,0,0,0,0,0
1850000.0,Harley-Davidson Street Glide,Ижевск,15800.0,1700,бензин,5,0,1,1,1,0,0,0,0,0,0,0,0,1,0,0,0,0,0,0,0,0,0
1850000.0,BMW F 850 GS,Новосибирск,1.0,850,бензин,3,0,1,1,0,0,0,0,1,0,0,0,0,0,0,0,0,0,0,0,0,0,1
1850000.0,Yamaha YZF-R1M,Хабаровск,16000.0,999,бензин,10,0,1,1,1,0,0,0,0,0,0,0,0,0,0,0,0,0,0,0,0,1,0
1850000.0,Husqvarna Norden 901 Expedition,Краснодар,23100.0,889,бензин,2,0,1,1,0,0,0,0,1,0,0,0,0,0,0,0,0,0,0,0,0,0,1
1850000.0,KTM 1290 Super Adventure S,Владивосток,2.0,1290,бензин,6,0,1,1,1,0,0,0,0,0,0,0,0,0,0,0,0,0,0,0,0,0,1
1850000.0,Honda CRF 1100L Africa Twin,Владивосток,1.0,1100,бензин,4,1,1,1,1,0,0,0,0,0,0,0,0,0,1,0,0,0,0,0,0,0,0
1850000.0,BMW S 1000 R,Краснодар,27000.0,999,бензин,3,0,1,1,0,0,0,0,1,0,0,0,0,0,0,0,0,0,0,0,0,0,1
1850000.0,Ducati Multistrada 1260 Enduro,Москва,16000.0,1260,бензин,5,0,1,1,0,0,1,0,0,0,0,0,1,0,0,0,0,0,0,0,0,0,0
1855000.0,Honda CRF 1100L Africa Twin,Улан-Удэ,7800.0,1100,бензин,5,1,1,1,1,0,0,0,0,0,0,0,0,0,1,0,0,0,0,0,0,0,0
1870000.0,Honda CRF 1100L Africa Twin,Москва,13000.0,1099,бензин,5,0,1,1,0,0,1,0,0,0,0,0,0,0,1,0,0,0,0,0,0,0,0
1880000.0,BMW R 1200 GS Adventure,Япония<!-- --> <!-- -->→<!-- --> <!-- -->Владивосток,16000.0,1200,бензин,7,0,1,1,1,0,0,0,0,0,0,0,0,0,0,0,0,0,0,0,0,0,1
1885000.0,Ducati Panigale V2,Япония<!-- --> <!-- -->→<!-- --> <!-- -->Владивосток,4113.0,955,бензин,3,0,1,1,1,0,0,0,0,0,0,0,1,0,0,0,0,0,0,0,0,0,0
1890000.0,Suzuki GSX 1300R Hayabusa,Япония<!-- --> <!-- -->→<!-- --> <!-- -->Владивосток,5440.0,1340,бензин,4,0,1,1,1,0,0,0,0,0,0,0,0,0,0,0,0,0,0,1,0,0,0
1895000.0,BMW R nineT,Япония<!-- --> <!-- -->→<!-- --> <!-- -->Владивосток,1350.0,1169,бензин,1,0,1,1,1,0,0,0,0,0,0,0,0,0,0,0,0,0,0,0,0,0,1
1895000.0,BMW S 1000 XR,Япония<!-- --> <!-- -->→<!-- --> <!-- -->Владивосток,835.0,1000,бензин,1,0,1,1,1,0,0,0,0,0,0,0,0,0,0,0,0,0,0,0,0,0,1
1899999.0,BMW S 1000 RR,Санкт-Петербург,10000.0,1000,бензин,7,0,1,1,0,0,0,0,0,1,0,0,0,0,0,0,0,0,0,0,0,0,1
1900000.0,BMW K 1300 R,Кемерово,6700.0,1300,бензин,10,0,1,1,1,0,0,0,0,0,0,0,0,0,0,0,0,0,0,0,0,0,1
1900000.0,Triumph Bonneville T120,Новосибирск,2150.0,1200,бензин,4,0,1,1,0,0,0,0,1,0,0,0,0,0,0,0,0,0,0,0,1,0,0
1900000.0,Triumph Bonneville T120,Новосибирск,2153.0,1200,бензин,4,0,1,1,0,0,0,0,1,0,0,0,0,0,0,0,0,0,0,0,1,0,0
1920000.0,Yamaha MT-10 SP,Япония<!-- --> <!-- -->→<!-- --> <!-- -->Владивосток,9000.0,1000,бензин,4,0,1,1,1,0,0,0,0,0,0,0,0,0,0,0,0,0,0,0,0,1,0
1950000.0,KTM 1290 Super Adventure S,Москва,32000.0,1301,бензин,4,0,1,1,0,0,1,0,0,0,0,0,0,0,0,0,0,0,0,0,0,0,1
1950000.0,Harley-Davidson Rocker C FXCWC,Красноярск,14470.0,1585,бензин,14,0,1,1,0,0,0,0,1,0,0,0,0,1,0,0,0,0,0,0,0,0,0
1950000.0,BMW S 1000 XR,Япония<!-- --> <!-- -->→<!-- --> <!-- -->Владивосток,19000.0,1000,бензин,5,0,1,1,1,0,0,0,0,0,0,0,0,0,0,0,0,0,0,0,0,0,1
1950000.0,Harley-Davidson Pan America 1250 Special,Москва,960.0,1250,бензин,4,0,1,1,0,0,1,0,0,0,0,0,0,1,0,0,0,0,0,0,0,0,0
1955000.0,BMW R nineT,Япония<!-- --> <!-- -->→<!-- --> <!-- -->Владивосток,1024.0,1169,бензин,1,0,1,1,1,0,0,0,0,0,0,0,0,0,0,0,0,0,0,0,0,0,1
1970000.0,Ducati Panigale V4 S,Япония<!-- --> <!-- -->→<!-- --> <!-- -->Владивосток,1958.0,1100,бензин,7,0,1,1,1,0,0,0,0,0,0,0,1,0,0,0,0,0,0,0,0,0,0
1980000.0,Suzuki GSX 1300R Hayabusa,Япония<!-- --> <!-- -->→<!-- --> <!-- -->Владивосток,1229.0,1340,бензин,4,0,1,1,1,0,0,0,0,0,0,0,0,0,0,0,0,0,0,1,0,0,0
1990000.0,Honda GL 1800 Gold Wing Tour,Япония<!-- --> <!-- -->→<!-- --> <!-- -->Владивосток,25000.0,1800,бензин,7,1,1,1,1,0,0,0,0,0,0,0,0,0,1,0,0,0,0,0,0,0,0
1990000.0,BMW R 1250 RT,Владивосток,14000.0,1250,бензин,6,0,1,1,1,0,0,0,0,0,0,0,0,0,0,0,0,0,0,0,0,0,1
1990000.0,BMW R 18 Transcontinental,Япония<!-- --> <!-- -->→<!-- --> <!-- -->Владивосток,2.0,1801,бензин,2,0,1,1,1,0,0,0,0,0,0,0,0,0,0,0,0,0,0,0,0,0,1
1999000.0,BMW R 1250 GS,Москва,7800.0,1250,бензин,6,0,1,1,0,0,1,0,0,0,0,0,0,0,0,0,0,0,0,0,0,0,1
2000000.0,Honda NT 1100,Сочи,43.0,1084,бензин,4,1,1,1,1,0,0,0,0,0,0,0,0,0,1,0,0,0,0,0,0,0,0
2000000.0,Honda GL 1800 Gold Wing,Владивосток,2465.0,1800,бензин,13,0,1,1,1,0,0,0,0,0,0,0,0,0,1,0,0,0,0,0,0,0,0
2000000.0,Harley-Davidson Fat Bob,Екатеринбург,8400.0,1868,бензин,4,0,1,1,0,0,0,0,1,0,0,0,0,1,0,0,0,0,0,0,0,0,0
2000000.0,BMW K 1600 GTL,Москва,57000.0,1649,бензин,8,0,1,1,0,0,1,0,0,0,0,0,0,0,0,0,0,0,0,0,0,0,1
2000000.0,Ducati Scrambler,Новосибирск,600.0,1100,бензин,3,0,1,1,0,0,0,0,1,0,0,0,1,0,0,0,0,0,0,0,0,0,0
2000000.0,Suzuki GSX 1300R Hayabusa,Япония<!-- --> <!-- -->→<!-- --> <!-- -->Владивосток,32.0,1339,бензин,1,0,1,1,1,0,0,0,0,0,0,0,0,0,0,0,0,0,0,1,0,0,0
2000000.0,Harley-Davidson Sportster 1250S,Красноярск,6750.0,1250,бензин,3,1,1,1,0,0,0,0,1,0,0,0,0,1,0,0,0,0,0,0,0,0,0
2060000.0,BMW S 1000 XR,Владивосток,7000.0,1000,бензин,5,0,1,1,1,0,0,0,0,0,0,0,0,0,0,0,0,0,0,0,0,0,1
2020000.0,Harley-Davidson Softail FXDR 114,Владивосток,4000.0,1870,бензин,7,0,1,1,1,0,0,0,0,0,0,0,0,1,0,0,0,0,0,0,0,0,0
2020000.0,Suzuki GSX 1300R Hayabusa,Япония<!-- --> <!-- -->→<!-- --> <!-- -->Владивосток,13000.0,1300,бензин,4,0,1,1,1,0,0,0,0,0,0,0,0,0,0,0,0,0,0,1,0,0,0
2030000.0,Honda GL 1800 Gold Wing,Новосибирск,54500.0,1800,бензин,13,0,1,1,0,0,0,0,1,0,0,0,0,0,1,0,0,0,0,0,0,0,0
2035000.0,Kawasaki Ninja,Япония<!-- --> <!-- -->→<!-- --> <!-- -->Владивосток,100.0,1000,бензин,1,0,1,1,1,0,0,0,0,0,0,0,0,0,0,0,1,0,0,0,0,0,0
2035000.0,Ducati Streetfighter V4 S,Япония<!-- --> <!-- -->→<!-- --> <!-- -->Владивосток,3166.0,1100,бензин,4,0,1,1,1,0,0,0,0,0,0,0,1,0,0,0,0,0,0,0,0,0,0
2050000.0,Honda CBR 1000RR Fireblade,Белгород,1500.0,999,бензин,4,0,1,1,1,0,0,0,0,0,0,0,0,0,1,0,0,0,0,0,0,0,0
2050000.0,Harley-Davidson Heritage,Владивосток,471.0,1890,бензин,7,0,1,1,1,0,0,0,0,0,0,0,0,1,0,0,0,0,0,0,0,0,0
2050000.0,Ducati Diavel 1260,Япония<!-- --> <!-- -->→<!-- --> <!-- -->Владивосток,2537.0,1260,бензин,4,0,1,1,1,0,0,0,0,0,0,0,1,0,0,0,0,0,0,0,0,0,0
2065000.0,Suzuki GSX 1300R Hayabusa,Япония<!-- --> <!-- -->→<!-- --> <!-- -->Владивосток,3553.0,1339,бензин,2,0,1,1,1,0,0,0,0,0,0,0,0,0,0,0,0,0,0,1,0,0,0
2070000.0,Kawasaki H2,Владивосток,4000.0,1000,бензин,4,0,1,1,1,0,0,0,0,0,0,0,0,0,0,0,1,0,0,0,0,0,0
2080000.0,Honda GL 1800 Gold Wing,Владивосток,5772.0,1800,бензин,11,0,1,1,1,0,0,0,0,0,0,0,0,0,1,0,0,0,0,0,0,0,0
2090000.0,Triumph Bonneville,Япония<!-- --> <!-- -->→<!-- --> <!-- -->Владивосток,1500.0,1200,бензин,5,0,1,1,1,0,0,0,0,0,0,0,0,0,0,0,0,0,0,0,1,0,0
2099000.0,Ducati Panigale V2,Екатеринбург,2051.0,955,бензин,4,0,1,1,0,0,0,0,1,0,0,0,1,0,0,0,0,0,0,0,0,0,0
2100000.0,Yamaha MT-10 SP,Тюмень,4100.0,998,бензин,5,0,1,1,1,0,0,0,0,0,0,0,0,0,0,0,0,0,0,0,0,1,0
2100000.0,KTM 1290 Super Adventure R,Владивосток,1.0,1290,бензин,3,0,1,1,1,0,0,0,0,0,0,0,0,0,0,0,0,0,0,0,0,0,1
2100000.0,Kawasaki Ninja ZX-10R,Владивосток,2075.0,1000,бензин,4,0,1,1,1,0,0,0,0,0,0,0,0,0,0,0,1,0,0,0,0,0,0
2100000.0,BMW S 1000 RR,Корея<!-- --> <!-- -->→<!-- --> <!-- -->Екатеринбург,4800.0,999,бензин,3,0,1,1,1,0,0,0,0,0,0,0,0,0,0,0,0,0,0,0,0,0,1
2100000.0,Ducati Panigale V2,Курган,3400.0,955,бензин,3,0,1,1,1,0,0,0,0,0,0,0,1,0,0,0,0,0,0,0,0,0,0
2105000.0,BMW R 1300 GS,Япония<!-- --> <!-- -->→<!-- --> <!-- -->Владивосток,10882.0,1300,бензин,1,0,1,1,1,0,0,0,0,0,0,0,0,0,0,0,0,0,0,0,0,0,1
2110000.0,Triumph Rocket III,Япония<!-- --> <!-- -->→<!-- --> <!-- -->Владивосток,6452.0,2500,бензин,4,0,1,1,1,0,0,0,0,0,0,0,0,0,0,0,0,0,0,0,1,0,0
2130000.0,Yamaha YZF-R1,Япония<!-- --> <!-- -->→<!-- --> <!-- -->Владивосток,1305.0,1000,бензин,2,0,1,1,1,0,0,0,0,0,0,0,0,0,0,0,0,0,0,0,0,1,0
2140000.0,BMW S 1000 R,Краснодар,11000.0,999,бензин,4,0,1,1,0,0,0,0,1,0,0,0,0,0,0,0,0,0,0,0,0,0,1
2150000.0,BMW R 1250 RT,Япония<!-- --> <!-- -->→<!-- --> <!-- -->Владивосток,9800.0,1250,бензин,6,0,1,1,1,0,0,0,0,0,0,0,0,0,0,0,0,0,0,0,0,0,1
2150000.0,Ducati Panigale V4,Москва,9895.0,1103,бензин,7,0,1,1,0,0,1,0,0,0,0,0,1,0,0,0,0,0,0,0,0,0,0
2150000.0,Honda GL 1800 Gold Wing,Владивосток,31000.0,1800,бензин,13,0,1,1,1,0,0,0,0,0,0,0,0,0,1,0,0,0,0,0,0,0,0
2150000.0,Ducati Streetfighter V4,Москва,8615.0,1103,бензин,3,0,1,1,0,0,1,0,0,0,0,0,1,0,0,0,0,0,0,0,0,0,0
2155000.0,BRP Can-Am Spyder F3-T,Минск,5000.0,1330,бензин,3,1,1,1,1,0,0,0,0,0,0,0,0,0,0,0,0,0,0,0,0,0,1
2160000.0,Honda GL 1800 F6B Bagger,Япония<!-- --> <!-- -->→<!-- --> <!-- -->Владивосток,6000.0,1800,бензин,6,1,1,1,1,0,0,0,0,0,0,0,0,0,1,0,0,0,0,0,0,0,0
2160000.0,Honda GL 1200,Кемерово,39393.0,1181,бензин,40,0,1,1,1,0,0,0,0,0,0,0,0,0,1,0,0,0,0,0,0,0,0
2170000.0,BMW R 1250 GS,Владивосток,14191.0,1250,бензин,4,0,1,1,1,0,0,0,0,0,0,0,0,0,0,0,0,0,0,0,0,0,1
2170000.0,BMW R 1250 RT,Япония<!-- --> <!-- -->→<!-- --> <!-- -->Владивосток,17000.0,1250,бензин,6,0,1,1,1,0,0,0,0,0,0,0,0,0,0,0,0,0,0,0,0,0,1
2180000.0,Ducati Multistrada V4 S,Япония<!-- --> <!-- -->→<!-- --> <!-- -->Владивосток,8224.0,1158,бензин,3,0,1,1,1,0,0,0,0,0,0,0,1,0,0,0,0,0,0,0,0,0,0
2190000.0,BMW R 1250 GS Adventure,Владивосток,23333.0,1250,бензин,6,0,1,1,1,0,0,0,0,0,0,0,0,0,0,0,0,0,0,0,0,0,1
2200000.0,BMW R 1250 GS,Иркутск,11510.0,1250,бензин,6,0,1,1,1,0,0,0,0,0,0,0,0,0,0,0,0,0,0,0,0,0,1
2200000.0,Honda GL 1800 Gold Wing Tour,Зуя,22200.0,1800,бензин,11,0,1,1,1,0,0,0,0,0,0,0,0,0,1,0,0,0,0,0,0,0,0
2200000.0,Ducati Multistrada V4 S,Владивосток,14148.0,1158,бензин,4,0,1,1,1,0,0,0,0,0,0,0,1,0,0,0,0,0,0,0,0,0,0
2220000.0,Harley-Davidson Electra Glide Ultra Limited FLHTK,Япония<!-- --> <!-- -->→<!-- --> <!-- -->Владивосток,21000.0,1750,бензин,7,0,1,1,1,0,0,0,0,0,0,0,0,1,0,0,0,0,0,0,0,0,0
2220000.0,Harley-Davidson Street Glide,Владивосток,15000.0,1870,бензин,7,0,1,1,1,0,0,0,0,0,0,0,0,1,0,0,0,0,0,0,0,0,0
2250000.0,Harley-Davidson CVO Street Glide FLHXSE,Япония<!-- --> <!-- -->→<!-- --> <!-- -->Владивосток,43300.0,1920,бензин,5,0,1,1,1,0,0,0,0,0,0,0,0,1,0,0,0,0,0,0,0,0,0
2250000.0,Suzuki GSX-R 1000R,Москва,2197.0,1000,бензин,5,0,1,1,0,0,1,0,0,0,0,0,0,0,0,0,0,0,0,1,0,0,0
2250000.0,Harley-Davidson CVO Road Glide,Красноярск,44360.0,1800,бензин,10,0,1,1,0,0,0,0,1,0,0,0,0,1,0,0,0,0,0,0,0,0,0
2250000.0,BMW R 1250 RT,Владивосток,20000.0,1250,бензин,5,0,1,1,1,0,0,0,0,0,0,0,0,0,0,0,0,0,0,0,0,0,1
2260000.0,Kawasaki H2,Москва,1700.0,998,бензин,4,0,1,1,0,0,1,0,0,0,0,0,0,0,0,0,1,0,0,0,0,0,0
2280000.0,Honda GL 1800 Gold Wing Tour DCT,Хабаровск,29000.0,1833,бензин,6,1,1,1,1,0,0,0,0,0,0,0,0,0,1,0,0,0,0,0,0,0,0
2300000.0,BMW R 1250 GS Adventure,Уссурийск,20000.0,1250,бензин,5,0,1,1,1,0,0,0,0,0,0,0,0,0,0,0,0,0,0,0,0,0,1
2300000.0,Harley-Davidson Fat Bob,Владивосток,10000.0,1868,бензин,5,0,1,1,1,0,0,0,0,0,0,0,0,1,0,0,0,0,0,0,0,0,0
2300000.0,BMW R 1250 GS,Москва,4850.0,1250,бензин,6,0,1,1,0,0,1,0,0,0,0,0,0,0,0,0,0,0,0,0,0,0,1
2300000.0,Harley-Davidson Sportster,Москва,3000.0,1252,бензин,3,1,1,1,0,0,1,0,0,0,0,0,0,1,0,0,0,0,0,0,0,0,0
2300000.0,Suzuki Boulevard M109R,Хабаровск,4000.0,1800,бензин,7,0,1,1,1,0,0,0,0,0,0,0,0,0,0,0,0,0,0,1,0,0,0
2300000.0,Harley-Davidson Dyna Fat Bob,Москва,6500.0,1860,бензин,3,0,1,1,0,0,1,0,0,0,0,0,0,1,0,0,0,0,0,0,0,0,0
2300000.0,Harley-Davidson Fat Boy,Япония<!-- --> <!-- -->→<!-- --> <!-- -->Владивосток,747.0,1868,бензин,4,0,1,1,1,0,0,0,0,0,0,0,0,1,0,0,0,0,0,0,0,0,0
2300000.0,Yamaha YZF-R1,Гродно,280.0,1000,бензин,1,0,1,1,1,0,0,0,0,0,0,0,0,0,0,0,0,0,0,0,0,1,0
2300000.0,BMW R 1250 R,Москва,5.0,1250,бензин,1,0,1,1,0,0,1,0,0,0,0,0,0,0,0,0,0,0,0,0,0,0,1
2350000.0,Harley-Davidson Softail Street Bob,Новосибирск,2115.0,1868,бензин,4,0,1,1,0,0,0,0,1,0,0,0,0,1,0,0,0,0,0,0,0,0,0
2350000.0,Harley-Davidson Sport Glide FXRT,Новосибирск,4350.0,1745,бензин,4,0,1,1,0,0,0,0,1,0,0,0,0,1,0,0,0,0,0,0,0,0,0
2350000.0,BMW R 1250 GS Adventure,Владивосток,14245.0,1250,бензин,7,0,1,1,1,0,0,0,0,0,0,0,0,0,0,0,0,0,0,0,0,0,1
2350000.0,Harley-Davidson Sportster 1250S,Красноярск,3561.0,1250,бензин,4,0,1,1,0,0,0,0,1,0,0,0,0,1,0,0,0,0,0,0,0,0,0
2350000.0,Harley-Davidson Pan America 1250 Special,Новосибирск,1.0,1250,бензин,3,0,1,1,0,0,0,0,1,0,0,0,0,1,0,0,0,0,0,0,0,0,0
2350000.0,BMW K 1600 B,Владивосток,618.0,1600,бензин,6,1,1,1,1,0,0,0,0,0,0,0,0,0,0,0,0,0,0,0,0,0,1
2350000.0,Harley-Davidson Pan America 1250 Special,Новосибирск,1.0,1250,бензин,4,0,1,1,0,0,0,0,1,0,0,0,0,1,0,0,0,0,0,0,0,0,0
2350000.0,BMW R 1250 GS Adventure,Владивосток,4914.0,1250,бензин,6,0,1,1,1,0,0,0,0,0,0,0,0,0,0,0,0,0,0,0,0,0,1
2370000.0,Kawasaki H2,Москва,14000.0,998,бензин,3,0,1,1,0,0,1,0,0,0,0,0,0,0,0,0,1,0,0,0,0,0,0
2380000.0,Suzuki GSX-R 1000,Барнаул,3600.0,999,бензин,2,0,1,1,1,0,0,0,0,0,0,0,0,0,0,0,0,0,0,1,0,0,0
2385000.0,Harley-Davidson Fat Boy,Япония<!-- --> <!-- -->→<!-- --> <!-- -->Владивосток,2808.0,1868,бензин,1,0,1,1,1,0,0,0,0,0,0,0,0,1,0,0,0,0,0,0,0,0,0
2385000.0,Triumph Rocket III,Япония<!-- --> <!-- -->→<!-- --> <!-- -->Владивосток,4935.0,2458,бензин,4,0,1,1,1,0,0,0,0,0,0,0,0,0,0,0,0,0,0,0,1,0,0
2390000.0,Harley-Davidson Sportster 1250S,Новосибирск,1020.0,1250,бензин,4,0,1,1,0,0,0,0,1,0,0,0,0,1,0,0,0,0,0,0,0,0,0
2395000.0,BMW S 1000 R,Москва,1530.0,1000,бензин,4,0,1,1,0,0,1,0,0,0,0,0,0,0,0,0,0,0,0,0,0,0,1
2400000.0,Ducati Diavel 1260,Новосибирск,7300.0,1260,бензин,5,0,1,1,0,0,0,0,1,0,0,0,1,0,0,0,0,0,0,0,0,0,0
2400000.0,BMW S 1000 RR,Новосибирск,650.0,1000,бензин,4,0,1,1,0,0,0,0,1,0,0,0,0,0,0,0,0,0,0,0,0,0,1
2410000.0,Ducati Diavel,Япония<!-- --> <!-- -->→<!-- --> <!-- -->Владивосток,79.0,1200,бензин,2,0,1,1,1,0,0,0,0,0,0,0,1,0,0,0,0,0,0,0,0,0,0
2420000.0,Harley-Davidson Electra Glide Ultra Limited FLHTK,Япония<!-- --> <!-- -->→<!-- --> <!-- -->Владивосток,16202.0,1870,бензин,6,0,1,1,1,0,0,0,0,0,0,0,0,1,0,0,0,0,0,0,0,0,0
2420000.0,Harley-Davidson Street Glide,Япония<!-- --> <!-- -->→<!-- --> <!-- -->Владивосток,8000.0,1870,бензин,6,0,1,1,1,0,0,0,0,0,0,0,0,1,0,0,0,0,0,0,0,0,0
2420000.0,Ducati Streetfighter V4 S,Владивосток,2800.0,1100,бензин,5,0,1,1,1,0,0,0,0,0,0,0,1,0,0,0,0,0,0,0,0,0,0
2500000.0,Harley-Davidson V-Rod Muscle VRSCF,Новосибирск,7328.0,1250,бензин,9,0,1,1,0,0,0,0,1,0,0,0,0,1,0,0,0,0,0,0,0,0,0
2500000.0,BMW R 18,Уссурийск,10000.0,1800,бензин,4,1,1,1,1,0,0,0,0,0,0,0,0,0,0,0,0,0,0,0,0,0,1
2500000.0,BMW S 1000 R,Новосибирск,50.0,1000,бензин,4,0,1,0,0,0,0,0,1,0,0,0,0,0,0,0,0,0,0,0,0,0,1
2500000.0,Honda GL 1800 Gold Wing,Новосибирск,44300.0,1800,бензин,8,0,1,1,0,0,0,0,1,0,0,0,0,0,1,0,0,0,0,0,0,0,0
2500000.0,BMW K 1600 B,Рощино,8900.0,1600,бензин,5,0,1,1,0,1,0,0,0,0,0,0,0,0,0,0,0,0,0,0,0,0,1
2550000.0,Triumph Rocket III,Владивосток,4936.0,2500,бензин,5,0,1,1,1,0,0,0,0,0,0,0,0,0,0,0,0,0,0,0,1,0,0
2550000.0,BMW R 1300 GS Adventure,Бердск,1900.0,1250,бензин,4,0,1,1,1,0,0,0,0,0,0,0,0,0,0,0,0,0,0,0,0,0,1
2550000.0,Harley-Davidson CVO Breakout FXSBSE,Артём,2300.0,1802,бензин,11,0,1,1,1,0,0,0,0,0,0,0,0,1,0,0,0,0,0,0,0,0,0
2550000.0,BMW R 1250 GS,Новосибирск,20741.0,1250,бензин,5,0,1,1,0,0,0,0,1,0,0,0,0,0,0,0,0,0,0,0,0,0,1
2560000.0,Ducati Streetfighter V4 S,Япония<!-- --> <!-- -->→<!-- --> <!-- -->Владивосток,2553.0,1100,бензин,1,0,1,1,1,0,0,0,0,0,0,0,1,0,0,0,0,0,0,0,0,0,0
2600000.0,Triumph Rocket III,Уссурийск,6000.0,2500,бензин,3,0,1,1,1,0,0,0,0,0,0,0,0,0,0,0,0,0,0,0,1,0,0
2600000.0,BMW R 1250 RT,Кемерово,6400.0,1254,бензин,6,0,1,1,1,0,0,0,0,0,0,0,0,0,0,0,0,0,0,0,0,0,1
2600000.0,Honda GL 1800 Gold Wing,Липецк,30000.0,1800,бензин,7,0,1,1,1,0,0,0,0,0,0,0,0,0,1,0,0,0,0,0,0,0,0
2600000.0,BMW R 1250 GS,Москва,5550.0,1250,бензин,6,0,1,1,0,0,1,0,0,0,0,0,0,0,0,0,0,0,0,0,0,0,1
2600000.0,Suzuki GSX 1300R Hayabusa,Хабаровск,4200.0,1320,бензин,2,0,1,1,1,0,0,0,0,0,0,0,0,0,0,0,0,0,0,1,0,0,0
2600000.0,Suzuki GSX-R 1000R,Владивосток,12662.0,1000,бензин,4,0,1,1,1,0,0,0,0,0,0,0,0,0,0,0,0,0,0,1,0,0,0
2620000.0,Ducati Diavel,Япония<!-- --> <!-- -->→<!-- --> <!-- -->Владивосток,408.0,1200,бензин,1,0,1,1,1,0,0,0,0,0,0,0,1,0,0,0,0,0,0,0,0,0,0
2650000.0,BMW R 1250 GS Adventure,Москва,8200.0,1250,бензин,5,0,1,1,0,0,1,0,0,0,0,0,0,0,0,0,0,0,0,0,0,0,1
2650000.0,Ducati Panigale V4,Япония<!-- --> <!-- -->→<!-- --> <!-- -->Владивосток,7992.0,1000,бензин,6,0,1,1,1,0,0,0,0,0,0,0,1,0,0,0,0,0,0,0,0,0,0
2670000.0,BMW R 1300 GS,Япония<!-- --> <!-- -->→<!-- --> <!-- -->Владивосток,6.0,1300,бензин,0,1,1,1,1,0,0,0,0,0,0,0,0,0,0,0,0,0,0,0,0,0,1
2750000.0,Harley-Davidson Road Glide FLTRX,Япония<!-- --> <!-- -->→<!-- --> <!-- -->Владивосток,4000.0,1870,бензин,4,0,1,1,1,0,0,0,0,0,0,0,0,1,0,0,0,0,0,0,0,0,0
2750000.0,Harley-Davidson Road Glide,Томск,2500.0,1868,бензин,6,0,1,1,1,0,0,0,0,0,0,0,0,1,0,0,0,0,0,0,0,0,0
2758000.0,Honda GL 1800,Могилёв,10000.0,1800,бензин,3,0,1,1,1,0,0,0,0,0,0,0,0,0,1,0,0,0,0,0,0,0,0
2760000.0,BMW R 1300 GS,Япония<!-- --> <!-- -->→<!-- --> <!-- -->Владивосток,2907.0,1300,бензин,1,0,1,1,1,0,0,0,0,0,0,0,0,0,0,0,0,0,0,0,0,0,1
2780000.0,Honda GL 1800 Gold Wing Tour DCT,Владивосток,6904.0,1838,бензин,6,1,1,1,1,0,0,0,0,0,0,0,0,0,1,0,0,0,0,0,0,0,0
2780000.0,Honda GL 1800 Gold Wing Tour DCT,Владивосток,63481.0,1838,бензин,4,1,1,1,1,0,0,0,0,0,0,0,0,0,1,0,0,0,0,0,0,0,0
2790000.0,BMW R 1250 GS Adventure,Красноярск,16000.0,1250,бензин,2,0,1,1,0,0,0,0,1,0,0,0,0,0,0,0,0,0,0,0,0,0,1
2800000.0,Triumph Rocket III,Сочи,15120.0,2500,бензин,4,0,1,1,1,0,0,0,0,0,0,0,0,0,0,0,0,0,0,0,1,0,0
2835000.0,Triumph Rocket III,Япония<!-- --> <!-- -->→<!-- --> <!-- -->Владивосток,11.0,2500,бензин,1,0,1,1,1,0,0,0,0,0,0,0,0,0,0,0,0,0,0,0,1,0,0
2835000.0,Ducati Streetfighter V4,Барнаул,1350.0,1103,бензин,2,0,1,1,1,0,0,0,0,0,0,0,1,0,0,0,0,0,0,0,0,0,0
2850000.0,BMW S 1000 RR,Москва,1710.0,999,бензин,1,0,1,1,0,0,1,0,0,0,0,0,0,0,0,0,0,0,0,0,0,0,1
2850000.0,Ducati Panigale V4 S,Владивосток,14800.0,1103,бензин,6,0,1,1,1,0,0,0,0,0,0,0,1,0,0,0,0,0,0,0,0,0,0
2895000.0,Ducati Diavel,Япония<!-- --> <!-- -->→<!-- --> <!-- -->Владивосток,410.0,1200,бензин,1,0,1,1,1,0,0,0,0,0,0,0,1,0,0,0,0,0,0,0,0,0,0
2900000.0,Kawasaki Z 1000,Краснодар,50.0,998,бензин,2,0,1,1,0,0,0,0,1,0,0,0,0,0,0,0,1,0,0,0,0,0,0
2950000.0,Ducati Diavel,Санкт-Петербург,2400.0,1262,бензин,2,0,1,1,0,0,0,0,0,1,0,0,1,0,0,0,0,0,0,0,0,0,0
2990000.0,Triumph Rocket III,Новосибирск,9930.0,2500,бензин,3,0,1,1,0,0,0,0,1,0,0,0,0,0,0,0,0,0,0,0,1,0,0
2999000.0,Harley-Davidson Road Glide Ultra FLTRU,Новосибирск,43619.0,1868,бензин,5,0,1,1,0,0,0,0,1,0,0,0,0,1,0,0,0,0,0,0,0,0,0
3010000.0,BMW R 1300 GS,Япония<!-- --> <!-- -->→<!-- --> <!-- -->Владивосток,3.0,1300,бензин,0,0,1,1,1,0,0,0,0,0,0,0,0,0,0,0,0,0,0,0,0,0,1
3050000.0,BRP Can-Am Spyder F3 Limited,Новосибирск,255.0,1330,бензин,8,1,1,1,0,0,0,0,1,0,0,0,0,0,0,0,0,0,0,0,0,0,1
3090000.0,BMW R 1300 GS,Япония<!-- --> <!-- -->→<!-- --> <!-- -->Владивосток,86.0,1300,бензин,1,0,1,1,1,0,0,0,0,0,0,0,0,0,0,0,0,0,0,0,0,0,1
3150000.0,BMW K 1600 GTL,Владивосток,8000.0,1600,бензин,4,0,1,1,1,0,0,0,0,0,0,0,0,0,0,0,0,0,0,0,0,0,1
3200000.0,BMW S 1000 RR,Япония<!-- --> <!-- -->→<!-- --> <!-- -->Владивосток,750.0,1000,бензин,1,0,1,1,1,0,0,0,0,0,0,0,0,0,0,0,0,0,0,0,0,0,1
3200000.0,Triumph Rocket III,Сочи,827.0,2500,бензин,4,0,1,1,1,0,0,0,0,0,0,0,0,0,0,0,0,0,0,0,1,0,0
3200000.0,Harley-Davidson Road Glide Special FLTRXS,Новосибирск,6311.0,1868,бензин,5,0,1,1,0,0,0,0,1,0,0,0,0,1,0,0,0,0,0,0,0,0,0
3200000.0,Harley-Davidson CVO Street Glide,Япония<!-- --> <!-- -->→<!-- --> <!-- -->Владивосток,24.0,1920,бензин,7,0,1,1,1,0,0,0,0,0,0,0,0,1,0,0,0,0,0,0,0,0,0
3250000.0,BMW R nineT,Невинномысск,50.0,1170,бензин,10,1,1,1,1,0,0,0,0,0,0,0,0,0,0,0,0,0,0,0,0,0,1
3260000.0,Ducati 1299 Panigale S,Япония<!-- --> <!-- -->→<!-- --> <!-- -->Владивосток,1989.0,1299,бензин,6,0,1,1,1,0,0,0,0,0,0,0,1,0,0,0,0,0,0,0,0,0,0
3300000.0,Harley-Davidson Fat Boy,Красноярск,5269.0,1868,бензин,4,0,1,1,0,0,0,0,1,0,0,0,0,1,0,0,0,0,0,0,0,0,0
3750000.0,Honda GL 1800,Новосибирск,2230.0,1833,бензин,2,1,1,1,0,0,0,0,1,0,0,0,0,0,1,0,0,0,0,0,0,0,0
3890000.0,Harley-Davidson CVO Road Glide Custom,Пермь,45000.0,2150,бензин,6,0,1,1,0,0,0,0,1,0,0,0,0,1,0,0,0,0,0,0,0,0,0
3990000.0,Harley-Davidson Breakout FXSB,Красноярск,1877.0,1923,бензин,2,0,1,1,0,0,0,0,1,0,0,0,0,1,0,0,0,0,0,0,0,0,0
3999999.0,Harley-Davidson Tri Glide Ultra FLHTCUTG,США<!-- --> <!-- -->→<!-- --> <!-- -->Новосибирск,19000.0,1868,бензин,5,0,1,1,1,0,0,0,0,0,0,0,0,1,0,0,0,0,0,0,0,0,0
5000000.0,BMW R 35,Нерюнгри,8763.0,700,бензин,76,0,1,0,1,0,0,0,0,0,0,0,0,0,0,0,0,0,0,0,0,0,1
49000.0,BSE Kids 50,Новосибирск,0.0,50,бензин,2,1,1,0,0,0,0,0,1,0,0,0,0,0,0,0,0,0,0,0,0,0,1
50000.0,Racer Skyway,Борзя,0.0,300,бензин,5,0,1,0,1,0,0,0,0,0,0,0,0,0,0,0,0,0,0,0,0,0,1
50000.0,Alpha 50,Улан-Удэ,0.0,50,бензин,4,0,1,0,1,0,0,0,0,0,0,0,0,0,0,0,0,0,0,0,0,0,1
50000.0,BSE EVO 110,Ижевск,0.0,110,бензин,4,0,1,0,1,0,0,0,0,0,0,0,0,0,0,0,0,0,0,0,0,0,1
50000.0,Regulmoto 17-14 125,Москва,0.0,140,бензин,4,0,1,0,0,0,1,0,0,0,0,0,0,0,0,0,0,0,0,0,0,0,1
50000.0,BSE Kids 50,Новосибирск,0.0,50,бензин,2,1,1,0,0,0,0,0,1,0,0,0,0,0,0,0,0,0,0,0,0,0,1
50000.0,Racer Pitbike,Барнаул,0.0,200,бензин,5,0,1,0,1,0,0,0,0,0,0,0,0,0,0,0,0,0,0,0,0,0,1
60000.0,Irbis TTR 125,Братск,0.0,125,бензин,3,0,1,0,1,0,0,0,0,0,0,0,0,0,0,0,0,0,0,0,0,0,1
60000.0,Motoland Apex 10,Новокузнецк,0.0,124,бензин,5,1,1,0,1,0,0,0,0,0,0,0,0,0,0,0,0,0,0,0,0,0,1
60000.0,Wels RT140,Тверь,0.0,140,бензин,3,0,1,0,1,0,0,0,0,0,0,0,0,0,0,0,0,0,0,0,0,0,1
60000.0,Kayo Basic YX125EM,Тольятти,0.0,125,бензин,4,0,1,0,1,0,0,0,0,0,0,0,0,0,0,0,0,0,0,0,0,0,1
65000.0,SSSR Atom 125,Челябинск,0.0,125,бензин,2,0,1,0,0,0,0,0,1,0,0,0,0,0,0,0,0,0,0,0,0,0,1
65000.0,Regulmoto Seven Medalist,Чита,0.0,140,бензин,3,0,1,0,1,0,0,0,0,0,0,0,0,0,0,0,0,0,0,0,0,0,1
69990.0,Kayo Mini TS70,Бийск,0.0,70,бензин,1,1,1,0,1,0,0,0,0,0,0,0,0,0,0,0,0,0,0,0,0,0,1
69990.0,Kayo Mini TS70,Благовещенск,0.0,70,бензин,1,1,1,0,1,0,0,0,0,0,0,0,0,0,0,0,0,0,0,0,0,0,1
70000.0,Racer Pitbike SXR125,Тогучин,0.0,125,бензин,3,0,1,0,1,0,0,0,0,0,0,0,0,0,0,0,0,0,0,0,0,0,1
70000.0,Regulmoto Seven Medalist,Ленинск-Кузнецкий,0.0,140,бензин,3,0,1,0,1,0,0,0,0,0,0,0,0,0,0,0,0,0,0,0,0,0,1
70000.0,Regulmoto Seven,Севастополь,0.0,125,бензин,4,0,1,0,1,0,0,0,0,0,0,0,0,0,0,0,0,0,0,0,0,0,1
70000.0,Kayo Basic K125EM KRZ,Орел,0.0,125,бензин,2,0,1,0,1,0,0,0,0,0,0,0,0,0,0,0,0,0,0,0,0,0,1
70000.0,Regulmoto Seven Medalist,Покровка,0.0,150,бензин,5,0,1,0,1,0,0,0,0,0,0,0,0,0,0,0,0,0,0,0,0,0,1
70000.0,Kayo Basic K125 KRZ,Орел,0.0,125,бензин,1,0,1,0,1,0,0,0,0,0,0,0,0,0,0,0,0,0,0,0,0,0,1
70000.0,BSE 125,Москва,0.0,125,бензин,3,0,1,0,0,0,1,0,0,0,0,0,0,0,0,0,0,0,0,0,0,0,1
70000.0,Motoland Apex 125,Неверкино,0.0,125,бензин,4,0,1,0,1,0,0,0,0,0,0,0,0,0,0,0,0,0,0,0,0,0,1
70000.0,Regulmoto Seven Medalist,Большой Камень,0.0,140,бензин,1,0,1,0,1,0,0,0,0,0,0,0,0,0,0,0,0,0,0,0,0,0,1
70000.0,Racer Trophy RC110N,Ленинск-Кузнецкий,0.0,107,бензин,1,0,1,0,1,0,0,0,0,0,0,0,0,0,0,0,0,0,0,0,0,0,1
72000.0,GR GR-SX150,Саратов,0.0,150,бензин,4,0,1,0,1,0,0,0,0,0,0,0,0,0,0,0,0,0,0,0,0,0,1
72990.0,BSE K6,Томск,0.0,60,бензин,0,1,1,0,1,0,0,0,0,0,0,0,0,0,0,0,0,0,0,0,0,0,1
73999.0,Racer Trophy RC110N,Иркутск,0.0,110,бензин,2,0,1,0,1,0,0,0,0,0,0,0,0,0,0,0,0,0,0,0,0,0,1
75000.0,Regulmoto Five EA,Новосибирск,0.0,125,бензин,3,0,1,0,0,0,0,0,1,0,0,0,0,0,0,0,0,0,0,0,0,0,1
75000.0,Regulmoto Seven 125E,Владивосток,0.0,125,бензин,3,0,1,0,1,0,0,0,0,0,0,0,0,0,0,0,0,0,0,0,0,0,1
75000.0,Regulmoto Five EM,Кемерово,0.0,125,бензин,2,0,1,0,1,0,0,0,0,0,0,0,0,0,0,0,0,0,0,0,0,0,1
75000.0,Wels RT125e,Новосибирск,0.0,125,бензин,5,0,1,0,0,0,0,0,1,0,0,0,0,0,0,0,0,0,0,0,0,0,1
75000.0,Regulmoto Pilot 110EA,Новокузнецк,0.0,110,бензин,1,1,1,0,1,0,0,0,0,0,0,0,0,0,0,0,0,0,0,0,0,0,1
75000.0,PWR Racing FRZ 125 17-14,Прокопьевск,0.0,125,бензин,3,0,1,0,1,0,0,0,0,0,0,0,0,0,0,0,0,0,0,0,0,0,1
75490.0,BSE K6,Бийск,0.0,60,бензин,1,1,1,0,1,0,0,0,0,0,0,0,0,0,0,0,0,0,0,0,0,0,1
76000.0,Regulmoto Pilot 110EA,Юрга,0.0,110,бензин,2,1,1,0,1,0,0,0,0,0,0,0,0,0,0,0,0,0,0,0,0,0,1
76500.0,BSE Kids 50e,Новосибирск,0.0,60,бензин,1,1,1,0,0,0,0,0,1,0,0,0,0,0,0,0,0,0,0,0,0,0,1
76990.0,Kayo Mini TS70,Владивосток,0.0,70,бензин,1,1,1,0,1,0,0,0,0,0,0,0,0,0,0,0,0,0,0,0,0,0,1
77000.0,Regulmoto Pilot 110EA,Новокузнецк,0.0,110,бензин,2,0,1,0,1,0,0,0,0,0,0,0,0,0,0,0,0,0,0,0,0,0,1
78990.0,Kayo Mini TS90,Благовещенск,0.0,90,бензин,1,1,1,0,1,0,0,0,0,0,0,0,0,0,0,0,0,0,0,0,0,0,1
78990.0,Kayo Mini TS90,Бийск,0.0,90,бензин,1,1,1,0,1,0,0,0,0,0,0,0,0,0,0,0,0,0,0,0,0,0,1
78990.0,Kayo Mini TS90,Новосибирск,0.0,86,бензин,1,0,1,0,0,0,0,0,1,0,0,0,0,0,0,0,0,0,0,0,0,0,1
79000.0,GR GR-X YX140EM,Юрья,0.0,140,бензин,2,0,1,0,1,0,0,0,0,0,0,0,0,0,0,0,0,0,0,0,0,0,1
79990.0,BSE Kids 50,Барнаул,0.0,60,бензин,0,0,1,0,1,0,0,0,0,0,0,0,0,0,0,0,0,0,0,0,0,0,1
80000.0,BSE EX 125E,Юрга,0.0,125,бензин,4,0,1,0,1,0,0,0,0,0,0,0,0,0,0,0,0,0,0,0,0,0,1
80000.0,Racer TRX,Урюпинск,0.0,125,бензин,1,0,1,0,1,0,0,0,0,0,0,0,0,0,0,0,0,0,0,0,0,0,1
80000.0,Kayo Basic K125 KRZ,Иркутск,0.0,125,бензин,5,0,1,0,1,0,0,0,0,0,0,0,0,0,0,0,0,0,0,0,0,0,1
80000.0,BSE PH-125,Санкт-Петербург,0.0,125,бензин,4,0,1,0,0,0,0,0,0,1,0,0,0,0,0,0,0,0,0,0,0,0,1
80000.0,Apollo Thunder 110,Уссурийск,0.0,110,бензин,1,1,1,0,1,0,0,0,0,0,0,0,0,0,0,0,0,0,0,0,0,0,1
80000.0,Kayo Basic TT140,Муромцево,0.0,140,бензин,2,0,1,0,1,0,0,0,0,0,0,0,0,0,0,0,0,0,0,0,0,0,1
80000.0,Racer Trophy RC110N,Кулунда,0.0,110,бензин,1,0,1,0,1,0,0,0,0,0,0,0,0,0,0,0,0,0,0,0,0,0,1
80000.0,JMC 125-MX,Краснообск,0.0,125,бензин,0,1,1,0,1,0,0,0,0,0,0,0,0,0,0,0,0,0,0,0,0,0,1
80000.0,Regulmoto Seven Medalist,Новокузнецк,0.0,150,бензин,3,0,1,0,1,0,0,0,0,0,0,0,0,0,0,0,0,0,0,0,0,0,1
80000.0,Regulmoto Seven Medalist,Якутск,0.0,150,бензин,3,0,1,0,1,0,0,0,0,0,0,0,0,0,0,0,0,0,0,0,0,0,1
80000.0,Wels RT140,Мариинский Посад,0.0,140,бензин,3,0,1,0,1,0,0,0,0,0,0,0,0,0,0,0,0,0,0,0,0,0,1
80000.0,Regulmoto Seven 125E,Михайловка,0.0,125,бензин,1,0,1,0,1,0,0,0,0,0,0,0,0,0,0,0,0,0,0,0,0,0,1
82500.0,Roliz Optimus Max,Владивосток,0.0,110,бензин,0,0,1,0,1,0,0,0,0,0,0,0,0,0,0,0,0,0,0,0,0,0,1
83000.0,Sharmax Sport 145,Ольга,0.0,125,бензин,2,0,1,0,1,0,0,0,0,0,0,0,0,0,0,0,0,0,0,0,0,0,1
83990.0,Kayo Mini TS90,Красноярск,0.0,90,бензин,1,1,1,0,0,0,0,0,1,0,0,0,0,0,0,0,0,0,0,0,0,0,1
84000.0,Regulmoto Fly,Новосибирск,0.0,125,бензин,0,1,1,0,0,0,0,0,1,0,0,0,0,0,0,0,0,0,0,0,0,0,1
84000.0,Regulmoto Pilot 110EA,Новосибирск,0.0,110,бензин,0,1,1,0,0,0,0,0,1,0,0,0,0,0,0,0,0,0,0,0,0,0,1
84000.0,Regulmoto Pilot 110EA,Благовещенск,0.0,110,бензин,0,1,1,0,1,0,0,0,0,0,0,0,0,0,0,0,0,0,0,0,0,0,1
85000.0,Racer Pitbike RC-CRF125 Start,Мариинск,0.0,125,бензин,2,0,1,0,1,0,0,0,0,0,0,0,0,0,0,0,0,0,0,0,0,0,1
85000.0,BSE EX 125E,Челябинск,0.0,125,бензин,2,0,1,0,0,0,0,0,1,0,0,0,0,0,0,0,0,0,0,0,0,0,1
85000.0,Regulmoto 17-14 125,Свободный,0.0,125,бензин,2,1,1,0,1,0,0,0,0,0,0,0,0,0,0,0,0,0,0,0,0,0,1
85000.0,Regulmoto Seven Medalist,Чита,0.0,150,бензин,2,0,1,0,1,0,0,0,0,0,0,0,0,0,0,0,0,0,0,0,0,0,1
85000.0,Regulmoto Seven Medalist Pro,Новосибирск,0.0,150,бензин,3,0,1,0,0,0,0,0,1,0,0,0,0,0,0,0,0,0,0,0,0,0,1
85000.0,Apollo Thunder 125,Иркутск,0.0,125,бензин,1,0,1,0,1,0,0,0,0,0,0,0,0,0,0,0,0,0,0,0,0,0,1
85000.0,Racer Enduro L150 RC150-23X,Петропавловское,0.0,150,бензин,5,0,1,0,1,0,0,0,0,0,0,0,0,0,0,0,0,0,0,0,0,0,1
85000.0,Regulmoto Fly,Уссурийск,0.0,50,бензин,0,1,1,0,1,0,0,0,0,0,0,0,0,0,0,0,0,0,0,0,0,0,1
85000.0,Racer Pitbike SXR125,Новосибирск,0.0,125,бензин,3,0,1,0,0,0,0,0,1,0,0,0,0,0,0,0,0,0,0,0,0,0,1
86000.0,Racer Scout M1,Барнаул,0.0,110,бензин,0,0,1,0,1,0,0,0,0,0,0,0,0,0,0,0,0,0,0,0,0,0,1
86000.0,Regulmoto Pit-Bike 125,Томск,0.0,110,бензин,0,1,1,0,1,0,0,0,0,0,0,0,0,0,0,0,0,0,0,0,0,0,1
86500.0,Vento KXD,Алейск,0.0,125,бензин,0,0,1,0,1,0,0,0,0,0,0,0,0,0,0,0,0,0,0,0,0,0,1
86990.0,BSE K6,Кемерово,0.0,60,бензин,0,1,1,1,1,0,0,0,0,0,0,0,0,0,0,0,0,0,0,0,0,0,1
87000.0,Kayo Basic TT125,Талица,0.0,125,бензин,2,0,1,0,1,0,0,0,0,0,0,0,0,0,0,0,0,0,0,0,0,0,1
87990.0,Kayo Mini TS90,Владивосток,0.0,90,бензин,3,0,1,0,1,0,0,0,0,0,0,0,0,0,0,0,0,0,0,0,0,0,1
88990.0,BSE EVO 110E A,Барнаул,0.0,110,бензин,0,0,1,0,1,0,0,0,0,0,0,0,0,0,0,0,0,0,0,0,0,0,1
89000.0,Koshine XN50,Владивосток,0.0,50,бензин,0,1,0,0,1,0,0,0,0,0,0,0,0,0,0,0,0,0,0,0,0,0,1
89000.0,GR GR-X,Калуга,0.0,125,бензин,2,0,1,0,1,0,0,0,0,0,0,0,0,0,0,0,0,0,0,0,0,0,1
89000.0,Roliz Cyrex,Владивосток,0.0,110,бензин,0,0,1,0,1,0,0,0,0,0,0,0,0,0,0,0,0,0,0,0,0,0,1
89900.0,Zongshen ZS125,Новокузнецк,0.0,125,бензин,1,0,1,0,1,0,0,0,0,0,0,0,0,0,0,0,0,0,0,0,0,0,1
89990.0,Kayo Mini KMB,Владивосток,0.0,57,бензин,1,1,1,0,1,0,0,0,0,0,0,0,0,0,0,0,0,0,0,0,0,0,1
90000.0,Motoland XT250 HS,Красноярск,0.0,250,бензин,3,0,1,0,0,0,0,0,1,0,0,0,0,0,0,0,0,0,0,0,0,0,1
90000.0,Regulmoto Pit-Bike 125,Спасск-Дальний,0.0,125,бензин,2,0,1,0,1,0,0,0,0,0,0,0,0,0,0,0,0,0,0,0,0,0,1
90000.0,Roliz Cross-125 HL,Улан-Удэ,0.0,125,бензин,1,0,1,0,1,0,0,0,0,0,0,0,0,0,0,0,0,0,0,0,0,0,1
90000.0,Kayo Basic TT125EM,Пермь,0.0,125,бензин,1,0,1,0,0,0,0,0,1,0,0,0,0,0,0,0,0,0,0,0,0,0,1
90000.0,Kayo Basic TT140EM,Красноярск,0.0,140,бензин,2,0,1,0,0,0,0,0,1,0,0,0,0,0,0,0,0,0,0,0,0,0,1
90000.0,Kayo Evolution K125EM,Елизово,0.0,125,бензин,1,0,1,0,1,0,0,0,0,0,0,0,0,0,0,0,0,0,0,0,0,0,1
90000.0,Regulmoto Spitfire Pro,Циолковский (Углегорск),0.0,150,бензин,1,0,1,0,1,0,0,0,0,0,0,0,0,0,0,0,0,0,0,0,0,0,1
90000.0,Roliz Cross-125,Хилок,0.0,125,бензин,3,0,1,0,1,0,0,0,0,0,0,0,0,0,0,0,0,0,0,0,0,0,1
90000.0,Alpha Sport,Владивосток,0.0,125,бензин,0,0,1,0,1,0,0,0,0,0,0,0,0,0,0,0,0,0,0,0,0,0,1
90000.0,Kayo Evolution K125EM,Куйбышев,0.0,125,бензин,1,0,1,0,1,0,0,0,0,0,0,0,0,0,0,0,0,0,0,0,0,0,1
90000.0,Wels RT125,Слюдянка,0.0,125,бензин,3,0,1,0,1,0,0,0,0,0,0,0,0,0,0,0,0,0,0,0,0,0,1
90000.0,Apollo Thunder 125,Сибирцево,0.0,125,бензин,1,0,1,0,1,0,0,0,0,0,0,0,0,0,0,0,0,0,0,0,0,0,1
90000.0,Racer Flame RC150T-15F,Прокопьевск,0.0,150,бензин,2,1,1,0,1,0,0,0,0,0,0,0,0,0,0,0,0,0,0,0,0,0,1
90000.0,Motoland RZ200,Тайга,0.0,200,бензин,4,0,1,0,1,0,0,0,0,0,0,0,0,0,0,0,0,0,0,0,0,0,1
90000.0,Regulmoto Seven Medalist Pro,Бийск,0.0,140,бензин,2,0,1,0,1,0,0,0,0,0,0,0,0,0,0,0,0,0,0,0,0,0,1
91990.0,Progasi Kids Power 110,Барнаул,0.0,110,бензин,0,0,1,0,1,0,0,0,0,0,0,0,0,0,0,0,0,0,0,0,0,0,1
92990.0,Kayo Mini KMB,Красноярск,0.0,60,бензин,1,1,1,0,0,0,0,0,1,0,0,0,0,0,0,0,0,0,0,0,0,0,1
92999.0,Roliz Cross-125,Иркутск,0.0,125,бензин,1,0,1,0,1,0,0,0,0,0,0,0,0,0,0,0,0,0,0,0,0,0,1
93000.0,SPR-Motors Alpha-1,Артём,0.0,110,бензин,0,0,1,0,1,0,0,0,0,0,0,0,0,0,0,0,0,0,0,0,0,0,1
93000.0,BSE EVO 110E,Новосибирск,0.0,110,бензин,1,1,1,0,0,0,0,0,1,0,0,0,0,0,0,0,0,0,0,0,0,0,1
93000.0,Roliz ZF150-3A,Владивосток,0.0,110,бензин,1,0,1,0,1,0,0,0,0,0,0,0,0,0,0,0,0,0,0,0,0,0,1
93240.0,Motoland MZ 125,Новосибирск,0.0,125,бензин,1,0,1,0,0,0,0,0,1,0,0,0,0,0,0,0,0,0,0,0,0,0,1
93490.0,BSE EVO 110E SA,Новосибирск,0.0,110,бензин,1,1,1,0,0,0,0,0,1,0,0,0,0,0,0,0,0,0,0,0,0,0,1
93990.0,BSE EVO 110E A,Красноярск,0.0,110,бензин,1,1,1,0,0,0,0,0,1,0,0,0,0,0,0,0,0,0,0,0,0,0,1
93990.0,BSE EVO 110E,Красноярск,0.0,110,бензин,1,0,1,0,0,0,0,0,1,0,0,0,0,0,0,0,0,0,0,0,0,0,1
94490.0,Motax MX 250,Новосибирск,0.0,125,бензин,0,0,1,0,0,0,0,0,1,0,0,0,0,0,0,0,0,0,0,0,0,0,1
94490.0,SSSR Core,Барнаул,0.0,125,бензин,0,1,1,0,1,0,0,0,0,0,0,0,0,0,0,0,0,0,0,0,0,0,1
94800.0,Racer Pitbike RC-CRF125E,Алейск,0.0,125,бензин,1,0,1,0,1,0,0,0,0,0,0,0,0,0,0,0,0,0,0,0,0,0,1
94990.0,Kayo Mini YX125EM,Благовещенск,0.0,125,бензин,1,0,1,0,1,0,0,0,0,0,0,0,0,0,0,0,0,0,0,0,0,0,1
94990.0,Progasi Kids Power 110,Бийск,0.0,107,бензин,1,1,1,0,1,0,0,0,0,0,0,0,0,0,0,0,0,0,0,0,0,0,1
95000.0,Progasi Smart 125,Гурьевск,0.0,125,бензин,2,0,1,0,1,0,0,0,0,0,0,0,0,0,0,0,0,0,0,0,0,0,1
95000.0,Regulmoto Seven,Липовцы,0.0,125,бензин,2,0,1,0,1,0,0,0,0,0,0,0,0,0,0,0,0,0,0,0,0,0,1
95000.0,Apollo Thunder 125,Благовещенск,0.0,125,бензин,1,0,1,0,1,0,0,0,0,0,0,0,0,0,0,0,0,0,0,0,0,0,1
95000.0,Regulmoto Five EA,Сосновское,0.0,125,бензин,2,0,1,0,1,0,0,0,0,0,0,0,0,0,0,0,0,0,0,0,0,0,1
95000.0,Enwix Standard,Шадринск,0.0,125,бензин,1,1,1,0,1,0,0,0,0,0,0,0,0,0,0,0,0,0,0,0,0,0,1
95000.0,Regulmoto Pilot,Уссурийск,0.0,125,бензин,1,0,1,0,1,0,0,0,0,0,0,0,0,0,0,0,0,0,0,0,0,0,1
95000.0,Racer Enduro L150 RC150-23X,Троицкое,0.0,150,бензин,5,0,1,0,0,0,0,1,0,0,0,0,0,0,0,0,0,0,0,0,0,0,1
96400.0,Motoland TCX 125E,Красноярск,0.0,125,бензин,1,0,1,0,0,0,0,0,1,0,0,0,0,0,0,0,0,0,0,0,0,0,1
96400.0,Motoland TCX 125,Красноярск,0.0,125,бензин,1,0,1,0,0,0,0,0,1,0,0,0,0,0,0,0,0,0,0,0,0,0,1
97000.0,Zuumav FX S3,Находка,0.0,125,бензин,0,1,1,0,1,0,0,0,0,0,0,0,0,0,0,0,0,0,0,0,0,0,1
97490.0,SSSR Core,Барнаул,0.0,125,бензин,0,1,1,0,1,0,0,0,0,0,0,0,0,0,0,0,0,0,0,0,0,0,1
97800.0,Apollo Thunder 110,Новосибирск,0.0,110,бензин,0,1,1,0,0,0,0,0,1,0,0,0,0,0,0,0,0,0,0,0,0,0,1
97990.0,BSE EXA SA,Томск,0.0,125,бензин,0,0,1,0,1,0,0,0,0,0,0,0,0,0,0,0,0,0,0,0,0,0,1
97990.0,BSE EXA SA,Томск,0.0,125,бензин,0,0,1,0,1,0,0,0,0,0,0,0,0,0,0,0,0,0,0,0,0,0,1
97990.0,BSE EXA SA,Томск,0.0,125,бензин,0,0,1,0,1,0,0,0,0,0,0,0,0,0,0,0,0,0,0,0,0,0,1
98000.0,Kayo Basic TT125,Нижний Новгород,0.0,125,бензин,1,0,1,0,0,0,0,0,1,0,0,0,0,0,0,0,0,0,0,0,0,0,1
98000.0,Regulmoto ZR 250,Хабаровск,0.0,250,бензин,5,0,1,0,1,0,0,0,0,0,0,0,0,0,0,0,0,0,0,0,0,0,1
98000.0,Roliz 150-8A-I Asterix,Владивосток,0.0,110,бензин,0,0,1,0,1,0,0,0,0,0,0,0,0,0,0,0,0,0,0,0,0,0,1
98000.0,Kayo K1 250 MX,Краснокаменск,0.0,250,бензин,4,0,1,0,1,0,0,0,0,0,0,0,0,0,0,0,0,0,0,0,0,0,1
99000.0,Zuumav FX K3,Тюмень,0.0,125,бензин,1,0,1,1,1,0,0,0,0,0,0,0,0,0,0,0,0,0,0,0,0,0,1
99000.0,Regulmoto Pilot 110EA,Уссурийск,0.0,110,бензин,0,0,1,0,1,0,0,0,0,0,0,0,0,0,0,0,0,0,0,0,0,0,1
99000.0,Regulmoto Pilot EA,Новосибирск,0.0,110,бензин,0,1,1,0,0,0,0,0,1,0,0,0,0,0,0,0,0,0,0,0,0,0,1
99000.0,Roliz Cross 110,Владивосток,0.0,110,бензин,0,1,1,0,1,0,0,0,0,0,0,0,0,0,0,0,0,0,0,0,0,0,1
99000.0,Regulmoto Pilot EA,Хабаровск,0.0,110,бензин,1,1,1,0,1,0,0,0,0,0,0,0,0,0,0,0,0,0,0,0,0,0,1
99000.0,Regulmoto Pilot EA,Барнаул,0.0,110,бензин,0,0,1,0,1,0,0,0,0,0,0,0,0,0,0,0,0,0,0,0,0,0,1
99450.0,Roliz Cross 110,Владивосток,0.0,110,бензин,1,0,1,0,1,0,0,0,0,0,0,0,0,0,0,0,0,0,0,0,0,0,1
99900.0,BSE EX 125E,Томск,0.0,125,бензин,1,0,1,0,1,0,0,0,0,0,0,0,0,0,0,0,0,0,0,0,0,0,1
99900.0,Regulmoto Pilot EM,Красноярск,0.0,125,бензин,1,0,1,0,0,0,0,0,1,0,0,0,0,0,0,0,0,0,0,0,0,0,1
99990.0,Kayo Basic K125 KRZ,Новосибирск,0.0,125,бензин,1,0,1,0,0,0,0,0,1,0,0,0,0,0,0,0,0,0,0,0,0,0,1
99990.0,Progasi Kids Power 110,Владивосток,0.0,110,бензин,1,1,1,0,1,0,0,0,0,0,0,0,0,0,0,0,0,0,0,0,0,0,1
99990.0,Kayo Basic K125EM KRZ,Новосибирск,0.0,125,бензин,0,0,1,0,0,0,0,0,1,0,0,0,0,0,0,0,0,0,0,0,0,0,1
100000.0,SSSR Core,Томск,0.0,125,бензин,0,1,1,0,1,0,0,0,0,0,0,0,0,0,0,0,0,0,0,0,0,0,1
100000.0,Motoland NX 125,Петропавловск-Камчатский,0.0,124,бензин,4,0,1,0,1,0,0,0,0,0,0,0,0,0,0,0,0,0,0,0,0,0,1
100000.0,Regulmoto Seven Pro,Иркутск,0.0,140,бензин,1,0,1,0,1,0,0,0,0,0,0,0,0,0,0,0,0,0,0,0,0,0,1
100000.0,Apollo Thunder 110,Владивосток,0.0,110,бензин,0,1,1,0,1,0,0,0,0,0,0,0,0,0,0,0,0,0,0,0,0,0,1
100000.0,Sharmax Sport 190,Бор,0.0,140,бензин,1,0,1,0,1,0,0,0,0,0,0,0,0,0,0,0,0,0,0,0,0,0,1
100000.0,Regulmoto Pilot,Новокузнецк,0.0,125,бензин,1,0,1,0,1,0,0,0,0,0,0,0,0,0,0,0,0,0,0,0,0,0,1
100000.0,Racer Panther RC250GY-C2,Москва,0.0,225,бензин,5,0,1,0,0,0,1,0,0,0,0,0,0,0,0,0,0,0,0,0,0,0,1
100000.0,Racer Panther RC250GY-C2,Усть-Кан,0.0,224,бензин,2,0,1,0,1,0,0,0,0,0,0,0,0,0,0,0,0,0,0,0,0,0,1
100000.0,GR GR-X,Пластун,0.0,150,бензин,3,0,1,0,1,0,0,0,0,0,0,0,0,0,0,0,0,0,0,0,0,0,1
100000.0,Racer Tiger RC150-23,Баган,0.0,150,бензин,2,0,1,0,1,0,0,0,0,0,0,0,0,0,0,0,0,0,0,0,0,0,1
100000.0,Regulmoto Seven Medalist,Мыски,0.0,150,бензин,2,0,1,0,1,0,0,0,0,0,0,0,0,0,0,0,0,0,0,0,0,0,1
100000.0,Ekonika Cross-125,Улан-Удэ,0.0,125,бензин,4,0,1,0,1,0,0,0,0,0,0,0,0,0,0,0,0,0,0,0,0,0,1
100000.0,Kayo Basic TT125,Иркутск,0.0,125,бензин,2,0,1,0,1,0,0,0,0,0,0,0,0,0,0,0,0,0,0,0,0,0,1
100800.0,PWR Racing FRZ 125 17-14,Барнаул,0.0,125,бензин,0,0,1,0,1,0,0,0,0,0,0,0,0,0,0,0,0,0,0,0,0,0,1
100990.0,BSE EX 125E,Барнаул,0.0,125,бензин,0,0,1,0,1,0,0,0,0,0,0,0,0,0,0,0,0,0,0,0,0,0,1
101890.0,SSSR Core,Новосибирск,0.0,125,бензин,1,1,1,0,0,0,0,0,1,0,0,0,0,0,0,0,0,0,0,0,0,0,1
102990.0,Kayo Mini YX125EM,Новосибирск,0.0,125,бензин,1,0,1,0,0,0,0,0,1,0,0,0,0,0,0,0,0,0,0,0,0,0,1
102990.0,BSE MX 125,Барнаул,0.0,125,бензин,0,0,1,0,1,0,0,0,0,0,0,0,0,0,0,0,0,0,0,0,0,0,1
104000.0,Regulmoto Pilot EM,Улан-Удэ,0.0,125,бензин,0,0,1,0,1,0,0,0,0,0,0,0,0,0,0,0,0,0,0,0,0,0,1
104000.0,Regulmoto Pilot EM,Благовещенск,0.0,125,бензин,0,0,1,0,1,0,0,0,0,0,0,0,0,0,0,0,0,0,0,0,0,0,1
104000.0,SPR-Motors MiniCross,Благовещенск,0.0,125,бензин,1,0,1,0,1,0,0,0,0,0,0,0,0,0,0,0,0,0,0,0,0,0,1
104000.0,Regulmoto Pilot EM,Хабаровск,0.0,125,бензин,1,0,1,1,1,0,0,0,0,0,0,0,0,0,0,0,0,0,0,0,0,0,1
104490.0,BSE EX 125E,Барнаул,0.0,125,бензин,0,0,1,0,1,0,0,0,0,0,0,0,0,0,0,0,0,0,0,0,0,0,1
104990.0,Kayo Basic TT125EA,Новосибирск,0.0,125,бензин,1,0,1,0,0,0,0,0,1,0,0,0,0,0,0,0,0,0,0,0,0,0,1
104990.0,Kayo Basic K125EM KRZ,Новосибирск,0.0,125,бензин,1,0,1,0,0,0,0,0,1,0,0,0,0,0,0,0,0,0,0,0,0,0,1
104990.0,Kayo Basic K125EA,Новосибирск,0.0,125,бензин,0,1,1,0,0,0,0,0,1,0,0,0,0,0,0,0,0,0,0,0,0,0,1
104990.0,Kayo Basic K125EM KRZ,Новосибирск,0.0,125,бензин,0,0,1,0,0,0,0,0,1,0,0,0,0,0,0,0,0,0,0,0,0,0,1
104990.0,Kayo Mini YX125EM,Новосибирск,0.0,125,бензин,1,0,1,0,0,0,0,0,1,0,0,0,0,0,0,0,0,0,0,0,0,0,1
104990.0,Kayo Basic TT125EM,Благовещенск,0.0,125,бензин,1,0,1,0,1,0,0,0,0,0,0,0,0,0,0,0,0,0,0,0,0,0,1
104990.0,Kayo Basic K125EM KRZ,Барнаул,0.0,125,бензин,1,0,1,0,1,0,0,0,0,0,0,0,0,0,0,0,0,0,0,0,0,0,1
104990.0,Kayo Basic TT125,Новосибирск,0.0,125,бензин,1,0,1,0,0,0,0,0,1,0,0,0,0,0,0,0,0,0,0,0,0,0,1
104990.0,Kayo Basic K125EA,Новосибирск,0.0,125,бензин,0,0,1,0,0,0,0,0,1,0,0,0,0,0,0,0,0,0,0,0,0,0,1
104990.0,Kayo Basic TT125EA,Благовещенск,0.0,125,бензин,1,1,1,0,1,0,0,0,0,0,0,0,0,0,0,0,0,0,0,0,0,0,1
105000.0,BSE EXA SA,Томск,0.0,125,бензин,0,1,1,0,1,0,0,0,0,0,0,0,0,0,0,0,0,0,0,0,0,0,1
105000.0,GR GR-X YX125EM,Владивосток,0.0,125,бензин,1,0,1,0,1,0,0,0,0,0,0,0,0,0,0,0,0,0,0,0,0,0,1
105000.0,GR GR-X YX125EM,Владивосток,0.0,125,бензин,2,0,1,0,1,0,0,0,0,0,0,0,0,0,0,0,0,0,0,0,0,0,1
105000.0,Regulmoto Seven Medalist,Находка,0.0,150,бензин,2,0,1,0,1,0,0,0,0,0,0,0,0,0,0,0,0,0,0,0,0,0,1
105000.0,SPR-Motors MiniCross,Арсеньев,0.0,125,бензин,1,0,1,0,1,0,0,0,0,0,0,0,0,0,0,0,0,0,0,0,0,0,1
105000.0,Kayo Evolution YX140EM,Галёнки,0.0,140,бензин,1,0,1,0,1,0,0,0,0,0,0,0,0,0,0,0,0,0,0,0,0,0,1
105800.0,Motoland TCX 125,Новосибирск,0.0,125,бензин,0,0,1,0,0,0,0,0,1,0,0,0,0,0,0,0,0,0,0,0,0,0,1
105800.0,Apollo Thunder 125,Новосибирск,0.0,125,бензин,1,0,1,0,0,0,0,0,1,0,0,0,0,0,0,0,0,0,0,0,0,0,1
106000.0,SPR-Motors MiniCross,Артём,0.0,125,бензин,2,0,1,0,1,0,0,0,0,0,0,0,0,0,0,0,0,0,0,0,0,0,1
108000.0,Apollo Thunder 125,Красноярск,0.0,125,бензин,2,0,1,0,0,0,0,0,1,0,0,0,0,0,0,0,0,0,0,0,0,0,1
108000.0,Regulmoto Five EA,Благовещенск,0.0,125,бензин,0,1,1,0,1,0,0,0,0,0,0,0,0,0,0,0,0,0,0,0,0,0,1
108000.0,Regulmoto Five EA,Хабаровск,0.0,125,бензин,0,1,1,0,1,0,0,0,0,0,0,0,0,0,0,0,0,0,0,0,0,0,1
108000.0,Regulmoto Five EA,Новосибирск,0.0,125,бензин,0,1,1,0,0,0,0,0,1,0,0,0,0,0,0,0,0,0,0,0,0,0,1
108000.0,Regulmoto Five EA,Томск,0.0,125,бензин,0,1,1,0,1,0,0,0,0,0,0,0,0,0,0,0,0,0,0,0,0,0,1
108000.0,Regulmoto Five EA,Хабаровск,0.0,125,бензин,1,1,1,0,1,0,0,0,0,0,0,0,0,0,0,0,0,0,0,0,0,0,1
108000.0,Regulmoto Five EA,Уссурийск,0.0,125,бензин,0,0,1,0,1,0,0,0,0,0,0,0,0,0,0,0,0,0,0,0,0,0,1
108700.0,Скаут Сафари 3L-8+ Bigfoot,Великие Луки,0.0,125,бензин,1,1,1,0,1,0,0,0,0,0,0,0,0,0,0,0,0,0,0,0,0,0,1
108750.0,BSE EX 125E,Барнаул,0.0,125,бензин,0,0,1,0,1,0,0,0,0,0,0,0,0,0,0,0,0,0,0,0,0,0,1
109000.0,Regulmoto Pilot EM,Барнаул,0.0,125,бензин,0,0,1,0,1,0,0,0,0,0,0,0,0,0,0,0,0,0,0,0,0,0,1
109990.0,Kayo Basic K125EM KRZ,Красноярск,0.0,125,бензин,1,0,1,0,0,0,0,0,1,0,0,0,0,0,0,0,0,0,0,0,0,0,1
109990.0,Kayo Basic TT125EA,Красноярск,0.0,125,бензин,1,1,1,0,0,0,0,0,1,0,0,0,0,0,0,0,0,0,0,0,0,0,1
109990.0,BSE MX 125,Томск,0.0,125,бензин,0,0,1,0,1,0,0,0,0,0,0,0,0,0,0,0,0,0,0,0,0,0,1
109990.0,Rockot Motors Demoniac,Томск,0.0,125,бензин,0,0,1,0,1,0,0,0,0,0,0,0,0,0,0,0,0,0,0,0,0,0,1
109990.0,Kayo Mini TD125,Владивосток,0.0,125,бензин,1,0,1,0,1,0,0,0,0,0,0,0,0,0,0,0,0,0,0,0,0,0,1
109990.0,Kayo Basic TT140,Новосибирск,0.0,140,бензин,1,0,1,0,0,0,0,0,1,0,0,0,0,0,0,0,0,0,0,0,0,0,1
110000.0,Apollo Thunder,Владивосток,0.0,140,бензин,0,0,1,0,1,0,0,0,0,0,0,0,0,0,0,0,0,0,0,0,0,0,1
110000.0,Progasi Smart 125,Тайшет,0.0,125,бензин,1,0,1,0,1,0,0,0,0,0,0,0,0,0,0,0,0,0,0,0,0,0,1
110000.0,Regulmoto Seven Medalist Pro,Новосибирск,0.0,140,бензин,3,0,1,0,0,0,0,0,1,0,0,0,0,0,0,0,0,0,0,0,0,0,1
110000.0,Kayo Evolution YX140EM,Новоуральск,0.0,140,бензин,2,0,1,0,1,0,0,0,0,0,0,0,0,0,0,0,0,0,0,0,0,0,1
110000.0,Regulmoto Spitfire,Владивосток,0.0,125,бензин,1,0,1,0,1,0,0,0,0,0,0,0,0,0,0,0,0,0,0,0,0,0,1
110000.0,Regulmoto Seven Medalist,Криводановка,0.0,140,бензин,5,0,1,0,1,0,0,0,0,0,0,0,0,0,0,0,0,0,0,0,0,0,1
110000.0,Kayo Evolution YX125EM,Чунский,0.0,125,бензин,3,0,1,0,1,0,0,0,0,0,0,0,0,0,0,0,0,0,0,0,0,0,1
110000.0,Скаут 7 Боцман 2,Иркутск,0.0,150,бензин,2,0,1,0,1,0,0,0,0,0,0,0,0,0,0,0,0,0,0,0,0,0,1
113150.0,Motoland Apex 125,Великие Луки,0.0,125,бензин,1,0,1,0,1,0,0,0,0,0,0,0,0,0,0,0,0,0,0,0,0,0,1
113500.0,Regulmoto Seven 125E,Уссурийск,0.0,125,бензин,0,0,1,0,1,0,0,0,0,0,0,0,0,0,0,0,0,0,0,0,0,0,1
113500.0,Regulmoto Seven,Владивосток,0.0,125,бензин,1,0,1,0,1,0,0,0,0,0,0,0,0,0,0,0,0,0,0,0,0,0,1
113500.0,Regulmoto Seven,Комсомольск-на-Амуре,0.0,125,бензин,0,0,1,0,1,0,0,0,0,0,0,0,0,0,0,0,0,0,0,0,0,0,1
113500.0,Regulmoto Seven 125E,Благовещенск,0.0,125,бензин,1,0,1,0,1,0,0,0,0,0,0,0,0,0,0,0,0,0,0,0,0,0,1
113500.0,Regulmoto Seven 125E,Новосибирск,0.0,125,бензин,1,0,1,0,0,0,0,0,1,0,0,0,0,0,0,0,0,0,0,0,0,0,1
113500.0,Regulmoto Seven,Томск,0.0,125,бензин,1,0,1,0,1,0,0,0,0,0,0,0,0,0,0,0,0,0,0,0,0,0,1
113900.0,Racer Tourist RC200GY-C2A,Чита,0.0,200,бензин,1,0,1,0,1,0,0,0,0,0,0,0,0,0,0,0,0,0,0,0,0,0,1
113900.0,Racer Tourist RC200GY-C2A,Бийск,0.0,200,бензин,0,0,1,0,1,0,0,0,0,0,0,0,0,0,0,0,0,0,0,0,0,0,1
113999.0,Минск D4 125,Иркутск,0.0,125,бензин,0,0,1,0,1,0,0,0,0,0,0,0,0,0,0,0,0,0,0,0,0,0,1
114000.0,SPR-Motors MiniCross L,Благовещенск,0.0,140,бензин,1,0,1,0,1,0,0,0,0,0,0,0,0,0,0,0,0,0,0,0,0,0,1
114990.0,Kayo Evolution K125EM,Новосибирск,0.0,125,бензин,0,0,1,0,0,0,0,0,1,0,0,0,0,0,0,0,0,0,0,0,0,0,1
114990.0,Kayo Basic TT140EM,Бийск,0.0,140,бензин,1,0,1,0,1,0,0,0,0,0,0,0,0,0,0,0,0,0,0,0,0,0,1
114990.0,Kayo Basic TT140,Красноярск,0.0,140,бензин,1,0,1,0,0,0,0,0,1,0,0,0,0,0,0,0,0,0,0,0,0,0,1
114990.0,Kayo Evolution K125EM,Бийск,0.0,125,бензин,1,0,1,0,1,0,0,0,0,0,0,0,0,0,0,0,0,0,0,0,0,0,1
114990.0,Kayo Evolution YX125EM,Новосибирск,0.0,125,бензин,1,0,1,0,0,0,0,0,1,0,0,0,0,0,0,0,0,0,0,0,0,0,1
114990.0,Kayo Evolution YX125EM,Новосибирск,0.0,125,бензин,1,0,1,0,0,0,0,0,1,0,0,0,0,0,0,0,0,0,0,0,0,0,1
114990.0,Apollo RFZ Start 125LE,Барнаул,0.0,125,бензин,0,0,1,0,1,0,0,0,0,0,0,0,0,0,0,0,0,0,0,0,0,0,1
114990.0,Kayo Basic TT140EM,Новосибирск,0.0,140,бензин,1,0,1,0,0,0,0,0,1,0,0,0,0,0,0,0,0,0,0,0,0,0,1
114990.0,Kayo Evolution K125EM,Барнаул,0.0,125,бензин,1,0,1,0,1,0,0,0,0,0,0,0,0,0,0,0,0,0,0,0,0,0,1
114990.0,Kayo Evolution K125EM,Владивосток,0.0,125,бензин,1,0,1,0,1,0,0,0,0,0,0,0,0,0,0,0,0,0,0,0,0,0,1
114990.0,Kayo Evolution K125EM,Новосибирск,0.0,125,бензин,1,0,1,0,0,0,0,0,1,0,0,0,0,0,0,0,0,0,0,0,0,0,1
114990.0,Apollo RFZ Start 125LE,Барнаул,0.0,125,бензин,0,0,1,0,1,0,0,0,0,0,0,0,0,0,0,0,0,0,0,0,0,0,1
114990.0,Kayo Evolution K125EM,Томск,0.0,125,бензин,0,0,1,0,1,0,0,0,0,0,0,0,0,0,0,0,0,0,0,0,0,0,1
114990.0,Kayo Evolution K125EM,Благовещенск,0.0,125,бензин,1,0,1,0,1,0,0,0,0,0,0,0,0,0,0,0,0,0,0,0,0,0,1
114990.0,Kayo Evolution YX125EM,Томск,0.0,125,бензин,0,0,1,0,1,0,0,0,0,0,0,0,0,0,0,0,0,0,0,0,0,0,1
114990.0,Kayo Evolution K125EM,Новосибирск,0.0,125,бензин,0,0,1,0,0,0,0,0,1,0,0,0,0,0,0,0,0,0,0,0,0,0,1
114990.0,Kayo Basic TT125EM,Новосибирск,0.0,125,бензин,1,0,1,0,0,0,0,0,1,0,0,0,0,0,0,0,0,0,0,0,0,0,1
115000.0,Zuumav FX K3,Владивосток,0.0,125,бензин,1,0,1,0,1,0,0,0,0,0,0,0,0,0,0,0,0,0,0,0,0,0,1
115000.0,Apollo Thunder 125,Владивосток,0.0,125,бензин,0,1,1,0,1,0,0,0,0,0,0,0,0,0,0,0,0,0,0,0,0,0,1
115000.0,Roliz 150-8A-I Asterix,Владивосток,0.0,125,бензин,0,0,1,0,1,0,0,0,0,0,0,0,0,0,0,0,0,0,0,0,0,0,1
115000.0,Roliz Cross-125 HL,Владивосток,0.0,125,бензин,0,0,1,0,1,0,0,0,0,0,0,0,0,0,0,0,0,0,0,0,0,0,1
115000.0,Regulmoto Sport-003 PR,Уссурийск,0.0,250,бензин,5,0,1,0,1,0,0,0,0,0,0,0,0,0,0,0,0,0,0,0,0,0,1
115000.0,Regulmoto Seven Medalist,Артём,0.0,150,бензин,1,0,1,0,1,0,0,0,0,0,0,0,0,0,0,0,0,0,0,0,0,0,1
116890.0,Motoland NX 125,Великие Луки,0.0,125,бензин,1,0,1,0,1,0,0,0,0,0,0,0,0,0,0,0,0,0,0,0,0,0,1
117000.0,Regulmoto Spitfire Pro,Чита,0.0,140,бензин,0,0,1,0,1,0,0,0,0,0,0,0,0,0,0,0,0,0,0,0,0,0,1
118000.0,Kayo K1 250 MX,Арти,0.0,250,бензин,5,0,1,0,1,0,0,0,0,0,0,0,0,0,0,0,0,0,0,0,0,0,1
118000.0,SPR-Motors MiniCross L,Арсеньев,0.0,150,бензин,1,0,1,0,1,0,0,0,0,0,0,0,0,0,0,0,0,0,0,0,0,0,1
119000.0,Racer Tourist,Бийск,0.0,200,бензин,1,0,1,0,1,0,0,0,0,0,0,0,0,0,0,0,0,0,0,0,0,0,1
119000.0,Roliz 150-8A-E Optimus,Владивосток,0.0,125,бензин,0,0,1,0,1,0,0,0,0,0,0,0,0,0,0,0,0,0,0,0,0,0,1
119000.0,SPR-Motors MiniCross L,Артём,0.0,140,бензин,1,0,1,0,1,0,0,0,0,0,0,0,0,0,0,0,0,0,0,0,0,0,1
119500.0,Zuumav FX K3,Владивосток,0.0,125,бензин,1,0,1,0,1,0,0,0,0,0,0,0,0,0,0,0,0,0,0,0,0,0,1
119600.0,Progasi Smart 125,Великие Луки,0.0,125,бензин,1,0,1,0,1,0,0,0,0,0,0,0,0,0,0,0,0,0,0,0,0,0,1
119990.0,Kayo Evolution K125EM,Красноярск,0.0,125,бензин,1,0,1,0,0,0,0,0,1,0,0,0,0,0,0,0,0,0,0,0,0,0,1
119990.0,SYCMCC SYC300-11,Новосибирск,0.0,250,бензин,1,0,1,0,0,0,0,0,1,0,0,0,0,0,0,0,0,0,0,0,0,0,1
119990.0,SYCMCC SYC300-11,Новосибирск,0.0,250,бензин,1,0,1,0,0,0,0,0,1,0,0,0,0,0,0,0,0,0,0,0,0,0,1
119990.0,Kayo Basic TT140EM,Красноярск,0.0,140,бензин,1,0,1,0,0,0,0,0,1,0,0,0,0,0,0,0,0,0,0,0,0,0,1
120000.0,SYCMCC SYC300-11,Новосибирск,0.0,250,бензин,1,0,1,0,0,0,0,0,1,0,0,0,0,0,0,0,0,0,0,0,0,0,1
120000.0,Sharmax Power Max 140,Североуральск,0.0,140,бензин,1,0,1,0,1,0,0,0,0,0,0,0,0,0,0,0,0,0,0,0,0,0,1
120000.0,Kayo Basic TT125EA,Комсомольск-на-Амуре,0.0,125,бензин,1,0,1,0,1,0,0,0,0,0,0,0,0,0,0,0,0,0,0,0,0,0,1
120000.0,Sharmax PowerMax 190,Североуральск,0.0,140,бензин,1,0,1,0,1,0,0,0,0,0,0,0,0,0,0,0,0,0,0,0,0,0,1
120000.0,Avantis FX 250 Lux,Абакан,0.0,250,бензин,4,0,1,0,1,0,0,0,0,0,0,0,0,0,0,0,0,0,0,0,0,0,1
120000.0,SYCMCC SYC300-11,Новосибирск,0.0,250,бензин,0,0,1,0,0,0,0,0,1,0,0,0,0,0,0,0,0,0,0,0,0,0,1
120000.0,Zuumav FX S3,Находка,0.0,125,бензин,1,0,1,0,1,0,0,0,0,0,0,0,0,0,0,0,0,0,0,0,0,0,1
120000.0,Regulmoto Athlete 250 19-16,Николаевск-На-Амуре,0.0,300,бензин,4,0,1,0,1,0,0,0,0,0,0,0,0,0,0,0,0,0,0,0,0,0,1
120000.0,STELS RK125,Новосибирск,0.0,125,бензин,1,0,1,0,0,0,0,0,1,0,0,0,0,0,0,0,0,0,0,0,0,0,1
120000.0,Motoland TT250,Махачкала,0.0,250,бензин,3,0,1,0,1,0,0,0,0,0,0,0,0,0,0,0,0,0,0,0,0,0,1
120990.0,BSE PH-125E,Новокузнецк,0.0,125,бензин,0,0,1,0,1,0,0,0,0,0,0,0,0,0,0,0,0,0,0,0,0,0,1
121000.0,BSE PH-125E,Томск,0.0,125,бензин,0,0,1,0,1,0,0,0,0,0,0,0,0,0,0,0,0,0,0,0,0,0,1
121500.0,Roliz ZF150-3A,Благовещенск,0.0,150,бензин,0,0,1,0,1,0,0,0,0,0,0,0,0,0,0,0,0,0,0,0,0,0,1
121500.0,Roliz ZF150-3A,Хабаровск,0.0,150,бензин,0,0,1,0,1,0,0,0,0,0,0,0,0,0,0,0,0,0,0,0,0,0,1
122990.0,BSE PH-125,Красноярск,0.0,125,бензин,1,0,1,0,0,0,0,0,1,0,0,0,0,0,0,0,0,0,0,0,0,0,1
123000.0,Wels RT125e,Чита,0.0,125,бензин,1,0,1,0,1,0,0,0,0,0,0,0,0,0,0,0,0,0,0,0,0,0,1
124000.0,Regulmoto Seven Medalist,Новокузнецк,0.0,150,бензин,1,0,1,0,1,0,0,0,0,0,0,0,0,0,0,0,0,0,0,0,0,0,1
124000.0,Regulmoto Seven Medalist,Бийск,0.0,140,бензин,0,0,1,0,1,0,0,0,0,0,0,0,0,0,0,0,0,0,0,0,0,0,1
124000.0,Regulmoto Seven Medalist,Хабаровск,0.0,125,бензин,1,1,1,0,1,0,0,0,0,0,0,0,0,0,0,0,0,0,0,0,0,0,1
124000.0,Regulmoto Seven Medalist,Благовещенск,0.0,140,бензин,0,0,1,0,1,0,0,0,0,0,0,0,0,0,0,0,0,0,0,0,0,0,1
124800.0,Apollo Thunder 140,Новосибирск,0.0,140,бензин,0,0,1,0,0,0,0,0,1,0,0,0,0,0,0,0,0,0,0,0,0,0,1
124900.0,Kayo Evolution YX140EM,Томск,0.0,140,бензин,1,0,1,0,1,0,0,0,0,0,0,0,0,0,0,0,0,0,0,0,0,0,1
124990.0,Kayo Evolution YX140EM,Томск,0.0,140,бензин,0,0,1,0,1,0,0,0,0,0,0,0,0,0,0,0,0,0,0,0,0,0,1
124990.0,Kayo KT50 2T,Красноярск,0.0,50,бензин,2,1,0,0,0,0,0,0,1,0,0,0,0,0,0,0,0,0,0,0,0,0,1
124990.0,Kayo Evolution YX125EM,Новосибирск,0.0,125,бензин,1,0,1,0,0,0,0,0,1,0,0,0,0,0,0,0,0,0,0,0,0,0,1
124990.0,Kayo Evolution YX125EM,Барнаул,0.0,125,бензин,1,0,1,0,1,0,0,0,0,0,0,0,0,0,0,0,0,0,0,0,0,0,1
124990.0,Kayo Evolution YX140EM,Бийск,0.0,140,бензин,1,0,1,0,1,0,0,0,0,0,0,0,0,0,0,0,0,0,0,0,0,0,1
125000.0,Apollo Thunder 125,Томск,0.0,125,бензин,0,0,1,0,1,0,0,0,0,0,0,0,0,0,0,0,0,0,0,0,0,0,1
125000.0,VMC 140,Сухой Лог,0.0,125,бензин,1,0,1,0,1,0,0,0,0,0,0,0,0,0,0,0,0,0,0,0,0,0,1
125000.0,Roliz 150-8A-E Optimus,Владивосток,0.0,200,бензин,0,0,1,0,1,0,0,0,0,0,0,0,0,0,0,0,0,0,0,0,0,0,1
125000.0,Racer RC200Y-C2,Усолье-Сибирское,0.0,200,бензин,2,0,1,0,1,0,0,0,0,0,0,0,0,0,0,0,0,0,0,0,0,0,1
125000.0,Regulmoto Seven Medalist Pro,Иланский,0.0,150,бензин,1,0,1,0,1,0,0,0,0,0,0,0,0,0,0,0,0,0,0,0,0,0,1
125000.0,Regulmoto Athlete 250 21-18,Благовещенск,0.0,250,бензин,5,0,1,0,1,0,0,0,0,0,0,0,0,0,0,0,0,0,0,0,0,0,1
125000.0,BSE Z2,Щёкино,0.0,250,бензин,4,0,1,0,1,0,0,0,0,0,0,0,0,0,0,0,0,0,0,0,0,0,1
125000.0,SPR-Motors MiniCross,Уссурийск,0.0,190,бензин,2,0,1,0,1,0,0,0,0,0,0,0,0,0,0,0,0,0,0,0,0,0,1
125000.0,BSE Z1,Новоалтайск,0.0,150,бензин,2,0,1,0,1,0,0,0,0,0,0,0,0,0,0,0,0,0,0,0,0,0,1
125000.0,Regulmoto Seven Medalist Pro,Кавалерово,0.0,140,бензин,2,0,1,0,1,0,0,0,0,0,0,0,0,0,0,0,0,0,0,0,0,0,1
125990.0,BSE PH-125,Кемерово,0.0,125,бензин,0,0,1,0,1,0,0,0,0,0,0,0,0,0,0,0,0,0,0,0,0,0,1
125990.0,BSE PH-125E,Барнаул,0.0,150,бензин,0,0,1,0,1,0,0,0,0,0,0,0,0,0,0,0,0,0,0,0,0,0,1
125990.0,BSE PH-125E,Барнаул,0.0,125,бензин,0,0,1,0,1,0,0,0,0,0,0,0,0,0,0,0,0,0,0,0,0,0,1
125990.0,Progasi Smart 125,Красноярск,0.0,125,бензин,1,0,1,0,0,0,0,0,1,0,0,0,0,0,0,0,0,0,0,0,0,0,1
126000.0,Regulmoto Monster,Уссурийск,0.0,200,бензин,1,0,1,0,1,0,0,0,0,0,0,0,0,0,0,0,0,0,0,0,0,0,1
126000.0,Regulmoto Viking,Благовещенск,0.0,150,бензин,0,0,1,0,1,0,0,0,0,0,0,0,0,0,0,0,0,0,0,0,0,0,1
126999.0,Roliz 150-8A-I Asterix,Уссурийск,0.0,150,бензин,1,0,1,0,1,0,0,0,0,0,0,0,0,0,0,0,0,0,0,0,0,0,1
128050.0,Racer Enduro L150 RC150-23X,Новосибирск,0.0,150,бензин,0,0,1,0,0,0,0,0,1,0,0,0,0,0,0,0,0,0,0,0,0,0,1
128500.0,Regulmoto Seven Medalist Pro,Томск,0.0,50,бензин,0,0,1,0,1,0,0,0,0,0,0,0,0,0,0,0,0,0,0,0,0,0,1
128500.0,Regulmoto Seven Medalist Pro,Бийск,0.0,140,бензин,0,0,1,0,1,0,0,0,0,0,0,0,0,0,0,0,0,0,0,0,0,0,1
128500.0,Regulmoto Seven Medalist Pro,Владивосток,0.0,140,бензин,1,0,1,0,1,0,0,0,0,0,0,0,0,0,0,0,0,0,0,0,0,0,1
128500.0,Regulmoto Seven Medalist Pro,Владивосток,0.0,150,бензин,1,0,1,0,1,0,0,0,0,0,0,0,0,0,0,0,0,0,0,0,0,0,1
129900.0,Apollo RFZ Start 125LE,Кемерово,0.0,125,бензин,0,0,1,0,1,0,0,0,0,0,0,0,0,0,0,0,0,0,0,0,0,0,1
129990.0,Progasi Smart 125,Бийск,0.0,120,бензин,1,0,1,0,1,0,0,0,0,0,0,0,0,0,0,0,0,0,0,0,0,0,1
129990.0,Progasi Smart Mini 125,Бийск,0.0,120,бензин,1,1,1,0,1,0,0,0,0,0,0,0,0,0,0,0,0,0,0,0,0,0,1
129990.0,Kayo Evolution YX140EM,Красноярск,0.0,140,бензин,1,0,1,0,0,0,0,0,1,0,0,0,0,0,0,0,0,0,0,0,0,0,1
129990.0,SYCMCC SYC300-11,Новосибирск,0.0,250,бензин,1,0,1,0,0,0,0,0,1,0,0,0,0,0,0,0,0,0,0,0,0,0,1
129990.0,Progasi Jumbo 125,Бийск,0.0,120,бензин,1,0,1,0,1,0,0,0,0,0,0,0,0,0,0,0,0,0,0,0,0,0,1
129990.0,Progasi Smart 125,Прокопьевск,0.0,125,бензин,1,0,1,0,1,0,0,0,0,0,0,0,0,0,0,0,0,0,0,0,0,0,1
129999.0,Apollo Thunder 140,Чита,0.0,140,бензин,1,0,1,0,1,0,0,0,0,0,0,0,0,0,0,0,0,0,0,0,0,0,1
130000.0,Roliz Banditos,Уссурийск,0.0,200,бензин,1,0,1,0,1,0,0,0,0,0,0,0,0,0,0,0,0,0,0,0,0,0,1
130000.0,Regulmoto Monster,Кавалерово,0.0,200,бензин,1,0,1,0,1,0,0,0,0,0,0,0,0,0,0,0,0,0,0,0,0,0,1
130000.0,Kayo K1 250 MX,Старовеличковская,0.0,250,бензин,2,0,1,0,1,0,0,0,0,0,0,0,0,0,0,0,0,0,0,0,0,0,1
130000.0,Racer Enduro 300 RC300-GY8A,Пятигорск,0.0,300,бензин,3,0,1,0,1,0,0,0,0,0,0,0,0,0,0,0,0,0,0,0,0,0,1
130000.0,Racer Magnum RC200-C5B,Тогул,0.0,200,бензин,0,0,1,0,1,0,0,0,0,0,0,0,0,0,0,0,0,0,0,0,0,0,1
130000.0,Regulmoto Seven Medalist Pro,Осинники,0.0,150,бензин,1,0,1,0,1,0,0,0,0,0,0,0,0,0,0,0,0,0,0,0,0,0,1
130000.0,Ular 250,Новосибирск,0.0,250,бензин,1,0,1,0,0,0,0,0,1,0,0,0,0,0,0,0,0,0,0,0,0,0,1
130000.0,SYCMCC SYC300-11,Новосибирск,0.0,250,бензин,0,0,1,0,0,0,0,0,1,0,0,0,0,0,0,0,0,0,0,0,0,0,1
130000.0,STELS RK125,Чита,0.0,125,бензин,0,0,1,1,1,0,0,0,0,0,0,0,0,0,0,0,0,0,0,0,0,0,1
130000.0,Apollo Thunder 150,Хабаровск,0.0,140,бензин,1,0,1,0,1,0,0,0,0,0,0,0,0,0,0,0,0,0,0,0,0,0,1
130000.0,Racer RC250GY-C2K K2,Прокопьевск,0.0,250,бензин,2,0,1,0,1,0,0,0,0,0,0,0,0,0,0,0,0,0,0,0,0,0,1
130000.0,SYCMCC SYC300-11,Новосибирск,0.0,250,бензин,0,0,1,0,0,0,0,0,1,0,0,0,0,0,0,0,0,0,0,0,0,0,1
130000.0,Kayo Evolution ZS190EM,Кировград,0.0,190,бензин,4,0,1,0,1,0,0,0,0,0,0,0,0,0,0,0,0,0,0,0,0,0,1
130000.0,SYCMCC SYC300-11,Новосибирск,0.0,250,бензин,0,0,1,0,0,0,0,0,1,0,0,0,0,0,0,0,0,0,0,0,0,0,1
130000.0,Roliz 150-8A-I Asterix,Благовещенск,0.0,150,бензин,0,0,1,0,1,0,0,0,0,0,0,0,0,0,0,0,0,0,0,0,0,0,1
130000.0,Regulmoto TE,Хомутово,0.0,223,бензин,2,0,1,0,1,0,0,0,0,0,0,0,0,0,0,0,0,0,0,0,0,0,1
130000.0,BSE Z1,Новосибирск,0.0,150,бензин,2,0,1,0,0,0,0,0,1,0,0,0,0,0,0,0,0,0,0,0,0,0,1
130000.0,Racer Enduro 300 RC300-GY8A,Бийск,0.0,270,бензин,5,0,1,0,1,0,0,0,0,0,0,0,0,0,0,0,0,0,0,0,0,0,1
130000.0,SYCMCC SYC300-11,Новосибирск,0.0,250,бензин,0,0,1,0,0,0,0,0,1,0,0,0,0,0,0,0,0,0,0,0,0,0,1
130000.0,SYCMCC SYC300-11,Новосибирск,0.0,250,бензин,0,0,1,0,0,0,0,0,1,0,0,0,0,0,0,0,0,0,0,0,0,0,1
130000.0,SYCMCC SYC300-11,Новосибирск,0.0,250,бензин,1,0,1,0,0,0,0,0,1,0,0,0,0,0,0,0,0,0,0,0,0,0,1
130000.0,Motoland CRF 250,Иркутск,0.0,250,бензин,4,0,1,0,1,0,0,0,0,0,0,0,0,0,0,0,0,0,0,0,0,0,1
130000.0,Zuumav FX K5 Lite,Каякент,0.0,250,бензин,3,0,1,0,1,0,0,0,0,0,0,0,0,0,0,0,0,0,0,0,0,0,1
130000.0,Xinguizun SHR-3,Барнаул,0.0,250,бензин,0,0,1,0,1,0,0,0,0,0,0,0,0,0,0,0,0,0,0,0,0,0,1
130520.0,Motoland JKS125 E,Новосибирск,0.0,125,бензин,1,0,1,0,0,0,0,0,1,0,0,0,0,0,0,0,0,0,0,0,0,0,1
131990.0,Kayo Evolution K125EM,Барнаул,0.0,125,бензин,0,0,1,0,1,0,0,0,0,0,0,0,0,0,0,0,0,0,0,0,0,0,1
133000.0,Apollo Thunder 150,Благовещенск,0.0,150,бензин,1,0,1,0,1,0,0,0,0,0,0,0,0,0,0,0,0,0,0,0,0,0,1
133500.0,Regulmoto Seven Medalist Pro,Барнаул,0.0,150,бензин,0,0,1,0,1,0,0,0,0,0,0,0,0,0,0,0,0,0,0,0,0,0,1
133600.0,Racer Tiger RC150-23,Бийск,0.0,150,бензин,1,0,1,0,1,0,0,0,0,0,0,0,0,0,0,0,0,0,0,0,0,0,1
134000.0,Regulmoto Spitfire Pro,Чита,0.0,140,бензин,0,0,1,0,1,0,0,0,0,0,0,0,0,0,0,0,0,0,0,0,0,0,1
134000.0,Regulmoto Spitfire Pro,Уссурийск,0.0,125,бензин,1,0,1,0,1,0,0,0,0,0,0,0,0,0,0,0,0,0,0,0,0,0,1
135000.0,Regulmoto SK 200,Владивосток,0.0,200,бензин,1,0,1,0,1,0,0,0,0,0,0,0,0,0,0,0,0,0,0,0,0,0,1
135000.0,Progasi Smart 150,Улан-Удэ,0.0,150,бензин,2,0,1,0,1,0,0,0,0,0,0,0,0,0,0,0,0,0,0,0,0,0,1
135000.0,Racer Panther,Новоалтайск,0.0,250,бензин,2,0,1,0,1,0,0,0,0,0,0,0,0,0,0,0,0,0,0,0,0,0,1
135000.0,Regulmoto SK200-8,Благовещенск,0.0,200,бензин,0,0,1,0,1,0,0,0,0,0,0,0,0,0,0,0,0,0,0,0,0,0,1
135000.0,Regulmoto SK 200,Владивосток,0.0,200,бензин,1,0,1,0,1,0,0,0,0,0,0,0,0,0,0,0,0,0,0,0,0,0,1
135000.0,SYCMCC SYC300-11,Барнаул,0.0,250,бензин,0,0,1,0,1,0,0,0,0,0,0,0,0,0,0,0,0,0,0,0,0,0,1
136000.0,Regulmoto Seven Medalist Pro,Владивосток,0.0,150,бензин,1,0,1,0,1,0,0,0,0,0,0,0,0,0,0,0,0,0,0,0,0,0,1
138000.0,Racer Magnum RC200-C5B,Новосибирск,0.0,200,бензин,0,0,1,0,0,0,0,0,1,0,0,0,0,0,0,0,0,0,0,0,0,0,1
138000.0,Regulmoto SK 200-6,Уссурийск,0.0,200,бензин,0,0,1,0,1,0,0,0,0,0,0,0,0,0,0,0,0,0,0,0,0,0,1
139800.0,Roliz Banditos,Владивосток,0.0,200,бензин,1,0,1,0,1,0,0,0,0,0,0,0,0,0,0,0,0,0,0,0,0,0,1
139800.0,Motoland Forester 200,Красноярск,0.0,200,бензин,0,0,1,0,0,0,0,0,1,0,0,0,0,0,0,0,0,0,0,0,0,0,1
139800.0,Roliz Banditos,Владивосток,0.0,200,бензин,1,0,1,0,1,0,0,0,0,0,0,0,0,0,0,0,0,0,0,0,0,0,1
139990.0,Progasi Smart 125,Владивосток,0.0,125,бензин,1,0,1,0,1,0,0,0,0,0,0,0,0,0,0,0,0,0,0,0,0,0,1
139990.0,Progasi Jumbo 125,Владивосток,0.0,125,бензин,1,0,1,0,1,0,0,0,0,0,0,0,0,0,0,0,0,0,0,0,0,0,1
139990.0,SYCMCC SYC300-11,Новосибирск,0.0,250,бензин,1,0,1,0,0,0,0,0,1,0,0,0,0,0,0,0,0,0,0,0,0,0,1
140000.0,SYCMCC SYC300-11,Новосибирск,0.0,300,бензин,0,0,1,0,0,0,0,0,1,0,0,0,0,0,0,0,0,0,0,0,0,0,1
140000.0,Zuumav FX K5 Lite,Махачкала,0.0,250,бензин,1,0,1,0,1,0,0,0,0,0,0,0,0,0,0,0,0,0,0,0,0,0,1
140000.0,X-Motos Cross,Хабаровск,0.0,250,бензин,0,0,1,0,1,0,0,0,0,0,0,0,0,0,0,0,0,0,0,0,0,0,1
140000.0,SYCMCC SYC300-11,Красноярск,0.0,250,бензин,1,0,1,0,0,0,0,0,1,0,0,0,0,0,0,0,0,0,0,0,0,0,1
140000.0,Roliz 150-8A-I Asterix,Томск,0.0,250,бензин,0,0,1,0,1,0,0,0,0,0,0,0,0,0,0,0,0,0,0,0,0,0,1
140000.0,Racer Panther Lite RC250GY-C2A,Чита,0.0,250,бензин,2,0,1,0,1,0,0,0,0,0,0,0,0,0,0,0,0,0,0,0,0,0,1
140000.0,Regulmoto Seven Medalist Pro,Кемерово,0.0,140,бензин,1,0,1,0,1,0,0,0,0,0,0,0,0,0,0,0,0,0,0,0,0,0,1
140000.0,Apollo Thunder 140,Томск,0.0,140,бензин,0,0,1,0,1,0,0,0,0,0,0,0,0,0,0,0,0,0,0,0,0,0,1
140000.0,Motoland FC 250,Мыски,0.0,250,бензин,3,0,1,0,1,0,0,0,0,0,0,0,0,0,0,0,0,0,0,0,0,0,1
140000.0,SPR-Motors CrossRoad-200,Арсеньев,0.0,200,бензин,0,0,1,0,1,0,0,0,0,0,0,0,0,0,0,0,0,0,0,0,0,0,1
140000.0,Regulmoto Senke SK200-9,Владивосток,0.0,200,бензин,1,0,1,0,1,0,0,0,0,0,0,0,0,0,0,0,0,0,0,0,0,0,1
140000.0,Zuumav FX S3,Находка,0.0,150,бензин,0,0,1,0,1,0,0,0,0,0,0,0,0,0,0,0,0,0,0,0,0,0,1
140000.0,BSE Z2,Маркова,0.0,250,бензин,2,0,1,0,1,0,0,0,0,0,0,0,0,0,0,0,0,0,0,0,0,0,1
141990.0,JHL SX150,Бийск,0.0,150,бензин,1,0,1,0,1,0,0,0,0,0,0,0,0,0,0,0,0,0,0,0,0,0,1
142000.0,Regulmoto Monster,Уссурийск,0.0,200,бензин,0,0,1,0,1,0,0,0,0,0,0,0,0,0,0,0,0,0,0,0,0,0,1
142000.0,Regulmoto Monster,Хабаровск,0.0,200,бензин,0,0,1,0,1,0,0,0,0,0,0,0,0,0,0,0,0,0,0,0,0,0,1
142000.0,Regulmoto Monster,Благовещенск,0.0,200,бензин,0,0,1,0,1,0,0,0,0,0,0,0,0,0,0,0,0,0,0,0,0,0,1
144500.0,Motoland Spring 200,Красноярск,0.0,200,бензин,0,0,1,0,0,0,0,0,1,0,0,0,0,0,0,0,0,0,0,0,0,0,1
144990.0,Kayo K1-L 150 MX,Барнаул,0.0,150,бензин,1,0,1,0,1,0,0,0,0,0,0,0,0,0,0,0,0,0,0,0,0,0,1
144990.0,Kayo K1-L 150 MX,Бийск,0.0,150,бензин,0,0,1,0,1,0,0,0,0,0,0,0,0,0,0,0,0,0,0,0,0,0,1
145000.0,Progasi Jumbo 150 Pro,Томск,0.0,150,бензин,0,0,1,0,1,0,0,0,0,0,0,0,0,0,0,0,0,0,0,0,0,0,1
145000.0,Regulmoto Athlete 300,Владивосток,0.0,300,бензин,2,0,1,0,1,0,0,0,0,0,0,0,0,0,0,0,0,0,0,0,0,0,1
145000.0,SYCMCC SYC300-11,Кемерово,0.0,300,бензин,0,0,1,0,1,0,0,0,0,0,0,0,0,0,0,0,0,0,0,0,0,0,1
145000.0,OXO Lite 250,Бийск,0.0,250,бензин,1,0,1,0,1,0,0,0,0,0,0,0,0,0,0,0,0,0,0,0,0,0,1
145000.0,Roliz Banditos,Владивосток,0.0,200,бензин,0,0,1,0,1,0,0,0,0,0,0,0,0,0,0,0,0,0,0,0,0,0,1
145000.0,Motoland XR250,Владикавказ,0.0,250,бензин,3,0,1,0,1,0,0,0,0,0,0,0,0,0,0,0,0,0,0,0,0,0,1
145000.0,Racer Enduro 300 RC300-GY8A,Шушенское,0.0,300,бензин,5,0,1,0,1,0,0,0,0,0,0,0,0,0,0,0,0,0,0,0,0,0,1
145000.0,Ataki Crosser 300,Симферополь,0.0,300,бензин,1,0,1,0,1,0,0,0,0,0,0,0,0,0,0,0,0,0,0,0,0,0,1
145000.0,Regulmoto Onix 125,Уссурийск,0.0,125,бензин,0,0,1,0,1,0,0,0,0,0,0,0,0,0,0,0,0,0,0,0,0,0,1
145000.0,Zuumav K6H,Чебоксары,0.0,300,бензин,1,0,1,0,1,0,0,0,0,0,0,0,0,0,0,0,0,0,0,0,0,0,1
145000.0,SYCMCC SYC300-11,Тюмень,0.0,300,бензин,0,0,1,0,1,0,0,0,0,0,0,0,0,0,0,0,0,0,0,0,0,0,1
145900.0,Sharmax PowerMax 190,Пермь,0.0,140,бензин,1,0,1,0,0,0,0,0,1,0,0,0,0,0,0,0,0,0,0,0,0,0,1
145900.0,OXO Lite 250,Новосибирск,0.0,250,бензин,0,0,1,0,0,0,0,0,1,0,0,0,0,0,0,0,0,0,0,0,0,0,1
146000.0,Regulmoto Allroad,Чита,0.0,150,бензин,1,0,1,0,1,0,0,0,0,0,0,0,0,0,0,0,0,0,0,0,0,0,1
146000.0,Regulmoto Allroad,Уссурийск,0.0,150,бензин,1,0,1,0,1,0,0,0,0,0,0,0,0,0,0,0,0,0,0,0,0,0,1
146000.0,Regulmoto Allroad,Владивосток,0.0,150,бензин,1,0,1,0,1,0,0,0,0,0,0,0,0,0,0,0,0,0,0,0,0,0,1
146000.0,Regulmoto Allroad,Свободный,0.0,150,бензин,1,0,1,0,1,0,0,0,0,0,0,0,0,0,0,0,0,0,0,0,0,0,1
147000.0,Racer Enduro RC200GY-C2,Бийск,0.0,200,бензин,1,0,1,0,1,0,0,0,0,0,0,0,0,0,0,0,0,0,0,0,0,0,1
148000.0,Xinguizun XGZ300GY,Аткарск,0.0,300,бензин,0,0,1,0,1,0,0,0,0,0,0,0,0,0,0,0,0,0,0,0,0,0,1
149000.0,X-Motos Cross,Хабаровск,0.0,243,бензин,1,0,1,0,1,0,0,0,0,0,0,0,0,0,0,0,0,0,0,0,0,0,1
149490.0,BSE PH-150,Томск,0.0,150,бензин,0,0,1,0,1,0,0,0,0,0,0,0,0,0,0,0,0,0,0,0,0,0,1
149980.0,PWR Racing FRZ 125 17-14,Новосибирск,0.0,125,бензин,1,0,1,0,0,0,0,0,1,0,0,0,0,0,0,0,0,0,0,0,0,0,1
149990.0,Progasi Smart 150,Владивосток,0.0,150,бензин,1,0,1,0,1,0,0,0,0,0,0,0,0,0,0,0,0,0,0,0,0,0,1
149990.0,Ataki Tracker,Новосибирск,0.0,223,бензин,2,0,1,0,0,0,0,0,1,0,0,0,0,0,0,0,0,0,0,0,0,0,1
149990.0,BSE PH-150,Томск,0.0,150,бензин,0,0,1,0,1,0,0,0,0,0,0,0,0,0,0,0,0,0,0,0,0,0,1
149990.0,Kayo GP1-SM YX160,Красноярск,0.0,159,бензин,2,0,1,0,0,0,0,0,1,0,0,0,0,0,0,0,0,0,0,0,0,0,1
149990.0,Kayo K1-L 150 MX,Красноярск,0.0,150,бензин,1,0,1,0,0,0,0,0,1,0,0,0,0,0,0,0,0,0,0,0,0,0,1
149990.0,Progasi Jumbo 150 Pro,Бийск,0.0,150,бензин,1,0,1,0,1,0,0,0,0,0,0,0,0,0,0,0,0,0,0,0,0,0,1
149999.0,Racer Panther RC250GY-C2,Иркутск,0.0,250,бензин,1,0,1,0,1,0,0,0,0,0,0,0,0,0,0,0,0,0,0,0,0,0,1
150000.0,Roliz Sport-007,Иркутск,0.0,300,бензин,3,0,1,0,1,0,0,0,0,0,0,0,0,0,0,0,0,0,0,0,0,0,1
150000.0,Roliz Sport-005,Благовещенск,0.0,250,бензин,0,0,1,0,1,0,0,0,0,0,0,0,0,0,0,0,0,0,0,0,0,0,1
150000.0,Kayo T2 250 Enduro,Томск,0.0,250,бензин,0,0,1,0,1,0,0,0,0,0,0,0,0,0,0,0,0,0,0,0,0,0,1
150000.0,Regulmoto ZF-KY 250 Sport-003,Хабаровск,0.0,250,бензин,3,0,1,0,1,0,0,0,0,0,0,0,0,0,0,0,0,0,0,0,0,0,1
150000.0,Kayo K1 250 MX,Артём,0.0,250,бензин,2,0,1,0,1,0,0,0,0,0,0,0,0,0,0,0,0,0,0,0,0,0,1
150000.0,Motoland MT 250,Данков,0.0,250,бензин,1,0,1,0,1,0,0,0,0,0,0,0,0,0,0,0,0,0,0,0,0,0,1
150000.0,Regulmoto CR-Z 300,Фокино,0.0,300,бензин,3,0,1,0,1,0,0,0,0,0,0,0,0,0,0,0,0,0,0,0,0,0,1
150000.0,Motoland XT300 HS,Павловск,0.0,300,бензин,1,0,1,0,1,0,0,0,0,0,0,0,0,0,0,0,0,0,0,0,0,0,1
150000.0,Avantis FX 250 Lux,Бийск,0.0,250,бензин,4,0,1,0,1,0,0,0,0,0,0,0,0,0,0,0,0,0,0,0,0,0,1
150000.0,JMC 160-PRO,Хабаровск,0.0,160,бензин,2,0,1,0,1,0,0,0,0,0,0,0,0,0,0,0,0,0,0,0,0,0,1
150000.0,Regulmoto Sport-003 PR,Евпатория,0.0,250,бензин,4,0,1,0,1,0,0,0,0,0,0,0,0,0,0,0,0,0,0,0,0,0,1
150600.0,Racer Enduro RC200GY-C2,Бийск,0.0,200,бензин,1,0,1,0,1,0,0,0,0,0,0,0,0,0,0,0,0,0,0,0,0,0,1
150999.0,Roliz Sport-005 PR,Иркутск,0.0,250,бензин,1,0,1,0,1,0,0,0,0,0,0,0,0,0,0,0,0,0,0,0,0,0,1
151999.0,Roliz Sport-005,Хабаровск,0.0,250,бензин,0,0,1,0,1,0,0,0,0,0,0,0,0,0,0,0,0,0,0,0,0,0,1
154700.0,Racer Panther RC250GY-C2,Бийск,0.0,250,бензин,2,0,1,0,1,0,0,0,0,0,0,0,0,0,0,0,0,0,0,0,0,0,1
154700.0,Racer Panther RC250GY-C2,Новосибирск,0.0,250,бензин,0,0,1,0,0,0,0,0,1,0,0,0,0,0,0,0,0,0,0,0,0,0,1
154700.0,Racer Panther RC250GY-C2,Чита,0.0,250,бензин,1,0,1,0,1,0,0,0,0,0,0,0,0,0,0,0,0,0,0,0,0,0,1
155000.0,JHL MX250,Владивосток,0.0,250,бензин,0,0,1,0,1,0,0,0,0,0,0,0,0,0,0,0,0,0,0,0,0,0,1
155000.0,Kayo Mini K125EM,Нерюнгри,0.0,125,бензин,1,0,1,0,1,0,0,0,0,0,0,0,0,0,0,0,0,0,0,0,0,0,1
155000.0,Regulmoto ZR 250,Уссурийск,0.0,250,бензин,4,0,1,0,1,0,0,0,0,0,0,0,0,0,0,0,0,0,0,0,0,0,1
155000.0,Motoland FX 300,Натухаевская,0.0,300,бензин,1,0,1,0,1,0,0,0,0,0,0,0,0,0,0,0,0,0,0,0,0,0,1
155000.0,Motoland XT250 HS,Шира,0.0,250,бензин,5,0,1,0,1,0,0,0,0,0,0,0,0,0,0,0,0,0,0,0,0,0,1
155990.0,BSE PH-150E,Новокузнецк,0.0,150,бензин,0,0,1,0,1,0,0,0,0,0,0,0,0,0,0,0,0,0,0,0,0,0,1
155990.0,BSE PH-150E,Барнаул,0.0,150,бензин,0,0,1,0,1,0,0,0,0,0,0,0,0,0,0,0,0,0,0,0,0,0,1
156000.0,Motoland XR300 Lite,Новосибирск,0.0,300,бензин,0,0,1,0,0,0,0,0,1,0,0,0,0,0,0,0,0,0,0,0,0,0,1
156000.0,SPR-Motors Forte,Артём,0.0,200,бензин,1,0,1,0,1,0,0,0,0,0,0,0,0,0,0,0,0,0,0,0,0,0,1
157000.0,SPR-Motors MiniCross V2 Max,Арсеньев,0.0,190,бензин,0,0,1,0,1,0,0,0,0,0,0,0,0,0,0,0,0,0,0,0,0,0,1
157000.0,Regulmoto Onix Sport,Уссурийск,0.0,140,бензин,0,0,1,0,1,0,0,0,0,0,0,0,0,0,0,0,0,0,0,0,0,0,1
159000.0,Zuumav FX K5 Lite,Ревда,0.0,250,бензин,0,0,1,0,1,0,0,0,0,0,0,0,0,0,0,0,0,0,0,0,0,0,1
159400.0,Regulmoto Five EM,Владивосток,0.0,125,бензин,2,0,1,0,1,0,0,0,0,0,0,0,0,0,0,0,0,0,0,0,0,0,1
159800.0,Motoland Spring 200,Красноярск,0.0,200,бензин,0,0,1,0,0,0,0,0,1,0,0,0,0,0,0,0,0,0,0,0,0,0,1
159800.0,Motoland RZ200,Красноярск,0.0,200,бензин,0,0,1,0,0,0,0,0,1,0,0,0,0,0,0,0,0,0,0,0,0,0,1
159800.0,Motoland RT200,Красноярск,0.0,200,бензин,0,0,1,0,0,0,0,0,1,0,0,0,0,0,0,0,0,0,0,0,0,0,1
159900.0,BSE PH-150,Кемерово,0.0,150,бензин,0,0,1,0,1,0,0,0,0,0,0,0,0,0,0,0,0,0,0,0,0,0,1
159900.0,SYCMCC SYC300-11,Москва,0.0,300,бензин,0,0,1,0,0,0,1,0,0,0,0,0,0,0,0,0,0,0,0,0,0,0,1
159990.0,Progasi Max 150,Новосибирск,0.0,150,бензин,0,0,1,0,0,0,0,0,1,0,0,0,0,0,0,0,0,0,0,0,0,0,1
159990.0,Kayo K1 250 MX,Бийск,0.0,250,бензин,1,0,1,0,1,0,0,0,0,0,0,0,0,0,0,0,0,0,0,0,0,0,1
159990.0,BSE Z1,Томск,0.0,150,бензин,1,0,1,0,1,0,0,0,0,0,0,0,0,0,0,0,0,0,0,0,0,0,1
159990.0,Progasi Smart 150,Новосибирск,0.0,149,бензин,1,0,1,0,0,0,0,0,1,0,0,0,0,0,0,0,0,0,0,0,0,0,1
160000.0,FXmoto YX300,Владикавказ,0.0,300,бензин,2,1,0,0,1,0,0,0,0,0,0,0,0,0,0,0,0,0,0,0,0,0,1
160000.0,Regulmoto Athlete 250,Братск,0.0,250,бензин,1,0,1,0,1,0,0,0,0,0,0,0,0,0,0,0,0,0,0,0,0,0,1
160000.0,Lifan LF175-E2,Владивосток,0.0,175,бензин,2,0,1,0,1,0,0,0,0,0,0,0,0,0,0,0,0,0,0,0,0,0,1
160000.0,Racer Panther RC300-GY8X,Иркутск,0.0,270,бензин,1,0,1,0,1,0,0,0,0,0,0,0,0,0,0,0,0,0,0,0,0,0,1
160000.0,GR GR7 F250A Enduro Lite,Севастополь,0.0,250,бензин,5,0,1,0,1,0,0,0,0,0,0,0,0,0,0,0,0,0,0,0,0,0,1
160000.0,Motoland XR300 Lite,Новосибирск,0.0,300,бензин,0,0,1,0,0,0,0,0,1,0,0,0,0,0,0,0,0,0,0,0,0,0,1
160000.0,Motoland XR300 Lite,Барнаул,0.0,300,бензин,0,0,1,0,1,0,0,0,0,0,0,0,0,0,0,0,0,0,0,0,0,0,1
160000.0,Apollo Thunder 250,Чита,0.0,250,бензин,1,0,1,0,1,0,0,0,0,0,0,0,0,0,0,0,0,0,0,0,0,0,1
160000.0,BSE Z5,Ангарск,0.0,250,бензин,3,0,1,0,1,0,0,0,0,0,0,0,0,0,0,0,0,0,0,0,0,0,1
160000.0,SYCMCC SYC300-11,Москва,0.0,300,бензин,0,0,1,0,0,0,1,0,0,0,0,0,0,0,0,0,0,0,0,0,0,0,1
160000.0,Regulmoto Sport-003 PR,Уссурийск,0.0,250,бензин,2,0,1,0,1,0,0,0,0,0,0,0,0,0,0,0,0,0,0,0,0,0,1
160490.0,BSE PH-125 Stunt,Барнаул,0.0,150,бензин,0,0,1,0,1,0,0,0,0,0,0,0,0,0,0,0,0,0,0,0,0,0,1
162000.0,SPR-Motors MiniCross V2 Max,Артём,0.0,190,бензин,1,0,1,0,1,0,0,0,0,0,0,0,0,0,0,0,0,0,0,0,0,0,1
162800.0,Apollo Thunder 250,Новосибирск,0.0,250,бензин,0,0,1,0,0,0,0,0,1,0,0,0,0,0,0,0,0,0,0,0,0,0,1
164000.0,Racer Panther RC300-GY8X,Белокуриха,0.0,300,бензин,0,0,1,0,1,0,0,0,0,0,0,0,0,0,0,0,0,0,0,0,0,0,1
164990.0,Kayo K1-L 250 MX,Красноярск,0.0,250,бензин,1,0,1,0,0,0,0,0,1,0,0,0,0,0,0,0,0,0,0,0,0,0,1
165000.0,BSE Z3,Абакан,0.0,250,бензин,3,0,1,0,1,0,0,0,0,0,0,0,0,0,0,0,0,0,0,0,0,0,1
165000.0,Roliz Sport-005,Владивосток,0.0,250,бензин,1,0,1,0,1,0,0,0,0,0,0,0,0,0,0,0,0,0,0,0,0,0,1
165000.0,Draxter Trio,Челябинск,0.0,212,бензин,0,1,1,0,0,0,0,0,1,0,0,0,0,0,0,0,0,0,0,0,0,0,1
165000.0,Avamoto 300CC,Барнаул,0.0,300,бензин,0,0,1,0,1,0,0,0,0,0,0,0,0,0,0,0,0,0,0,0,0,0,1
165000.0,Lifan LF175-E2,Владивосток,0.0,175,бензин,1,0,1,0,1,0,0,0,0,0,0,0,0,0,0,0,0,0,0,0,0,0,1
165000.0,SPR-Motors CrossRoad-1,Арсеньев,0.0,250,бензин,1,0,1,0,1,0,0,0,0,0,0,0,0,0,0,0,0,0,0,0,0,0,1
165000.0,Racer Panther RC300-GY8X,Барнаул,0.0,270,бензин,2,0,1,0,1,0,0,0,0,0,0,0,0,0,0,0,0,0,0,0,0,0,1
165990.0,Motoland XT250 HS,Барнаул,0.0,250,бензин,0,0,1,0,1,0,0,0,0,0,0,0,0,0,0,0,0,0,0,0,0,0,1
166000.0,Roliz Sport-003,Благовещенск,0.0,250,бензин,0,0,1,0,1,0,0,0,0,0,0,0,0,0,0,0,0,0,0,0,0,0,1
166000.0,Bajaj Boxer BM 125 X,Томск,0.0,125,бензин,0,0,1,0,1,0,0,0,0,0,0,0,0,0,0,0,0,0,0,0,0,0,1
166000.0,Bajaj Boxer BM 125 X,Новосибирск,0.0,125,бензин,1,0,1,0,0,0,0,0,1,0,0,0,0,0,0,0,0,0,0,0,0,0,1
166500.0,Motoland Enduro 250 LT,Красноярск,0.0,250,бензин,0,0,1,0,0,0,0,0,1,0,0,0,0,0,0,0,0,0,0,0,0,0,1
166500.0,Motoland XR250 Lite,Новосибирск,0.0,300,бензин,0,0,1,0,0,0,0,0,1,0,0,0,0,0,0,0,0,0,0,0,0,0,1
166600.0,Motoland XR300 Lite,Красноярск,0.0,300,бензин,0,0,1,0,0,0,0,0,1,0,0,0,0,0,0,0,0,0,0,0,0,0,1
166600.0,Motoland FX 300,Красноярск,0.0,300,бензин,1,0,1,0,0,0,0,0,1,0,0,0,0,0,0,0,0,0,0,0,0,0,1
166600.0,Motoland Enduro 250 LT,Красноярск,0.0,250,бензин,1,0,1,0,0,0,0,0,1,0,0,0,0,0,0,0,0,0,0,0,0,0,1
166700.0,Racer Panther RC300-GY8X,Бийск,0.0,300,бензин,1,0,1,0,1,0,0,0,0,0,0,0,0,0,0,0,0,0,0,0,0,0,1
167000.0,Roliz Sport-003,Хабаровск,0.0,250,бензин,0,0,1,0,1,0,0,0,0,0,0,0,0,0,0,0,0,0,0,0,0,0,1
167000.0,Racer Panther RC250GY-C2,Благовещенск,0.0,250,бензин,0,0,1,0,1,0,0,0,0,0,0,0,0,0,0,0,0,0,0,0,0,0,1
167500.0,Motoland CRF LT Enduro,Хабаровск,0.0,250,бензин,0,0,1,0,1,0,0,0,0,0,0,0,0,0,0,0,0,0,0,0,0,0,1
168000.0,Bajaj Boxer BM 125 X,Владивосток,0.0,124,бензин,1,0,1,0,1,0,0,0,0,0,0,0,0,0,0,0,0,0,0,0,0,0,1
168000.0,JHL MX300,Новосибирск,0.0,300,бензин,0,0,1,0,0,0,0,0,1,0,0,0,0,0,0,0,0,0,0,0,0,0,1
168000.0,Bajaj Boxer BM 150 UG,Владивосток,0.0,144,бензин,1,0,1,0,1,0,0,0,0,0,0,0,0,0,0,0,0,0,0,0,0,0,1
168000.0,JHL MX300,Владивосток,0.0,300,бензин,0,0,1,0,1,0,0,0,0,0,0,0,0,0,0,0,0,0,0,0,0,0,1
169000.0,JHL Z1,Владивосток,0.0,300,бензин,0,0,1,0,1,0,0,0,0,0,0,0,0,0,0,0,0,0,0,0,0,0,1
169000.0,JHL Z1,Артём,0.0,300,бензин,0,0,1,0,1,0,0,0,0,0,0,0,0,0,0,0,0,0,0,0,0,0,1
169990.0,Motoland XT250 HS,Барнаул,0.0,250,бензин,0,0,1,0,1,0,0,0,0,0,0,0,0,0,0,0,0,0,0,0,0,0,1
169990.0,JHL S003 Lite,Бийск,0.0,250,бензин,1,0,1,0,1,0,0,0,0,0,0,0,0,0,0,0,0,0,0,0,0,0,1
169990.0,BSE Z1,Барнаул,0.0,150,бензин,0,0,1,0,1,0,0,0,0,0,0,0,0,0,0,0,0,0,0,0,0,0,1
169990.0,Progasi Smart 160,Бийск,0.0,160,бензин,1,0,1,0,1,0,0,0,0,0,0,0,0,0,0,0,0,0,0,0,0,0,1
170000.0,Progasi Palma 250,Пермь,0.0,223,бензин,1,0,1,0,0,0,0,0,1,0,0,0,0,0,0,0,0,0,0,0,0,0,1
170000.0,Regulmoto ZR 250,Москва,0.0,250,бензин,3,0,1,0,0,0,1,0,0,0,0,0,0,0,0,0,0,0,0,0,0,0,1
170000.0,Lifan LF250,Владивосток,0.0,223,бензин,1,0,1,0,1,0,0,0,0,0,0,0,0,0,0,0,0,0,0,0,0,0,1
170000.0,Regulmoto Raptor 250,Владивосток,0.0,250,бензин,2,0,1,0,1,0,0,0,0,0,0,0,0,0,0,0,0,0,0,0,0,0,1
170000.0,SYCMCC SYC300-11,Воронеж,0.0,280,бензин,1,0,1,0,0,0,0,0,1,0,0,0,0,0,0,0,0,0,0,0,0,0,1
170000.0,Racer Ranger RC300-GY8,Тогучин,0.0,270,бензин,2,0,1,0,1,0,0,0,0,0,0,0,0,0,0,0,0,0,0,0,0,0,1
170000.0,Draxter Profi,Челябинск,0.0,223,бензин,0,1,1,0,0,0,0,0,1,0,0,0,0,0,0,0,0,0,0,0,0,0,1
170000.0,Racer Panther RC200GY-C2,Улан-Удэ,0.0,250,бензин,5,0,1,0,1,0,0,0,0,0,0,0,0,0,0,0,0,0,0,0,0,0,1
170000.0,Zuumav FX,Новокузнецк,0.0,250,бензин,0,0,1,0,1,0,0,0,0,0,0,0,0,0,0,0,0,0,0,0,0,0,1
170000.0,BSE Z2,Амурск,0.0,250,бензин,1,0,1,0,1,0,0,0,0,0,0,0,0,0,0,0,0,0,0,0,0,0,1
170500.0,Motoland CRF LT Enduro,Благовещенск,0.0,250,бензин,0,0,1,0,1,0,0,0,0,0,0,0,0,0,0,0,0,0,0,0,0,0,1
171500.0,Racer Nitro RC250-CK,Бийск,0.0,250,бензин,0,0,1,0,1,0,0,0,0,0,0,0,0,0,0,0,0,0,0,0,0,0,1
171999.0,Kayo K1 250 MX,Краснодар,0.0,250,бензин,3,0,1,0,0,0,0,0,1,0,0,0,0,0,0,0,0,0,0,0,0,0,1
172000.0,SPR-Motors CrossRoad-3,Арсеньев,0.0,250,бензин,1,0,1,0,1,0,0,0,0,0,0,0,0,0,0,0,0,0,0,0,0,0,1
172000.0,Regulmoto Sport-003 Z,Уссурийск,0.0,250,бензин,0,0,1,0,1,0,0,0,0,0,0,0,0,0,0,0,0,0,0,0,0,0,1
172000.0,Regulmoto Sport-003 Z,Новосибирск,0.0,250,бензин,0,0,1,0,0,0,0,0,1,0,0,0,0,0,0,0,0,0,0,0,0,0,1
172000.0,Regulmoto Sport-003 Z,Уссурийск,0.0,250,бензин,0,0,1,0,1,0,0,0,0,0,0,0,0,0,0,0,0,0,0,0,0,0,1
172000.0,Regulmoto Sport-003 Z,Хабаровск,0.0,250,бензин,0,0,1,0,1,0,0,0,0,0,0,0,0,0,0,0,0,0,0,0,0,0,1
172000.0,Regulmoto Sport-003 Z,Чита,0.0,250,бензин,0,0,1,0,1,0,0,0,0,0,0,0,0,0,0,0,0,0,0,0,0,0,1
172000.0,Regulmoto Sport-003 Z,Владивосток,0.0,250,бензин,0,0,1,0,1,0,0,0,0,0,0,0,0,0,0,0,0,0,0,0,0,0,1
172000.0,Regulmoto Sport-003 Z,Владивосток,0.0,250,бензин,0,0,1,0,1,0,0,0,0,0,0,0,0,0,0,0,0,0,0,0,0,0,1
172000.0,Regulmoto Sport-003 Z,Комсомольск-на-Амуре,0.0,223,бензин,0,0,1,0,1,0,0,0,0,0,0,0,0,0,0,0,0,0,0,0,0,0,1
172000.0,Regulmoto Sport-003 Z,Хабаровск,0.0,250,бензин,0,0,1,0,1,0,0,0,0,0,0,0,0,0,0,0,0,0,0,0,0,0,1
172250.0,Rockot Motors Hornet,Барнаул,0.0,250,бензин,0,0,1,0,1,0,0,0,0,0,0,0,0,0,0,0,0,0,0,0,0,0,1
172500.0,Roliz Sport-005 ES,Хабаровск,0.0,250,бензин,0,0,1,0,1,0,0,0,0,0,0,0,0,0,0,0,0,0,0,0,0,0,1
173900.0,Racer Panther RC300-GY8X,Ростов-на-Дону,0.0,270,бензин,1,0,1,0,0,0,0,0,1,0,0,0,0,0,0,0,0,0,0,0,0,0,1
173900.0,Racer Panther RC300-GY8X,Екатеринбург,0.0,300,бензин,1,0,1,0,0,0,0,0,1,0,0,0,0,0,0,0,0,0,0,0,0,0,1
174000.0,Bajaj Boxer BM 150,Новосибирск,0.0,150,бензин,1,0,1,0,0,0,0,0,1,0,0,0,0,0,0,0,0,0,0,0,0,0,1
174000.0,Racer Triumph RC250CK-A,Бийск,0.0,250,бензин,2,0,1,0,1,0,0,0,0,0,0,0,0,0,0,0,0,0,0,0,0,0,1
174900.0,Racer Panther RC300-GY8X,Екатеринбург,0.0,300,бензин,1,0,1,0,0,0,0,0,1,0,0,0,0,0,0,0,0,0,0,0,0,0,1
174990.0,BRZ Z7,Бийск,0.0,300,бензин,1,0,1,0,1,0,0,0,0,0,0,0,0,0,0,0,0,0,0,0,0,0,1
174990.0,BSE Z3L,Завьялово,0.0,250,бензин,1,0,1,0,1,0,0,0,0,0,0,0,0,0,0,0,0,0,0,0,0,0,1
175000.0,Regulmoto Sport-003 Z,Улан-Удэ,0.0,250,бензин,0,0,1,0,1,0,0,0,0,0,0,0,0,0,0,0,0,0,0,0,0,0,1
175000.0,Motoland Tour 150,Красноярск,0.0,150,бензин,1,0,1,0,0,0,0,0,1,0,0,0,0,0,0,0,0,0,0,0,0,0,1
175000.0,Regulmoto CR-Z 300,Артём,0.0,300,бензин,4,0,1,0,1,0,0,0,0,0,0,0,0,0,0,0,0,0,0,0,0,0,1
175000.0,Roliz Sport-003,Благовещенск,0.0,250,бензин,0,0,1,0,1,0,0,0,0,0,0,0,0,0,0,0,0,0,0,0,0,0,1
175000.0,Motoland XR300 Lite,Красноярск,0.0,300,бензин,0,0,1,0,0,0,0,0,1,0,0,0,0,0,0,0,0,0,0,0,0,0,1
175000.0,SPR-Motors CrossRoad-1,Артём,0.0,250,бензин,1,0,1,0,1,0,0,0,0,0,0,0,0,0,0,0,0,0,0,0,0,0,1
175000.0,Regulmoto CR-Z 300,Каменск-Уральский,0.0,300,бензин,4,0,1,0,1,0,0,0,0,0,0,0,0,0,0,0,0,0,0,0,0,0,1
175000.0,Motoland XR300 Lite,Красноярск,0.0,300,бензин,0,0,1,0,0,0,0,0,1,0,0,0,0,0,0,0,0,0,0,0,0,0,1
175000.0,Racer Triumph RC250CK-A,Бийск,0.0,250,бензин,1,0,1,0,1,0,0,0,0,0,0,0,0,0,0,0,0,0,0,0,0,0,1
175000.0,Kayo T2 250 MX,Красноярск,0.0,250,бензин,2,0,1,0,0,0,0,0,1,0,0,0,0,0,0,0,0,0,0,0,0,0,1
175400.0,Motoland Enduro 250 ST,Красноярск,0.0,250,бензин,1,0,1,0,0,0,0,0,1,0,0,0,0,0,0,0,0,0,0,0,0,0,1
177000.0,Motoland XT300 HS,Хабаровск,0.0,300,бензин,0,0,1,0,1,0,0,0,0,0,0,0,0,0,0,0,0,0,0,0,0,0,1
177000.0,JHL LX1,Новосибирск,0.0,250,бензин,0,0,1,0,0,0,0,0,1,0,0,0,0,0,0,0,0,0,0,0,0,0,1
178000.0,Racer RC250GY-C2K K2,Бийск,0.0,250,бензин,1,0,1,0,1,0,0,0,0,0,0,0,0,0,0,0,0,0,0,0,0,0,1
178000.0,Regulmoto Majesty,Владивосток,0.0,250,бензин,1,0,1,0,1,0,0,0,0,0,0,0,0,0,0,0,0,0,0,0,0,0,1
178400.0,Motoland XR250 Enduro,Красноярск,0.0,250,бензин,1,0,1,0,0,0,0,0,1,0,0,0,0,0,0,0,0,0,0,0,0,0,1
178800.0,Racer Ranger RC300-GY8,Бийск,0.0,300,бензин,0,0,1,0,1,0,0,0,0,0,0,0,0,0,0,0,0,0,0,0,0,0,1
179000.0,Regulmoto Sport-003 PR,Томск,0.0,250,бензин,0,0,1,0,1,0,0,0,0,0,0,0,0,0,0,0,0,0,0,0,0,0,1
179000.0,Roliz Sport-002,Владивосток,0.0,300,бензин,1,0,1,0,1,0,0,0,0,0,0,0,0,0,0,0,0,0,0,0,0,0,1
179800.0,Racer RC300-GY8V XSR,Бийск,0.0,300,бензин,1,0,1,0,1,0,0,0,0,0,0,0,0,0,0,0,0,0,0,0,0,0,1
179900.0,Sharmax Sport 240,Пермь,0.0,200,бензин,1,0,1,0,0,0,0,0,1,0,0,0,0,0,0,0,0,0,0,0,0,0,1
179900.0,Racer RC300-GY8B BROS,Новосибирск,0.0,300,бензин,1,0,1,0,0,0,0,0,1,0,0,0,0,0,0,0,0,0,0,0,0,0,1
179990.0,Kayo K1 250 Enduro,Новосибирск,0.0,250,бензин,0,0,1,0,0,0,0,0,1,0,0,0,0,0,0,0,0,0,0,0,0,0,1
179990.0,Kayo K1 250 MX,Новосибирск,0.0,249,бензин,1,0,1,0,0,0,0,0,1,0,0,0,0,0,0,0,0,0,0,0,0,0,1
179990.0,Kayo K1 250 MX,Комсомольск-на-Амуре,0.0,250,бензин,1,0,1,0,1,0,0,0,0,0,0,0,0,0,0,0,0,0,0,0,0,0,1
179990.0,Progasi Palma 250,Бийск,0.0,223,бензин,1,0,1,0,1,0,0,0,0,0,0,0,0,0,0,0,0,0,0,0,0,0,1
179990.0,Kayo K1 250 MX,Новосибирск,0.0,250,бензин,1,0,1,0,0,0,0,0,1,0,0,0,0,0,0,0,0,0,0,0,0,0,1
179990.0,Kayo K1 250 MX,Благовещенск,0.0,250,бензин,0,0,1,0,1,0,0,0,0,0,0,0,0,0,0,0,0,0,0,0,0,0,1
179990.0,Kayo K1 250 MX,Томск,0.0,250,бензин,0,0,1,0,1,0,0,0,0,0,0,0,0,0,0,0,0,0,0,0,0,0,1
179990.0,Progasi Smart 190,Бийск,0.0,190,бензин,1,0,1,0,1,0,0,0,0,0,0,0,0,0,0,0,0,0,0,0,0,0,1
180000.0,GR GR2 250 Enduro Optimum,Гусиноозёрск,0.0,250,бензин,3,0,1,0,1,0,0,0,0,0,0,0,0,0,0,0,0,0,0,0,0,0,1
180000.0,BSE Z5,Артём,0.0,250,бензин,4,0,1,0,1,0,0,0,0,0,0,0,0,0,0,0,0,0,0,0,0,0,1
180000.0,Avantis A6 Lux,Сосновоборск,0.0,300,бензин,4,0,1,0,1,0,0,0,0,0,0,0,0,0,0,0,0,0,0,0,0,0,1
180000.0,Rockot Motors Tekken-Hound,Саки,0.0,233,бензин,3,0,1,0,1,0,0,0,0,0,0,0,0,0,0,0,0,0,0,0,0,0,1
180000.0,Sharmax Sport 280,Владивосток,0.0,250,бензин,0,0,1,0,1,0,0,0,0,0,0,0,0,0,0,0,0,0,0,0,0,0,1
180000.0,Roliz Sport-003,Благовещенск,0.0,300,бензин,1,0,1,0,1,0,0,0,0,0,0,0,0,0,0,0,0,0,0,0,0,0,1
180000.0,Regulmoto Sport-003 PR Pro,Нижний Бестях,0.0,300,бензин,2,0,1,0,1,0,0,0,0,0,0,0,0,0,0,0,0,0,0,0,0,0,1
180000.0,Regulmoto Athlete 250 21-18,Кяхта,0.0,250,бензин,1,0,1,0,1,0,0,0,0,0,0,0,0,0,0,0,0,0,0,0,0,0,1
180999.0,Racer RC300-GY8B BROS,Иркутск,0.0,300,бензин,0,0,1,0,1,0,0,0,0,0,0,0,0,0,0,0,0,0,0,0,0,0,1
181000.0,SPR-Motors CrossRoad-3,Артём,0.0,250,бензин,1,0,1,0,1,0,0,0,0,0,0,0,0,0,0,0,0,0,0,0,0,0,1
181200.0,Racer Nitro RC250-CK,Бийск,0.0,250,бензин,1,0,1,0,1,0,0,0,0,0,0,0,0,0,0,0,0,0,0,0,0,0,1
181200.0,Racer Nitro RC250-CK,Кемерово,0.0,250,бензин,1,0,1,0,1,0,0,0,0,0,0,0,0,0,0,0,0,0,0,0,0,0,1
181800.0,SPR-Motors CrossRoad-3,Владивосток,0.0,250,бензин,1,0,1,0,1,0,0,0,0,0,0,0,0,0,0,0,0,0,0,0,0,0,1
181800.0,SPR-Motors CrossRoad-3,Владивосток,0.0,250,бензин,1,0,1,0,1,0,0,0,0,0,0,0,0,0,0,0,0,0,0,0,0,0,1
181800.0,SPR-Motors CrossRoad-3,Владивосток,0.0,250,бензин,1,0,1,0,1,0,0,0,0,0,0,0,0,0,0,0,0,0,0,0,0,0,1
182000.0,SPR-Motors Brutal 300,Благовещенск,0.0,280,бензин,1,0,1,0,1,0,0,0,0,0,0,0,0,0,0,0,0,0,0,0,0,0,1
182000.0,Roliz Sport-003,Хабаровск,0.0,250,бензин,0,0,1,1,1,0,0,0,0,0,0,0,0,0,0,0,0,0,0,0,0,0,1
182000.0,JHL Z1,Новосибирск,0.0,300,бензин,0,0,1,0,0,0,0,0,1,0,0,0,0,0,0,0,0,0,0,0,0,0,1
182400.0,Racer Fighter RC300CK-N,Бийск,0.0,300,бензин,0,0,1,0,1,0,0,0,0,0,0,0,0,0,0,0,0,0,0,0,0,0,1
182400.0,Racer Fighter RC300CK-N,Новосибирск,0.0,270,бензин,1,0,1,0,0,0,0,0,1,0,0,0,0,0,0,0,0,0,0,0,0,0,1
184000.0,Wels Thunder,Владивосток,0.0,250,бензин,1,0,1,0,1,0,0,0,0,0,0,0,0,0,0,0,0,0,0,0,0,0,1
184000.0,Bajaj Boxer BM 150 UG,Новосибирск,0.0,144,бензин,1,0,1,0,0,0,0,0,1,0,0,0,0,0,0,0,0,0,0,0,0,0,1
184000.0,Bajaj Boxer BM 150 X,Владивосток,0.0,144,бензин,1,0,1,0,1,0,0,0,0,0,0,0,0,0,0,0,0,0,0,0,0,0,1
184000.0,Bajaj Boxer BM 150 X,Новосибирск,0.0,150,бензин,1,0,1,0,0,0,0,0,1,0,0,0,0,0,0,0,0,0,0,0,0,0,1
184000.0,Bajaj Boxer BM 150 UG,Барнаул,0.0,150,бензин,0,0,1,0,1,0,0,0,0,0,0,0,0,0,0,0,0,0,0,0,0,0,1
184500.0,Motoland XR250 Enduro,Хабаровск,0.0,250,бензин,0,0,1,0,1,0,0,0,0,0,0,0,0,0,0,0,0,0,0,0,0,0,1
184990.0,BSE Z2,Китай<!-- --> <!-- -->→<!-- --> <!-- -->Кемерово,0.0,250,бензин,0,0,1,0,1,0,0,0,0,0,0,0,0,0,0,0,0,0,0,0,0,0,1
184990.0,BRZ Z7 PR300,Бийск,0.0,300,бензин,1,0,1,0,1,0,0,0,0,0,0,0,0,0,0,0,0,0,0,0,0,0,1
184990.0,Kayo K1 250 MX,Красноярск,0.0,249,бензин,1,0,1,0,0,0,0,0,1,0,0,0,0,0,0,0,0,0,0,0,0,0,1
184990.0,BRZ Z7 PR300,Красноярск,0.0,300,бензин,0,0,1,0,0,0,0,0,1,0,0,0,0,0,0,0,0,0,0,0,0,0,1
184990.0,BRZ Z7 PR300,Новосибирск,0.0,300,бензин,1,0,1,0,0,0,0,0,1,0,0,0,0,0,0,0,0,0,0,0,0,0,1
185000.0,Xinguizun XGZ300GY,Благовещенск,0.0,300,бензин,0,0,1,0,1,0,0,0,0,0,0,0,0,0,0,0,0,0,0,0,0,0,1
185000.0,Racer Triumph RC300-GY8H,Тогул,0.0,300,бензин,0,0,1,0,1,0,0,0,0,0,0,0,0,0,0,0,0,0,0,0,0,0,1
185000.0,Fuego Tekken 250,Ленинск-Кузнецкий,0.0,250,бензин,2,0,1,0,1,0,0,0,0,0,0,0,0,0,0,0,0,0,0,0,0,0,1
185000.0,Motoland TT300,Прокопьевск,0.0,300,бензин,2,0,1,0,1,0,0,0,0,0,0,0,0,0,0,0,0,0,0,0,0,0,1
185000.0,JHL LX1,Владивосток,0.0,250,бензин,0,0,1,0,1,0,0,0,0,0,0,0,0,0,0,0,0,0,0,0,0,0,1
185000.0,Racer RC300-GY8B BROS,Тогул,0.0,300,бензин,0,0,1,0,1,0,0,0,0,0,0,0,0,0,0,0,0,0,0,0,0,0,1
185000.0,JHL Z2,Владивосток,0.0,300,бензин,0,0,1,0,1,0,0,0,0,0,0,0,0,0,0,0,0,0,0,0,0,0,1
185000.0,Sanchez Maniac,Новосибирск,0.0,300,бензин,0,0,1,0,0,0,0,0,1,0,0,0,0,0,0,0,0,0,0,0,0,0,1
185000.0,JHL Z2,Владивосток,0.0,300,бензин,0,0,1,0,1,0,0,0,0,0,0,0,0,0,0,0,0,0,0,0,0,0,1
185000.0,Rockot Motors Raptor,Кемерово,0.0,250,бензин,1,0,1,0,1,0,0,0,0,0,0,0,0,0,0,0,0,0,0,0,0,0,1
185000.0,Progasi Palma 250,Благовещенск,0.0,250,бензин,0,0,1,0,1,0,0,0,0,0,0,0,0,0,0,0,0,0,0,0,0,0,1
185000.0,Regulmoto Majesty,Хабаровск,0.0,250,бензин,0,0,1,0,1,0,0,0,0,0,0,0,0,0,0,0,0,0,0,0,0,0,1
186000.0,Racer Triumph RC250CK-A,Бийск,0.0,250,бензин,1,0,1,0,1,0,0,0,0,0,0,0,0,0,0,0,0,0,0,0,0,0,1
186000.0,Racer Skyway RC300-CS,Бийск,0.0,300,бензин,0,0,1,0,1,0,0,0,0,0,0,0,0,0,0,0,0,0,0,0,0,0,1
186500.0,Racer Nitro RC250-CK,Томск,0.0,250,бензин,0,0,1,0,1,0,0,0,0,0,0,0,0,0,0,0,0,0,0,0,0,0,1
186990.0,JHL S003,Барнаул,0.0,271,бензин,1,0,1,0,1,0,0,0,0,0,0,0,0,0,0,0,0,0,0,0,0,0,1
186990.0,JHL S003,Новосибирск,0.0,271,бензин,1,0,1,0,0,0,0,0,1,0,0,0,0,0,0,0,0,0,0,0,0,0,1
187500.0,Motoland XR250 Enduro,Благовещенск,0.0,250,бензин,0,0,1,0,1,0,0,0,0,0,0,0,0,0,0,0,0,0,0,0,0,0,1
187800.0,Roliz Rolize,Петропавловск-Камчатский,0.0,200,бензин,1,0,1,0,1,0,0,0,0,0,0,0,0,0,0,0,0,0,0,0,0,0,1
187800.0,Motoland ST 300 Neon,Красноярск,0.0,300,бензин,0,0,1,0,0,0,0,0,1,0,0,0,0,0,0,0,0,0,0,0,0,0,1
187800.0,Motoland ST 300 Neon,Красноярск,0.0,300,бензин,1,0,1,0,0,0,0,0,1,0,0,0,0,0,0,0,0,0,0,0,0,0,1
188000.0,ЗиД 250,Владивосток,0.0,225,бензин,1,0,1,0,1,0,0,0,0,0,0,0,0,0,0,0,0,0,0,0,0,0,1
188000.0,SPR-Motors CrossRoad-300,Арсеньев,0.0,300,бензин,1,0,1,0,1,0,0,0,0,0,0,0,0,0,0,0,0,0,0,0,0,0,1
188400.0,Motoland Bandit 300,Красноярск,0.0,300,бензин,0,0,1,0,0,0,0,0,1,0,0,0,0,0,0,0,0,0,0,0,0,0,1
188400.0,Motoland Bandit 300,Красноярск,0.0,300,бензин,0,0,1,0,0,0,0,0,1,0,0,0,0,0,0,0,0,0,0,0,0,0,1
188400.0,Motoland Bandit 300,Красноярск,0.0,300,бензин,1,0,1,0,0,0,0,0,1,0,0,0,0,0,0,0,0,0,0,0,0,0,1
188990.0,BSE Z2,Красноярск,0.0,250,бензин,1,0,1,0,0,0,0,0,1,0,0,0,0,0,0,0,0,0,0,0,0,0,1
188990.0,BSE Z2,Томск,0.0,250,бензин,1,0,1,0,1,0,0,0,0,0,0,0,0,0,0,0,0,0,0,0,0,0,1
189450.0,Motoland GL250 Enduro,Великие Луки,0.0,250,бензин,1,0,1,0,1,0,0,0,0,0,0,0,0,0,0,0,0,0,0,0,0,0,1
189520.0,Bajaj Boxer BM 150 X,Нерчинск,0.0,150,бензин,1,0,1,0,1,0,0,0,0,0,0,0,0,0,0,0,0,0,0,0,0,0,1
189990.0,Progasi Palma 250,Бийск,0.0,249,бензин,1,0,1,0,1,0,0,0,0,0,0,0,0,0,0,0,0,0,0,0,0,0,1
189990.0,Progasi Palma 250,Благовещенск,0.0,250,бензин,0,0,1,0,1,0,0,0,0,0,0,0,0,0,0,0,0,0,0,0,0,0,1
189990.0,BRZ X5,Бийск,0.0,250,бензин,1,0,1,0,1,0,0,0,0,0,0,0,0,0,0,0,0,0,0,0,0,0,1
189990.0,Kayo T2 250 MX,Благовещенск,0.0,250,бензин,0,0,1,0,1,0,0,0,0,0,0,0,0,0,0,0,0,0,0,0,0,0,1
189990.0,Progasi Palma 250,Новосибирск,0.0,250,бензин,1,0,1,0,0,0,0,0,1,0,0,0,0,0,0,0,0,0,0,0,0,0,1
189990.0,BRZ MX5 PR300 Red,Новосибирск,0.0,250,бензин,0,0,1,0,0,0,0,0,1,0,0,0,0,0,0,0,0,0,0,0,0,0,1
189990.0,Kayo T2 250 MX,Новосибирск,0.0,250,бензин,1,0,1,0,0,0,0,0,1,0,0,0,0,0,0,0,0,0,0,0,0,0,1
189990.0,Kayo T2 250 MX,Владивосток,0.0,250,бензин,1,0,1,0,1,0,0,0,0,0,0,0,0,0,0,0,0,0,0,0,0,0,1
190000.0,Sharmax Sport 300 Air,Иркутск,0.0,300,бензин,2,0,1,0,1,0,0,0,0,0,0,0,0,0,0,0,0,0,0,0,0,0,1
190000.0,Kayo K2 Pro,Екатеринбург,0.0,250,бензин,1,0,1,0,0,0,0,0,1,0,0,0,0,0,0,0,0,0,0,0,0,0,1
190000.0,Kews K16 NB300,Китай<!-- --> <!-- -->→<!-- --> <!-- -->Чита,0.0,250,бензин,0,0,1,0,1,0,0,0,0,0,0,0,0,0,0,0,0,0,0,0,0,0,1
190800.0,Racer Ranger RC300-GY8,Бийск,0.0,300,бензин,1,0,1,0,1,0,0,0,0,0,0,0,0,0,0,0,0,0,0,0,0,0,1
190999.0,Rockot Motors R5F Raptor,Барнаул,0.0,250,бензин,0,0,1,0,1,0,0,0,0,0,0,0,0,0,0,0,0,0,0,0,0,0,1
191400.0,Racer RC300-GY8B BROS,Бийск,0.0,300,бензин,1,0,1,0,1,0,0,0,0,0,0,0,0,0,0,0,0,0,0,0,0,0,1
191999.0,Roliz Sport-002,Хабаровск,0.0,300,бензин,1,0,1,0,1,0,0,0,0,0,0,0,0,0,0,0,0,0,0,0,0,0,1
192999.0,Roliz Sport-003,Иркутск,0.0,250,бензин,2,0,1,0,1,0,0,0,0,0,0,0,0,0,0,0,0,0,0,0,0,0,1
194000.0,Bajaj Boxer BM 150 X,Барнаул,0.0,150,бензин,0,0,1,0,1,0,0,0,0,0,0,0,0,0,0,0,0,0,0,0,0,0,1
194800.0,Progasi Palma 250,Великие Луки,0.0,250,бензин,1,0,1,0,1,0,0,0,0,0,0,0,0,0,0,0,0,0,0,0,0,0,1
194900.0,Apollo RXF Freeride 150X-LE,Барнаул,0.0,150,бензин,0,0,1,0,1,0,0,0,0,0,0,0,0,0,0,0,0,0,0,0,0,0,1
194990.0,Kayo K1 250 MX,Барнаул,0.0,250,бензин,0,0,1,0,1,0,0,0,0,0,0,0,0,0,0,0,0,0,0,0,0,0,1
195000.0,Motoland XR250,Чита,0.0,250,бензин,4,0,1,0,1,0,0,0,0,0,0,0,0,0,0,0,0,0,0,0,0,0,1
195000.0,Motoland ST 300 Neon,Чита,0.0,300,бензин,0,0,1,0,1,0,0,0,0,0,0,0,0,0,0,0,0,0,0,0,0,0,1
195000.0,Kews K16 CB250-F,Нерюнгри,0.0,250,бензин,0,0,1,0,1,0,0,0,0,0,0,0,0,0,0,0,0,0,0,0,0,0,1
195000.0,Regulmoto Athlete 300,Уссурийск,0.0,300,бензин,1,0,1,0,1,0,0,0,0,0,0,0,0,0,0,0,0,0,0,0,0,0,1
195000.0,Regulmoto Athlete 300,Новосибирск,0.0,300,бензин,1,0,1,0,0,0,0,0,1,0,0,0,0,0,0,0,0,0,0,0,0,0,1
195000.0,Motoland XT300 HS,Чита,0.0,300,бензин,1,0,1,0,1,0,0,0,0,0,0,0,0,0,0,0,0,0,0,0,0,0,1
195000.0,Ataki Week9,Красноярск,0.0,250,бензин,1,0,1,0,0,0,0,0,1,0,0,0,0,0,0,0,0,0,0,0,0,0,1
195000.0,Regulmoto Athlete 300,Владивосток,0.0,300,бензин,1,0,1,0,1,0,0,0,0,0,0,0,0,0,0,0,0,0,0,0,0,0,1
195000.0,Zuumav FX K8 NB300,Китай<!-- --> <!-- -->→<!-- --> <!-- -->Уссурийск,0.0,300,бензин,0,0,1,0,1,0,0,0,0,0,0,0,0,0,0,0,0,0,0,0,0,0,1
195000.0,Ataki EF250R,Владивосток,0.0,250,бензин,2,0,1,1,1,0,0,0,0,0,0,0,0,0,0,0,0,0,0,0,0,0,1
195000.0,Regulmoto Athlete 250 21-18,Благовещенск,0.0,300,бензин,1,0,1,0,1,0,0,0,0,0,0,0,0,0,0,0,0,0,0,0,0,0,1
196000.0,Bajaj Pulsar NS 125,Владивосток,0.0,124,бензин,2,0,1,0,1,0,0,0,0,0,0,0,0,0,0,0,0,0,0,0,0,0,1
197000.0,Regulmoto TE,Бийск,0.0,300,бензин,1,0,1,0,1,0,0,0,0,0,0,0,0,0,0,0,0,0,0,0,0,0,1
197000.0,Regulmoto TE,Барнаул,0.0,300,бензин,0,0,1,0,1,0,0,0,0,0,0,0,0,0,0,0,0,0,0,0,0,0,1
197000.0,Regulmoto TE,Владивосток,0.0,300,бензин,1,0,1,0,1,0,0,0,0,0,0,0,0,0,0,0,0,0,0,0,0,0,1
197000.0,Regulmoto TE,Благовещенск,0.0,300,бензин,1,0,1,0,1,0,0,0,0,0,0,0,0,0,0,0,0,0,0,0,0,0,1
197400.0,Motoland XT300 HS,Барнаул,0.0,300,бензин,0,0,1,0,1,0,0,0,0,0,0,0,0,0,0,0,0,0,0,0,0,0,1
197500.0,Zuumav FX K5 Lite,Владивосток,0.0,250,бензин,1,0,1,0,1,0,0,0,0,0,0,0,0,0,0,0,0,0,0,0,0,0,1
197900.0,Racer Fighter RC300CK-N,Бийск,0.0,300,бензин,1,0,1,0,1,0,0,0,0,0,0,0,0,0,0,0,0,0,0,0,0,0,1
197900.0,Sanchez Maniac,Томск,0.0,271,бензин,0,0,1,0,1,0,0,0,0,0,0,0,0,0,0,0,0,0,0,0,0,0,1
197990.0,Rockot Motors Cyclone,Барнаул,0.0,250,бензин,0,0,1,0,1,0,0,0,0,0,0,0,0,0,0,0,0,0,0,0,0,0,1
198000.0,Racer Triumph RC300-GY8H,Кемерово,0.0,300,бензин,0,0,1,0,1,0,0,0,0,0,0,0,0,0,0,0,0,0,0,0,0,0,1
198000.0,Racer RC300-GY8A K2,Бийск,0.0,300,бензин,1,0,1,0,1,0,0,0,0,0,0,0,0,0,0,0,0,0,0,0,0,0,1
198000.0,Racer Triumph RC300-GY8H,Новосибирск,0.0,300,бензин,0,0,1,0,0,0,0,0,1,0,0,0,0,0,0,0,0,0,0,0,0,0,1
198000.0,SPR-Motors CrossRoad-300,Артём,0.0,300,бензин,1,0,1,0,1,0,0,0,0,0,0,0,0,0,0,0,0,0,0,0,0,0,1
198340.0,SPR-Motors CrossRoad-300,Владивосток,0.0,300,бензин,1,0,1,0,1,0,0,0,0,0,0,0,0,0,0,0,0,0,0,0,0,0,1
199000.0,Zuumav FX K5 Lite,Владивосток,0.0,250,бензин,1,0,1,0,1,0,0,0,0,0,0,0,0,0,0,0,0,0,0,0,0,0,1
199000.0,Regulmoto Sport-003 PR,Новосибирск,0.0,271,бензин,0,0,1,0,0,0,0,0,1,0,0,0,0,0,0,0,0,0,0,0,0,0,1
199000.0,Regulmoto Sport-003 PR,Красноярск,0.0,300,бензин,1,0,1,0,0,0,0,0,1,0,0,0,0,0,0,0,0,0,0,0,0,0,1
199000.0,Regulmoto Sport-003 PR,Хабаровск,0.0,271,бензин,1,0,1,0,1,0,0,0,0,0,0,0,0,0,0,0,0,0,0,0,0,0,1
199990.0,Kayo K2 Pro,Томск,0.0,300,бензин,0,0,1,0,1,0,0,0,0,0,0,0,0,0,0,0,0,0,0,0,0,0,1
199990.0,SPR-Motors Hard 250,Кемерово,0.0,250,бензин,0,0,1,0,1,0,0,0,0,0,0,0,0,0,0,0,0,0,0,0,0,0,1
199990.0,BRZ H6 PR250,Новосибирск,0.0,250,бензин,1,0,1,0,0,0,0,0,1,0,0,0,0,0,0,0,0,0,0,0,0,0,1
199990.0,TMBK Montana,Томск,0.0,250,бензин,0,0,1,0,1,0,0,0,0,0,0,0,0,0,0,0,0,0,0,0,0,0,1
199990.0,SPR SAW 250,Новосибирск,0.0,250,бензин,0,0,1,0,0,0,0,0,1,0,0,0,0,0,0,0,0,0,0,0,0,0,1
199990.0,Progasi Palma 300,Бийск,0.0,270,бензин,1,0,1,0,1,0,0,0,0,0,0,0,0,0,0,0,0,0,0,0,0,0,1
199990.0,Progasi Super Max 250,Томск,0.0,250,бензин,1,0,1,0,1,0,0,0,0,0,0,0,0,0,0,0,0,0,0,0,0,0,1
199990.0,SPR Hard 250,Новосибирск,0.0,250,бензин,0,0,1,0,0,0,0,0,1,0,0,0,0,0,0,0,0,0,0,0,0,0,1
199990.0,Kayo K2 Pro,Благовещенск,0.0,300,бензин,0,0,1,0,1,0,0,0,0,0,0,0,0,0,0,0,0,0,0,0,0,0,1
199990.0,Progasi Super Max 250,Бийск,0.0,249,бензин,1,0,1,0,1,0,0,0,0,0,0,0,0,0,0,0,0,0,0,0,0,0,1
199990.0,Progasi Super Max 250,Новосибирск,0.0,250,бензин,1,0,1,0,0,0,0,0,1,0,0,0,0,0,0,0,0,0,0,0,0,0,1
199990.0,BRZ H6 PR250,Новосибирск,0.0,250,бензин,0,0,1,0,0,0,0,0,1,0,0,0,0,0,0,0,0,0,0,0,0,0,1
199990.0,Progasi Super Max 250,Новосибирск,0.0,249,бензин,1,0,1,0,0,0,0,0,1,0,0,0,0,0,0,0,0,0,0,0,0,0,1
199990.0,JHL LX2,Новосибирск,0.0,250,бензин,0,0,1,0,0,0,0,0,1,0,0,0,0,0,0,0,0,0,0,0,0,0,1
199990.0,Progasi Palma 300,Новосибирск,0.0,300,бензин,1,0,1,0,0,0,0,0,1,0,0,0,0,0,0,0,0,0,0,0,0,0,1
199990.0,Kayo K2 Pro,Бийск,0.0,300,бензин,1,0,1,0,1,0,0,0,0,0,0,0,0,0,0,0,0,0,0,0,0,0,1
199990.0,Progasi Palma 300,Новосибирск,0.0,270,бензин,1,0,1,0,0,0,0,0,1,0,0,0,0,0,0,0,0,0,0,0,0,0,1
199990.0,SPR-Motors Hard 250,Новосибирск,0.0,250,бензин,0,0,1,0,0,0,0,0,1,0,0,0,0,0,0,0,0,0,0,0,0,0,1
199990.0,Progasi Palma 300,Завьялово,0.0,270,бензин,1,0,1,0,1,0,0,0,0,0,0,0,0,0,0,0,0,0,0,0,0,0,1
199999.0,FXmoto CB300F,Барнаул,0.0,300,бензин,0,0,1,0,1,0,0,0,0,0,0,0,0,0,0,0,0,0,0,0,0,0,1
199999.0,Roliz Spider 250,Иркутск,0.0,250,бензин,0,0,1,0,1,0,0,0,0,0,0,0,0,0,0,0,0,0,0,0,0,0,1
200000.0,Regulmoto Sport-003 PR Pro,Уссурийск,0.0,300,бензин,2,0,1,0,1,0,0,0,0,0,0,0,0,0,0,0,0,0,0,0,0,0,1
200000.0,Progasi Super Max 300 Pro,Междуреченск,0.0,300,бензин,1,0,1,0,1,0,0,0,0,0,0,0,0,0,0,0,0,0,0,0,0,0,1
200000.0,Baltmotors ATV,Абакан,0.0,203,бензин,4,1,1,0,1,0,0,0,0,0,0,0,0,0,0,0,0,0,0,0,0,0,1
200000.0,Roliz Sport-002,Хабаровск,0.0,300,бензин,1,0,1,0,1,0,0,0,0,0,0,0,0,0,0,0,0,0,0,0,0,0,1
200000.0,Fuego Tekken 250,Владивосток,0.0,249,бензин,1,0,1,0,1,0,0,0,0,0,0,0,0,0,0,0,0,0,0,0,0,0,1
200000.0,Kayo T2,Екатеринбург,0.0,250,бензин,2,0,1,0,0,0,0,0,1,0,0,0,0,0,0,0,0,0,0,0,0,0,1
200000.0,Regulmoto ZR PR 4 valves,Кемерово,0.0,300,бензин,1,0,1,0,1,0,0,0,0,0,0,0,0,0,0,0,0,0,0,0,0,0,1
201000.0,FXmoto YX300,Кемерово,0.0,300,бензин,0,0,1,0,1,0,0,0,0,0,0,0,0,0,0,0,0,0,0,0,0,0,1
201000.0,Rockot Motors Cyclone,Томск,0.0,250,бензин,0,0,1,0,1,0,0,0,0,0,0,0,0,0,0,0,0,0,0,0,0,0,1
201000.0,Racer RC250GY-C2K K2,Хабаровск,0.0,250,бензин,0,0,1,0,1,0,0,0,0,0,0,0,0,0,0,0,0,0,0,0,0,0,1
202000.0,Regulmoto Sport-003 PR,Улан-Удэ,0.0,300,бензин,0,0,1,0,1,0,0,0,0,0,0,0,0,0,0,0,0,0,0,0,0,0,1
202000.0,Racer Skyway RC300-CS,Томск,0.0,300,бензин,0,0,1,0,1,0,0,0,0,0,0,0,0,0,0,0,0,0,0,0,0,0,1
202000.0,Regulmoto Raptor 250,Хабаровск,0.0,250,бензин,0,0,1,0,1,0,0,0,0,0,0,0,0,0,0,0,0,0,0,0,0,0,1
202500.0,Motoland XT300 HS,Хабаровск,0.0,300,бензин,0,0,1,0,1,0,0,0,0,0,0,0,0,0,0,0,0,0,0,0,0,0,1
202990.0,BSE Z3V,Томск,0.0,250,бензин,0,0,1,0,1,0,0,0,0,0,0,0,0,0,0,0,0,0,0,0,0,0,1
202990.0,BSE Z3,Томск,0.0,250,бензин,0,0,1,0,1,0,0,0,0,0,0,0,0,0,0,0,0,0,0,0,0,0,1
202990.0,BSE Z3V,Завьялово,0.0,250,бензин,1,0,1,0,1,0,0,0,0,0,0,0,0,0,0,0,0,0,0,0,0,0,1
202990.0,FXmoto CB300F,Барнаул,0.0,300,бензин,0,0,1,0,1,0,0,0,0,0,0,0,0,0,0,0,0,0,0,0,0,0,1
202990.0,BSE Z3,Томск,0.0,250,бензин,0,0,1,0,1,0,0,0,0,0,0,0,0,0,0,0,0,0,0,0,0,0,1
203000.0,BSE Z3,Томск,0.0,250,бензин,0,0,1,0,1,0,0,0,0,0,0,0,0,0,0,0,0,0,0,0,0,0,1
204990.0,Kayo K2 Pro,Красноярск,0.0,271,бензин,1,0,1,0,0,0,0,0,1,0,0,0,0,0,0,0,0,0,0,0,0,0,1
204990.0,BRZ Z6 PR300,Новосибирск,0.0,300,бензин,0,0,1,0,0,0,0,0,1,0,0,0,0,0,0,0,0,0,0,0,0,0,1
204990.0,JHL S004,Красноярск,0.0,300,бензин,1,0,1,0,0,0,0,0,1,0,0,0,0,0,0,0,0,0,0,0,0,0,1
205000.0,Racer Ranger RC250-GY8A,Барнаул,0.0,250,бензин,0,0,1,0,1,0,0,0,0,0,0,0,0,0,0,0,0,0,0,0,0,0,1
205500.0,Motoland XT300 HS,Благовещенск,0.0,300,бензин,0,0,1,0,1,0,0,0,0,0,0,0,0,0,0,0,0,0,0,0,0,0,1
207000.0,Ataki Tourist 300,Владивосток,0.0,271,бензин,2,0,1,0,1,0,0,0,0,0,0,0,0,0,0,0,0,0,0,0,0,0,1
207000.0,FXmoto CB300F,Кемерово,0.0,300,бензин,0,0,1,0,1,0,0,0,0,0,0,0,0,0,0,0,0,0,0,0,0,0,1
207000.0,Falcon Speedfire 250,Кемерово,0.0,250,бензин,0,0,1,1,1,0,0,0,0,0,0,0,0,0,0,0,0,0,0,0,0,0,1
208000.0,Motoland FX 300 NC,Красноярск,0.0,300,бензин,0,0,1,0,0,0,0,0,1,0,0,0,0,0,0,0,0,0,0,0,0,0,1
208500.0,X-Motos Cross,Барнаул,0.0,250,бензин,0,0,1,0,1,0,0,0,0,0,0,0,0,0,0,0,0,0,0,0,0,0,1
209000.0,STELS 250 Enduro,Новосибирск,0.0,250,бензин,0,0,1,0,0,0,0,0,1,0,0,0,0,0,0,0,0,0,0,0,0,0,1
209000.0,STELS 250 Enduro,Иркутск,0.0,250,бензин,0,0,1,0,1,0,0,0,0,0,0,0,0,0,0,0,0,0,0,0,0,0,1
209500.0,Racer RC300-GY8B BROS,Благовещенск,0.0,300,бензин,0,0,1,0,1,0,0,0,0,0,0,0,0,0,0,0,0,0,0,0,0,0,1
209990.0,BRZ X5,Бийск,0.0,300,бензин,1,0,1,0,1,0,0,0,0,0,0,0,0,0,0,0,0,0,0,0,0,0,1
209990.0,Sanchez Bandit,Новосибирск,0.0,300,бензин,0,0,1,0,0,0,0,0,1,0,0,0,0,0,0,0,0,0,0,0,0,0,1
209990.0,BRZ MX5 PR300 Red,Новосибирск,0.0,300,бензин,0,0,1,0,0,0,0,0,1,0,0,0,0,0,0,0,0,0,0,0,0,0,1
209990.0,BSE Z3,Томск,0.0,250,бензин,0,0,1,0,1,0,0,0,0,0,0,0,0,0,0,0,0,0,0,0,0,0,1
209990.0,Progasi Super Max 250,Кемерово,0.0,250,бензин,0,0,1,0,1,0,0,0,0,0,0,0,0,0,0,0,0,0,0,0,0,0,1
210000.0,Rockot Motors R5F Raptor,Томск,0.0,250,бензин,0,0,1,0,1,0,0,0,0,0,0,0,0,0,0,0,0,0,0,0,0,0,1
210000.0,Zuumav K6H,Омск,0.0,300,бензин,1,0,1,0,0,0,0,0,1,0,0,0,0,0,0,0,0,0,0,0,0,0,1
210000.0,BSE J1,Уссурийск,0.0,300,бензин,2,0,1,0,1,0,0,0,0,0,0,0,0,0,0,0,0,0,0,0,0,0,1
210000.0,Kews K16 NB300,Уссурийск,0.0,300,бензин,1,0,1,0,1,0,0,0,0,0,0,0,0,0,0,0,0,0,0,0,0,0,1
210000.0,Zuumav K6H,Новокузнецк,0.0,250,бензин,0,0,1,0,1,0,0,0,0,0,0,0,0,0,0,0,0,0,0,0,0,0,1
210000.0,BSE Z3,Томск,0.0,250,бензин,0,0,1,0,1,0,0,0,0,0,0,0,0,0,0,0,0,0,0,0,0,0,1
211999.0,Kayo K2 Pro,Иркутск,0.0,271,бензин,1,0,1,0,1,0,0,0,0,0,0,0,0,0,0,0,0,0,0,0,0,0,1
212990.0,JHL S004,Барнаул,0.0,271,бензин,1,0,1,0,1,0,0,0,0,0,0,0,0,0,0,0,0,0,0,0,0,0,1
212990.0,JHL S004,Новосибирск,0.0,271,бензин,1,0,1,0,0,0,0,0,1,0,0,0,0,0,0,0,0,0,0,0,0,0,1
212990.0,JHL S004,Бийск,0.0,300,бензин,0,0,1,0,1,0,0,0,0,0,0,0,0,0,0,0,0,0,0,0,0,0,1
213000.0,Regulmoto CR-X 300,Новокузнецк,0.0,300,бензин,0,0,1,0,1,0,0,0,0,0,0,0,0,0,0,0,0,0,0,0,0,0,1
213000.0,Regulmoto CR-X,Владивосток,0.0,300,бензин,0,0,1,0,1,0,0,0,0,0,0,0,0,0,0,0,0,0,0,0,0,0,1
213000.0,Regulmoto CR-X 300,Новосибирск,0.0,300,бензин,0,0,1,0,0,0,0,0,1,0,0,0,0,0,0,0,0,0,0,0,0,0,1
213000.0,Regulmoto CR-X 300,Бийск,0.0,300,бензин,0,0,1,0,1,0,0,0,0,0,0,0,0,0,0,0,0,0,0,0,0,0,1
213000.0,Regulmoto CR-X,Хабаровск,0.0,271,бензин,1,0,1,0,1,0,0,0,0,0,0,0,0,0,0,0,0,0,0,0,0,0,1
213000.0,Regulmoto CR-X 300,Красноярск,0.0,300,бензин,0,0,1,0,0,0,0,0,1,0,0,0,0,0,0,0,0,0,0,0,0,0,1
213000.0,Regulmoto CR-X,Новосибирск,0.0,271,бензин,0,0,1,0,0,0,0,0,1,0,0,0,0,0,0,0,0,0,0,0,0,0,1
213000.0,Regulmoto CR-X 300,Барнаул,0.0,300,бензин,0,0,1,0,1,0,0,0,0,0,0,0,0,0,0,0,0,0,0,0,0,0,1
213000.0,Regulmoto CR-Z 300,Уссурийск,0.0,300,бензин,1,0,1,0,1,0,0,0,0,0,0,0,0,0,0,0,0,0,0,0,0,0,1
213000.0,Regulmoto CR-X,Свободный,0.0,300,бензин,1,0,1,0,1,0,0,0,0,0,0,0,0,0,0,0,0,0,0,0,0,0,1
214990.0,Kayo K4 300 MX,Красноярск,0.0,300,бензин,1,0,1,0,0,0,0,0,1,0,0,0,0,0,0,0,0,0,0,0,0,0,1
214990.0,Progasi Super Max 300,Прокопьевск,0.0,300,бензин,1,0,1,0,1,0,0,0,0,0,0,0,0,0,0,0,0,0,0,0,0,0,1
214990.0,Progasi Super Max 300,Новосибирск,0.0,300,бензин,1,0,1,0,0,0,0,0,1,0,0,0,0,0,0,0,0,0,0,0,0,0,1
214990.0,Progasi Super Max 300,Новосибирск,0.0,270,бензин,1,0,1,0,0,0,0,0,1,0,0,0,0,0,0,0,0,0,0,0,0,0,1
214990.0,Progasi Super Max 300,Бийск,0.0,270,бензин,1,0,1,0,1,0,0,0,0,0,0,0,0,0,0,0,0,0,0,0,0,0,1
214990.0,Progasi Super Max 300,Благовещенск,0.0,300,бензин,0,0,1,0,1,0,0,0,0,0,0,0,0,0,0,0,0,0,0,0,0,0,1
215000.0,Regulmoto CR-X 300,Благовещенск,0.0,300,бензин,1,0,1,0,1,0,0,0,0,0,0,0,0,0,0,0,0,0,0,0,0,0,1
216000.0,Racer RC300-GY8A K2,Благовещенск,0.0,300,бензин,0,0,1,0,1,0,0,0,0,0,0,0,0,0,0,0,0,0,0,0,0,0,1
217000.0,Hasky F5,Екатеринбург,0.0,250,бензин,1,0,1,0,0,0,0,0,1,0,0,0,0,0,0,0,0,0,0,0,0,0,1
217000.0,Hasky F5,Екатеринбург,0.0,250,бензин,1,0,1,0,0,0,0,0,1,0,0,0,0,0,0,0,0,0,0,0,0,0,1
218000.0,Regulmoto CR-X 300,Кемерово,0.0,300,бензин,0,0,1,0,1,0,0,0,0,0,0,0,0,0,0,0,0,0,0,0,0,0,1
218000.0,Lifan LF250,Владивосток,0.0,249,бензин,2,0,1,0,1,0,0,0,0,0,0,0,0,0,0,0,0,0,0,0,0,0,1
218400.0,Motoland XR250 Enduro,Красноярск,0.0,300,бензин,1,0,1,0,0,0,0,0,1,0,0,0,0,0,0,0,0,0,0,0,0,0,1
219490.0,BSE Z5L,Завьялово,0.0,250,бензин,1,0,1,0,1,0,0,0,0,0,0,0,0,0,0,0,0,0,0,0,0,0,1
219850.0,TRX Start 300,Новосибирск,0.0,300,бензин,0,0,1,0,0,0,0,0,1,0,0,0,0,0,0,0,0,0,0,0,0,0,1
219990.0,Kayo T2 300 Enduro PR,Новосибирск,0.0,271,бензин,1,0,1,0,0,0,0,0,1,0,0,0,0,0,0,0,0,0,0,0,0,0,1
220000.0,Progasi Ibiza 300,Вязники,0.0,300,бензин,1,0,1,0,1,0,0,0,0,0,0,0,0,0,0,0,0,0,0,0,0,0,1
220000.0,Regulmoto Sport-003 PR Pro,Усолье-Сибирское,0.0,300,бензин,1,0,1,0,1,0,0,0,0,0,0,0,0,0,0,0,0,0,0,0,0,0,1
220000.0,Kayo T4 300 Enduro PR,Владивосток,0.0,300,бензин,1,0,1,0,1,0,0,0,0,0,0,0,0,0,0,0,0,0,0,0,0,0,1
220000.0,Kews K23 YBS300,Владивосток,0.0,300,бензин,0,0,1,0,1,0,0,0,0,0,0,0,0,0,0,0,0,0,0,0,0,0,1
220000.0,Kayo T4,Екатеринбург,0.0,300,бензин,0,0,1,0,0,0,0,0,1,0,0,0,0,0,0,0,0,0,0,0,0,0,1
220000.0,Rockot Motors Hornet,Междуреченск,0.0,250,бензин,1,0,1,0,1,0,0,0,0,0,0,0,0,0,0,0,0,0,0,0,0,0,1
220000.0,Progasi Ibiza 300,Новосибирск,0.0,300,бензин,2,0,1,0,0,0,0,0,1,0,0,0,0,0,0,0,0,0,0,0,0,0,1
221000.0,Rockot Motors R5X Rampage,Томск,0.0,300,бензин,0,0,1,0,1,0,0,0,0,0,0,0,0,0,0,0,0,0,0,0,0,0,1
222000.0,Regulmoto Sport-003 PR Pro,Владивосток,0.0,300,бензин,1,0,1,0,1,0,0,0,0,0,0,0,0,0,0,0,0,0,0,0,0,0,1
222000.0,Regulmoto Sport-003 PR Pro,Свободный,0.0,300,бензин,1,0,1,0,1,0,0,0,0,0,0,0,0,0,0,0,0,0,0,0,0,0,1
222000.0,Regulmoto Sport-003 PR Pro,Уссурийск,0.0,300,бензин,0,0,1,0,1,0,0,0,0,0,0,0,0,0,0,0,0,0,0,0,0,0,1
222000.0,Regulmoto Sport-003 PR Pro,Хабаровск,0.0,300,бензин,0,0,1,0,1,0,0,0,0,0,0,0,0,0,0,0,0,0,0,0,0,0,1
222000.0,Racer Triumph RC300-GY8H,Хабаровск,0.0,300,бензин,0,0,1,0,1,0,0,0,0,0,0,0,0,0,0,0,0,0,0,0,0,0,1
222000.0,Regulmoto Sport-003 PR Pro,Чита,0.0,300,бензин,0,0,1,0,1,0,0,0,0,0,0,0,0,0,0,0,0,0,0,0,0,0,1
222000.0,Regulmoto Sport-003 PR Pro,Красноярск,0.0,300,бензин,1,0,1,0,0,0,0,0,1,0,0,0,0,0,0,0,0,0,0,0,0,0,1
222000.0,Regulmoto Sport-003 PR Pro,Бийск,0.0,300,бензин,1,0,1,0,1,0,0,0,0,0,0,0,0,0,0,0,0,0,0,0,0,0,1
222000.0,Racer RC300-GY8A K2,Хабаровск,0.0,300,бензин,0,0,1,0,1,0,0,0,0,0,0,0,0,0,0,0,0,0,0,0,0,0,1
222000.0,Regulmoto Sport-003 PR Pro,Уссурийск,0.0,300,бензин,0,0,1,0,1,0,0,0,0,0,0,0,0,0,0,0,0,0,0,0,0,0,1
222000.0,Regulmoto Sport-003 PR Pro,Уссурийск,0.0,300,бензин,0,0,1,0,1,0,0,0,0,0,0,0,0,0,0,0,0,0,0,0,0,0,1
222000.0,Regulmoto Sport-003 PR Pro,Барнаул,0.0,300,бензин,0,0,1,0,1,0,0,0,0,0,0,0,0,0,0,0,0,0,0,0,0,0,1
222000.0,Regulmoto Sport-003 PR Pro,Хабаровск,0.0,300,бензин,1,0,1,0,1,0,0,0,0,0,0,0,0,0,0,0,0,0,0,0,0,0,1
222000.0,Regulmoto Sport-003 PR Pro,Новокузнецк,0.0,300,бензин,1,0,1,0,1,0,0,0,0,0,0,0,0,0,0,0,0,0,0,0,0,0,1
222000.0,Regulmoto Sport-003 PR Pro,Томск,0.0,300,бензин,0,0,1,0,1,0,0,0,0,0,0,0,0,0,0,0,0,0,0,0,0,0,1
222000.0,Regulmoto Sport-003 PR Pro,Новокузнецк,0.0,300,бензин,0,0,1,0,1,0,0,0,0,0,0,0,0,0,0,0,0,0,0,0,0,0,1
222000.0,Regulmoto Sport-003 PR Pro,Артём,0.0,300,бензин,0,0,1,0,1,0,0,0,0,0,0,0,0,0,0,0,0,0,0,0,0,0,1
222000.0,Regulmoto Sport-003 PR Pro,Новосибирск,0.0,271,бензин,0,0,1,0,0,0,0,0,1,0,0,0,0,0,0,0,0,0,0,0,0,0,1
222000.0,Regulmoto Sport-003 PR Pro,Уссурийск,0.0,300,бензин,0,0,1,0,1,0,0,0,0,0,0,0,0,0,0,0,0,0,0,0,0,0,1
223000.0,Regulmoto Duke 300,Бийск,0.0,300,бензин,0,0,1,0,1,0,0,0,0,0,0,0,0,0,0,0,0,0,0,0,0,0,1
223000.0,Regulmoto Duke 300,Уссурийск,0.0,300,бензин,0,0,1,0,1,0,0,0,0,0,0,0,0,0,0,0,0,0,0,0,0,0,1
223000.0,Regulmoto Duke 300,Хабаровск,0.0,300,бензин,1,0,1,0,1,0,0,0,0,0,0,0,0,0,0,0,0,0,0,0,0,0,1
223000.0,Regulmoto Duke 300,Уссурийск,0.0,300,бензин,0,0,1,0,1,0,0,0,0,0,0,0,0,0,0,0,0,0,0,0,0,0,1
223000.0,Regulmoto Duke 300,Благовещенск,0.0,300,бензин,0,0,1,0,1,0,0,0,0,0,0,0,0,0,0,0,0,0,0,0,0,0,1
223000.0,Regulmoto Duke 300,Владивосток,0.0,300,бензин,1,0,1,0,1,0,0,0,0,0,0,0,0,0,0,0,0,0,0,0,0,0,1
223000.0,Regulmoto Duke 300,Новосибирск,0.0,300,бензин,0,0,1,0,0,0,0,0,1,0,0,0,0,0,0,0,0,0,0,0,0,0,1
223000.0,Regulmoto Duke 300,Хабаровск,0.0,250,бензин,0,0,1,0,1,0,0,0,0,0,0,0,0,0,0,0,0,0,0,0,0,0,1
223360.0,Motoland XT300 HS,Великие Луки,0.0,300,бензин,1,0,1,0,1,0,0,0,0,0,0,0,0,0,0,0,0,0,0,0,0,0,1
224990.0,Kayo T2 300 Enduro PR,Красноярск,0.0,300,бензин,1,0,1,0,0,0,0,0,1,0,0,0,0,0,0,0,0,0,0,0,0,0,1
224990.0,Hasky F5,Новосибирск,0.0,250,бензин,0,0,1,0,0,0,0,0,1,0,0,0,0,0,0,0,0,0,0,0,0,0,1
225000.0,Husqvarna TC 65,Заречный,0.0,65,бензин,5,0,0,0,1,0,0,0,0,0,0,0,0,0,0,0,0,0,0,0,0,0,1
225000.0,Kews K23 YB300H,Владивосток,0.0,300,бензин,0,0,1,0,1,0,0,0,0,0,0,0,0,0,0,0,0,0,0,0,0,0,1
227000.0,Regulmoto Sport-003 PR Pro,Кемерово,0.0,300,бензин,0,0,1,0,1,0,0,0,0,0,0,0,0,0,0,0,0,0,0,0,0,0,1
227999.0,Минск C4 300,Иркутск,0.0,300,бензин,0,0,1,0,1,0,0,0,0,0,0,0,0,0,0,0,0,0,0,0,0,0,1
228000.0,Regulmoto Athlete Pro,Бийск,0.0,300,бензин,0,0,1,0,1,0,0,0,0,0,0,0,0,0,0,0,0,0,0,0,0,0,1
228000.0,Regulmoto Athlete Pro,Хабаровск,0.0,272,бензин,0,0,1,0,1,0,0,0,0,0,0,0,0,0,0,0,0,0,0,0,0,0,1
228990.0,BSE Z10,Томск,0.0,250,бензин,0,0,1,0,1,0,0,0,0,0,0,0,0,0,0,0,0,0,0,0,0,0,1
229000.0,Regulmoto Norden,Чита,0.0,300,бензин,1,0,1,0,1,0,0,0,0,0,0,0,0,0,0,0,0,0,0,0,0,0,1
229000.0,BSE Z10,Томск,0.0,250,бензин,1,0,1,0,1,0,0,0,0,0,0,0,0,0,0,0,0,0,0,0,0,0,1
229900.0,Fuego Rambolor,Владивосток,0.0,223,бензин,1,0,1,0,1,0,0,0,0,0,0,0,0,0,0,0,0,0,0,0,0,0,1
229990.0,Progasi Super Max 300 Pro,Бийск,0.0,271,бензин,1,0,1,0,1,0,0,0,0,0,0,0,0,0,0,0,0,0,0,0,0,0,1
229990.0,Progasi Super Max 300 Pro,Новосибирск,0.0,300,бензин,1,0,1,0,0,0,0,0,1,0,0,0,0,0,0,0,0,0,0,0,0,0,1
229990.0,Progasi Super Max 300 Pro,Барнаул,0.0,300,бензин,0,0,1,0,1,0,0,0,0,0,0,0,0,0,0,0,0,0,0,0,0,0,1
229990.0,Progasi Super Max 300 Pro,Бийск,0.0,300,бензин,1,0,1,0,1,0,0,0,0,0,0,0,0,0,0,0,0,0,0,0,0,0,1
230000.0,ZMmoto Rocker S,Барнаул,0.0,271,бензин,1,0,1,1,1,0,0,0,0,0,0,0,0,0,0,0,0,0,0,0,0,0,1
230000.0,VMC 140,Юрга,0.0,250,бензин,1,0,1,0,1,0,0,0,0,0,0,0,0,0,0,0,0,0,0,0,0,0,1
230000.0,Regulmoto Legend 300,Новосибирск,0.0,300,бензин,1,0,1,0,0,0,0,0,1,0,0,0,0,0,0,0,0,0,0,0,0,0,1
232000.0,Regulmoto Athlete Pro,Томск,0.0,300,бензин,0,0,1,0,1,0,0,0,0,0,0,0,0,0,0,0,0,0,0,0,0,0,1
233000.0,Regulmoto Duke 300,Владивосток,0.0,300,бензин,0,0,1,0,1,0,0,0,0,0,0,0,0,0,0,0,0,0,0,0,0,0,1
233050.0,Racer Ranger RC250-GY8A,Бийск,0.0,250,бензин,1,0,1,0,1,0,0,0,0,0,0,0,0,0,0,0,0,0,0,0,0,0,1
233270.0,Rockot Motors Tekken-Hound,Барнаул,0.0,300,бензин,0,0,1,0,1,0,0,0,0,0,0,0,0,0,0,0,0,0,0,0,0,0,1
234000.0,Regulmoto ZR PR 4 valves,Бийск,0.0,300,бензин,1,0,1,0,1,0,0,0,0,0,0,0,0,0,0,0,0,0,0,0,0,0,1
234990.0,BSE Z3 Y,Красноярск,0.0,250,бензин,2,0,1,0,0,0,0,0,1,0,0,0,0,0,0,0,0,0,0,0,0,0,1
235000.0,Regulmoto XADV,Хабаровск,0.0,279,бензин,0,0,1,0,1,0,0,0,0,0,0,0,0,0,0,0,0,0,0,0,0,0,1
235000.0,Regulmoto XADV,Благовещенск,0.0,300,бензин,0,0,1,0,1,0,0,0,0,0,0,0,0,0,0,0,0,0,0,0,0,0,1
235000.0,Kews K16 NB300,Китай<!-- --> <!-- -->→<!-- --> <!-- -->Уссурийск,0.0,300,бензин,1,0,1,0,1,0,0,0,0,0,0,0,0,0,0,0,0,0,0,0,0,0,1
235000.0,Regulmoto XADV,Новосибирск,0.0,300,бензин,0,0,1,0,0,0,0,0,1,0,0,0,0,0,0,0,0,0,0,0,0,0,1
235000.0,Regulmoto ADV 300 NB,Владивосток,0.0,300,бензин,0,0,1,0,1,0,0,0,0,0,0,0,0,0,0,0,0,0,0,0,0,0,1
235000.0,Regulmoto XADV,Чита,0.0,300,бензин,0,0,1,0,1,0,0,0,0,0,0,0,0,0,0,0,0,0,0,0,0,0,1
235000.0,Motoland FX 300,Красноярск,0.0,300,бензин,0,0,1,0,0,0,0,0,1,0,0,0,0,0,0,0,0,0,0,0,0,0,1
235000.0,Kews K16 NB300,Новороссийск,0.0,300,бензин,1,0,1,0,1,0,0,0,0,0,0,0,0,0,0,0,0,0,0,0,0,0,1
237600.0,Bajaj Pulsar 180,Владивосток,0.0,178,бензин,2,0,1,0,1,0,0,0,0,0,0,0,0,0,0,0,0,0,0,0,0,0,1
238000.0,Bajaj Pulsar NS 125,Нерчинск,0.0,125,бензин,1,0,1,0,1,0,0,0,0,0,0,0,0,0,0,0,0,0,0,0,0,0,1
238000.0,Bajaj Pulsar NS 125,Новосибирск,0.0,125,бензин,1,0,1,0,0,0,0,0,1,0,0,0,0,0,0,0,0,0,0,0,0,0,1
239000.0,Regulmoto CR-X Pro,Белово,0.0,300,бензин,0,0,1,0,1,0,0,0,0,0,0,0,0,0,0,0,0,0,0,0,0,0,1
239000.0,Regulmoto Norden,Владивосток,0.0,300,бензин,1,0,1,0,1,0,0,0,0,0,0,0,0,0,0,0,0,0,0,0,0,0,1
239000.0,Regulmoto Norden,Бийск,0.0,300,бензин,0,0,1,0,1,0,0,0,0,0,0,0,0,0,0,0,0,0,0,0,0,0,1
239000.0,Regulmoto CR-X Pro,Хабаровск,0.0,271,бензин,0,0,1,0,1,0,0,0,0,0,0,0,0,0,0,0,0,0,0,0,0,0,1
239000.0,Regulmoto Norden,Благовещенск,0.0,300,бензин,1,0,1,0,1,0,0,0,0,0,0,0,0,0,0,0,0,0,0,0,0,0,1
239000.0,Regulmoto Norden,Томск,0.0,250,бензин,0,0,1,0,1,0,0,0,0,0,0,0,0,0,0,0,0,0,0,0,0,0,1
239000.0,Regulmoto CR-X Pro,Новосибирск,0.0,300,бензин,0,0,1,0,0,0,0,0,1,0,0,0,0,0,0,0,0,0,0,0,0,0,1
239000.0,Regulmoto CR-X Pro,Владивосток,0.0,300,бензин,0,0,1,0,1,0,0,0,0,0,0,0,0,0,0,0,0,0,0,0,0,0,1
239000.0,Regulmoto Norden,Томск,0.0,300,бензин,0,0,1,0,1,0,0,0,0,0,0,0,0,0,0,0,0,0,0,0,0,0,1
239000.0,Regulmoto CR-X 300,Комсомольск-на-Амуре,0.0,300,бензин,0,0,1,0,1,0,0,0,0,0,0,0,0,0,0,0,0,0,0,0,0,0,1
239000.0,Regulmoto CR-X Pro,Уссурийск,0.0,300,бензин,0,0,1,0,1,0,0,0,0,0,0,0,0,0,0,0,0,0,0,0,0,0,1
239000.0,Regulmoto CR-X Pro,Новосибирск,0.0,271,бензин,0,0,1,0,0,0,0,0,1,0,0,0,0,0,0,0,0,0,0,0,0,0,1
239000.0,Regulmoto CR-X Pro,Владивосток,0.0,300,бензин,0,0,1,0,1,0,0,0,0,0,0,0,0,0,0,0,0,0,0,0,0,0,1
239800.0,Apollo M3,Великие Луки,0.0,300,бензин,1,0,1,0,1,0,0,0,0,0,0,0,0,0,0,0,0,0,0,0,0,0,1
240000.0,FXmoto Hammer,Кемерово,0.0,300,бензин,1,0,1,0,1,0,0,0,0,0,0,0,0,0,0,0,0,0,0,0,0,0,1
241000.0,Rockot Motors GS 2 Origine,Кемерово,0.0,250,бензин,1,0,1,0,1,0,0,0,0,0,0,0,0,0,0,0,0,0,0,0,0,0,1
242000.0,JHL LX4,Новосибирск,0.0,300,бензин,0,0,1,0,0,0,0,0,1,0,0,0,0,0,0,0,0,0,0,0,0,0,1
242000.0,Motoland X3 300W Lux,Красноярск,0.0,300,бензин,1,0,1,0,0,0,0,0,1,0,0,0,0,0,0,0,0,0,0,0,0,0,1
242000.0,Regulmoto Fargo 300,Новосибирск,0.0,300,бензин,0,0,1,0,0,0,0,0,1,0,0,0,0,0,0,0,0,0,0,0,0,0,1
242000.0,Hasky F5,Завьялово,0.0,250,бензин,1,0,1,0,1,0,0,0,0,0,0,0,0,0,0,0,0,0,0,0,0,0,1
242000.0,JHL LX4,Артём,0.0,300,бензин,0,0,1,0,1,0,0,0,0,0,0,0,0,0,0,0,0,0,0,0,0,0,1
242000.0,Motoland X3 300W Lux,Красноярск,0.0,300,бензин,1,0,1,0,0,0,0,0,1,0,0,0,0,0,0,0,0,0,0,0,0,0,1
242000.0,Hasky F5,Омск,0.0,250,бензин,1,0,1,0,0,0,0,0,1,0,0,0,0,0,0,0,0,0,0,0,0,0,1
242000.0,Regulmoto Fargo 300,Благовещенск,0.0,300,бензин,1,0,1,0,1,0,0,0,0,0,0,0,0,0,0,0,0,0,0,0,0,0,1
243600.0,Motoland XT250 ST,Красноярск,0.0,250,бензин,1,0,1,0,0,0,0,0,1,0,0,0,0,0,0,0,0,0,0,0,0,0,1
244000.0,Regulmoto ZR PR 4 valves,Владивосток,0.0,300,бензин,1,0,1,0,1,0,0,0,0,0,0,0,0,0,0,0,0,0,0,0,0,0,1
244000.0,Regulmoto ZR PR 4 valves,Благовещенск,0.0,300,бензин,1,0,1,0,1,0,0,0,0,0,0,0,0,0,0,0,0,0,0,0,0,0,1
244000.0,Regulmoto ZR PR 4 valves,Хабаровск,0.0,271,бензин,1,0,1,0,1,0,0,0,0,0,0,0,0,0,0,0,0,0,0,0,0,0,1
244165.0,Kayo T2 300 Enduro PR,Барнаул,0.0,300,бензин,0,0,1,0,1,0,0,0,0,0,0,0,0,0,0,0,0,0,0,0,0,0,1
245000.0,Kews K16 NB300,Бийск,0.0,300,бензин,0,0,1,0,1,0,0,0,0,0,0,0,0,0,0,0,0,0,0,0,0,0,1
245700.0,Zuumav FX,Барнаул,0.0,300,бензин,0,0,1,0,1,0,0,0,0,0,0,0,0,0,0,0,0,0,0,0,0,0,1
247450.0,Racer Storm,Новосибирск,0.0,250,бензин,1,0,1,0,0,0,0,0,1,0,0,0,0,0,0,0,0,0,0,0,0,0,1
247450.0,Racer RC250XZR-A,Новосибирск,0.0,250,бензин,0,0,1,0,0,0,0,0,1,0,0,0,0,0,0,0,0,0,0,0,0,0,1
247450.0,Racer Storm,Бийск,0.0,250,бензин,0,0,1,0,1,0,0,0,0,0,0,0,0,0,0,0,0,0,0,0,0,0,1
247750.0,Racer Storm,Новосибирск,0.0,250,бензин,0,0,1,0,0,0,0,0,1,0,0,0,0,0,0,0,0,0,0,0,0,0,1
248600.0,Motoland XT250 ST-NC,Красноярск,0.0,250,бензин,1,0,1,0,0,0,0,0,1,0,0,0,0,0,0,0,0,0,0,0,0,0,1
248650.0,Racer Caiman RC250XZR-X,Новосибирск,0.0,250,бензин,1,0,1,0,0,0,0,0,1,0,0,0,0,0,0,0,0,0,0,0,0,0,1
249000.0,ЗиД 300-01,Владивосток,0.0,282,бензин,1,0,1,0,1,0,0,0,0,0,0,0,0,0,0,0,0,0,0,0,0,0,1
249000.0,Regulmoto ZR PR 4 valves,Кемерово,0.0,300,бензин,0,0,1,0,1,0,0,0,0,0,0,0,0,0,0,0,0,0,0,0,0,0,1
249990.0,Kayo K5 Enduro,Новосибирск,0.0,300,бензин,1,0,1,0,0,0,0,0,1,0,0,0,0,0,0,0,0,0,0,0,0,0,1
250000.0,BSE Z7,Снежинск,0.0,300,бензин,4,0,1,0,1,0,0,0,0,0,0,0,0,0,0,0,0,0,0,0,0,0,1
250000.0,Kews K16 NB300,Владивосток,0.0,300,бензин,0,0,1,0,1,0,0,0,0,0,0,0,0,0,0,0,0,0,0,0,0,0,1
250000.0,Hasky V4,Екатеринбург,0.0,300,бензин,1,0,1,0,0,0,0,0,1,0,0,0,0,0,0,0,0,0,0,0,0,0,1
250000.0,Kews K23 YBS300,Находка,0.0,300,бензин,0,0,1,0,1,0,0,0,0,0,0,0,0,0,0,0,0,0,0,0,0,0,1
250000.0,Kews K23 YBS300,Владивосток,0.0,300,бензин,0,0,1,0,1,0,0,0,0,0,0,0,0,0,0,0,0,0,0,0,0,0,1
251000.0,BSE Z5,Кемерово,0.0,250,бензин,0,0,1,0,1,0,0,0,0,0,0,0,0,0,0,0,0,0,0,0,0,0,1
251420.0,Rockot Motors Tekken-Hound,Новокузнецк,0.0,250,бензин,1,0,1,0,1,0,0,0,0,0,0,0,0,0,0,0,0,0,0,0,0,0,1
252000.0,K2R EFC250,Красноярск,0.0,250,бензин,1,0,1,0,0,0,0,0,1,0,0,0,0,0,0,0,0,0,0,0,0,0,1
253000.0,Regulmoto CR-Z 300,Благовещенск,0.0,300,бензин,0,0,1,0,1,0,0,0,0,0,0,0,0,0,0,0,0,0,0,0,0,0,1
253000.0,Regulmoto CR-Z 300,Благовещенск,0.0,300,бензин,0,0,1,0,1,0,0,0,0,0,0,0,0,0,0,0,0,0,0,0,0,0,1
253000.0,Regulmoto CR-Z 300,Владивосток,0.0,300,бензин,0,0,1,0,1,0,0,0,0,0,0,0,0,0,0,0,0,0,0,0,0,0,1
253000.0,Regulmoto CR-Z 300,Белово,0.0,300,бензин,0,0,1,0,1,0,0,0,0,0,0,0,0,0,0,0,0,0,0,0,0,0,1
253000.0,Regulmoto CR-Z 300,Барнаул,0.0,300,бензин,0,0,1,0,1,0,0,0,0,0,0,0,0,0,0,0,0,0,0,0,0,0,1
254000.0,Zuumav CBS 300PRO,Томск,0.0,300,бензин,0,0,1,0,1,0,0,0,0,0,0,0,0,0,0,0,0,0,0,0,0,0,1
254990.0,Kayo K5 Enduro,Красноярск,0.0,300,бензин,1,0,1,0,0,0,0,0,1,0,0,0,0,0,0,0,0,0,0,0,0,0,1
255000.0,BRZ X5M,Тайшет,0.0,250,бензин,3,0,1,0,1,0,0,0,0,0,0,0,0,0,0,0,0,0,0,0,0,0,1
255000.0,Kews K16 NB300,Владивосток,0.0,300,бензин,1,0,1,0,1,0,0,0,0,0,0,0,0,0,0,0,0,0,0,0,0,0,1
255165.0,Kayo T4 250 Enduro PR,Барнаул,0.0,300,бензин,2,0,1,0,1,0,0,0,0,0,0,0,0,0,0,0,0,0,0,0,0,0,1
256000.0,Racer Storm,Благовещенск,0.0,270,бензин,0,0,1,0,1,0,0,0,0,0,0,0,0,0,0,0,0,0,0,0,0,0,1
257000.0,Racer Muravei RC200ZH,Новосибирск,0.0,200,бензин,0,0,1,0,0,0,0,0,1,0,0,0,0,0,0,0,0,0,0,0,0,0,1
257700.0,Motoland CB 250,Красноярск,0.0,300,бензин,1,0,1,0,0,0,0,0,1,0,0,0,0,0,0,0,0,0,0,0,0,0,1
259000.0,Regulmoto CR-Z 300,Бийск,0.0,300,бензин,1,0,1,0,1,0,0,0,0,0,0,0,0,0,0,0,0,0,0,0,0,0,1
259000.0,Regulmoto CR-Z 300,Чита,0.0,300,бензин,1,0,1,0,1,0,0,0,0,0,0,0,0,0,0,0,0,0,0,0,0,0,1
259000.0,Lifan KPT200,Владивосток,0.0,198,бензин,1,0,1,1,1,0,0,0,0,0,0,0,0,0,0,0,0,0,0,0,0,0,1
259000.0,Regulmoto CR-Z 300,Владивосток,0.0,300,бензин,2,0,1,0,1,0,0,0,0,0,0,0,0,0,0,0,0,0,0,0,0,0,1
259900.0,Sharmax PowerMax 300,Пермь,0.0,271,бензин,1,0,1,0,0,0,0,0,1,0,0,0,0,0,0,0,0,0,0,0,0,0,1
259990.0,Ataki Carrera 300,Омск,0.0,271,бензин,1,0,1,0,0,0,0,0,1,0,0,0,0,0,0,0,0,0,0,0,0,0,1
259990.0,Kayo T4 300 Enduro PR,Новосибирск,0.0,271,бензин,1,0,1,0,0,0,0,0,1,0,0,0,0,0,0,0,0,0,0,0,0,0,1
259990.0,Kayo T4 300 Enduro PR,Барнаул,0.0,271,бензин,1,0,1,0,1,0,0,0,0,0,0,0,0,0,0,0,0,0,0,0,0,0,1
259990.0,Kawasaki Ninja 300,Благовещенск,0.0,300,бензин,1,0,1,0,1,0,0,0,0,0,0,0,0,0,0,0,1,0,0,0,0,0,0
261990.0,BSE Z3 Y,Томск,0.0,250,бензин,1,0,1,0,1,0,0,0,0,0,0,0,0,0,0,0,0,0,0,0,0,0,1
262000.0,Motoland Wolf 250,Томск,0.0,300,бензин,0,0,1,0,1,0,0,0,0,0,0,0,0,0,0,0,0,0,0,0,0,0,1
262500.0,JHL Z5,Новосибирск,0.0,300,бензин,0,0,1,0,0,0,0,0,1,0,0,0,0,0,0,0,0,0,0,0,0,0,1
262600.0,Motoland 300 DF Big Bore,Красноярск,0.0,300,бензин,0,0,1,0,0,0,0,0,1,0,0,0,0,0,0,0,0,0,0,0,0,0,1
264000.0,Regulmoto CR-Z 300,Кемерово,0.0,300,бензин,0,0,1,0,1,0,0,0,0,0,0,0,0,0,0,0,0,0,0,0,0,0,1
264900.0,Fuego Scrambler 250,Барнаул,0.0,250,бензин,1,0,1,0,1,0,0,0,0,0,0,0,0,0,0,0,0,0,0,0,0,0,1
264990.0,Kayo T4 300 Enduro PR,Красноярск,0.0,300,бензин,1,0,1,0,0,0,0,0,1,0,0,0,0,0,0,0,0,0,0,0,0,0,1
265000.0,Regulmoto Holeshot Red Edition,Владивосток,0.0,300,бензин,2,0,1,0,1,0,0,0,0,0,0,0,0,0,0,0,0,0,0,0,0,0,1
265000.0,Kews K16 NB300,Кемерово,0.0,300,бензин,0,0,1,0,1,0,0,0,0,0,0,0,0,0,0,0,0,0,0,0,0,0,1
265000.0,Kews K16 NB300,Владивосток,0.0,300,бензин,0,0,1,0,1,0,0,0,0,0,0,0,0,0,0,0,0,0,0,0,0,0,1
265000.0,Kews K23 NB300,Владивосток,0.0,300,бензин,0,0,1,0,1,0,0,0,0,0,0,0,0,0,0,0,0,0,0,0,0,0,1
267750.0,Racer Storm,Кемерово,0.0,270,бензин,0,0,1,0,1,0,0,0,0,0,0,0,0,0,0,0,0,0,0,0,0,0,1
267990.0,BSE T5,Завьялово,0.0,300,бензин,1,0,1,0,1,0,0,0,0,0,0,0,0,0,0,0,0,0,0,0,0,0,1
268990.0,BSE Z6,Красноярск,0.0,250,бензин,1,0,1,0,0,0,0,0,1,0,0,0,0,0,0,0,0,0,0,0,0,0,1
269900.0,Fuego Tekken 250,Владивосток,0.0,249,бензин,1,0,1,0,1,0,0,0,0,0,0,0,0,0,0,0,0,0,0,0,0,0,1
269990.0,Progasi Gaudi 300,Бийск,0.0,279,бензин,1,0,1,0,1,0,0,0,0,0,0,0,0,0,0,0,0,0,0,0,0,0,1
270000.0,Bajaj Pulsar 180,Новосибирск,0.0,180,бензин,1,0,1,0,0,0,0,0,1,0,0,0,0,0,0,0,0,0,0,0,0,0,1
270000.0,Rockot Motors Highlander,Барнаул,0.0,300,бензин,0,0,1,0,1,0,0,0,0,0,0,0,0,0,0,0,0,0,0,0,0,0,1
270000.0,Bajaj Pulsar 180,Томск,0.0,180,бензин,0,0,1,0,1,0,0,0,0,0,0,0,0,0,0,0,0,0,0,0,0,0,1
270000.0,Lifan KPT200,Великие Луки,0.0,198,бензин,1,0,1,1,1,0,0,0,0,0,0,0,0,0,0,0,0,0,0,0,0,0,1
270000.0,JHL LX6,Владивосток,0.0,300,бензин,0,0,1,0,1,0,0,0,0,0,0,0,0,0,0,0,0,0,0,0,0,0,1
270000.0,Regulmoto Crosstrec 300,Уссурийск,0.0,300,бензин,3,0,1,0,1,0,0,0,0,0,0,0,0,0,0,0,0,0,0,0,0,0,1
273490.0,BSE Z11,Красноярск,0.0,300,бензин,0,0,1,0,0,0,0,0,1,0,0,0,0,0,0,0,0,0,0,0,0,0,1
275000.0,МотоМир Intruder 200,Томск,0.0,300,бензин,0,0,1,0,1,0,0,0,0,0,0,0,0,0,0,0,0,0,0,0,0,0,1
275000.0,BRZ MX8 NB300,Мариинск,0.0,300,бензин,1,0,1,0,1,0,0,0,0,0,0,0,0,0,0,0,0,0,0,0,0,0,1
275000.0,Hasky V4,Барнаул,0.0,300,бензин,1,0,1,0,1,0,0,0,0,0,0,0,0,0,0,0,0,0,0,0,0,0,1
275000.0,Kews K16 2T MT250,Усолье-Сибирское,0.0,250,бензин,1,0,0,0,1,0,0,0,0,0,0,0,0,0,0,0,0,0,0,0,0,0,1
275000.0,Bajaj Pulsar 180,Кемерово,0.0,180,бензин,0,0,1,0,1,0,0,0,0,0,0,0,0,0,0,0,0,0,0,0,0,0,1
275000.0,BSE Z11,Иркутск,0.0,300,бензин,3,0,1,0,1,0,0,0,0,0,0,0,0,0,0,0,0,0,0,0,0,0,1
275990.0,BSE Z6 Y,Томск,0.0,250,бензин,0,0,1,0,1,0,0,0,0,0,0,0,0,0,0,0,0,0,0,0,0,0,1
275990.0,BRZ X8 PR300 24,Бийск,0.0,300,бензин,1,0,1,0,1,0,0,0,0,0,0,0,0,0,0,0,0,0,0,0,0,0,1
277000.0,Regulmoto ADV 300 NB,Новосибирск,0.0,300,бензин,1,0,1,0,0,0,0,0,1,0,0,0,0,0,0,0,0,0,0,0,0,0,1
277000.0,Regulmoto ADV 300 NB,Благовещенск,0.0,300,бензин,0,0,1,0,1,0,0,0,0,0,0,0,0,0,0,0,0,0,0,0,0,0,1
277000.0,Regulmoto ADV 300 NB,Владивосток,0.0,300,бензин,1,0,1,0,1,0,0,0,0,0,0,0,0,0,0,0,0,0,0,0,0,0,1
277000.0,Regulmoto ADV 300 NB,Кемерово,0.0,292,бензин,0,0,1,0,1,0,0,0,0,0,0,0,0,0,0,0,0,0,0,0,0,0,1
277000.0,Regulmoto ADV 300 NB,Хабаровск,0.0,300,бензин,0,0,1,0,1,0,0,0,0,0,0,0,0,0,0,0,0,0,0,0,0,0,1
279700.0,Regulmoto Fargo 300,Барнаул,0.0,300,бензин,0,0,1,0,1,0,0,0,0,0,0,0,0,0,0,0,0,0,0,0,0,0,1
279990.0,BSE Z10,Красноярск,0.0,250,бензин,1,0,1,0,0,0,0,0,1,0,0,0,0,0,0,0,0,0,0,0,0,0,1
279990.0,Progasi Gaudi 300,Новосибирск,0.0,300,бензин,1,0,1,0,0,0,0,0,1,0,0,0,0,0,0,0,0,0,0,0,0,0,1
280000.0,JHL ZR3,Владивосток,0.0,300,бензин,1,0,1,0,1,0,0,0,0,0,0,0,0,0,0,0,0,0,0,0,0,0,1
280000.0,BSE Z7,Спасск-Дальний,0.0,300,бензин,2,0,1,0,1,0,0,0,0,0,0,0,0,0,0,0,0,0,0,0,0,0,1
284990.0,GR GR7 F300A Enduro Optimum,Красноярск,0.0,300,бензин,1,0,1,0,0,0,0,0,1,0,0,0,0,0,0,0,0,0,0,0,0,0,1
285000.0,Regulmoto Holeshot,Хабаровск,0.0,300,бензин,0,0,1,0,1,0,0,0,0,0,0,0,0,0,0,0,0,0,0,0,0,0,1
290000.0,Kews K23 NB300,Владивосток,0.0,300,бензин,1,0,1,0,1,0,0,0,0,0,0,0,0,0,0,0,0,0,0,0,0,0,1
290000.0,Минск Goose 400,Черемхово,0.0,400,бензин,3,0,1,0,1,0,0,0,0,0,0,0,0,0,0,0,0,0,0,0,0,0,1
290000.0,Kews K23 NB300,Владивосток,0.0,300,бензин,1,0,1,0,1,0,0,0,0,0,0,0,0,0,0,0,0,0,0,0,0,0,1
290000.0,Progasi Race 300 Air,Благовещенск,0.0,300,бензин,0,0,1,0,1,0,0,0,0,0,0,0,0,0,0,0,0,0,0,0,0,0,1
291000.0,Regulmoto Holeshot Red Edition,Томск,0.0,300,бензин,1,0,1,0,1,0,0,0,0,0,0,0,0,0,0,0,0,0,0,0,0,0,1
291000.0,Regulmoto Holeshot Red Edition,Уссурийск,0.0,300,бензин,1,0,1,0,1,0,0,0,0,0,0,0,0,0,0,0,0,0,0,0,0,0,1
291000.0,Regulmoto Holeshot Red Edition,Хабаровск,0.0,271,бензин,1,0,1,0,1,0,0,0,0,0,0,0,0,0,0,0,0,0,0,0,0,0,1
291000.0,Regulmoto Holeshot Red Edition,Новосибирск,0.0,300,бензин,1,0,1,0,0,0,0,0,1,0,0,0,0,0,0,0,0,0,0,0,0,0,1
291000.0,Regulmoto Holeshot Red Edition,Владивосток,0.0,300,бензин,1,0,1,0,1,0,0,0,0,0,0,0,0,0,0,0,0,0,0,0,0,0,1
291000.0,Regulmoto Holeshot Red Edition,Комсомольск-на-Амуре,0.0,300,бензин,1,0,1,0,1,0,0,0,0,0,0,0,0,0,0,0,0,0,0,0,0,0,1
292000.0,Bajaj Avenger 220 Cruise,Владивосток,0.0,219,бензин,1,0,1,0,1,0,0,0,0,0,0,0,0,0,0,0,0,0,0,0,0,0,1
294990.0,GR GR7 F300A Enduro Optimum,Красноярск,0.0,300,бензин,1,0,1,0,0,0,0,0,1,0,0,0,0,0,0,0,0,0,0,0,0,0,1
294990.0,Kayo T4 300 Enduro PR,Томск,0.0,271,бензин,1,0,1,0,1,0,0,0,0,0,0,0,0,0,0,0,0,0,0,0,0,0,1
295000.0,Zuumav FX K8 NB300,Кемерово,0.0,300,бензин,0,0,1,0,1,0,0,0,0,0,0,0,0,0,0,0,0,0,0,0,0,0,1
299000.0,Kayo KT250,Омск,0.0,249,бензин,2,0,0,0,0,0,0,0,1,0,0,0,0,0,0,0,0,0,0,0,0,0,1
299000.0,Procida NB300,Бийск,0.0,280,бензин,1,0,1,0,1,0,0,0,0,0,0,0,0,0,0,0,0,0,0,0,0,0,1
299000.0,Regulmoto Crosstrec 300,Владивосток,0.0,300,бензин,1,0,1,0,1,0,0,0,0,0,0,0,0,0,0,0,0,0,0,0,0,0,1
299000.0,Regulmoto Crosstrec 300,Свободный,0.0,300,бензин,1,0,1,0,1,0,0,0,0,0,0,0,0,0,0,0,0,0,0,0,0,0,1
299900.0,SPR-Motors Hard 250,Новосибирск,0.0,250,бензин,0,0,1,0,0,0,0,0,1,0,0,0,0,0,0,0,0,0,0,0,0,0,1
299990.0,GR GR8 F300L Enduro Optimum,Кемерово,0.0,271,бензин,1,0,1,1,1,0,0,0,0,0,0,0,0,0,0,0,0,0,0,0,0,0,1
299999.0,AJ1 K10 TS300,Китай<!-- --> <!-- -->→<!-- --> <!-- -->Уссурийск,0.0,250,бензин,0,0,1,1,1,0,0,0,0,0,0,0,0,0,0,0,0,0,0,0,0,0,1
300000.0,GR GR7 T250L Enduro Lite,Спасск-Дальний,0.0,250,бензин,3,0,0,0,1,0,0,0,0,0,0,0,0,0,0,0,0,0,0,0,0,0,1
300000.0,BSE T7,Новосибирск,0.0,300,бензин,1,0,1,0,0,0,0,0,1,0,0,0,0,0,0,0,0,0,0,0,0,0,1
300000.0,TRX Open 300,Иркутск,0.0,300,бензин,1,0,1,0,1,0,0,0,0,0,0,0,0,0,0,0,0,0,0,0,0,0,1
300000.0,Regulmoto Legend 300,Якутск,0.0,300,бензин,1,0,1,0,1,0,0,0,0,0,0,0,0,0,0,0,0,0,0,0,0,0,1
300000.0,Kayo K6 250,Владивосток,0.0,250,бензин,3,0,1,0,1,0,0,0,0,0,0,0,0,0,0,0,0,0,0,0,0,0,1
305000.0,Motoland R1 Pro,Чита,0.0,300,бензин,1,0,1,0,1,0,0,0,0,0,0,0,0,0,0,0,0,0,0,0,0,0,1
305000.0,Falcon Speedfire 250,Томск,0.0,300,бензин,0,0,1,0,1,0,0,0,0,0,0,0,0,0,0,0,0,0,0,0,0,0,1
305000.0,Procida NB300,Бийск,0.0,300,бензин,1,0,1,0,1,0,0,0,0,0,0,0,0,0,0,0,0,0,0,0,0,0,1
305900.0,Roliz Sport-009,Владивосток,0.0,300,бензин,1,0,1,0,1,0,0,0,0,0,0,0,0,0,0,0,0,0,0,0,0,0,1
307300.0,Motoland 300 DF Big Bore,Красноярск,0.0,300,бензин,0,0,1,0,0,0,0,0,1,0,0,0,0,0,0,0,0,0,0,0,0,0,1
309990.0,GR GR8 F300A Enduro Optimum,Красноярск,0.0,300,бензин,1,0,1,0,0,0,0,0,1,0,0,0,0,0,0,0,0,0,0,0,0,0,1
312700.0,Hasky F7,Екатеринбург,0.0,300,бензин,1,0,1,0,0,0,0,0,1,0,0,0,0,0,0,0,0,0,0,0,0,0,1
312900.0,Motoland R1 Pro,Великие Луки,0.0,300,бензин,1,0,1,0,1,0,0,0,0,0,0,0,0,0,0,0,0,0,0,0,0,0,1
315000.0,AJ1 K10 TS300,Владивосток,0.0,250,бензин,1,0,1,0,1,0,0,0,0,0,0,0,0,0,0,0,0,0,0,0,0,0,1
315000.0,Yamaha YZF-R25,Владивосток,0.0,250,бензин,5,0,1,1,1,0,0,0,0,0,0,0,0,0,0,0,0,0,0,0,0,1,0
315000.0,Zuumav CBS 300PRO,Владивосток,0.0,250,бензин,1,0,0,0,1,0,0,0,0,0,0,0,0,0,0,0,0,0,0,0,0,0,1
318500.0,Regulmoto Athlete 250 21-18,Владивосток,0.0,250,бензин,2,0,1,0,1,0,0,0,0,0,0,0,0,0,0,0,0,0,0,0,0,0,1
319000.0,JHL ZR6,Новосибирск,0.0,300,бензин,0,0,1,0,0,0,0,0,1,0,0,0,0,0,0,0,0,0,0,0,0,0,1
319990.0,Progasi Race 300 Wave,Красноярск,0.0,300,бензин,1,0,1,0,0,0,0,0,1,0,0,0,0,0,0,0,0,0,0,0,0,0,1
319990.0,SPR-Motors Brutal 300,Новосибирск,0.0,300,бензин,1,0,1,0,0,0,0,0,1,0,0,0,0,0,0,0,0,0,0,0,0,0,1
319990.0,Progasi Endurance 300X,Новосибирск,0.0,300,бензин,0,0,1,1,0,0,0,0,1,0,0,0,0,0,0,0,0,0,0,0,0,0,1
319990.0,Progasi Endurance 300X,Кемерово,0.0,300,бензин,0,0,1,1,1,0,0,0,0,0,0,0,0,0,0,0,0,0,0,0,0,0,1
319990.0,Progasi Endurance 300X,Новосибирск,0.0,300,бензин,0,0,1,1,0,0,0,0,1,0,0,0,0,0,0,0,0,0,0,0,0,0,1
319990.0,BRZ MX8 NB300,Бийск,0.0,300,бензин,1,0,1,0,1,0,0,0,0,0,0,0,0,0,0,0,0,0,0,0,0,0,1
329000.0,Hengjian Z300,Владивосток,0.0,300,бензин,1,0,1,0,1,0,0,0,0,0,0,0,0,0,0,0,0,0,0,0,0,0,1
329000.0,Roliz Sport-009,Владивосток,0.0,250,бензин,1,0,0,0,1,0,0,0,0,0,0,0,0,0,0,0,0,0,0,0,0,0,1
329000.0,AJ1 K10 TS300,Находка,0.0,300,бензин,1,0,1,0,1,0,0,0,0,0,0,0,0,0,0,0,0,0,0,0,0,0,1
329990.0,SPR-Motors Bullet 300,Новосибирск,0.0,300,бензин,1,0,1,0,0,0,0,0,1,0,0,0,0,0,0,0,0,0,0,0,0,0,1
329990.0,Sanchez Fury,Новосибирск,0.0,300,бензин,0,0,1,1,0,0,0,0,1,0,0,0,0,0,0,0,0,0,0,0,0,0,1
329990.0,Zontes ZT200-C,Томск,0.0,200,бензин,0,0,1,1,1,0,0,0,0,0,0,0,0,0,0,0,0,0,0,0,0,0,1
329999.0,Roliz Sport-009,Уссурийск,0.0,250,бензин,1,0,0,0,1,0,0,0,0,0,0,0,0,0,0,0,0,0,0,0,0,0,1
330000.0,Progasi Race 300 Wave,Благовещенск,0.0,300,бензин,0,0,1,0,1,0,0,0,0,0,0,0,0,0,0,0,0,0,0,0,0,0,1
330000.0,JHL Z5,Владивосток,0.0,300,бензин,1,0,1,0,1,0,0,0,0,0,0,0,0,0,0,0,0,0,0,0,0,0,1
333000.0,Regulmoto Legend 300,Чита,0.0,300,бензин,1,0,1,0,1,0,0,0,0,0,0,0,0,0,0,0,0,0,0,0,0,0,1
333000.0,Regulmoto Legend 300,Бийск,0.0,300,бензин,1,0,1,0,1,0,0,0,0,0,0,0,0,0,0,0,0,0,0,0,0,0,1
333000.0,Regulmoto Legend 300,Владивосток,0.0,300,бензин,1,0,1,0,1,0,0,0,0,0,0,0,0,0,0,0,0,0,0,0,0,0,1
333000.0,Regulmoto Legend 300,Уссурийск,0.0,300,бензин,1,0,1,0,1,0,0,0,0,0,0,0,0,0,0,0,0,0,0,0,0,0,1
333000.0,Regulmoto Legend 300,Уссурийск,0.0,300,бензин,0,0,1,0,1,0,0,0,0,0,0,0,0,0,0,0,0,0,0,0,0,0,1
333000.0,Regulmoto Legend 300,Свободный,0.0,300,бензин,1,0,1,0,1,0,0,0,0,0,0,0,0,0,0,0,0,0,0,0,0,0,1
335000.0,Bajaj Avenger 220 Cruise,Томск,0.0,220,бензин,0,0,1,0,1,0,0,0,0,0,0,0,0,0,0,0,0,0,0,0,0,0,1
335000.0,Bajaj Avenger 220 Cruise,Нерчинск,0.0,220,бензин,1,0,1,1,1,0,0,0,0,0,0,0,0,0,0,0,0,0,0,0,0,0,1
335000.0,Bajaj Avenger 220 Cruise,Новокузнецк,0.0,220,бензин,0,0,1,0,1,0,0,0,0,0,0,0,0,0,0,0,0,0,0,0,0,0,1
335000.0,Bajaj Avenger 220 Cruise,Новосибирск,0.0,220,бензин,1,0,1,0,0,0,0,0,1,0,0,0,0,0,0,0,0,0,0,0,0,0,1
337700.0,Hasky F6,Омск,0.0,300,бензин,1,0,1,0,0,0,0,0,1,0,0,0,0,0,0,0,0,0,0,0,0,0,1
339990.0,Progasi Race 300 Wave,Новосибирск,0.0,300,бензин,1,0,1,0,0,0,0,0,1,0,0,0,0,0,0,0,0,0,0,0,0,0,1
339990.0,BSE T8,Красноярск,0.0,250,бензин,1,0,1,0,0,0,0,0,1,0,0,0,0,0,0,0,0,0,0,0,0,0,1
340000.0,Kews K16 2T MT250,Китай<!-- --> <!-- -->→<!-- --> <!-- -->Владивосток,0.0,250,бензин,1,0,0,0,1,0,0,0,0,0,0,0,0,0,0,0,0,0,0,0,0,0,1
340500.0,Apollo M6,Красноярск,0.0,300,бензин,1,0,1,1,0,0,0,0,1,0,0,0,0,0,0,0,0,0,0,0,0,0,1
348000.0,Lifan LF250,Чита,0.0,250,бензин,1,0,1,0,1,0,0,0,0,0,0,0,0,0,0,0,0,0,0,0,0,0,1
349000.0,Roliz Sport-005 ES,Владивосток,0.0,250,бензин,0,0,0,0,1,0,0,0,0,0,0,0,0,0,0,0,0,0,0,0,0,0,1
349990.0,BRZ X8 NC300s BE,Бийск,0.0,300,бензин,1,0,1,0,1,0,0,0,0,0,0,0,0,0,0,0,0,0,0,0,0,0,1
355000.0,Kawasaki KLX 110L,Владивосток,0.0,110,бензин,2,0,1,1,1,0,0,0,0,0,0,0,0,0,0,0,1,0,0,0,0,0,0
359990.0,Progasi Endurance 300,Новосибирск,0.0,300,бензин,0,0,1,1,0,0,0,0,1,0,0,0,0,0,0,0,0,0,0,0,0,0,1
359990.0,Progasi Endurance 300,Кемерово,0.0,300,бензин,0,0,1,1,1,0,0,0,0,0,0,0,0,0,0,0,0,0,0,0,0,0,1
360000.0,Draxter T-Rex,Челябинск,0.0,500,бензин,0,1,1,0,0,0,0,0,1,0,0,0,0,0,0,0,0,0,0,0,0,0,1
360000.0,Honda Unicorn 160,Новокузнецк,0.0,160,бензин,0,0,1,1,1,0,0,0,0,0,0,0,0,0,1,0,0,0,0,0,0,0,0
363000.0,Regulmoto V Bob,Томск,0.0,250,бензин,0,0,1,1,1,0,0,0,0,0,0,0,0,0,0,0,0,0,0,0,0,0,1
363000.0,МотоМир Rосky,Томск,0.0,400,бензин,0,0,1,0,1,0,0,0,0,0,0,0,0,0,0,0,0,0,0,0,0,0,1
364990.0,BSE Z8,Томск,0.0,300,бензин,0,0,1,0,1,0,0,0,0,0,0,0,0,0,0,0,0,0,0,0,0,0,1
364990.0,SPR SAW 250,Новосибирск,0.0,249,бензин,0,0,0,1,0,0,0,0,1,0,0,0,0,0,0,0,0,0,0,0,0,0,1
365000.0,TRX Thor 300 NC,Иркутск,0.0,300,бензин,1,0,1,0,1,0,0,0,0,0,0,0,0,0,0,0,0,0,0,0,0,0,1
365000.0,Kews K23 MT250,Китай<!-- --> <!-- -->→<!-- --> <!-- -->Хабаровск,0.0,250,бензин,0,0,0,0,1,0,0,0,0,0,0,0,0,0,0,0,0,0,0,0,0,0,1
369990.0,BRZ MX8 NC300s,Бийск,0.0,300,бензин,1,0,1,0,1,0,0,0,0,0,0,0,0,0,0,0,0,0,0,0,0,0,1
369990.0,BRZ MX8 NC300s,Новосибирск,0.0,300,бензин,0,0,1,0,0,0,0,0,1,0,0,0,0,0,0,0,0,0,0,0,0,0,1
370000.0,ZMmoto Rocker S,Петропавловск-Камчатский,0.0,300,бензин,1,0,1,0,1,0,0,0,0,0,0,0,0,0,0,0,0,0,0,0,0,0,1
370000.0,Progasi Race 300,Благовещенск,0.0,300,бензин,0,0,1,0,1,0,0,0,0,0,0,0,0,0,0,0,0,0,0,0,0,0,1
370000.0,Hasky F6,Омск,0.0,300,бензин,1,0,1,0,0,0,0,0,1,0,0,0,0,0,0,0,0,0,0,0,0,0,1
374000.0,Bajaj Pulsar N 250,Владивосток,0.0,249,бензин,2,0,1,1,1,0,0,0,0,0,0,0,0,0,0,0,0,0,0,0,0,0,1
379000.0,K2R EFE300,Красноярск,0.0,300,бензин,2,0,1,1,0,0,0,0,1,0,0,0,0,0,0,0,0,0,0,0,0,0,1
379990.0,Progasi Race 300,Владивосток,0.0,300,бензин,1,0,1,0,1,0,0,0,0,0,0,0,0,0,0,0,0,0,0,0,0,0,1
379990.0,Progasi Race 300,Новосибирск,0.0,300,бензин,1,0,1,0,0,0,0,0,1,0,0,0,0,0,0,0,0,0,0,0,0,0,1
380000.0,Honda CRF 110F,Владивосток,0.0,110,бензин,1,0,1,0,1,0,0,0,0,0,0,0,0,0,1,0,0,0,0,0,0,0,0
380000.0,Benda Funrider 125,Владивосток,0.0,125,бензин,0,0,1,1,1,0,0,0,0,0,0,0,0,0,0,0,0,0,0,0,0,0,1
380000.0,Roliz Cross-3,Благовещенск,0.0,250,бензин,1,0,0,0,1,0,0,0,0,0,0,0,0,0,0,0,0,0,0,0,0,0,1
380000.0,Honda CRF 110F,Владивосток,0.0,110,бензин,1,0,1,0,1,0,0,0,0,0,0,0,0,0,1,0,0,0,0,0,0,0,0
390000.0,Bajaj Pulsar NS 200,Новосибирск,0.0,200,бензин,1,0,1,0,0,0,0,0,1,0,0,0,0,0,0,0,0,0,0,0,0,0,1
390000.0,Bajaj Pulsar NS 200,Новосибирск,0.0,200,бензин,1,0,1,0,0,0,0,0,1,0,0,0,0,0,0,0,0,0,0,0,0,0,1
390000.0,Bajaj Pulsar NS 200,Нерчинск,0.0,200,бензин,1,0,1,0,1,0,0,0,0,0,0,0,0,0,0,0,0,0,0,0,0,0,1
390000.0,Roliz Cross-3,Владивосток,0.0,250,бензин,1,0,0,0,1,0,0,0,0,0,0,0,0,0,0,0,0,0,0,0,0,0,1
390000.0,BRZ X6,Петропавловск-Камчатский,0.0,300,бензин,2,0,1,0,1,0,0,0,0,0,0,0,0,0,0,0,0,0,0,0,0,0,1
395000.0,Honda CRF 110F,Владивосток,0.0,110,бензин,1,0,1,0,1,0,0,0,0,0,0,0,0,0,1,0,0,0,0,0,0,0,0
395000.0,JHL Z8i,Владивосток,0.0,300,бензин,1,0,1,1,1,0,0,0,0,0,0,0,0,0,0,0,0,0,0,0,0,0,1
395000.0,Hengjian Z300,Китай<!-- --> <!-- -->→<!-- --> <!-- -->Хабаровск,0.0,250,бензин,0,0,0,0,1,0,0,0,0,0,0,0,0,0,0,0,0,0,0,0,0,0,1
398000.0,Regulmoto Alien Monster 300,Владивосток,0.0,300,бензин,1,0,1,1,1,0,0,0,0,0,0,0,0,0,0,0,0,0,0,0,0,0,1
399000.0,JHL ZR6,Артём,0.0,300,бензин,1,0,1,0,1,0,0,0,0,0,0,0,0,0,0,0,0,0,0,0,0,0,1
399990.0,Kayo K6 300,Благовещенск,0.0,300,бензин,0,0,1,0,1,0,0,0,0,0,0,0,0,0,0,0,0,0,0,0,0,0,1
405000.0,PWR Racing FS250,Красноярск,0.0,250,бензин,1,0,0,0,0,0,0,0,1,0,0,0,0,0,0,0,0,0,0,0,0,0,1
409000.0,Motoland XT300 ST-FA-NC,Владивосток,0.0,300,бензин,2,0,1,0,1,0,0,0,0,0,0,0,0,0,0,0,0,0,0,0,0,0,1
416000.0,Voge 300RR,Томск,0.0,300,бензин,0,0,1,1,1,0,0,0,0,0,0,0,0,0,0,0,0,0,0,0,0,0,1
416000.0,Voge 300RR,Красноярск,0.0,292,бензин,1,0,1,1,0,0,0,0,1,0,0,0,0,0,0,0,0,0,0,0,0,0,1
416000.0,Voge 300RR,Новосибирск,0.0,300,бензин,1,0,1,1,0,0,0,0,1,0,0,0,0,0,0,0,0,0,0,0,0,0,1
419000.0,Regulmoto Nibbi,Уссурийск,0.0,300,бензин,1,0,1,0,1,0,0,0,0,0,0,0,0,0,0,0,0,0,0,0,0,0,1
419800.0,Regulmoto Nibbi,Уссурийск,0.0,300,бензин,1,0,1,0,1,0,0,0,0,0,0,0,0,0,0,0,0,0,0,0,0,0,1
419990.0,Progasi Hardcore 450,Бийск,0.0,449,бензин,1,0,1,0,1,0,0,0,0,0,0,0,0,0,0,0,0,0,0,0,0,0,1
420000.0,Suzuki Gixxer 250,Чегдомын,0.0,250,бензин,5,0,1,1,1,0,0,0,0,0,0,0,0,0,0,0,0,0,0,1,0,0,0
422000.0,Voge 300 Rally,Иркутск,0.0,292,бензин,0,0,1,1,1,0,0,0,0,0,0,0,0,0,0,0,0,0,0,0,0,0,1
425000.0,Bajaj Pulsar N 250,Новосибирск,0.0,250,бензин,2,0,1,1,0,0,0,0,1,0,0,0,0,0,0,0,0,0,0,0,0,0,1
429000.0,Benelli TRK 251,Томск,0.0,251,бензин,0,0,1,1,1,0,0,0,0,0,1,0,0,0,0,0,0,0,0,0,0,0,0
432490.0,BSE Z8,Кемерово,0.0,300,бензин,0,0,1,0,1,0,0,0,0,0,0,0,0,0,0,0,0,0,0,0,0,0,1
440000.0,Hengjian Z300,Дальнегорск,0.0,300,бензин,2,0,0,0,1,0,0,0,0,0,0,0,0,0,0,0,0,0,0,0,0,0,1
445000.0,Bajaj Pulsar N 250,Нерчинск,0.0,250,бензин,1,0,1,1,1,0,0,0,0,0,0,0,0,0,0,0,0,0,0,0,0,0,1
449000.0,GR GR8 T300L Enduro Pro,Владивосток,0.0,300,бензин,2,0,0,0,1,0,0,0,0,0,0,0,0,0,0,0,0,0,0,0,0,0,1
449000.0,GR GR8 T300L Enduro Pro,Владивосток,0.0,300,бензин,1,0,0,0,1,0,0,0,0,0,0,0,0,0,0,0,0,0,0,0,0,0,1
449000.0,Koshine XN320,Владивосток,0.0,300,бензин,1,0,0,0,1,0,0,0,0,0,0,0,0,0,0,0,0,0,0,0,0,0,1
450000.0,Progasi Hardcore 450,Благовещенск,0.0,450,бензин,0,0,1,1,1,0,0,0,0,0,0,0,0,0,0,0,0,0,0,0,0,0,1
455000.0,Yamaha YZF-R125,Томск,0.0,125,бензин,2,0,1,1,1,0,0,0,0,0,0,0,0,0,0,0,0,0,0,0,0,1,0
456000.0,Royal Enfield Hunter 350,Новосибирск,0.0,350,бензин,0,0,1,1,0,0,0,0,1,0,0,0,0,0,0,0,0,0,1,0,0,0,0
456000.0,Royal Enfield Hunter 350,Новосибирск,0.0,350,бензин,0,0,1,1,0,0,0,0,1,0,0,0,0,0,0,0,0,0,1,0,0,0,0
456000.0,Royal Enfield Hunter 350,Новосибирск,0.0,350,бензин,0,0,1,1,0,0,0,0,1,0,0,0,0,0,0,0,0,0,1,0,0,0,0
460000.0,Hasky F7,Омск,0.0,300,бензин,1,0,1,0,0,0,0,0,1,0,0,0,0,0,0,0,0,0,0,0,0,0,1
462000.0,Royal Enfield Hunter 350,Новосибирск,0.0,350,бензин,0,0,1,1,0,0,0,0,1,0,0,0,0,0,0,0,0,0,1,0,0,0,0
462000.0,Royal Enfield Hunter 350,Новосибирск,0.0,350,бензин,0,0,1,1,0,0,0,0,1,0,0,0,0,0,0,0,0,0,1,0,0,0,0
464000.0,Regulmoto Nibbi,Уссурийск,0.0,300,бензин,1,0,1,0,1,0,0,0,0,0,0,0,0,0,0,0,0,0,0,0,0,0,1
464000.0,Regulmoto Nibbi,Уссурийск,0.0,300,бензин,1,0,1,0,1,0,0,0,0,0,0,0,0,0,0,0,0,0,0,0,0,0,1
470000.0,Hengjian Z300,Владивосток,0.0,300,бензин,0,0,0,0,1,0,0,0,0,0,0,0,0,0,0,0,0,0,0,0,0,0,1
475000.0,GR GR8 T300L Enduro Pro,Владивосток,0.0,300,бензин,2,0,0,0,1,0,0,0,0,0,0,0,0,0,0,0,0,0,0,0,0,0,1
475000.0,JHL ZR8i,Артём,0.0,300,бензин,0,0,1,1,1,0,0,0,0,0,0,0,0,0,0,0,0,0,0,0,0,0,1
479000.0,GR GR8 T300L Enduro Pro,Владивосток,0.0,300,бензин,0,0,0,0,1,0,0,0,0,0,0,0,0,0,0,0,0,0,0,0,0,0,1
479000.0,Hengjian Z300,Владивосток,0.0,300,бензин,0,0,0,0,1,0,0,0,0,0,0,0,0,0,0,0,0,0,0,0,0,0,1
479990.0,Progasi Endurance 450,Кемерово,0.0,450,бензин,0,0,1,1,1,0,0,0,0,0,0,0,0,0,0,0,0,0,0,0,0,0,1
479990.0,Progasi Endurance 450,Новосибирск,0.0,450,бензин,0,0,1,1,0,0,0,0,1,0,0,0,0,0,0,0,0,0,0,0,0,0,1
480000.0,Hengjian Z300,Чита,0.0,300,бензин,1,0,0,0,1,0,0,0,0,0,0,0,0,0,0,0,0,0,0,0,0,0,1
485000.0,GR GR8 T300L Enduro Pro,Владивосток,0.0,300,бензин,0,0,0,0,1,0,0,0,0,0,0,0,0,0,0,0,0,0,0,0,0,0,1
487000.0,Bajaj Dominar 400,Владивосток,0.0,373,бензин,2,0,1,1,1,0,0,0,0,0,0,0,0,0,0,0,0,0,0,0,0,0,1
488000.0,Royal Enfield Classic 350,Новосибирск,0.0,350,бензин,0,0,1,1,0,0,0,0,1,0,0,0,0,0,0,0,0,0,1,0,0,0,0
488000.0,Royal Enfield Classic 350,Новосибирск,0.0,350,бензин,0,0,1,1,0,0,0,0,1,0,0,0,0,0,0,0,0,0,1,0,0,0,0
489000.0,Hengjian Z300,Владивосток,0.0,300,бензин,1,0,0,0,1,0,0,0,0,0,0,0,0,0,0,0,0,0,0,0,0,0,1
489000.0,Hengjian Z300,Чита,0.0,300,бензин,0,0,0,0,1,0,0,0,0,0,0,0,0,0,0,0,0,0,0,0,0,0,1
493000.0,Royal Enfield Classic 350,Новосибирск,0.0,350,бензин,0,0,1,1,0,0,0,0,1,0,0,0,0,0,0,0,0,0,1,0,0,0,0
495000.0,Yamaha YZ 125X,Владивосток,0.0,125,бензин,4,0,0,0,1,0,0,0,0,0,0,0,0,0,0,0,0,0,0,0,0,1,0
495000.0,KTM 85 SX,Новосибирск,0.0,85,бензин,3,0,0,0,0,0,0,0,1,0,0,0,0,0,0,0,0,0,0,0,0,0,1
496000.0,Royal Enfield Bullet 350,Новосибирск,0.0,350,бензин,0,0,1,1,0,0,0,0,1,0,0,0,0,0,0,0,0,0,1,0,0,0,0
499900.0,Motoland Adventure F500,Красноярск,0.0,500,бензин,0,0,1,0,0,0,0,0,1,0,0,0,0,0,0,0,0,0,0,0,0,0,1
500000.0,Hengjian Z300,Владивосток,0.0,300,бензин,2,0,0,0,1,0,0,0,0,0,0,0,0,0,0,0,0,0,0,0,0,0,1
500000.0,Kayo K6-R KYB 250,Екатеринбург,0.0,250,бензин,1,0,1,0,0,0,0,0,1,0,0,0,0,0,0,0,0,0,0,0,0,0,1
505000.0,Yamaha SR400,Япония<!-- --> <!-- -->→<!-- --> <!-- -->Владивосток,0.0,400,бензин,2,0,1,1,1,0,0,0,0,0,0,0,0,0,0,0,0,0,0,0,0,1,0
511000.0,Royal Enfield Classic 350,Новосибирск,0.0,350,бензин,0,0,1,1,0,0,0,0,1,0,0,0,0,0,0,0,0,0,1,0,0,0,0
511000.0,Royal Enfield Classic 350,Красноярск,0.0,350,бензин,0,0,1,1,0,0,0,0,1,0,0,0,0,0,0,0,0,0,1,0,0,0,0
515000.0,Yamaha YZ 125X,Спасск-Дальний,0.0,125,бензин,4,0,0,0,1,0,0,0,0,0,0,0,0,0,0,0,0,0,0,0,0,1,0
515000.0,Yamaha YZ 125X,Спасск-Дальний,0.0,125,бензин,4,0,0,0,1,0,0,0,0,0,0,0,0,0,0,0,0,0,0,0,0,1,0
515000.0,Koshine XN320,Китай<!-- --> <!-- -->→<!-- --> <!-- -->Владивосток,0.0,320,бензин,1,0,0,0,1,0,0,0,0,0,0,0,0,0,0,0,0,0,0,0,0,0,1
517000.0,Royal Enfield Classic 350,Новосибирск,0.0,350,бензин,0,0,1,1,0,0,0,0,1,0,0,0,0,0,0,0,0,0,1,0,0,0,0
519000.0,Royal Enfield Meteor 350,Новосибирск,0.0,350,бензин,0,0,1,1,0,0,0,0,1,0,0,0,0,0,0,0,0,0,1,0,0,0,0
519000.0,Royal Enfield Meteor 350,Новосибирск,0.0,350,бензин,0,0,1,1,0,0,0,0,1,0,0,0,0,0,0,0,0,0,1,0,0,0,0
519000.0,Royal Enfield Meteor 350,Новосибирск,0.0,350,бензин,0,0,1,1,0,0,0,0,1,0,0,0,0,0,0,0,0,0,1,0,0,0,0
525000.0,Yamaha YZF-R25,Владивосток,0.0,250,бензин,2,0,1,1,1,0,0,0,0,0,0,0,0,0,0,0,0,0,0,0,0,1,0
528000.0,Voge 350AC,Томск,0.0,350,бензин,0,0,1,1,1,0,0,0,0,0,0,0,0,0,0,0,0,0,0,0,0,0,1
529990.0,Zontes ZT350-T,Китай<!-- --> <!-- -->→<!-- --> <!-- -->Томск,0.0,350,бензин,0,0,1,1,1,0,0,0,0,0,0,0,0,0,0,0,0,0,0,0,0,0,1
530000.0,Gas Gas MC 85,Владивосток,0.0,85,бензин,2,0,0,0,1,0,0,0,0,0,0,0,0,0,0,0,0,0,0,0,0,0,1
535000.0,Hengjian Z300,Китай<!-- --> <!-- -->→<!-- --> <!-- -->Владивосток,0.0,300,бензин,0,0,0,0,1,0,0,0,0,0,0,0,0,0,0,0,0,0,0,0,0,0,1
535000.0,AJ1 K10 TS300,Китай<!-- --> <!-- -->→<!-- --> <!-- -->Владивосток,0.0,300,бензин,1,0,0,0,1,0,0,0,0,0,0,0,0,0,0,0,0,0,0,0,0,0,1
540000.0,Hengjian Z300,Артём,0.0,300,бензин,0,0,0,1,1,0,0,0,0,0,0,0,0,0,0,0,0,0,0,0,0,0,1
545000.0,Benda Rock 300,Новосибирск,0.0,300,бензин,1,0,1,1,0,0,0,0,1,0,0,0,0,0,0,0,0,0,0,0,0,0,1
545000.0,Benda Rock 300,Новосибирск,0.0,300,бензин,1,0,1,1,0,0,0,0,1,0,0,0,0,0,0,0,0,0,0,0,0,0,1
549990.0,Zontes ZT350-S,Омск,0.0,350,бензин,1,0,1,1,0,0,0,0,1,0,0,0,0,0,0,0,0,0,0,0,0,0,1
550000.0,Kawasaki KX 85,Владивосток,0.0,85,бензин,2,0,0,0,1,0,0,0,0,0,0,0,0,0,0,0,1,0,0,0,0,0,0
550000.0,Beta Xtrainer 300,Дальнегорск,0.0,300,бензин,3,0,0,0,1,0,0,0,0,0,0,0,0,0,0,0,0,0,0,0,0,0,1
550000.0,Benda Chinchilla 300,Владивосток,0.0,298,бензин,1,0,1,1,1,0,0,0,0,0,0,0,0,0,0,0,0,0,0,0,0,0,1
550000.0,Benda Chinchilla 300,Китай<!-- --> <!-- -->→<!-- --> <!-- -->Томск,0.0,298,бензин,0,0,1,1,1,0,0,0,0,0,0,0,0,0,0,0,0,0,0,0,0,0,1
550000.0,Husqvarna FC 250,Уссурийск,0.0,250,бензин,5,0,1,1,1,0,0,0,0,0,0,0,0,0,0,0,0,0,0,0,0,0,1
550000.0,Bajaj Dominar 400,Новосибирск,0.0,373,бензин,2,0,1,1,0,0,0,0,1,0,0,0,0,0,0,0,0,0,0,0,0,0,1
555000.0,Suzuki GSX 250R,Томск,0.0,248,бензин,1,0,1,1,1,0,0,0,0,0,0,0,0,0,0,0,0,0,0,1,0,0,0
555000.0,Yamaha YZ 65,Владивосток,0.0,65,бензин,1,0,0,0,1,0,0,0,0,0,0,0,0,0,0,0,0,0,0,0,0,1,0
555000.0,Hengjian Z300,Барнаул,0.0,300,бензин,0,0,0,0,1,0,0,0,0,0,0,0,0,0,0,0,0,0,0,0,0,0,1
568000.0,Benda Rock 300,Владивосток,0.0,298,бензин,1,0,1,1,1,0,0,0,0,0,0,0,0,0,0,0,0,0,0,0,0,0,1
569990.0,Zontes ZT350-S,Китай<!-- --> <!-- -->→<!-- --> <!-- -->Томск,0.0,348,бензин,0,0,1,1,1,0,0,0,0,0,0,0,0,0,0,0,0,0,0,0,0,0,1
570000.0,Kawasaki KX 112,Владивосток,0.0,112,бензин,1,0,0,0,1,0,0,0,0,0,0,0,0,0,0,0,1,0,0,0,0,0,0
570000.0,STELS M502N,Новосибирск,0.0,486,бензин,1,0,1,1,0,0,0,0,1,0,0,0,0,0,0,0,0,0,0,0,0,0,1
570000.0,Kawasaki KX 112,Владивосток,0.0,112,бензин,1,0,0,0,1,0,0,0,0,0,0,0,0,0,0,0,1,0,0,0,0,0,0
570000.0,Kawasaki KX 250,Владивосток,0.0,250,бензин,1,0,1,1,1,0,0,0,0,0,0,0,0,0,0,0,1,0,0,0,0,0,0
570000.0,Beta Xtrainer 300,Владивосток,0.0,300,бензин,3,0,0,0,1,0,0,0,0,0,0,0,0,0,0,0,0,0,0,0,0,0,1
578000.0,Hasky F7X,Чита,0.0,320,бензин,1,0,0,0,1,0,0,0,0,0,0,0,0,0,0,0,0,0,0,0,0,0,1
579000.0,Bajaj Dominar 400,Новосибирск,0.0,373,бензин,1,0,1,1,0,0,0,0,1,0,0,0,0,0,0,0,0,0,0,0,0,0,1
590000.0,Yamaha YZ 65,Владивосток,0.0,65,бензин,0,0,0,0,1,0,0,0,0,0,0,0,0,0,0,0,0,0,0,0,0,1,0
599000.0,Benelli Leoncino 500 Trail,Новосибирск,0.0,500,бензин,1,0,1,1,0,0,0,0,1,0,1,0,0,0,0,0,0,0,0,0,0,0,0
599000.0,Royal Enfield Guerrilla 450,Новосибирск,0.0,452,бензин,0,0,1,1,0,0,0,0,1,0,0,0,0,0,0,0,0,0,1,0,0,0,0
599000.0,Royal Enfield Guerrilla 450,Красноярск,0.0,450,бензин,0,0,1,1,0,0,0,0,1,0,0,0,0,0,0,0,0,0,1,0,0,0,0
599000.0,Royal Enfield Guerrilla 450,Новосибирск,0.0,452,бензин,0,0,1,1,0,0,0,0,1,0,0,0,0,0,0,0,0,0,1,0,0,0,0
599000.0,Honda CRF 250L,Томск,0.0,249,бензин,1,0,1,1,1,0,0,0,0,0,0,0,0,0,1,0,0,0,0,0,0,0,0
599000.0,Regulmoto Discovery,Владивосток,0.0,400,бензин,1,0,1,1,1,0,0,0,0,0,0,0,0,0,0,0,0,0,0,0,0,0,1
599000.0,Benelli Leoncino 500 Trail,Новосибирск,0.0,500,бензин,1,0,1,1,0,0,0,0,1,0,1,0,0,0,0,0,0,0,0,0,0,0,0
600000.0,QJMotor SRV 350,Томск,0.0,343,бензин,1,0,1,1,1,0,0,0,0,0,0,0,0,0,0,0,0,0,0,0,0,0,1
605000.0,Royal Enfield Guerrilla 450,Красноярск,0.0,450,бензин,0,0,1,1,0,0,0,0,1,0,0,0,0,0,0,0,0,0,1,0,0,0,0
605000.0,Royal Enfield Guerrilla 450,Красноярск,0.0,450,бензин,0,0,1,1,0,0,0,0,1,0,0,0,0,0,0,0,0,0,1,0,0,0,0
605000.0,Royal Enfield Guerrilla 450,Новосибирск,0.0,452,бензин,0,0,1,1,0,0,0,0,1,0,0,0,0,0,0,0,0,0,1,0,0,0,0
606000.0,Royal Enfield Himalayan 450,Красноярск,0.0,452,бензин,1,0,1,1,0,0,0,0,1,0,0,0,0,0,0,0,0,0,1,0,0,0,0
606000.0,Royal Enfield Himalayan 450,Красноярск,0.0,452,бензин,1,0,1,1,0,0,0,0,1,0,0,0,0,0,0,0,0,0,1,0,0,0,0
609000.0,Changjiang Scarab 350,Владивосток,0.0,340,бензин,2,0,1,0,1,0,0,0,0,0,0,0,0,0,0,0,0,0,0,0,0,0,1
614000.0,Ява 300 CL,Владивосток,0.0,294,бензин,2,0,1,1,1,0,0,0,0,0,0,0,0,0,0,0,0,0,0,0,0,0,1
615000.0,Yamaha YZ 250F,Спасск-Дальний,0.0,250,бензин,4,0,1,1,1,0,0,0,0,0,0,0,0,0,0,0,0,0,0,0,0,1,0
620000.0,Honda CRF 250L,Томск,0.0,249,бензин,1,0,1,1,1,0,0,0,0,0,0,0,0,0,1,0,0,0,0,0,0,0,0
626000.0,Royal Enfield Himalayan 450,Новосибирск,0.0,452,бензин,1,0,1,1,0,0,0,0,1,0,0,0,0,0,0,0,0,0,1,0,0,0,0
626000.0,Royal Enfield Himalayan 450,Красноярск,0.0,452,бензин,1,0,1,1,0,0,0,0,1,0,0,0,0,0,0,0,0,0,1,0,0,0,0
627000.0,Voge CU525,Томск,0.0,525,бензин,0,0,1,1,1,0,0,0,0,0,0,0,0,0,0,0,0,0,0,0,0,0,1
630000.0,Benda Rock 300,Новосибирск,0.0,300,бензин,1,0,1,1,0,0,0,0,1,0,0,0,0,0,0,0,0,0,0,0,0,0,1
630000.0,Voge 525AC,Красноярск,0.0,484,бензин,1,0,1,1,0,0,0,0,1,0,0,0,0,0,0,0,0,0,0,0,0,0,1
630000.0,Benda Rock 300,Новосибирск,0.0,300,бензин,0,0,1,1,0,0,0,0,1,0,0,0,0,0,0,0,0,0,0,0,0,0,1
630000.0,Voge 525AC,Красноярск,0.0,484,бензин,1,0,1,1,0,0,0,0,1,0,0,0,0,0,0,0,0,0,0,0,0,0,1
639000.0,Changjiang Adept 700 Solo,Владивосток,0.0,693,бензин,1,0,1,1,1,0,0,0,0,0,0,0,0,0,0,0,0,0,0,0,0,0,1
640000.0,Benelli Leoncino 500 Trail,Новосибирск,0.0,500,бензин,1,0,1,1,0,0,0,0,1,0,1,0,0,0,0,0,0,0,0,0,0,0,0
640000.0,Yamaha YZ 250F,Уссурийск,0.0,250,бензин,2,0,1,1,1,0,0,0,0,0,0,0,0,0,0,0,0,0,0,0,0,1,0
640000.0,Benelli Leoncino 500 Trail,Новосибирск,0.0,500,бензин,1,0,1,1,0,0,0,0,1,0,1,0,0,0,0,0,0,0,0,0,0,0,0
642000.0,Voge CU525,Новосибирск,0.0,494,бензин,0,0,1,1,0,0,0,0,1,0,0,0,0,0,0,0,0,0,0,0,0,0,1
646000.0,Royal Enfield Himalayan 450,Новосибирск,0.0,152,бензин,1,0,1,1,0,0,0,0,1,0,0,0,0,0,0,0,0,0,1,0,0,0,0
650000.0,Kawasaki KX 250X,Владивосток,0.0,250,бензин,2,0,1,1,1,0,0,0,0,0,0,0,0,0,0,0,1,0,0,0,0,0,0
650000.0,KTM 250 EXC Six Days,Владивосток,0.0,250,бензин,5,0,0,1,1,0,0,0,0,0,0,0,0,0,0,0,0,0,0,0,0,0,1
650000.0,Hengjian Z300,Братск,0.0,300,бензин,0,0,0,0,1,0,0,0,0,0,0,0,0,0,0,0,0,0,0,0,0,0,1
651000.0,Voge 525AC,Томск,0.0,525,бензин,0,0,1,1,1,0,0,0,0,0,0,0,0,0,0,0,0,0,0,0,0,0,1
658000.0,Ява 300 CL,Владивосток,0.0,294,бензин,2,0,1,1,1,0,0,0,0,0,0,0,0,0,0,0,0,0,0,0,0,0,1
662000.0,Royal Enfield Himalayan 450,Красноярск,0.0,452,бензин,1,0,1,1,0,0,0,0,1,0,0,0,0,0,0,0,0,0,1,0,0,0,0
670000.0,Benelli 502 C,Новосибирск,0.0,500,бензин,1,0,1,1,0,0,0,0,1,0,1,0,0,0,0,0,0,0,0,0,0,0,0
670000.0,Voge CU525,Кемерово,0.0,494,бензин,0,0,1,1,1,0,0,0,0,0,0,0,0,0,0,0,0,0,0,0,0,0,1
673000.0,Voge AC525X,Кольцово,0.0,494,бензин,1,0,1,1,1,0,0,0,0,0,0,0,0,0,0,0,0,0,0,0,0,0,1
680000.0,Honda CBR 400R,Владивосток,0.0,400,бензин,3,0,1,1,1,0,0,0,0,0,0,0,0,0,1,0,0,0,0,0,0,0,0
680000.0,Voge 525RR,Томск,0.0,525,бензин,0,0,1,1,1,0,0,0,0,0,0,0,0,0,0,0,0,0,0,0,0,0,1
690000.0,Benda Chinchilla 500,Владивосток,0.0,475,бензин,0,0,1,1,1,0,0,0,0,0,0,0,0,0,0,0,0,0,0,0,0,0,1
690000.0,Gaokin GK 500 М11J,Томск,0.0,500,бензин,0,0,1,1,1,0,0,0,0,0,0,0,0,0,0,0,0,0,0,0,0,0,1
690000.0,Benelli 502 C,Новосибирск,0.0,500,бензин,1,0,1,1,0,0,0,0,1,0,1,0,0,0,0,0,0,0,0,0,0,0,0
690000.0,Voge 650DSX,Красноярск,0.0,652,бензин,2,0,1,1,0,0,0,0,1,0,0,0,0,0,0,0,0,0,0,0,0,0,1
694000.0,Royal Enfield Interceptor 650,Новосибирск,0.0,650,бензин,0,0,1,1,0,0,0,0,1,0,0,0,0,0,0,0,0,0,1,0,0,0,0
694000.0,Royal Enfield Classic 650,Новосибирск,0.0,648,бензин,0,0,1,1,0,0,0,0,1,0,0,0,0,0,0,0,0,0,1,0,0,0,0
694000.0,Royal Enfield Classic 650,Новосибирск,0.0,648,бензин,0,0,1,1,0,0,0,0,1,0,0,0,0,0,0,0,0,0,1,0,0,0,0
698000.0,Benda Napoleon 500,Владивосток,0.0,476,бензин,1,0,1,1,1,0,0,0,0,0,0,0,0,0,0,0,0,0,0,0,0,0,1
699900.0,CFMoto 650 NK,Иркутск,0.0,649,бензин,1,0,1,1,1,0,0,0,0,0,0,1,0,0,0,0,0,0,0,0,0,0,0
699900.0,Honda CB 300R,Новосибирск,0.0,300,бензин,1,0,1,1,0,0,0,0,1,0,0,0,0,0,1,0,0,0,0,0,0,0,0
700000.0,Voge 525DSX Adventure,Новосибирск,0.0,525,бензин,2,0,1,1,0,0,0,0,1,0,0,0,0,0,0,0,0,0,0,0,0,0,1
700000.0,Husqvarna TE 300,Владивосток,0.0,300,бензин,3,0,0,1,1,0,0,0,0,0,0,0,0,0,0,0,0,0,0,0,0,0,1
704000.0,Royal Enfield Classic 650,Новосибирск,0.0,648,бензин,0,0,1,1,0,0,0,0,1,0,0,0,0,0,0,0,0,0,1,0,0,0,0
713000.0,Royal Enfield Shotgun 650,Новосибирск,0.0,648,бензин,0,0,1,1,0,0,0,0,1,0,0,0,0,0,0,0,0,0,1,0,0,0,0
714000.0,Royal Enfield Classic 650,Новосибирск,0.0,648,бензин,0,0,1,1,0,0,0,0,1,0,0,0,0,0,0,0,0,0,1,0,0,0,0
715000.0,Kove 500X Euro5,Томск,0.0,500,бензин,0,0,1,1,1,0,0,0,0,0,0,0,0,0,0,0,0,0,0,0,0,0,1
718000.0,Royal Enfield Continental GT 650,Новосибирск,0.0,648,бензин,1,0,1,1,0,0,0,0,1,0,0,0,0,0,0,0,0,0,1,0,0,0,0
720000.0,Benda Chinchilla 500,Новосибирск,0.0,475,бензин,1,0,1,1,0,0,0,0,1,0,0,0,0,0,0,0,0,0,0,0,0,0,1
720000.0,Gaokin GK 500 М11D,Новосибирск,0.0,500,бензин,1,0,1,1,0,0,0,0,1,0,0,0,0,0,0,0,0,0,0,0,0,0,1
723000.0,Royal Enfield Shotgun 650,Новосибирск,0.0,650,бензин,1,0,1,1,0,0,0,0,1,0,0,0,0,0,0,0,0,0,1,0,0,0,0
728000.0,Royal Enfield Bear 650,Новосибирск,0.0,648,бензин,0,0,1,1,0,0,0,0,1,0,0,0,0,0,0,0,0,0,1,0,0,0,0
728000.0,Royal Enfield Bear 650,Новосибирск,0.0,648,бензин,0,0,1,1,0,0,0,0,1,0,0,0,0,0,0,0,0,0,1,0,0,0,0
730000.0,Gaokin GK 500 М11,Новосибирск,0.0,500,бензин,1,0,1,1,0,0,0,0,1,0,0,0,0,0,0,0,0,0,0,0,0,0,1
732000.0,Royal Enfield Continental GT 650,Красноярск,0.0,650,бензин,0,0,1,1,0,0,0,0,1,0,0,0,0,0,0,0,0,0,1,0,0,0,0
734900.0,CFMoto 450 CL-C,Иркутск,0.0,450,бензин,0,0,1,1,1,0,0,0,0,0,0,1,0,0,0,0,0,0,0,0,0,0,0
734900.0,CFMoto 450 CL-C,Иркутск,0.0,449,бензин,1,0,1,1,1,0,0,0,0,0,0,1,0,0,0,0,0,0,0,0,0,0,0
737000.0,Royal Enfield Continental GT 650,Новосибирск,0.0,648,бензин,0,0,1,1,0,0,0,0,1,0,0,0,0,0,0,0,0,0,1,0,0,0,0
738000.0,Royal Enfield Bear 650,Новосибирск,0.0,648,бензин,0,0,1,1,0,0,0,0,1,0,0,0,0,0,0,0,0,0,1,0,0,0,0
745000.0,Voge 650DSX Adventure,Красноярск,0.0,652,бензин,2,0,1,1,0,0,0,0,1,0,0,0,0,0,0,0,0,0,0,0,0,0,1
749000.0,QJMotor SRK 600,Сочи,0.0,600,бензин,1,0,1,1,1,0,0,0,0,0,0,0,0,0,0,0,0,0,0,0,0,0,1
750000.0,Beta Xtrainer 300,Владивосток,0.0,300,бензин,1,0,0,0,1,0,0,0,0,0,0,0,0,0,0,0,0,0,0,0,0,0,1
750000.0,GR GR500,Томск,0.0,500,бензин,0,0,1,1,1,0,0,0,0,0,0,0,0,0,0,0,0,0,0,0,0,0,1
750000.0,Kove 500X ADV Classic,Томск,0.0,471,бензин,1,0,1,1,1,0,0,0,0,0,0,0,0,0,0,0,0,0,0,0,0,0,1
755000.0,Suzuki SV 650,Владивосток,0.0,650,бензин,1,0,1,1,1,0,0,0,0,0,0,0,0,0,0,0,0,0,0,1,0,0,0
755000.0,Royal Enfield Super Meteor 650,Красноярск,0.0,650,бензин,1,0,1,1,0,0,0,0,1,0,0,0,0,0,0,0,0,0,1,0,0,0,0
758000.0,Ява 350 CL,Владивосток,0.0,334,бензин,2,0,1,1,1,0,0,0,0,0,0,0,0,0,0,0,0,0,0,0,0,0,1
760000.0,Kove 500X ADV Classic,Новосибирск,0.0,500,бензин,1,0,1,1,0,0,0,0,1,0,0,0,0,0,0,0,0,0,0,0,0,0,1
760000.0,Kove 500X Euro5,Новосибирск,0.0,500,бензин,1,0,1,1,0,0,0,0,1,0,0,0,0,0,0,0,0,0,0,0,0,0,1
761000.0,Voge D525SX,Новосибирск,0.0,500,бензин,1,0,1,1,0,0,0,0,1,0,0,0,0,0,0,0,0,0,0,0,0,0,1
761000.0,Voge D525SX,Новосибирск,0.0,500,бензин,1,0,1,1,0,0,0,0,1,0,0,0,0,0,0,0,0,0,0,0,0,0,1
764000.0,Royal Enfield Super Meteor 650,Новосибирск,0.0,648,бензин,0,0,1,1,0,0,0,0,1,0,0,0,0,0,0,0,0,0,1,0,0,0,0
770000.0,Kove 500F Wild,Новосибирск,0.0,500,бензин,1,0,1,1,0,0,0,0,1,0,0,0,0,0,0,0,0,0,0,0,0,0,1
770000.0,Benda Napoleon 500,Томск,0.0,500,бензин,0,0,1,1,1,0,0,0,0,0,0,0,0,0,0,0,0,0,0,0,0,0,1
770000.0,Honda CRF 250L,Тюмень,0.0,250,бензин,2,0,1,1,1,0,0,0,0,0,0,0,0,0,1,0,0,0,0,0,0,0,0
780000.0,Groza XS650,Тюмень,0.0,650,бензин,1,0,1,1,1,0,0,0,0,0,0,0,0,0,0,0,0,0,0,0,0,0,1
783000.0,Royal Enfield Super Meteor 650,Красноярск,0.0,650,бензин,0,0,1,1,0,0,0,0,1,0,0,0,0,0,0,0,0,0,1,0,0,0,0
783000.0,Royal Enfield Super Meteor 650,Новосибирск,0.0,650,бензин,1,0,1,1,0,0,0,0,1,0,0,0,0,0,0,0,0,0,1,0,0,0,0
783000.0,Royal Enfield Super Meteor 650,Новосибирск,0.0,648,бензин,0,0,1,1,0,0,0,0,1,0,0,0,0,0,0,0,0,0,1,0,0,0,0
785000.0,Honda CRF 250L,Владивосток,0.0,250,бензин,4,0,1,1,1,0,0,0,0,0,0,0,0,0,1,0,0,0,0,0,0,0,0
785000.0,Voge 625DSX,Красноярск,0.0,625,бензин,0,0,1,1,0,0,0,0,1,0,0,0,0,0,0,0,0,0,0,0,0,0,1
790000.0,Kove 500F Wild,Новосибирск,0.0,500,бензин,1,0,1,1,0,0,0,0,1,0,0,0,0,0,0,0,0,0,0,0,0,0,1
795000.0,Gaokin GK 500 М11J,Новосибирск,0.0,500,бензин,1,0,1,1,0,0,0,0,1,0,0,0,0,0,0,0,0,0,0,0,0,0,1
795000.0,Honda CRF 250L,Владивосток,0.0,250,бензин,4,0,1,1,1,0,0,0,0,0,0,0,0,0,1,0,0,0,0,0,0,0,0
799000.0,Ява 350 OHC,Владивосток,0.0,397,бензин,1,0,1,1,1,0,0,0,0,0,0,0,0,0,0,0,0,0,0,0,0,0,1
809000.0,Ява 350-640,Владивосток,0.0,343,бензин,1,0,0,0,1,0,0,0,0,0,0,0,0,0,0,0,0,0,0,0,0,0,1
810000.0,QJMotor SRK 700,Томск,0.0,698,бензин,0,0,1,1,1,0,0,0,0,0,0,0,0,0,0,0,0,0,0,0,0,0,1
825000.0,KTM 250 EXC,Чита,0.0,250,бензин,2,0,0,1,1,0,0,0,0,0,0,0,0,0,0,0,0,0,0,0,0,0,1
829000.0,Benelli TRK 702 X,Новосибирск,0.0,698,бензин,1,0,1,1,0,0,0,0,1,0,1,0,0,0,0,0,0,0,0,0,0,0,0
844000.0,Voge 525DSX Adventure,Новосибирск,0.0,500,бензин,1,0,1,1,0,0,0,0,1,0,0,0,0,0,0,0,0,0,0,0,0,0,1
847000.0,Benda LFS 700,Красноярск,0.0,700,бензин,0,0,1,1,0,0,0,0,1,0,0,0,0,0,0,0,0,0,0,0,0,0,1
847000.0,Benda LFS 700,Красноярск,0.0,676,бензин,0,0,1,1,0,0,0,0,1,0,0,0,0,0,0,0,0,0,0,0,0,0,1
847000.0,Benda LFS 700,Новосибирск,0.0,676,бензин,1,0,1,1,0,0,0,0,1,0,0,0,0,0,0,0,0,0,0,0,0,0,1
847000.0,Benda LFS 700,Новосибирск,0.0,676,бензин,1,0,1,1,0,0,0,0,1,0,0,0,0,0,0,0,0,0,0,0,0,0,1
848000.0,Benda LFS 700,Владивосток,0.0,676,бензин,1,0,1,1,1,0,0,0,0,0,0,0,0,0,0,0,0,0,0,0,0,0,1
849000.0,QJMotor SRV 600V,Томск,0.0,600,бензин,1,0,1,1,1,0,0,0,0,0,0,0,0,0,0,0,0,0,0,0,0,0,1
850000.0,Husqvarna TE 250i,Владивосток,0.0,250,бензин,2,0,0,1,1,0,0,0,0,0,0,0,0,0,0,0,0,0,0,0,0,0,1
850000.0,Kawasaki KLX,Китай<!-- --> <!-- -->→<!-- --> <!-- -->Красноярск,0.0,230,бензин,1,0,1,0,1,0,0,0,0,0,0,0,0,0,0,0,1,0,0,0,0,0,0
850000.0,Groza YL800,Тюмень,0.0,800,бензин,0,0,1,1,1,0,0,0,0,0,0,0,0,0,0,0,0,0,0,0,0,0,1
860000.0,Benda Darkflag 500,Владивосток,0.0,496,бензин,1,0,1,1,1,0,0,0,0,0,0,0,0,0,0,0,0,0,0,0,0,0,1
860000.0,QJMotor SRK 600,Томск,0.0,600,бензин,0,0,1,1,1,0,0,0,0,0,0,0,0,0,0,0,0,0,0,0,0,0,1
860000.0,QJMotor SRK 600,Томск,0.0,600,бензин,0,0,1,1,1,0,0,0,0,0,0,0,0,0,0,0,0,0,0,0,0,0,1
865000.0,Voge 525DSX Adventure,Новосибирск,0.0,494,бензин,1,0,1,1,0,0,0,0,1,0,0,0,0,0,0,0,0,0,0,0,0,0,1
875000.0,Benelli TRK 702,Томск,0.0,700,бензин,0,0,1,1,1,0,0,0,0,0,1,0,0,0,0,0,0,0,0,0,0,0,0
875000.0,Ява 350-640,Владивосток,0.0,343,бензин,1,0,0,0,1,0,0,0,0,0,0,0,0,0,0,0,0,0,0,0,0,0,1
876000.0,Voge RR660S,Новосибирск,0.0,663,бензин,0,0,1,1,0,0,0,0,1,0,0,0,0,0,0,0,0,0,0,0,0,0,1
889000.0,QJMotor SVT 650X,Китай<!-- --> <!-- -->→<!-- --> <!-- -->Новокузнецк,0.0,650,бензин,1,0,1,1,1,0,0,0,0,0,0,0,0,0,0,0,0,0,0,0,0,0,1
889900.0,CFMoto 700CL-X Sport,Иркутск,0.0,700,бензин,0,0,1,1,1,0,0,0,0,0,0,1,0,0,0,0,0,0,0,0,0,0,0
890000.0,Harley-Davidson X500,Новосибирск,0.0,500,бензин,2,0,1,1,0,0,0,0,1,0,0,0,0,1,0,0,0,0,0,0,0,0,0
890000.0,Honda CBR 650R,Уссурийск,0.0,650,бензин,2,0,1,1,1,0,0,0,0,0,0,0,0,0,1,0,0,0,0,0,0,0,0
915000.0,Benelli 752 S,Новосибирск,0.0,754,бензин,1,0,1,1,0,0,0,0,1,0,1,0,0,0,0,0,0,0,0,0,0,0,0
925000.0,Triumph Tiger 660 Sport,Япония<!-- --> <!-- -->→<!-- --> <!-- -->Владивосток,0.0,660,бензин,2,0,1,1,1,0,0,0,0,0,0,0,0,0,0,0,0,0,0,0,1,0,0
939000.0,CFMoto 450 SR,Новокузнецк,0.0,450,бензин,0,1,1,1,1,0,0,0,0,0,0,1,0,0,0,0,0,0,0,0,0,0,0
939000.0,Ява 350-634,Владивосток,0.0,343,бензин,1,0,0,0,1,0,0,0,0,0,0,0,0,0,0,0,0,0,0,0,0,0,1
939000.0,Moto Morini Calibro,Кемерово,0.0,700,бензин,0,0,1,1,1,0,0,0,0,0,0,0,0,0,0,0,0,0,0,0,0,0,1
939000.0,Moto Morini Calibro,Томск,0.0,700,бензин,0,0,1,1,1,0,0,0,0,0,0,0,0,0,0,0,0,0,0,0,0,0,1
940000.0,CFMoto 450 SR,Новокузнецк,0.0,450,бензин,0,0,1,1,1,0,0,0,0,0,0,1,0,0,0,0,0,0,0,0,0,0,0
949000.0,Moto Morini X-CAPE,Томск,0.0,650,бензин,0,0,1,1,1,0,0,0,0,0,0,0,0,0,0,0,0,0,0,0,0,0,1
949000.0,Moto Morini X-CAPE,Кемерово,0.0,649,бензин,0,0,1,1,1,0,0,0,0,0,0,0,0,0,0,0,0,0,0,0,0,0,1
949000.0,Moto Morini Seiemmezzo SCR,Томск,0.0,649,бензин,0,0,1,1,1,0,0,0,0,0,0,0,0,0,0,0,0,0,0,0,0,0,1
960000.0,Kawasaki Z 900,Япония<!-- --> <!-- -->→<!-- --> <!-- -->Владивосток,0.0,950,бензин,0,0,1,1,1,0,0,0,0,0,0,0,0,0,0,0,1,0,0,0,0,0,0
979990.0,Groza YL800,Томск,0.0,800,бензин,0,0,1,1,1,0,0,0,0,0,0,0,0,0,0,0,0,0,0,0,0,0,1
985000.0,Kove 450 Rally,Китай<!-- --> <!-- -->→<!-- --> <!-- -->Томск,0.0,450,бензин,0,0,1,1,1,0,0,0,0,0,0,0,0,0,0,0,0,0,0,0,0,0,1
998000.0,Voge 800DS Rally,Новосибирск,0.0,798,бензин,0,0,1,1,0,0,0,0,1,0,0,0,0,0,0,0,0,0,0,0,0,0,1
998000.0,Benda LFC 700,Томск,0.0,676,бензин,1,0,1,1,1,0,0,0,0,0,0,0,0,0,0,0,0,0,0,0,0,0,1
999000.0,QJMotor SRK 800RR,Томск,0.0,778,бензин,1,0,1,1,1,0,0,0,0,0,0,0,0,0,0,0,0,0,0,0,0,0,1
999990.0,Zontes ZT703-F Tour,Томск,0.0,699,бензин,0,0,1,1,1,0,0,0,0,0,0,0,0,0,0,0,0,0,0,0,0,0,1
1019000.0,Benelli Leoncino 800,Новосибирск,0.0,754,бензин,1,0,1,1,0,0,0,0,1,0,1,0,0,0,0,0,0,0,0,0,0,0,0
1049000.0,Benelli Leoncino 800 Trail,Китай<!-- --> <!-- -->→<!-- --> <!-- -->Томск,0.0,754,бензин,0,0,1,1,1,0,0,0,0,0,1,0,0,0,0,0,0,0,0,0,0,0,0
1049000.0,Benelli Leoncino 800 Trail,Новосибирск,0.0,754,бензин,1,0,1,1,0,0,0,0,1,0,1,0,0,0,0,0,0,0,0,0,0,0,0
1069000.0,Honda CB 400X,Новокузнецк,0.0,400,бензин,0,0,1,1,1,0,0,0,0,0,0,0,0,0,1,0,0,0,0,0,0,0,0
1069900.0,Honda CB 400X,Новокузнецк,0.0,400,бензин,0,0,1,1,1,0,0,0,0,0,0,0,0,0,1,0,0,0,0,0,0,0,0
1069900.0,Honda CB 400X,Новосибирск,0.0,400,бензин,1,0,1,1,0,0,0,0,1,0,0,0,0,0,1,0,0,0,0,0,0,0,0
1069900.0,Honda CBR 400R,Новосибирск,0.0,400,бензин,1,0,1,1,0,0,0,0,1,0,0,0,0,0,1,0,0,0,0,0,0,0,0
1080000.0,Benda LFC 700,Владивосток,0.0,676,бензин,1,0,1,1,1,0,0,0,0,0,0,0,0,0,0,0,0,0,0,0,0,0,1
1100000.0,Kawasaki KX 250F,Белово,0.0,250,бензин,0,0,1,1,1,0,0,0,0,0,0,0,0,0,0,0,1,0,0,0,0,0,0
1100000.0,Honda NC 750XA,Находка,0.0,750,бензин,1,0,1,1,1,0,0,0,0,0,0,0,0,0,1,0,0,0,0,0,0,0,0
1100000.0,Benda LFC 700,Новосибирск,0.0,700,бензин,1,0,1,1,0,0,0,0,1,0,0,0,0,0,0,0,0,0,0,0,0,0,1
1110000.0,Kove 800X Pro,Новосибирск,0.0,800,бензин,0,0,1,1,0,0,0,0,1,0,0,0,0,0,0,0,0,0,0,0,0,0,1
1110000.0,Kove 800X Pro,Кемерово,0.0,800,бензин,0,0,1,1,1,0,0,0,0,0,0,0,0,0,0,0,0,0,0,0,0,0,1
1110000.0,Kove 800X Pro,Китай<!-- --> <!-- -->→<!-- --> <!-- -->Томск,0.0,799,бензин,0,0,1,1,1,0,0,0,0,0,0,0,0,0,0,0,0,0,0,0,0,0,1
1110000.0,Kove 800X Pro,Новосибирск,0.0,800,бензин,0,0,1,1,0,0,0,0,1,0,0,0,0,0,0,0,0,0,0,0,0,0,1
1110000.0,Kove 800X Pro,Китай<!-- --> <!-- -->→<!-- --> <!-- -->Томск,0.0,800,бензин,1,0,1,1,1,0,0,0,0,0,0,0,0,0,0,0,0,0,0,0,0,0,1
1110000.0,Kove 800X Pro,Китай<!-- --> <!-- -->→<!-- --> <!-- -->Томск,0.0,800,бензин,0,0,1,1,1,0,0,0,0,0,0,0,0,0,0,0,0,0,0,0,0,0,1
1110000.0,Gaokin GK 1200 M31,Новосибирск,0.0,1200,бензин,1,0,1,1,0,0,0,0,1,0,0,0,0,0,0,0,0,0,0,0,0,0,1
1127000.0,Voge 900DSX,Кемерово,0.0,900,бензин,0,0,1,1,1,0,0,0,0,0,0,0,0,0,0,0,0,0,0,0,0,0,1
1127000.0,Voge 900DSX,Томск,0.0,900,бензин,0,0,1,1,1,0,0,0,0,0,0,0,0,0,0,0,0,0,0,0,0,0,1
1150000.0,Honda CRF 450RX,Владивосток,0.0,450,бензин,2,0,1,1,1,0,0,0,0,0,0,0,0,0,1,0,0,0,0,0,0,0,0
1150000.0,KTM 250 EXC,Новосибирск,0.0,249,бензин,1,0,0,1,0,0,0,0,1,0,0,0,0,0,0,0,0,0,0,0,0,0,1
1169900.0,Honda CB 500X,Новосибирск,0.0,500,бензин,1,0,1,1,0,0,0,0,1,0,0,0,0,0,1,0,0,0,0,0,0,0,0
1169900.0,Honda CB 500X,Новосибирск,0.0,500,бензин,1,0,1,1,0,0,0,0,1,0,0,0,0,0,1,0,0,0,0,0,0,0,0
1180000.0,Gas Gas EC 300,Владивосток,0.0,300,бензин,0,0,0,1,1,0,0,0,0,0,0,0,0,0,0,0,0,0,0,0,0,0,1
1200000.0,Benda LFC 700,Новосибирск,0.0,700,бензин,1,0,1,1,0,0,0,0,1,0,0,0,0,0,0,0,0,0,0,0,0,0,1
1200000.0,Benda LFC 700,Томск,0.0,700,бензин,0,0,1,1,1,0,0,0,0,0,0,0,0,0,0,0,0,0,0,0,0,0,1
1200000.0,Gaokin Thor 1000 M61C-1,Кемерово,0.0,1000,бензин,1,0,1,1,1,0,0,0,0,0,0,0,0,0,0,0,0,0,0,0,0,0,1
1200000.0,Benda LFC 700,Новосибирск,0.0,700,бензин,1,0,1,1,0,0,0,0,1,0,0,0,0,0,0,0,0,0,0,0,0,0,1
1200000.0,Benda LFC 700,Новосибирск,0.0,700,бензин,1,0,1,1,0,0,0,0,1,0,0,0,0,0,0,0,0,0,0,0,0,0,1
1200000.0,Honda CRF 450RX,Благовещенск,0.0,450,бензин,2,0,1,1,1,0,0,0,0,0,0,0,0,0,1,0,0,0,0,0,0,0,0
1200000.0,Benda LFC 700,Новороссийск,0.0,700,бензин,1,0,1,1,1,0,0,0,0,0,0,0,0,0,0,0,0,0,0,0,0,0,1
1210000.0,Gas Gas EC 300,Чита,0.0,300,бензин,1,0,0,1,1,0,0,0,0,0,0,0,0,0,0,0,0,0,0,0,0,0,1
1220000.0,Changjiang Adept 700,Владивосток,0.0,693,бензин,1,0,1,1,1,0,0,0,0,0,0,0,0,0,0,0,0,0,0,0,0,0,1
1225000.0,Honda CRF 250RX,Москва,0.0,250,бензин,0,0,1,1,0,0,1,0,0,0,0,0,0,0,1,0,0,0,0,0,0,0,0
1230000.0,Gas Gas EC 300,Владивосток,0.0,300,бензин,0,0,0,1,1,0,0,0,0,0,0,0,0,0,0,0,0,0,0,0,0,0,1
1230000.0,KTM 890 Duke R,Владивосток,0.0,890,бензин,2,0,1,1,1,0,0,0,0,0,0,0,0,0,0,0,0,0,0,0,0,0,1
1240000.0,Changjiang Dynasty 700,Владивосток,0.0,693,бензин,1,0,1,1,1,0,0,0,0,0,0,0,0,0,0,0,0,0,0,0,0,0,1
1260000.0,KTM 300 EXC,Владивосток,0.0,300,бензин,0,0,0,1,1,0,0,0,0,0,0,0,0,0,0,0,0,0,0,0,0,0,1
1299000.0,Honda NC 750X,Новосибирск,0.0,750,бензин,1,0,1,1,0,0,0,0,1,0,0,0,0,0,1,0,0,0,0,0,0,0,0
1350000.0,KTM 300 EXC Six Days,Владивосток,0.0,300,бензин,0,0,0,1,1,0,0,0,0,0,0,0,0,0,0,0,0,0,0,0,0,0,1
1360000.0,Husqvarna TE 300i,Уссурийск,0.0,300,бензин,0,0,0,1,1,0,0,0,0,0,0,0,0,0,0,0,0,0,0,0,0,0,1
1398900.0,CFMoto 800MT Touring,Иркутск,0.0,799,бензин,1,0,1,1,1,0,0,0,0,0,0,1,0,0,0,0,0,0,0,0,0,0,0
1415000.0,KTM 300 EXC,Владивосток,0.0,300,бензин,0,0,0,1,1,0,0,0,0,0,0,0,0,0,0,0,0,0,0,0,0,0,1
1450000.0,Husqvarna TE 300,Владивосток,0.0,300,бензин,0,0,0,1,1,0,0,0,0,0,0,0,0,0,0,0,0,0,0,0,0,0,1
1500000.0,KTM 450 SX-F,Большой Камень,0.0,450,бензин,2,0,1,1,1,0,0,0,0,0,0,0,0,0,0,0,0,0,0,0,0,0,1
1550000.0,Honda CMX 1100 Rebel,Владивосток,0.0,1082,бензин,1,1,1,1,1,0,0,0,0,0,0,0,0,0,1,0,0,0,0,0,0,0,0
1550000.0,Honda CMX 1100 Rebel,Владивосток,0.0,1082,бензин,1,0,1,1,1,0,0,0,0,0,0,0,0,0,1,0,0,0,0,0,0,0,0
1599900.0,CFMoto 800MT Explore,Бийск,0.0,800,бензин,1,1,1,1,1,0,0,0,0,0,0,1,0,0,0,0,0,0,0,0,0,0,0
1599900.0,CFMoto 800MT Explore,Омск,0.0,799,бензин,1,0,1,1,0,0,0,0,1,0,0,1,0,0,0,0,0,0,0,0,0,0,0
1599900.0,CFMoto 800MT Explore,Иркутск,0.0,800,бензин,0,0,1,1,1,0,0,0,0,0,0,1,0,0,0,0,0,0,0,0,0,0,0
1619900.0,KTM 350 EXC-F Six Days,Новосибирск,0.0,350,бензин,1,0,1,1,0,0,0,0,1,0,0,0,0,0,0,0,0,0,0,0,0,0,1
1649999.0,Harley-Davidson Nightster RH975S,Новосибирск,0.0,975,бензин,2,1,1,1,0,0,0,0,1,0,0,0,0,1,0,0,0,0,0,0,0,0,0
1690000.0,Honda CBR 650R,Новосибирск,0.0,650,бензин,1,0,1,1,0,0,0,0,1,0,0,0,0,0,1,0,0,0,0,0,0,0,0
1690000.0,Honda Transalp,Новосибирск,0.0,750,бензин,1,0,1,1,0,0,0,0,1,0,0,0,0,0,1,0,0,0,0,0,0,0,0
1690000.0,Honda CBR 650R,Новосибирск,0.0,650,бензин,1,0,1,1,0,0,0,0,1,0,0,0,0,0,1,0,0,0,0,0,0,0,0
1690000.0,Yamaha Tenere 700,Владивосток,0.0,700,бензин,2,0,1,1,1,0,0,0,0,0,0,0,0,0,0,0,0,0,0,0,0,1,0
1690000.0,Yamaha Tenere 700,Владивосток,0.0,700,бензин,2,0,1,1,1,0,0,0,0,0,0,0,0,0,0,0,0,0,0,0,0,1,0
1749900.0,Honda CMX 1100 Rebel,Новосибирск,0.0,1100,бензин,1,0,1,1,0,0,0,0,1,0,0,0,0,0,1,0,0,0,0,0,0,0,0
1890000.0,Harley-Davidson Pan America 1250,Новосибирск,0.0,1250,бензин,3,0,1,1,0,0,0,0,1,0,0,0,0,1,0,0,0,0,0,0,0,0,0
1950000.0,Harley-Davidson Pan America,Красноярск,0.0,1250,бензин,4,0,1,1,0,0,0,0,1,0,0,0,0,1,0,0,0,0,0,0,0,0,0
1990000.0,Honda NT 1100,Новосибирск,0.0,1100,бензин,1,0,1,1,0,0,0,0,1,0,0,0,0,0,1,0,0,0,0,0,0,0,0
1995000.0,Suzuki GSX 1300R Hayabusa,Япония<!-- --> <!-- -->→<!-- --> <!-- -->Владивосток,0.0,1339,бензин,1,0,1,1,1,0,0,0,0,0,0,0,0,0,0,0,0,0,0,1,0,0,0
2000000.0,Husqvarna TE 300i,Владивосток,0.0,300,бензин,0,0,0,1,1,0,0,0,0,0,0,0,0,0,0,0,0,0,0,0,0,0,1
2020000.0,Suzuki GSX 1300R Hayabusa,Япония<!-- --> <!-- -->→<!-- --> <!-- -->Владивосток,0.0,1339,бензин,0,0,1,1,1,0,0,0,0,0,0,0,0,0,0,0,0,0,0,1,0,0,0
2055000.0,Suzuki GSX 1300R Hayabusa,Япония<!-- --> <!-- -->→<!-- --> <!-- -->Владивосток,0.0,1340,бензин,1,0,1,1,1,0,0,0,0,0,0,0,0,0,0,0,0,0,0,1,0,0,0
2099900.0,Honda CMX 1100 Rebel,Новосибирск,0.0,1100,бензин,1,1,1,1,0,0,0,0,1,0,0,0,0,0,1,0,0,0,0,0,0,0,0
2099900.0,Honda CMX 1100 Rebel,Новосибирск,0.0,1100,бензин,1,1,1,1,0,0,0,0,1,0,0,0,0,0,1,0,0,0,0,0,0,0,0
2199900.0,Honda CRF 1100L Africa Twin,Новосибирск,0.0,1100,бензин,1,0,1,1,0,0,0,0,1,0,0,0,0,0,1,0,0,0,0,0,0,0,0
2200000.0,Ducati Diavel 1260 S,Владивосток,0.0,1260,бензин,4,0,1,1,1,0,0,0,0,0,0,0,1,0,0,0,0,0,0,0,0,0,0
2350000.0,Harley-Davidson Softail,Красноярск,0.0,1745,бензин,4,0,1,1,0,0,0,0,1,0,0,0,0,1,0,0,0,0,0,0,0,0,0
2350000.0,Harley-Davidson Pan America 1250 Special,Красноярск,0.0,1250,бензин,3,0,1,1,0,0,0,0,1,0,0,0,0,1,0,0,0,0,0,0,0,0,0
2350000.0,Harley-Davidson Softail Standart,Новосибирск,0.0,1745,бензин,2,0,1,1,0,0,0,0,1,0,0,0,0,1,0,0,0,0,0,0,0,0,0
2550000.0,Harley-Davidson Dyna Street Bob,Красноярск,0.0,1867,бензин,4,0,1,1,0,0,0,0,1,0,0,0,0,1,0,0,0,0,0,0,0,0,0
2600000.0,Harley-Davidson Fat Boy,Япония<!-- --> <!-- -->→<!-- --> <!-- -->Владивосток,0.0,1868,бензин,1,0,1,1,1,0,0,0,0,0,0,0,0,1,0,0,0,0,0,0,0,0,0
2650000.0,Harley-Davidson Softail Street Bob,Новосибирск,0.0,1868,бензин,2,0,1,1,0,0,0,0,1,0,0,0,0,1,0,0,0,0,0,0,0,0,0
2750000.0,Harley-Davidson Sportster 1250S,Новосибирск,0.0,1250,бензин,1,0,1,1,0,0,0,0,1,0,0,0,0,1,0,0,0,0,0,0,0,0,0
2750000.0,Harley-Davidson Sportster 1250S,Новосибирск,0.0,1250,бензин,2,0,1,1,0,0,0,0,1,0,0,0,0,1,0,0,0,0,0,0,0,0,0
2750000.0,Harley-Davidson Sportster 1250S,Новосибирск,0.0,1250,бензин,1,0,1,1,0,0,0,0,1,0,0,0,0,1,0,0,0,0,0,0,0,0,0
2750000.0,Honda CRF 1100L Africa Twin,Новосибирск,0.0,1084,бензин,1,0,1,1,0,0,0,0,1,0,0,0,0,0,1,0,0,0,0,0,0,0,0
2750000.0,Harley-Davidson Sportster 1250S,Новосибирск,0.0,1250,бензин,1,0,1,1,0,0,0,0,1,0,0,0,0,1,0,0,0,0,0,0,0,0,0
2850000.0,Harley-Davidson Sport Glide FXRT,Красноярск,0.0,1745,бензин,3,0,1,1,0,0,0,0,1,0,0,0,0,1,0,0,0,0,0,0,0,0,0
2950000.0,Harley-Davidson Sport Glide FXRT,Красноярск,0.0,1745,бензин,2,0,1,1,0,0,0,0,1,0,0,0,0,1,0,0,0,0,0,0,0,0,0
2999000.0,Ducati Supersport 950 S,Новосибирск,0.0,950,бензин,1,0,1,1,0,0,0,0,1,0,0,0,1,0,0,0,0,0,0,0,0,0,0
3200000.0,Harley-Davidson Sport Glide FXRT,Новосибирск,0.0,1745,бензин,1,0,1,1,0,0,0,0,1,0,0,0,0,1,0,0,0,0,0,0,0,0,0
3200000.0,Harley-Davidson Sport Glide FXRT,Красноярск,0.0,1745,бензин,2,0,1,1,0,0,0,0,1,0,0,0,0,1,0,0,0,0,0,0,0,0,0
3250000.0,Harley-Davidson Dyna Low Rider S FXDLS,Новосибирск,0.0,1923,бензин,2,0,1,1,0,0,0,0,1,0,0,0,0,1,0,0,0,0,0,0,0,0,0
3750000.0,Honda GL 1800 Gold Wing Tour DCT,Новосибирск,0.0,1833,бензин,1,1,1,1,0,0,0,0,1,0,0,0,0,0,1,0,0,0,0,0,0,0,0
3850000.0,Harley-Davidson Heritage,Красноярск,0.0,1868,бензин,4,0,1,1,0,0,0,0,1,0,0,0,0,1,0,0,0,0,0,0,0,0,0
3850000.0,Harley-Davidson Street Glide Special FLHXS,Новосибирск,0.0,1868,бензин,2,0,1,1,0,0,0,0,1,0,0,0,0,1,0,0,0,0,0,0,0,0,0
3895000.0,BMW R 1300 GS,Новосибирск,0.0,1300,бензин,1,0,1,1,0,0,0,0,1,0,0,0,0,0,0,0,0,0,0,0,0,0,1
3950000.0,Harley-Davidson Street Glide ST,Красноярск,0.0,1923,бензин,2,0,1,1,0,0,0,0,1,0,0,0,0,1,0,0,0,0,0,0,0,0,0
3950000.0,Ducati Diavel,Новосибирск,0.0,1200,бензин,1,0,1,1,0,0,0,0,1,0,0,0,1,0,0,0,0,0,0,0,0,0,0
3950000.0,Honda GL 1800 Gold Wing Tour DCT,Новосибирск,0.0,1833,бензин,3,1,1,1,0,0,0,0,1,0,0,0,0,0,1,0,0,0,0,0,0,0,0
3950000.0,Harley-Davidson Fat Boy,Красноярск,0.0,1868,бензин,2,0,1,1,0,0,0,0,1,0,0,0,0,1,0,0,0,0,0,0,0,0,0
3950000.0,Harley-Davidson Street Glide Special FLHXS,Красноярск,0.0,1868,бензин,3,0,1,1,0,0,0,0,1,0,0,0,0,1,0,0,0,0,0,0,0,0,0
4000000.0,Ducati Diavel,Красноярск,0.0,1158,бензин,1,0,1,1,0,0,0,0,1,0,0,0,1,0,0,0,0,0,0,0,0,0,0
4000000.0,BMW R 1300 GS Adventure,Новосибирск,0.0,1300,бензин,0,0,1,1,0,0,0,0,1,0,0,0,0,0,0,0,0,0,0,0,0,0,1
4100000.0,Triumph Rocket III,Новосибирск,0.0,2500,бензин,0,0,1,1,0,0,0,0,1,0,0,0,0,0,0,0,0,0,0,0,1,0,0
4150000.0,Harley-Davidson Street Glide,Красноярск,0.0,1868,бензин,3,0,1,1,0,0,0,0,1,0,0,0,0,1,0,0,0,0,0,0,0,0,0
4250000.0,Harley-Davidson Breakout FXBR,Новосибирск,0.0,1923,бензин,1,0,1,1,0,0,0,0,1,0,0,0,0,1,0,0,0,0,0,0,0,0,0
4250000.0,BMW R 1300 GS Adventure,Новосибирск,0.0,1300,бензин,1,1,1,1,0,0,0,0,1,0,0,0,0,0,0,0,0,0,0,0,0,0,1
4350000.0,BMW R 1300 GS Adventure,Новосибирск,0.0,1300,бензин,0,1,1,1,0,0,0,0,1,0,0,0,0,0,0,0,0,0,0,0,0,0,1
4390000.0,Harley-Davidson Road Glide,Красноярск,0.0,1868,бензин,4,0,1,1,0,0,0,0,1,0,0,0,0,1,0,0,0,0,0,0,0,0,0
4390000.0,Harley-Davidson Ultra Limited Low FLHTKL,Красноярск,0.0,1864,бензин,2,0,1,1,0,0,0,0,1,0,0,0,0,1,0,0,0,0,0,0,0,0,0
4390000.0,Harley-Davidson Ultra Limited Low FLHTKL,Красноярск,0.0,1868,бензин,2,0,1,1,0,0,0,0,1,0,0,0,0,1,0,0,0,0,0,0,0,0,0
4390000.0,Harley-Davidson Ultra Limited Low FLHTKL,Красноярск,0.0,1864,бензин,2,0,1,1,0,0,0,0,1,0,0,0,0,1,0,0,0,0,0,0,0,0,0
4440000.0,Harley-Davidson Road Glide Ultra FLTRU,Новосибирск,0.0,1868,бензин,2,0,1,1,0,0,0,0,1,0,0,0,0,1,0,0,0,0,0,0,0,0,0
4450000.0,Harley-Davidson Breakout FXSB,Новосибирск,0.0,1923,бензин,1,0,1,1,0,0,0,0,1,0,0,0,0,1,0,0,0,0,0,0,0,0,0
4500000.0,Harley-Davidson Fat Boy,Новосибирск,0.0,1868,бензин,2,0,1,1,0,0,0,0,1,0,0,0,0,1,0,0,0,0,0,0,0,0,0
4599900.0,Harley-Davidson Road Glide Ultra FLTRU,Новосибирск,0.0,1868,бензин,1,0,1,1,0,0,0,0,1,0,0,0,0,1,0,0,0,0,0,0,0,0,0
4880000.0,Harley-Davidson Street Glide,Новосибирск,0.0,1923,бензин,1,0,1,1,0,0,0,0,1,0,0,0,0,1,0,0,0,0,0,0,0,0,0
4880000.0,Harley-Davidson Street Glide Special FLHXS,Красноярск,0.0,1923,бензин,1,0,1,1,0,0,0,0,1,0,0,0,0,1,0,0,0,0,0,0,0,0,0
4880000.0,Harley-Davidson Street Glide Special FLHXS,Новосибирск,0.0,1923,бензин,1,0,1,1,0,0,0,0,1,0,0,0,0,1,0,0,0,0,0,0,0,0,0
4880000.0,Harley-Davidson Street Glide,Новосибирск,0.0,1923,бензин,1,0,1,1,0,0,0,0,1,0,0,0,0,1,0,0,0,0,0,0,0,0,0
4880000.0,Harley-Davidson Street Glide,Новосибирск,0.0,1923,бензин,1,0,1,1,0,0,0,0,1,0,0,0,0,1,0,0,0,0,0,0,0,0,0
4950000.0,Honda GL 1800 Gold Wing Tour DCT,Новосибирск,0.0,1833,бензин,1,1,1,1,0,0,0,0,1,0,0,0,0,0,1,0,0,0,0,0,0,0,0
4950000.0,Harley-Davidson Road Glide,Новосибирск,0.0,1923,бензин,1,0,1,1,0,0,0,0,1,0,0,0,0,1,0,0,0,0,0,0,0,0,0
5250000.0,Harley-Davidson Freewheeler FLRT,Новосибирск,0.0,1868,бензин,1,0,1,1,0,0,0,0,1,0,0,0,0,1,0,0,0,0,0,0,0,0,0
5950000.0,Harley-Davidson CVO Road Glide,Новосибирск,0.0,1983,бензин,2,0,1,1,0,0,0,0,1,0,0,0,0,1,0,0,0,0,0,0,0,0,0
6850000.0,Harley-Davidson Tri Glide Ultra FLHTCUTG,Новосибирск,0.0,1868,бензин,2,0,1,1,0,0,0,0,1,0,0,0,0,1,0,0,0,0,0,0,0,0,0
7600000.0,Harley-Davidson CVO Road Glide,Новосибирск,0.0,1977,бензин,0,0,1,1,0,0,0,0,1,0,0,0,0,1,0,0,0,0,0,0,0,0,0
7650000.0,Harley-Davidson Tri Glide Ultra FLHTCUTG,Новосибирск,0.0,1868,бензин,1,0,1,1,0,0,0,0,1,0,0,0,0,1,0,0,0,0,0,0,0,0,0
7950000.0,Harley-Davidson CVO Road Glide,Новосибирск,0.0,1983,бензин,1,0,1,1,0,0,0,0,1,0,0,0,0,1,0,0,0,0,0,0,0,0,0
8250000.0,Harley-Davidson CVO Road Glide,Новосибирск,0.0,1977,бензин,0,0,1,1,0,0,0,0,1,0,0,0,0,1,0,0,0,0,0,0,0,0,0
8500000.0,Harley-Davidson CVO Road Glide,Красноярск,0.0,1923,бензин,2,0,1,1,0,0,0,0,1,0,0,0,0,1,0,0,0,0,0,0,0,0,0
10500000.0,Ducati Diavel,Москва,0.0,1158,бензин,1,0,1,1,0,0,1,0,0,0,0,0,1,0,0,0,0,0,0,0,0,0,0
